"id","rideId","passengerId","pickupName","pickupLat","pickupLng","dropName","dropLat","dropLng","seatsRequested","status","passengerNote","driverResponseNote","fareAmount","verificationOtp","createdAt","updatedAt"
"2223e987-eccf-491f-89bc-ce29e0776404","2160327c-0a56-458c-8e3a-b0a653bb488a","a78892d9-93b0-4a78-9a2f-2fad3db5becb","Lower Indira Nagar Stop","18.4718","73.8618","VIT College","18.4635","73.8682","1","ACCEPTED","I will wait at the hub","","19","1000","2026-08-05T06:15:00.000Z","2026-09-21T03:30:00.000Z"
"35d24bb6-13b2-4429-948a-a737cb2c59a8","a3e970e9-75ee-4f20-9165-255a51a84ca8","f256e949-f4e4-4ba3-8ea9-d6a3d0ba8526","VIT College","18.4635","73.8682","Shankar Maharaj Math","18.4735","73.8579","1","PENDING","","","11","1001","2026-08-09T07:00:00.000Z","2026-09-21T01:30:00.000Z"
"8ec9901d-ab01-470b-b148-6ada7b6787cc","2c93da10-5ccc-4b4f-b9be-663dbc43be74","a85fce63-b4a4-4d71-9d87-2fb5e4653681","Market Yard Corner","18.4792","73.8581","VIT College","18.4635","73.8682","1","REJECTED","","No seats available","50","1002","2026-08-08T15:15:00.000Z","2026-09-20T20:30:00.000Z"
"4cba9b7a-0dfb-47fb-a6ea-65c4ea9d3892","12b7724e-5d38-4e12-a9c5-92b757d48e24","fc8036f4-d3bf-49ee-baff-431b84d612ea","VIT College","18.4635","73.8682","KK Market BRTS","18.4683","73.8579","1","ACCEPTED","Please confirm pickup","","8","1003","2026-08-11T11:00:00.000Z","2026-09-21T01:30:00.000Z"
"d78400cb-4ef2-42b8-9b68-393131715a91","c94642e2-10f3-48f6-badb-f7cb639224cd","6c3f7adf-4f2a-4914-ba78-8b1548f14a1a","Kashinath Patil Nagar Stop","18.4745","73.8631","VIT College","18.4635","73.8682","1","REJECTED","Please confirm pickup","No seats available","3","1004","2026-08-11T12:15:00.000Z","2026-09-20T11:30:00.000Z"
"0f61fb7a-fdf8-4943-bf71-5f71f09a6791","bb34fe76-14af-4ae5-9f5c-603285cfbd25","7833fb03-c858-4574-92d0-cb72030a18eb","VIT College","18.4635","73.8682","Shankar Maharaj Math","18.4735","73.8579","1","CANCELLED","I will wait at the hub","","12","1005","2026-08-11T20:00:00.000Z","2026-09-20T22:30:00.000Z"
"6e85a69d-c53f-4026-9b50-6ecf6df7bfb2","ac13c8ae-3f73-4440-bc4f-791d0d7630f4","2e0f5d10-9fa3-4578-9046-adc52e9f52d6","Panchami BRTS","18.4902","73.8586","VIT College","18.4635","73.8682","1","CANCELLED","I will wait at the hub","","2","1006","2026-08-11T15:15:00.000Z","2026-09-20T23:30:00.000Z"
"56422156-deb0-4381-8fc0-d14a12d6cfcc","2b9eb664-e252-4eb4-aaf1-0330d9b229fb","b94bb3da-92c3-4ecf-b576-f9dbbce590b5","VIT College","18.4635","73.8682","Balaji Nagar BRTS","18.4628","73.8577","1","CANCELLED","Please confirm pickup","","7","1007","2026-08-15T06:00:00.000Z","2026-09-21T06:30:00.000Z"
"5d26cdff-6998-4701-a2ba-7ed9ffd39e0f","6373477b-6351-4807-9c1f-290fbf1561ef","b4419d49-c195-4f67-8a68-1e38418429ef","Kashinath Patil Nagar Stop","18.4745","73.8631","VIT College","18.4635","73.8682","1","ACCEPTED","","","59","1008","2026-08-13T02:15:00.000Z","2026-09-20T17:30:00.000Z"
"081426b1-d296-44da-bba6-5c731bc5cfdb","e4faf1af-7b41-4c8f-bb4e-2647ba612763","f50ed78b-09ac-4340-b6dd-86ae124a356e","VIT College","18.4635","73.8682","Balaji Nagar BRTS","18.4628","73.8577","1","CANCELLED","I will wait at the hub","","32","1009","2026-08-16T15:00:00.000Z","2026-09-20T23:30:00.000Z"
"56308f6c-35ee-425a-93b5-3601d9f48cbe","5cef133f-2e32-48e4-a7eb-2811979c2847","f996d0d8-1d3e-4780-bb40-a3c76aeca0fe","Swargate BRTS Stop","18.4982","73.8588","VIT College","18.4635","73.8682","1","ACCEPTED","Please confirm pickup","","20","1010","2026-08-16T12:15:00.000Z","2026-09-20T19:30:00.000Z"
"2a6c24f0-c700-4140-96c5-57553b88035c","76179ba1-30e0-477b-ae29-d600f715e9ee","a61af15b-11ce-4c02-a80b-bdf8f24338bc","VIT College","18.4635","73.8682","Chintamani Nagar","18.4651","73.864","1","PENDING","Please confirm pickup","","72","1011","2026-08-17T15:00:00.000Z","2026-09-21T00:30:00.000Z"
"28d3224e-beb9-4478-b70f-afc89732bdb4","7ecc5433-f388-49c8-89a7-e6af39dbbed2","a49cc7a3-0beb-4fbf-8d54-c676dfe72f4b","Panchami BRTS","18.4902","73.8586","VIT College","18.4635","73.8682","1","COMPLETED","I will wait at the hub","","19","1012","2026-08-18T05:15:00.000Z","2026-09-21T01:30:00.000Z"
"3a58f1f9-996e-4b9b-8aa8-a35568ff633b","8c70b215-94c9-4465-96d0-72dafdb7fecb","df718002-b68d-406f-af02-b7ebdc19dfaa","VIT College","18.4635","73.8682","KK Market BRTS","18.4683","73.8579","1","COMPLETED","Please confirm pickup","","24","1013","2026-08-18T22:00:00.000Z","2026-09-20T17:30:00.000Z"
"c58fbe75-0d20-4acc-aa1f-2584812ee232","26196210-9e3e-4195-bc14-5659986c1e39","665f2a26-5d69-41bd-bd37-5d34e2366453","Chintamani Nagar","18.4651","73.864","VIT College","18.4635","73.8682","1","CANCELLED","I will wait at the hub","","25","1014","2026-08-21T07:15:00.000Z","2026-09-21T05:30:00.000Z"
"71218f1b-13c0-428a-8e2c-3b53a12a33d9","7b014dba-0df2-4338-9833-b2ad08eea006","36ffa906-e6db-4e16-8e9b-e3f24ede715c","VIT College","18.4635","73.8682","Kashinath Patil Nagar Stop","18.4745","73.8631","1","ACCEPTED","I will wait at the hub","","7","1015","2026-08-21T08:00:00.000Z","2026-09-21T00:30:00.000Z"
"1658a660-d8b9-4649-9b2e-aa1d3fe51520","e740fbe6-08b2-48ab-9ea5-fdea46ba33a2","61b7de30-6ccf-41d6-881f-85e56e865717","Market Yard Corner","18.4792","73.8581","VIT College","18.4635","73.8682","1","ACCEPTED","I will wait at the hub","","26","1016","2026-08-22T09:15:00.000Z","2026-09-20T20:30:00.000Z"
"4c0a3dba-6bd9-4a80-88be-8cadc7beb4cf","5f011875-d174-456e-8e7f-72ee59c5e164","acb16d87-c821-4f83-a7a0-8733496f99be","VIT College","18.4635","73.8682","Shankar Maharaj Math","18.4735","73.8579","1","ACCEPTED","I will wait at the hub","","5","1017","2026-08-23T17:00:00.000Z","2026-09-21T04:30:00.000Z"
"e8cc82ca-7003-48f8-ac14-ffa6c06667b1","6464cd59-ff68-4a0e-9445-5c85c2202968","dc034266-a00f-4347-8cd9-5799da807274","Upper Indira Nagar Bus Depot","18.4682","73.8623","VIT College","18.4635","73.8682","1","REJECTED","Please confirm pickup","No seats available","31","1018","2026-08-25T02:15:00.000Z","2026-09-20T19:30:00.000Z"
"e18e63cf-fb6f-404b-8d1d-7aa61513f911","edc119e1-9174-402e-b23c-6da190e38c4c","7a49978a-5b30-4a61-89ea-d655c3a89110","VIT College","18.4635","73.8682","Lower Indira Nagar Stop","18.4718","73.8618","1","ACCEPTED","","","6","1019","2026-08-26T16:00:00.000Z","2026-09-20T15:30:00.000Z"
"9271fb9b-80a4-4a27-926a-70f7a5abc07a","409dc43c-6d61-425a-9ad3-6cf9f3497009","53329683-b608-43d8-93dd-40f75fc7d319","Chintamani Nagar","18.4651","73.864","VIT College","18.4635","73.8682","1","REJECTED","I will wait at the hub","No seats available","26","1020","2026-08-26T14:15:00.000Z","2026-09-20T18:30:00.000Z"
"cb085792-2a89-4950-883d-cbe22c42a556","358dcfdc-19d7-46c5-9792-db4cafb39e25","1d69f9fe-09f6-4a0a-8dc1-753c6b3015e6","VIT College","18.4635","73.8682","Market Yard Corner","18.4792","73.8581","1","COMPLETED","","","2","1021","2026-08-27T06:00:00.000Z","2026-09-21T01:30:00.000Z"
"61971b41-e780-4d5b-998f-1ab0620a6b19","a9f57098-6b56-47c2-a905-943792856563","c366b16a-709a-4bd5-99f4-4d48e2a64d10","Market Yard Corner","18.4792","73.8581","VIT College","18.4635","73.8682","1","CANCELLED","Please confirm pickup","","23","1022","2026-08-27T15:15:00.000Z","2026-09-21T05:30:00.000Z"
"c227bf89-e601-434b-978e-3e070c96c39b","9acaa625-8ac9-4eb2-b657-e5fefadadb13","399cdebc-51c2-422b-87a5-220f8cc2d7ac","VIT College","18.4635","73.8682","Shankar Maharaj Math","18.4735","73.8579","1","ACCEPTED","Please confirm pickup","","23","1023","2026-08-31T04:00:00.000Z","2026-09-20T18:30:00.000Z"
"056e600a-b017-4113-90b9-fc4c87c6b758","bb68714e-cc99-4298-a0ab-f0964a1a3277","32c9560a-e267-4d5f-85c7-ca585ac3975e","Kashinath Patil Nagar Stop","18.4745","73.8631","VIT College","18.4635","73.8682","1","REJECTED","","No seats available","65","1024","2026-08-30T18:15:00.000Z","2026-09-21T04:30:00.000Z"
"b510162e-a72f-4b5d-96cf-8933f60dd575","07f12c9d-b137-490c-bc05-6847b466144c","65caf2f5-0b5e-452f-a096-f7f73ba694f9","VIT College","18.4635","73.8682","KK Market BRTS","18.4683","73.8579","1","REJECTED","Please confirm pickup","No seats available","74","1025","2026-09-01T01:00:00.000Z","2026-09-20T20:30:00.000Z"
"9e3b62a2-94e8-43c9-b992-a725e4dbe457","b054dae5-6749-4f45-bd70-90a5261bb3cb","5a240b3c-f182-4a30-82d1-ae0f6586bff3","Upper Indira Nagar Bus Depot","18.4682","73.8623","VIT College","18.4635","73.8682","1","COMPLETED","I will wait at the hub","","13","1026","2026-09-01T02:15:00.000Z","2026-09-20T10:30:00.000Z"
"a0610de2-663d-42cd-98f4-21dc6bf09950","f519bf84-2469-4645-94a5-4b64c74736be","e16a421d-031b-47d3-936b-9d6bed68b285","VIT College","18.4635","73.8682","Lower Indira Nagar Stop","18.4718","73.8618","1","ACCEPTED","I will wait at the hub","","45","1027","2026-09-04T10:00:00.000Z","2026-09-20T12:30:00.000Z"
"f5247262-5834-40fa-9d54-cc759334e3a8","ca529453-1096-4d6d-b73c-844960b24c84","d04ea078-3e78-494d-83a0-92fee39d6bb7","Bibwewadi Bus Stop","18.4792","73.8615","VIT College","18.4635","73.8682","1","PENDING","I will wait at the hub","","1","1028","2026-09-02T21:15:00.000Z","2026-09-20T10:30:00.000Z"
"c1ac1889-f9d7-4a80-9e5b-1f0ec05cc412","2c44cc2e-2b1a-407b-b6f4-6d379c613876","b0ac27cd-c785-4a92-96f7-125faca0aafd","VIT College","18.4635","73.8682","Shankar Maharaj Math","18.4735","73.8579","1","PENDING","","","29","1029","2026-09-03T12:00:00.000Z","2026-09-20T19:30:00.000Z"
"ebf6a9d5-ab1f-46fc-b7f1-e526655cd592","9bd7e7cc-c3b8-44a4-bb94-071ae012af07","f599bc96-4841-492f-a111-bec5b3b961ae","Panchami BRTS","18.4902","73.8586","VIT College","18.4635","73.8682","1","REJECTED","I will wait at the hub","No seats available","22","1030","2026-09-05T02:15:00.000Z","2026-09-20T16:30:00.000Z"
"7904fef0-75df-42a4-a79d-e729e73b2be6","6cbc24c9-997a-4575-8f50-74a63c8817db","20b672de-a2b7-4ee4-8a1e-2dd98d7a3278","VIT College","18.4635","73.8682","Bharati Vidyapeeth","18.456","73.8574","1","PENDING","Please confirm pickup","","17","1031","2026-09-05T22:00:00.000Z","2026-09-20T15:30:00.000Z"
"0bd0a45d-2e38-4720-b05e-7f91b4723e65","d4d9d3bf-e1ec-4b6c-8fd1-77e5c98c2dfc","e0a60ad9-cc73-4c06-a3f4-008b5f55a00b","Bibwewadi Bus Stop","18.4792","73.8615","VIT College","18.4635","73.8682","1","PENDING","Please confirm pickup","","5","1032","2026-09-08T14:15:00.000Z","2026-09-20T13:30:00.000Z"
"7ccf6f65-0075-4d96-bac4-928af03d8c9f","78c3715a-e0d6-4e72-8e78-0812a9f0dc30","aa992245-dc20-4688-8711-279522417636","VIT College","18.4635","73.8682","Lower Indira Nagar Stop","18.4718","73.8618","1","COMPLETED","Please confirm pickup","","26","1033","2026-09-08T23:00:00.000Z","2026-09-20T17:30:00.000Z"
"0e9e35a5-09d5-4741-8e22-97238cb9dea8","080c0231-8db6-4bf8-af7e-18f1897059cb","3a674059-212e-43b5-bfeb-fc6ed59e20f7","Laxmi Narayan Theatre","18.4965","73.8584","VIT College","18.4635","73.8682","1","CANCELLED","I will wait at the hub","","14","1034","2026-09-09T08:15:00.000Z","2026-09-20T18:30:00.000Z"
"e87dc66d-5813-4bc6-9026-201289c3c03b","545281f3-0f0e-4257-b59e-65b48e3321bc","e49978a2-3a3c-40a9-aa44-f434bfa66b81","VIT College","18.4635","73.8682","Balaji Nagar BRTS","18.4628","73.8577","1","REJECTED","Please confirm pickup","No seats available","35","1035","2026-09-10T23:00:00.000Z","2026-09-20T15:30:00.000Z"
"6422a003-7681-41f6-83fe-2bcb5632187b","e014b291-f580-4258-b975-b7b590db113d","e338d25f-f71d-4949-82c9-72ff79bd50e0","Lower Indira Nagar Stop","18.4718","73.8618","VIT College","18.4635","73.8682","1","REJECTED","I will wait at the hub","No seats available","29","1036","2026-09-10T02:15:00.000Z","2026-09-20T22:30:00.000Z"
"fd88dff1-2150-4787-896e-a61b6b4b303f","0989abd2-b57c-4ede-a394-bb7842c14348","fd00b702-8bbe-4108-ab3e-1e21ba029f40","VIT College","18.4635","73.8682","Chintamani Nagar","18.4651","73.864","1","REJECTED","","No seats available","62","1037","2026-09-13T08:00:00.000Z","2026-09-20T10:30:00.000Z"
"c060b8d0-1a60-49ba-9c3b-4c45a6dcbf85","80d22281-505f-4704-b42a-1fb05dcf59f6","b4c86de6-995d-4335-a3bb-265de522aecf","Lower Indira Nagar Stop","18.4718","73.8618","VIT College","18.4635","73.8682","1","CANCELLED","I will wait at the hub","","9","1038","2026-09-14T10:15:00.000Z","2026-09-20T14:30:00.000Z"
"1a1cf69f-3d95-4221-be29-673d541d94c2","95daa436-49ea-4a26-ae45-05b68c07a3c6","c9ab0de5-362b-43a7-9367-b620469096dd","VIT College","18.4635","73.8682","Kashinath Patil Nagar Stop","18.4745","73.8631","1","REJECTED","Please confirm pickup","No seats available","5","1039","2026-09-16T08:00:00.000Z","2026-09-21T00:30:00.000Z"
"136fc136-6bf9-438c-b383-7ed554569e8d","64d9b517-5a5e-48f8-9ce7-d05be280f5a0","ec928319-dcb1-4ffc-9713-393fac2f402a","Swargate BRTS Stop","18.4982","73.8588","VIT College","18.4635","73.8682","1","CANCELLED","I will wait at the hub","","20","1040","2026-09-16T23:15:00.000Z","2026-09-20T13:30:00.000Z"
"14065681-4f5f-46d8-aefd-202f6b047f7b","392cb2f8-d9df-427a-8ec9-95de2ae3799e","4fee29cb-0687-44a2-9f09-3ba85cef33d1","VIT College","18.4635","73.8682","Lower Indira Nagar Stop","18.4718","73.8618","1","REJECTED","","No seats available","18","1041","2026-09-17T21:00:00.000Z","2026-09-20T14:30:00.000Z"
"bdc1c792-5ee7-4316-8c25-faeeb49dad46","8f639569-9d2b-4e19-9a44-45d0f3118bac","9e5cb7c9-7ef5-48c4-9a63-9e419dbc1b10","Swargate PMPML Main Bus Stand","18.4991","73.8583","VIT College","18.4635","73.8682","1","PENDING","Please confirm pickup","","17","1042","2026-09-17T20:15:00.000Z","2026-09-20T14:30:00.000Z"
"79b0421d-6b06-4b89-90aa-3ca9b9ee2db9","505a1ac1-40b5-4652-8fbf-67b3a88f1740","8e8cd61b-b7bc-4aca-9fce-e812388f43cc","VIT College","18.4635","73.8682","Chintamani Nagar","18.4651","73.864","1","ACCEPTED","Please confirm pickup","","4","1043","2026-09-18T01:00:00.000Z","2026-09-20T10:30:00.000Z"
"70b6accd-bcc2-41ca-81ca-8f86386b522c","d7357d00-84c1-4e53-8ca5-9ac52c5a58f5","286cf4ab-43ca-4259-b0fc-da25195d0244","Chintamani Nagar","18.4651","73.864","VIT College","18.4635","73.8682","1","REJECTED","I will wait at the hub","No seats available","34","1044","2026-09-18T21:15:00.000Z","2026-09-20T13:30:00.000Z"
"5c15a62c-5882-4e5b-8686-ea8f81d5d9b7","78ab243a-4567-42f8-baa5-d6fb3f981e4f","8574ead2-c80a-462a-8ad9-5f880cff1bd5","VIT College","18.4635","73.8682","Katraj Terminal","18.4471","73.8562","1","ACCEPTED","","","10","1045","2026-09-20T06:00:00.000Z","2026-09-21T03:30:00.000Z"
"6c9a3868-7fcc-4919-bbe3-d2afefced4bc","3f5dbb31-a588-4482-8a07-b0ec50fbd83f","97e2c868-d328-4e04-a87f-cdd9bf32f321","Bibwewadi Bus Stop","18.4792","73.8615","VIT College","18.4635","73.8682","1","CANCELLED","I will wait at the hub","","25","1046","2026-09-22T12:15:00.000Z","2026-09-20T18:30:00.000Z"
"99437b63-234b-445d-8427-98f5a656f6da","9470df63-a388-477a-ab7c-5c3d550c74ed","6dbaac16-eca9-4619-9461-cf1f791691ff","VIT College","18.4635","73.8682","Katraj Terminal","18.4471","73.8562","1","ACCEPTED","","","11","1047","2026-09-23T11:00:00.000Z","2026-09-20T17:30:00.000Z"
"7fa8f183-14e7-41d8-976f-6b2e7a33829f","636ac1e5-e8b4-4cbf-afec-60e548a2c3dd","a0c0f44b-0991-4b2f-8eac-5c0f929d5d9a","Bibwewadi Bus Stop","18.4792","73.8615","VIT College","18.4635","73.8682","1","CANCELLED","","","54","1048","2026-09-24T14:15:00.000Z","2026-09-20T23:30:00.000Z"
"d90bfdeb-6041-42bc-840e-64f19ac2a4d9","f49031a7-61f3-4710-8dca-29a16eb403d0","93fc6c87-52d4-41ea-a349-e5ddc835fe35","VIT College","18.4635","73.8682","Kashinath Patil Nagar Stop","18.4745","73.8631","1","COMPLETED","I will wait at the hub","","68","1049","2026-09-26T02:00:00.000Z","2026-09-20T18:30:00.000Z"
"4f0e97be-b4b6-4f59-bc52-a1e21356f450","2c6ab345-9777-45b4-a794-95db08ae07c2","cba87ecd-54b1-4aae-9469-fa73c5a1965e","Upper Indira Nagar Bus Depot","18.4682","73.8623","VIT College","18.4635","73.8682","1","COMPLETED","I will wait at the hub","","26","1050","2026-09-24T21:15:00.000Z","2026-09-21T01:30:00.000Z"
"92f88516-1dba-4ac0-9767-7e0423b5e2f0","e3355ceb-b08d-4951-a32a-8d52582985af","7bb61148-2622-4c7a-a643-c561dfafb01a","VIT College","18.4635","73.8682","Upper Indira Nagar Bus Depot","18.4682","73.8623","1","COMPLETED","","","27","1051","2026-09-26T18:00:00.000Z","2026-09-20T10:30:00.000Z"
"3d5d0455-070d-4379-b834-e2dec5a7456c","7d02b32f-7429-403a-8b78-9abb2743d54c","c1485f8d-0ff6-4d51-a3fe-b9cc726fcca1","Panchami BRTS","18.4902","73.8586","VIT College","18.4635","73.8682","1","CANCELLED","","","6","1052","2026-09-28T14:15:00.000Z","2026-09-21T00:30:00.000Z"
"b6cf61d8-8167-4827-9008-46e31b019f9c","a46b8abb-7f58-4ce7-8fbe-c3a9393eb841","52587ca0-dfe6-482f-bcac-5efecd9cb9c3","VIT College","18.4635","73.8682","Katraj Dairy BRTS","18.4508","73.8569","1","PENDING","Please confirm pickup","","16","1053","2026-09-27T21:00:00.000Z","2026-09-21T06:30:00.000Z"
"b4d0b285-9757-481d-8b09-cf999fe3194d","1b3f6749-f0ae-4234-8f8a-04caf7f11e60","adfaa168-2d4e-439d-b336-2a1e0b068a71","Lower Indira Nagar Stop","18.4718","73.8618","VIT College","18.4635","73.8682","1","ACCEPTED","I will wait at the hub","","33","1054","2026-09-29T11:15:00.000Z","2026-09-20T12:30:00.000Z"
"3c9a00cb-4800-4f1a-b84c-d77a3b3a1c08","36b2c460-a1cd-457c-92fe-8f2b55f34de3","bc632420-5e50-4e7f-82f8-381b3e8cb729","VIT College","18.4635","73.8682","Balaji Nagar BRTS","18.4628","73.8577","1","ACCEPTED","Please confirm pickup","","77","1055","2026-09-29T23:00:00.000Z","2026-09-20T16:30:00.000Z"
"81dbbffa-edd4-4142-81cb-9d25854388d4","c95c3cbe-06de-4f02-8209-d537672df89e","c352d64d-d07b-4edc-951e-c01334524a56","Swargate BRTS Stop","18.4982","73.8588","VIT College","18.4635","73.8682","1","CANCELLED","I will wait at the hub","","2","1056","2026-10-01T23:15:00.000Z","2026-09-20T19:30:00.000Z"
"9f733d5e-440a-4bf8-98fe-e0c948320c21","7af251b1-c357-4a1b-bd99-dcc1d92cebaf","4a67ecba-b514-4d87-beb3-0515635ecc2e","VIT College","18.4635","73.8682","Katraj Terminal","18.4471","73.8562","1","COMPLETED","I will wait at the hub","","20","1057","2026-10-01T20:00:00.000Z","2026-09-20T16:30:00.000Z"
"ebcf6a11-1bd5-4241-b08a-89df58b83a3a","93704f8f-9b3d-4658-9df9-7297a09efb6d","5a542579-2130-44d7-a1c7-dde5ad030d85","Laxmi Narayan Theatre","18.4965","73.8584","VIT College","18.4635","73.8682","1","CANCELLED","Please confirm pickup","","28","1058","2026-10-03T21:15:00.000Z","2026-09-21T01:30:00.000Z"
"1c9883c4-a41c-4c27-8856-0bd7b5c6a64b","49077169-77dd-4c65-bdc5-b78766d672c2","48157b16-b775-431a-954d-8b033f391056","VIT College","18.4635","73.8682","Katraj Terminal","18.4471","73.8562","1","PENDING","","","28","1059","2026-10-03T15:00:00.000Z","2026-09-20T13:30:00.000Z"
"eafb10c7-b6c1-4edc-a987-f708bff44f35","5b4c231d-27bf-408c-951f-fddd27a7e9e0","83beeb25-e5a8-4d3e-aab1-07e4280fae11","Lower Indira Nagar Stop","18.4718","73.8618","VIT College","18.4635","73.8682","1","ACCEPTED","I will wait at the hub","","11","1060","2026-10-06T06:15:00.000Z","2026-09-20T18:30:00.000Z"
"f81063d7-05c6-482f-b80b-b43c177c7c64","096bba8c-0116-411d-9f14-1c96839712fc","f16b2296-c08c-4229-b1cd-9d4425b7954a","VIT College","18.4635","73.8682","Bibwewadi Bus Stop","18.4792","73.8615","1","PENDING","Please confirm pickup","","3","1061","2026-10-06T15:00:00.000Z","2026-09-20T16:30:00.000Z"
"5653381d-975d-4796-b7da-222f78795532","50e7e7af-1469-4648-8b4e-455511038b4b","2f39eb16-ab4f-4c25-a572-9a7be1ef7dcd","Market Yard Corner","18.4792","73.8581","VIT College","18.4635","73.8682","1","REJECTED","","No seats available","20","1062","2026-10-07T14:15:00.000Z","2026-09-20T13:30:00.000Z"
"e7fa9727-e4dd-4055-b5de-af407e4c80a9","aced7d47-d250-420a-9774-e2988bf4185a","b9a94dba-cbdd-4dab-b668-c38541a542df","VIT College","18.4635","73.8682","Shankar Maharaj Math","18.4735","73.8579","1","COMPLETED","Please confirm pickup","","22","1063","2026-10-09T20:00:00.000Z","2026-09-21T04:30:00.000Z"
"0cca7c22-73f1-460a-a711-36a41a433f89","3e84b24e-d459-4a5c-ab02-b23b20357c43","91b6dba8-c5ee-49b6-8e0e-cdb6deb6d498","Chintamani Nagar","18.4651","73.864","VIT College","18.4635","73.8682","1","ACCEPTED","Please confirm pickup","","36","1064","2026-10-10T06:15:00.000Z","2026-09-20T20:30:00.000Z"
"b74dfb93-7bca-44c8-b07c-5a91fa6ef672","51804ff0-732e-4f33-9d16-ce45d3f78ad0","5bfe2107-4596-4e4b-8e28-b4761607f7e9","VIT College","18.4635","73.8682","Kashinath Patil Nagar Stop","18.4745","73.8631","1","PENDING","I will wait at the hub","","63","1065","2026-10-12T08:00:00.000Z","2026-09-21T06:30:00.000Z"
"91cce3c0-323c-4e0b-9bd9-931290ae3c2d","b329300e-ced4-4596-85e2-2463a21ba4f9","eb966ee8-6300-4734-85a3-fe051d2fa003","Market Yard Corner","18.4792","73.8581","VIT College","18.4635","73.8682","1","ACCEPTED","Please confirm pickup","","4","1066","2026-10-11T14:15:00.000Z","2026-09-20T22:30:00.000Z"
"743427f7-be1b-4935-a2a1-37cf5ecc2e38","2e26e5e6-8a2c-49a0-9e59-effa2baf3812","b3149c9d-7e24-49af-9af5-ce51be3f88b9","VIT College","18.4635","73.8682","Upper Indira Nagar Bus Depot","18.4682","73.8623","1","COMPLETED","","","71","1067","2026-10-12T17:00:00.000Z","2026-09-20T23:30:00.000Z"
"18e93ab1-d015-4116-b2de-e6d3c304cd08","a7379bc1-41fc-4653-9c0b-b1912b205e68","5b200900-fdec-42f4-bd7a-10e50182556a","City Pride BRTS","18.4845","73.8583","VIT College","18.4635","73.8682","1","ACCEPTED","I will wait at the hub","","9","1068","2026-10-12T17:15:00.000Z","2026-09-20T18:30:00.000Z"
"7b606193-c4bc-40f8-865b-ed52dca73082","39f52ca3-2357-46c5-a98e-8b35ad97689d","ff4be7d8-c958-42da-b75f-f3df6987f079","VIT College","18.4635","73.8682","Katraj Terminal","18.4471","73.8562","1","PENDING","","","30","1069","2026-10-14T00:00:00.000Z","2026-09-20T23:30:00.000Z"
"309aefe0-053a-4857-9b71-16f4adafb1db","6cfcfb66-bb8d-4fd1-8063-a7710b4de356","abc3a47b-8ad1-4b85-9c68-7d9ca2c6091e","Lower Indira Nagar Stop","18.4718","73.8618","VIT College","18.4635","73.8682","1","ACCEPTED","I will wait at the hub","","9","1070","2026-10-15T09:15:00.000Z","2026-09-21T06:30:00.000Z"
"edce56ca-b0ba-40f1-ba6c-f07a773a4bc7","29639fe3-fba9-4ec1-8c2a-beeec3698b93","a4e13249-216e-49cd-8abf-6f5bd9c3fe4c","VIT College","18.4635","73.8682","Lower Indira Nagar Stop","18.4718","73.8618","1","CANCELLED","","","6","1071","2026-10-16T13:00:00.000Z","2026-09-20T21:30:00.000Z"
"e4fc3e83-b365-499d-b0b8-f144f77a8cff","b4f0bd24-29c0-49cf-8011-acbec3fd9ef2","9449171f-669b-4ae3-8a11-85c2698005b4","Swargate BRTS Stop","18.4982","73.8588","VIT College","18.4635","73.8682","1","CANCELLED","Please confirm pickup","","38","1072","2026-10-18T08:15:00.000Z","2026-09-21T00:30:00.000Z"
"89c9b0b4-c138-4606-a36a-e5c2a6c11ef4","09678e7e-77d5-401a-a91f-fb0664afca57","7b50af0a-e87a-4600-b547-06ff9da50ada","VIT College","18.4635","73.8682","Bibwewadi Bus Stop","18.4792","73.8615","1","REJECTED","","No seats available","24","1073","2026-10-19T18:00:00.000Z","2026-09-20T14:30:00.000Z"
"630b21ba-43f8-4c32-8af5-2b4a6f0a2b12","95d59f60-f6b4-44df-aad2-9883ffe95be1","49e5dc79-ab6d-4188-9d10-62c1b84c7f5c","Upper Indira Nagar Bus Depot","18.4682","73.8623","VIT College","18.4635","73.8682","1","PENDING","","","23","1074","2026-10-19T18:15:00.000Z","2026-09-20T14:30:00.000Z"
"c1d07dd2-866d-44e2-bce5-c94073cc1e24","b7ff1174-56c9-45b7-b1b5-f94890f4a440","b9d9e60d-de32-4732-8eb8-480e0e81bcbf","VIT College","18.4635","73.8682","Upper Indira Nagar Bus Depot","18.4682","73.8623","1","ACCEPTED","Please confirm pickup","","25","1075","2026-10-20T10:00:00.000Z","2026-09-21T05:30:00.000Z"
"1d6ca3e4-cdbe-446a-9f63-5409f4693e1f","40cdaa64-0cc4-4366-91b4-6ad064592b70","15d12fa2-5285-4e19-a290-344ead002d9f","Laxmi Narayan Theatre","18.4965","73.8584","VIT College","18.4635","73.8682","1","CANCELLED","","","22","1076","2026-10-22T10:15:00.000Z","2026-09-21T05:30:00.000Z"
"06d59ad3-9306-4c6c-bd9c-ccec5b29fe90","446815d8-3895-4b64-a9a5-7699f549864d","772a4089-be1c-415b-9115-5af745dcbd7e","VIT College","18.4635","73.8682","Market Yard Corner","18.4792","73.8581","1","COMPLETED","","","73","1077","2026-10-23T08:00:00.000Z","2026-09-20T18:30:00.000Z"
"2ab6d9fb-5b64-4c20-9a4a-183a02cbfb8c","0535125f-5e07-41b4-8183-c0bc955d24ff","dae29690-62f3-4202-8961-05b05ec7dcc6","Panchami BRTS","18.4902","73.8586","VIT College","18.4635","73.8682","1","CANCELLED","Please confirm pickup","","29","1078","2026-10-23T14:15:00.000Z","2026-09-20T17:30:00.000Z"
"322db83f-d0d4-4e84-9a94-d250eca91714","8e053454-b287-451b-a1c0-86dc06f9f919","b53fb963-29ea-4299-915f-2cf34647fe2b","VIT College","18.4635","73.8682","Shankar Maharaj Math","18.4735","73.8579","1","CANCELLED","I will wait at the hub","","72","1079","2026-10-24T02:00:00.000Z","2026-09-20T17:30:00.000Z"
"db966703-11f0-4416-90ae-9a89071dd480","c8978e26-ad18-49dd-bb87-9c0ea1a29e0c","02927b89-ffa8-40e0-963e-2651a35e576d","Kashinath Patil Nagar Stop","18.4745","73.8631","VIT College","18.4635","73.8682","1","ACCEPTED","I will wait at the hub","","18","1080","2026-10-25T19:15:00.000Z","2026-09-21T06:30:00.000Z"
"fae78a2f-5654-42b3-9d78-4accb0e2f51d","cdfa824a-f854-4855-a964-448c5420caed","aa3e3c66-ecde-4e1f-9ce3-1617c0ecdcef","VIT College","18.4635","73.8682","Shankar Maharaj Math","18.4735","73.8579","1","COMPLETED","","","79","1081","2026-10-28T05:00:00.000Z","2026-09-21T01:30:00.000Z"
"200eb690-4fed-48d6-a7db-f3bf17277d8f","bf7e7173-707d-409a-bb59-ec2ffaf87c16","e0ad93ac-7350-43c7-be63-6b8925810342","Swargate PMPML Main Bus Stand","18.4991","73.8583","VIT College","18.4635","73.8682","1","ACCEPTED","","","0","1082","2026-10-26T13:15:00.000Z","2026-09-21T05:30:00.000Z"
"e02907e5-1bc8-41d1-bbae-c62bb4a68a07","169fc2f0-d836-43d1-83b1-ae1763e64fbe","1734859f-c79f-4dfa-95dd-e252c5d669fc","VIT College","18.4635","73.8682","Kashinath Patil Nagar Stop","18.4745","73.8631","1","PENDING","Please confirm pickup","","6","1083","2026-10-27T18:00:00.000Z","2026-09-21T05:30:00.000Z"
"2a8f4b24-0a76-4789-aef9-d8c76449ccd2","e9bf46ef-8967-4464-94e3-2bb4e3e3b2e4","3a8f1c12-2394-4eb5-8694-7152af59c7d0","City Pride BRTS","18.4845","73.8583","VIT College","18.4635","73.8682","1","PENDING","Please confirm pickup","","8","1084","2026-10-28T13:15:00.000Z","2026-09-20T14:30:00.000Z"
"bb067db0-67eb-45a0-847a-720dd39d2116","bc79fdd2-1cc0-4c64-be42-1c9072fc1859","443d0a1a-c4da-4cf7-9517-4c02de0dff9c","VIT College","18.4635","73.8682","Balaji Nagar BRTS","18.4628","73.8577","1","PENDING","","","22","1085","2026-11-01T00:00:00.000Z","2026-09-21T06:30:00.000Z"
"49dcb603-31fd-4539-8a3e-070afb3bc978","3bfcbbe5-ec10-4944-a9dd-ba509007b715","5c76a658-080e-4482-b7f5-3c04ef99ff4f","Swargate BRTS Stop","18.4982","73.8588","VIT College","18.4635","73.8682","1","REJECTED","","No seats available","22","1086","2026-11-01T02:15:00.000Z","2026-09-21T03:30:00.000Z"
"2b3bc8fc-6b6c-41e0-b32b-878c74224816","4c1da699-4a95-4e14-9e46-fd8dcda4c5d3","fa4b13bc-6768-4b5d-843e-2b8836ed9113","VIT College","18.4635","73.8682","Lower Indira Nagar Stop","18.4718","73.8618","1","COMPLETED","Please confirm pickup","","27","1087","2026-10-31T20:00:00.000Z","2026-09-20T18:30:00.000Z"
"7487a45b-5638-4361-b1b4-92f04f6a6cb6","c000e5c3-2f7b-4545-b8f0-e0043eb13933","2139d70e-ad87-4ff0-985d-00ddaa9d1f33","Kashinath Patil Nagar Stop","18.4745","73.8631","VIT College","18.4635","73.8682","1","PENDING","","","37","1088","2026-11-01T22:15:00.000Z","2026-09-20T19:30:00.000Z"
"3526ad8c-815a-43b1-aa53-c4455b386c8f","10dd458e-25b6-43e5-92b7-c13023c64c59","916eed74-db65-4e11-bce1-ffc16e674a10","VIT College","18.4635","73.8682","Upper Indira Nagar Bus Depot","18.4682","73.8623","1","CANCELLED","Please confirm pickup","","57","1089","2026-11-04T18:00:00.000Z","2026-09-20T10:30:00.000Z"
"e677fc1d-1f5b-4b74-a669-bf1a7fa7d1d6","bf613fbf-71a6-43c2-b744-db05e823fdf8","bab50b6c-7a07-4417-adaf-0a3f199ba726","Upper Indira Nagar Bus Depot","18.4682","73.8623","VIT College","18.4635","73.8682","1","PENDING","I will wait at the hub","","27","1090","2026-08-06T04:15:00.000Z","2026-09-21T02:30:00.000Z"
"ece98501-ea0f-49e3-ba4b-243afd2bc8ea","65fc0765-171e-4768-8f13-83aa789737e0","7f819a59-7908-47e3-8d88-f31823ce6b9f","VIT College","18.4635","73.8682","KK Market BRTS","18.4683","73.8579","1","REJECTED","I will wait at the hub","No seats available","78","1091","2026-08-08T00:00:00.000Z","2026-09-20T22:30:00.000Z"
"39d6492d-571f-44ee-86f3-d8025a65808d","237da348-7907-4718-866e-335cde0139c1","fa8313a6-d0cd-4c89-ac5a-1bcf559767e4","Bibwewadi Bus Stop","18.4792","73.8615","VIT College","18.4635","73.8682","1","CANCELLED","I will wait at the hub","","27","1092","2026-08-07T23:15:00.000Z","2026-09-20T21:30:00.000Z"
"edfec22d-4397-4b4f-9bfe-0c4dd842c5da","60ea93c4-68ee-45c3-989b-ed8b3a08e7cc","25e86fcd-e6f3-4cae-abe5-69da8dc4879a","VIT College","18.4635","73.8682","KK Market BRTS","18.4683","73.8579","1","ACCEPTED","","","22","1093","2026-08-11T08:00:00.000Z","2026-09-20T18:30:00.000Z"
"4d3f7012-93e3-4a5c-b2eb-0978f33c2967","2f2c5365-84d3-4d5c-b8d1-6f264b5f4215","7ecb9a58-e71e-47e3-b199-1b14f78ab1cd","Swargate PMPML Main Bus Stand","18.4991","73.8583","VIT College","18.4635","73.8682","1","CANCELLED","","","14","1094","2026-08-11T00:15:00.000Z","2026-09-20T18:30:00.000Z"
"2e46517f-60ad-44ca-843d-964a89e1e148","c1eebeb2-db41-4cb7-a3b5-691292698f91","61a5fb10-8cc3-48db-a009-2fdb4eb9c378","VIT College","18.4635","73.8682","Upper Indira Nagar Bus Depot","18.4682","73.8623","1","PENDING","I will wait at the hub","","10","1095","2026-08-11T16:00:00.000Z","2026-09-20T15:30:00.000Z"
"c84988d7-dd26-4156-a5e1-f93052b3c4d6","51a9e42c-d1f6-478c-b886-b626dcbd18f3","11e76d6b-888c-4c86-a3f2-2d4bab255598","Market Yard Corner","18.4792","73.8581","VIT College","18.4635","73.8682","1","ACCEPTED","Please confirm pickup","","10","1096","2026-08-11T16:15:00.000Z","2026-09-20T13:30:00.000Z"
"b997f317-83fd-4b10-9c9b-e65ba8c9c4d2","7ae097cf-045e-409a-bfb2-c726c8bc06e4","38d92c3f-f6e4-4c90-add9-6f5ecbcd5bde","VIT College","18.4635","73.8682","Lower Indira Nagar Stop","18.4718","73.8618","1","PENDING","I will wait at the hub","","23","1097","2026-08-14T11:00:00.000Z","2026-09-20T15:30:00.000Z"
"7500b3e7-c437-4a5e-b54b-6d7451168b34","3bee09b2-95a6-498d-b915-d3ee887867aa","5b9101ca-8247-4c12-bf7c-68abf2b98166","Panchami BRTS","18.4902","73.8586","VIT College","18.4635","73.8682","1","REJECTED","I will wait at the hub","No seats available","0","1098","2026-08-13T02:15:00.000Z","2026-09-20T16:30:00.000Z"
"ad2d9e40-8d92-44ca-adb4-b2aad6e53f25","8515b1ea-25b5-4b79-a405-967ef14578af","95204930-6f62-4024-8493-801a30e46f1a","VIT College","18.4635","73.8682","Katraj Terminal","18.4471","73.8562","1","PENDING","","","15","1099","2026-08-17T00:00:00.000Z","2026-09-20T18:30:00.000Z"
"ae6df679-e0f1-4bd3-8d5b-13653707d52e","c49264b1-69a1-495c-9e81-1661b261b3a1","ce05a8a6-09ab-4705-92d1-3f61a51fd69d","Chintamani Nagar","18.4651","73.864","VIT College","18.4635","73.8682","1","REJECTED","Please confirm pickup","No seats available","13","1100","2026-08-16T07:15:00.000Z","2026-09-20T16:30:00.000Z"
"665449c5-79c6-48a1-bb9d-f64b4347d77e","69ee0216-5020-4028-b822-cf3a10cc01dc","2f12a413-553c-4203-bffb-955e3123875f","VIT College","18.4635","73.8682","Balaji Nagar BRTS","18.4628","73.8577","1","ACCEPTED","Please confirm pickup","","14","1101","2026-08-16T12:00:00.000Z","2026-09-20T22:30:00.000Z"
"94aa1675-0312-43c8-a2df-b98101fab0e2","61279771-2695-403c-bef6-29837a8ac5cd","7a6f894d-c3ee-4aa4-a5c8-b62bdfa18164","City Pride BRTS","18.4845","73.8583","VIT College","18.4635","73.8682","1","ACCEPTED","Please confirm pickup","","26","1102","2026-08-19T17:15:00.000Z","2026-09-20T22:30:00.000Z"
"a0a46d8a-80a1-44f0-ac0b-ef3dec8a4121","da00e29b-5b94-4c48-9058-fdc14b347db5","f0be6e7d-be56-4dae-a215-ca68d901c731","VIT College","18.4635","73.8682","Balaji Nagar BRTS","18.4628","73.8577","1","PENDING","I will wait at the hub","","27","1103","2026-08-20T20:00:00.000Z","2026-09-20T23:30:00.000Z"
"88a8778a-ade5-4919-8a51-54ee4e01d31a","9f0f2b67-68d7-468f-af8a-6e7eacc996bd","6afa4784-41a5-471b-8dbf-dcd4ef8d1af1","Market Yard Corner","18.4792","73.8581","VIT College","18.4635","73.8682","1","COMPLETED","","","15","1104","2026-08-21T17:15:00.000Z","2026-09-20T15:30:00.000Z"
"06305300-c4f7-4a09-98fa-87b9f8446caf","6cd39986-2957-4c10-aeb1-988bf7f9c642","ef881127-bf53-4e44-ac88-4d08e32ca7a0","VIT College","18.4635","73.8682","Katraj Terminal","18.4471","73.8562","1","CANCELLED","I will wait at the hub","","17","1105","2026-08-23T06:00:00.000Z","2026-09-20T21:30:00.000Z"
"263ccea8-4d12-4464-8ad7-4c696110ce82","81a7f5ab-2161-41ba-9b2a-461a7e131be7","b2a75502-d4ef-429e-8b73-61e440e0983f","Swargate PMPML Main Bus Stand","18.4991","73.8583","VIT College","18.4635","73.8682","1","ACCEPTED","I will wait at the hub","","23","1106","2026-08-23T01:15:00.000Z","2026-09-20T22:30:00.000Z"
"2ecdb1ac-42d0-4c02-a484-846400909ee2","02b9654f-0b9c-4c0f-8d0b-7ee75d69869b","b3d23434-7107-4dee-ad1b-eebdb7958392","VIT College","18.4635","73.8682","Bibwewadi Bus Stop","18.4792","73.8615","1","COMPLETED","Please confirm pickup","","4","1107","2026-08-25T02:00:00.000Z","2026-09-20T11:30:00.000Z"
"23059508-e5bc-499c-8955-2823fc92238c","219a9f81-23af-4a87-82c9-00103d3c4c10","24d2a11e-ee6c-4f5b-80ff-7fb9eb39ac32","Panchami BRTS","18.4902","73.8586","VIT College","18.4635","73.8682","1","PENDING","","","24","1108","2026-08-25T20:15:00.000Z","2026-09-21T05:30:00.000Z"
"a479adb3-191c-4ed8-b201-0af28fc30a61","d8a7cd4b-6991-4356-b70c-0812f3a06a17","37b52895-1597-4763-836c-78a8301f11b4","VIT College","18.4635","73.8682","Bharati Vidyapeeth","18.456","73.8574","1","REJECTED","I will wait at the hub","No seats available","22","1109","2026-08-24T19:00:00.000Z","2026-09-20T16:30:00.000Z"
"b73d92e9-683f-4795-bc10-93eee7ba4fac","eab07b26-75e6-4d60-b37d-b2672ac13f7b","5adcb3aa-a473-41ba-8a29-2fa570db158b","Kashinath Patil Nagar Stop","18.4745","73.8631","VIT College","18.4635","73.8682","1","ACCEPTED","I will wait at the hub","","59","1110","2026-08-26T17:15:00.000Z","2026-09-20T19:30:00.000Z"
"4744c304-7630-4d8b-8c9b-c0b424ba41a1","b95d44b1-a000-4708-a130-d08780d6485d","3e9526f5-f65f-4da1-a2b1-553ce23973f7","VIT College","18.4635","73.8682","Shankar Maharaj Math","18.4735","73.8579","1","PENDING","I will wait at the hub","","14","1111","2026-08-28T02:00:00.000Z","2026-09-20T23:30:00.000Z"
"3e51d218-7c71-40bd-b26b-2203b390172b","4b1e205a-ed42-48bd-b784-7fbcff6779c6","fbb85f19-6812-469a-9a7e-c060b8e1330e","Upper Indira Nagar Bus Depot","18.4682","73.8623","VIT College","18.4635","73.8682","1","ACCEPTED","Please confirm pickup","","21","1112","2026-08-27T12:15:00.000Z","2026-09-21T04:30:00.000Z"
"b4647166-e9ae-4c76-b875-d546dfe7a4e1","68e11ca0-3e59-47eb-8235-9af12559df44","4e00ed27-5fe2-4835-b43b-aad7700f4e90","VIT College","18.4635","73.8682","Bharati Vidyapeeth","18.456","73.8574","1","COMPLETED","","","21","1113","2026-08-31T03:00:00.000Z","2026-09-21T00:30:00.000Z"
"4bc18fb2-3803-4eb0-aafd-8d7c95e74e62","2c00669e-dc0c-456d-ba1d-8920b4c821fc","85802130-aece-4a5c-b091-be9de76fa62e","Panchami BRTS","18.4902","73.8586","VIT College","18.4635","73.8682","1","ACCEPTED","I will wait at the hub","","24","1114","2026-08-30T20:15:00.000Z","2026-09-20T14:30:00.000Z"
"f9949105-5f52-42a4-a115-9e89928b8b70","78e46e6e-9c6f-4b0f-b064-7d4e9460e632","1e8f38cb-b0ae-4701-9268-3c8e55456ef9","VIT College","18.4635","73.8682","KK Market BRTS","18.4683","73.8579","1","ACCEPTED","I will wait at the hub","","26","1115","2026-09-01T23:00:00.000Z","2026-09-20T19:30:00.000Z"
"4305289f-732a-40a4-988e-4f1325eb3d6d","aef59bda-2e4a-4d2a-a535-36263ae82a38","033a0415-353b-46da-a08f-1e6fb661c073","Kashinath Patil Nagar Stop","18.4745","73.8631","VIT College","18.4635","73.8682","1","PENDING","I will wait at the hub","","1","1116","2026-09-01T12:15:00.000Z","2026-09-21T02:30:00.000Z"
"84098a66-9864-4cab-a478-07aa8c62b7d2","f64767c4-af3a-47be-acc7-3ea11da42274","09fad991-eb28-483c-a92f-412d005f86e1","VIT College","18.4635","73.8682","Katraj Terminal","18.4471","73.8562","1","ACCEPTED","Please confirm pickup","","11","1117","2026-09-02T07:00:00.000Z","2026-09-21T06:30:00.000Z"
"853d9921-3cc4-47b9-90bf-d706d74417ae","2237f2ca-1d00-4f56-814d-2c6c92751071","47cbbcf7-3a62-4033-9a9b-5d2ebe48617b","Bibwewadi Bus Stop","18.4792","73.8615","VIT College","18.4635","73.8682","1","PENDING","Please confirm pickup","","66","1118","2026-09-03T17:15:00.000Z","2026-09-21T01:30:00.000Z"
"850d5f3f-27cf-4ed4-82e9-d76126f9dc22","ec18becf-f762-45c6-859c-32b7cb0f07d6","ab1c3a5c-50fe-4a26-b80d-4cd36938d001","VIT College","18.4635","73.8682","Katraj Dairy BRTS","18.4508","73.8569","1","ACCEPTED","Please confirm pickup","","22","1119","2026-09-04T16:00:00.000Z","2026-09-21T00:30:00.000Z"
"e5d79ae7-468e-4a62-b9c8-5850ab06ceb4","70f69ca4-d226-4e06-8c3f-95690772183e","c2109785-34d1-4db4-83fd-a38a96ff6385","Swargate BRTS Stop","18.4982","73.8588","VIT College","18.4635","73.8682","1","COMPLETED","I will wait at the hub","","28","1120","2026-09-04T02:15:00.000Z","2026-09-20T15:30:00.000Z"
"5c289112-90cb-45c4-8c23-6c359b27b854","461e5561-1342-4de9-9f6e-44c7fdcf8d5d","3f9c3912-4b7f-4630-8ee8-ef4328f8653a","VIT College","18.4635","73.8682","Upper Indira Nagar Bus Depot","18.4682","73.8623","1","CANCELLED","I will wait at the hub","","29","1121","2026-09-07T22:00:00.000Z","2026-09-20T17:30:00.000Z"
"7a74de52-2eee-460f-8cbb-b5f4a8cd733a","cb373836-670c-4979-b437-20673338636b","d6e02938-24dd-495b-9cf8-9fdde224b304","Panchami BRTS","18.4902","73.8586","VIT College","18.4635","73.8682","1","REJECTED","I will wait at the hub","No seats available","11","1122","2026-09-08T14:15:00.000Z","2026-09-20T16:30:00.000Z"
"7fce94c6-03a2-4fb7-935f-6550053fe12f","9580a374-62b1-4eae-bcd0-ac7f6a06f671","165aff37-2b73-412f-8558-09a275acac4f","VIT College","18.4635","73.8682","Chintamani Nagar","18.4651","73.864","1","COMPLETED","","","8","1123","2026-09-08T19:00:00.000Z","2026-09-21T06:30:00.000Z"
"1ef198d7-8f5b-4f8e-a11c-069eb2887496","c5afd19e-a176-4f40-a45b-6f111ad868a9","921d32f1-c9a7-43cd-89fc-af62a5d8d609","Chintamani Nagar","18.4651","73.864","VIT College","18.4635","73.8682","1","CANCELLED","Please confirm pickup","","18","1124","2026-09-11T01:15:00.000Z","2026-09-20T18:30:00.000Z"
"e76e567b-e2c1-45ea-98d8-f1a201fd07db","8e78585e-3cca-4d71-ae2d-e3ad9e95dc8b","cd22228b-a880-42a9-b5b5-fa0701f9c386","VIT College","18.4635","73.8682","Shankar Maharaj Math","18.4735","73.8579","1","COMPLETED","","","7","1125","2026-09-11T04:00:00.000Z","2026-09-21T05:30:00.000Z"
"8f57f07b-53ab-4700-9d1d-b183d44100ee","9545e0e9-642e-4404-a573-e92a596150aa","46c4f251-86ea-4605-9b4a-0a7b31ba73c3","Swargate PMPML Main Bus Stand","18.4991","73.8583","VIT College","18.4635","73.8682","1","CANCELLED","","","75","1126","2026-09-11T16:15:00.000Z","2026-09-20T21:30:00.000Z"
"68ecc1ab-25c5-4128-affe-cf2c417c5647","71ad94f4-57f7-4fac-817a-5a2a1cb72cad","e3132854-383b-4d80-b4f9-344261841ff2","VIT College","18.4635","73.8682","KK Market BRTS","18.4683","73.8579","1","COMPLETED","I will wait at the hub","","13","1127","2026-09-13T06:00:00.000Z","2026-09-20T19:30:00.000Z"
"743898e2-2aee-4d68-924d-50bb3bc7f6dd","04d4075a-882a-44da-a10d-859151f3b47c","4f582076-f405-4dad-b185-9ae556fcc905","City Pride BRTS","18.4845","73.8583","VIT College","18.4635","73.8682","1","COMPLETED","Please confirm pickup","","72","1128","2026-09-14T07:15:00.000Z","2026-09-21T00:30:00.000Z"
"e705de8c-1a42-48c2-9c27-17808da05eab","d27e67f4-e6a7-4cab-9dd0-1692b1b0a82a","df141c8b-23ed-41b3-b69d-5959a4d5207e","VIT College","18.4635","73.8682","Shankar Maharaj Math","18.4735","73.8579","1","COMPLETED","Please confirm pickup","","27","1129","2026-09-16T11:00:00.000Z","2026-09-20T10:30:00.000Z"
"8c1c90a0-b287-4b73-8963-b0f1d17a2a43","afd4311b-966f-4fc9-9674-d1effabc820f","c69150f8-4df1-4f92-9ee7-62209c9db1a6","Lower Indira Nagar Stop","18.4718","73.8618","VIT College","18.4635","73.8682","1","PENDING","I will wait at the hub","","28","1130","2026-09-14T15:15:00.000Z","2026-09-21T00:30:00.000Z"
"e82b0a1b-9f3b-45b2-b8ee-b402ef3be6fc","beb44845-453e-4d94-bb99-749e6b27cb1e","e03cedeb-5d97-4486-a7eb-252b7e1f718a","VIT College","18.4635","73.8682","Bharati Vidyapeeth","18.456","73.8574","1","REJECTED","Please confirm pickup","No seats available","68","1131","2026-09-18T06:00:00.000Z","2026-09-20T12:30:00.000Z"
"259b6123-d458-4619-a72a-78aded515368","14e7ccea-1a48-4de5-984c-54c7fd2a09f4","efd497f5-8ba1-4dd5-bcea-20a21ad4b890","Market Yard Corner","18.4792","73.8581","VIT College","18.4635","73.8682","1","PENDING","I will wait at the hub","","12","1132","2026-09-17T21:15:00.000Z","2026-09-20T16:30:00.000Z"
"92a1c8cb-3b0b-4775-bd8e-c80ec5b45ba9","04f91d61-b13b-4d4c-9c9c-e6b2cef78c12","30545805-3fe4-4f18-a8a2-8dccf5ff02fd","VIT College","18.4635","73.8682","Shankar Maharaj Math","18.4735","73.8579","1","REJECTED","","No seats available","24","1133","2026-09-20T10:00:00.000Z","2026-09-20T15:30:00.000Z"
"9d789d46-fe9a-4d49-ae6d-caff40c0d50a","8ab28b94-da4a-47a7-856e-bb3f911a092f","0ab4c678-1df8-414b-9f8b-66facfcdbc01","Chintamani Nagar","18.4651","73.864","VIT College","18.4635","73.8682","1","REJECTED","Please confirm pickup","No seats available","24","1134","2026-09-20T16:15:00.000Z","2026-09-21T00:30:00.000Z"
"1ebbc3a1-bb85-4861-b891-82bf17403460","e9d984c5-4020-4da0-80d0-e3c032d9fb7a","0be154a0-2b93-4226-ac8a-ca86dcf33409","VIT College","18.4635","73.8682","Bharati Vidyapeeth","18.456","73.8574","1","REJECTED","","No seats available","51","1135","2026-09-21T23:00:00.000Z","2026-09-21T05:30:00.000Z"
"01405bab-6616-461d-a70a-572ecb476cd0","28fd002f-07f7-4e68-9dad-d29d9248e218","8c232265-ccb7-492a-b875-50ee8bc45208","Swargate PMPML Main Bus Stand","18.4991","73.8583","VIT College","18.4635","73.8682","1","ACCEPTED","Please confirm pickup","","26","1136","2026-09-22T14:15:00.000Z","2026-09-20T18:30:00.000Z"
"efd375c1-735f-414d-badd-98ee0fa69961","713cddf2-c3b7-4289-8da9-84c9aec1d256","cb1a579d-c56d-40e0-b768-2d2229dc4a47","VIT College","18.4635","73.8682","Katraj Terminal","18.4471","73.8562","1","COMPLETED","","","46","1137","2026-09-23T14:00:00.000Z","2026-09-21T04:30:00.000Z"
"f3ccca9f-0ba9-4569-b591-be59a0d5b1ac","994d541c-a0d6-4253-adf5-dee93277ee0d","4bc51cf7-3d71-496c-b2e9-01f1fd8c725a","Laxmi Narayan Theatre","18.4965","73.8584","VIT College","18.4635","73.8682","1","CANCELLED","","","4","1138","2026-09-22T08:15:00.000Z","2026-09-20T21:30:00.000Z"
"739e9748-46cd-4065-baf2-136fe41ad82c","97c6b31c-5466-45f4-874b-ec58b23010e4","87c9b6ae-2c7c-4de8-9450-1bd9d4cd713c","VIT College","18.4635","73.8682","Upper Indira Nagar Bus Depot","18.4682","73.8623","1","ACCEPTED","Please confirm pickup","","21","1139","2026-09-26T09:00:00.000Z","2026-09-21T03:30:00.000Z"
"5f2d9cba-c83d-447d-b9a7-0f1d52399d9c","c6b6ec8c-fa82-4bc7-811e-2d6a2e654539","4cc1b8ef-4224-4c25-a72f-a96bb3963a45","Market Yard Corner","18.4792","73.8581","VIT College","18.4635","73.8682","1","COMPLETED","","","28","1140","2026-09-26T01:15:00.000Z","2026-09-20T11:30:00.000Z"
"b1df1372-39cd-44d6-b062-6bef15e80196","ea4686ae-04a6-4e3c-bf15-6aad0dee5c58","d2298097-598d-4264-8db3-a0e927ab6ed1","VIT College","18.4635","73.8682","Balaji Nagar BRTS","18.4628","73.8577","1","REJECTED","","No seats available","70","1141","2026-09-27T03:00:00.000Z","2026-09-21T03:30:00.000Z"
"b2c54183-21c3-483d-aa5d-faa77b930bee","5a2df2dd-cc6c-4a73-b584-fd67715f78e0","856c5003-10e0-491c-b001-245c65a8fb4b","Swargate PMPML Main Bus Stand","18.4991","73.8583","VIT College","18.4635","73.8682","1","PENDING","","","16","1142","2026-09-28T03:15:00.000Z","2026-09-20T17:30:00.000Z"
"34591cc3-c78e-41c2-902b-b7f2cc727c29","b706d681-5745-448b-a469-ef6a7454950f","613365a0-56e0-41a2-a7c9-48b35ec746a1","VIT College","18.4635","73.8682","Lower Indira Nagar Stop","18.4718","73.8618","1","REJECTED","I will wait at the hub","No seats available","69","1143","2026-09-28T07:00:00.000Z","2026-09-20T16:30:00.000Z"
"688fac1a-a0d4-40f5-9687-eda65edc5246","4b43287c-b8d6-4144-801f-8fc738d1f660","ce3592dc-d951-4134-a2cd-52dbc233a3f4","Chintamani Nagar","18.4651","73.864","VIT College","18.4635","73.8682","1","ACCEPTED","Please confirm pickup","","9","1144","2026-09-28T05:15:00.000Z","2026-09-21T02:30:00.000Z"
"b28afeba-2f7b-425f-ab41-ee405201ae5d","2663d3af-98fe-4997-a9a5-c2079a3eb8e3","a6724b4c-1f36-4019-9072-772bbdeeca30","VIT College","18.4635","73.8682","Shankar Maharaj Math","18.4735","73.8579","1","COMPLETED","Please confirm pickup","","16","1145","2026-09-29T23:00:00.000Z","2026-09-21T06:30:00.000Z"
"0cbfa49c-b863-4587-9d5e-1eaf006aaa8d","60c3d7e5-9d4d-4553-87ac-9b1142f3ef9f","2d02ada0-aefc-4d76-9f2f-c57bee3201ac","Kashinath Patil Nagar Stop","18.4745","73.8631","VIT College","18.4635","73.8682","1","REJECTED","I will wait at the hub","No seats available","7","1146","2026-10-02T12:15:00.000Z","2026-09-21T00:30:00.000Z"
"7358352a-9d93-46c2-a1c5-de05f596b550","ed757b00-7bf5-43f0-a726-ba6bc7a83108","81dfda4a-3ec9-4eae-a7f1-0692e03bb1d0","VIT College","18.4635","73.8682","Balaji Nagar BRTS","18.4628","73.8577","1","REJECTED","","No seats available","4","1147","2026-10-03T19:00:00.000Z","2026-09-20T14:30:00.000Z"
"0fdb258b-b5bb-4d69-b66d-e996b39095af","abd4cbef-dd87-4896-8b4d-0e1f2563b91f","71cd4f7b-3e01-44d7-9657-d28c4544f992","Lower Indira Nagar Stop","18.4718","73.8618","VIT College","18.4635","73.8682","1","ACCEPTED","Please confirm pickup","","16","1148","2026-10-04T09:15:00.000Z","2026-09-20T17:30:00.000Z"
"8b1eec29-e475-49c0-8813-9d417c64705d","07b55c01-5682-4721-8b66-2b08d0c5c419","29bb8b65-a83a-4f6b-b7c4-0a86fd9b82a1","VIT College","18.4635","73.8682","Shankar Maharaj Math","18.4735","73.8579","1","ACCEPTED","","","3","1149","2026-10-04T06:00:00.000Z","2026-09-20T17:30:00.000Z"
"a65f9a79-e665-4d2b-a2d6-42aab2fbd580","6b14a4fc-2f9f-4e6e-b23d-4e2689cc7ef0","db6d13c6-50ea-4ee7-98cb-daab8b877783","City Pride BRTS","18.4845","73.8583","VIT College","18.4635","73.8682","1","ACCEPTED","","","11","1150","2026-10-06T13:15:00.000Z","2026-09-20T19:30:00.000Z"
"8528e400-335c-4b8b-bb78-aaf7aff18bfb","c982b386-100e-4b39-9d32-15aa2528aadb","ada304c3-1114-48bb-bacb-69446eecee2a","VIT College","18.4635","73.8682","Kashinath Patil Nagar Stop","18.4745","73.8631","1","REJECTED","I will wait at the hub","No seats available","26","1151","2026-10-07T08:00:00.000Z","2026-09-20T14:30:00.000Z"
"b37f39c8-dc82-408f-a0be-6abbfbd5ffe1","8d0dd793-8e37-43a1-bac8-aa697bd633ce","3857e3b0-5efa-484e-a045-2777f41b2610","Swargate BRTS Stop","18.4982","73.8588","VIT College","18.4635","73.8682","1","ACCEPTED","I will wait at the hub","","58","1152","2026-10-07T00:15:00.000Z","2026-09-20T15:30:00.000Z"
"d380b8fb-e6b4-4668-b1ae-1d9f63f85dcf","61f52e72-52a3-4b0e-b0a2-2ea7ccf1e263","24be40cc-fd8a-4efb-95f0-6ec1a107c563","VIT College","18.4635","73.8682","Balaji Nagar BRTS","18.4628","73.8577","1","REJECTED","","No seats available","20","1153","2026-10-09T09:00:00.000Z","2026-09-20T13:30:00.000Z"
"08b92070-b164-4387-a4c3-997fb6b05e9f","8b3cee6b-4a19-4c8d-b82f-21d325d81f9b","6aa130d0-4c4b-48c2-bc80-80079a81385f","Bibwewadi Bus Stop","18.4792","73.8615","VIT College","18.4635","73.8682","1","CANCELLED","I will wait at the hub","","17","1154","2026-10-08T23:15:00.000Z","2026-09-20T19:30:00.000Z"
"811798c0-8d3a-4295-938c-44f1fb22012e","60e51d1c-4db6-41cc-a466-d71fa743e3a1","998a2999-5be3-435d-8015-2a973a6e97cc","VIT College","18.4635","73.8682","Market Yard Corner","18.4792","73.8581","1","REJECTED","I will wait at the hub","No seats available","26","1155","2026-10-12T10:00:00.000Z","2026-09-21T02:30:00.000Z"
"da7f10c8-649e-4a41-b638-7f250c508466","e1833241-4414-40fa-b50b-490641907094","5d577020-68d2-4a61-b36d-861bf1486666","Lower Indira Nagar Stop","18.4718","73.8618","VIT College","18.4635","73.8682","1","COMPLETED","I will wait at the hub","","23","1156","2026-10-12T10:15:00.000Z","2026-09-21T03:30:00.000Z"
"a4941674-383e-4d9f-aa21-3197dbf1ef33","3ac9de7e-bec1-42f7-8fa9-65df107e439c","c4023d4b-7895-4d6b-ba0a-7cbce21340b7","VIT College","18.4635","73.8682","KK Market BRTS","18.4683","73.8579","1","ACCEPTED","I will wait at the hub","","15","1157","2026-10-11T17:00:00.000Z","2026-09-20T15:30:00.000Z"
"e08195ae-0a8f-4e9e-9ee8-5cb914f0ff18","e18ffa39-51b9-4c89-87c6-2375d3dfec8a","e163653a-9bbe-4e9d-81ab-acf5fb7c4166","Laxmi Narayan Theatre","18.4965","73.8584","VIT College","18.4635","73.8682","1","COMPLETED","Please confirm pickup","","31","1158","2026-10-14T17:15:00.000Z","2026-09-20T17:30:00.000Z"
"8826af16-7030-4c64-bfbc-3ca2023da43d","ebf383f1-6041-477c-8b39-eb74e9f66ff1","b3224a72-ff85-487a-a6c9-b6a1e3beb8dc","VIT College","18.4635","73.8682","Katraj Dairy BRTS","18.4508","73.8569","1","PENDING","Please confirm pickup","","21","1159","2026-10-13T12:00:00.000Z","2026-09-20T21:30:00.000Z"
"02cd6519-25b5-4590-8152-d324cdd96bd1","d54bc263-6d96-4e23-9154-7242e74a758b","d4a58744-1f9c-4554-9321-1fd9d20b1035","Kashinath Patil Nagar Stop","18.4745","73.8631","VIT College","18.4635","73.8682","1","PENDING","Please confirm pickup","","8","1160","2026-10-16T16:15:00.000Z","2026-09-20T16:30:00.000Z"
"7954dca2-72ba-498c-a0ac-8aa5a3d4a0b9","dae7abf9-1dea-47a8-a3e3-3baccf480ef5","917b003b-c912-4ed9-afb7-f7eba33fcb14","VIT College","18.4635","73.8682","Market Yard Corner","18.4792","73.8581","1","CANCELLED","Please confirm pickup","","11","1161","2026-10-16T11:00:00.000Z","2026-09-20T11:30:00.000Z"
"504dd629-ea53-475d-8f39-99329b64e2a9","8f6f07bc-40b3-4d20-ad36-f204245382be","08fe57ab-1152-4527-a359-68c4e78e68d5","Swargate PMPML Main Bus Stand","18.4991","73.8583","VIT College","18.4635","73.8682","1","ACCEPTED","Please confirm pickup","","41","1162","2026-10-16T20:15:00.000Z","2026-09-21T03:30:00.000Z"
"f4dc866a-898f-4a71-8ab8-c09873530e14","9332f881-ccfc-4094-9dc8-c4d5cd07b1b1","984e14a4-a27e-416c-9397-0cf2fb53101f","VIT College","18.4635","73.8682","Balaji Nagar BRTS","18.4628","73.8577","1","COMPLETED","Please confirm pickup","","19","1163","2026-10-19T18:00:00.000Z","2026-09-20T16:30:00.000Z"
"47642244-9cd6-4218-b856-5b6d6b6aefac","ba1e12e2-9eb9-4b6c-a607-fc906828f215","0c422408-fcb3-49ec-919b-15b6c943586f","Kashinath Patil Nagar Stop","18.4745","73.8631","VIT College","18.4635","73.8682","1","ACCEPTED","I will wait at the hub","","0","1164","2026-10-20T08:15:00.000Z","2026-09-20T14:30:00.000Z"
"44105c5c-f1e8-4af1-8da1-d33aac683443","e15c187d-7956-4a3e-9360-b632c088ec79","b1b24393-ed6c-4074-a261-01b7aa240011","VIT College","18.4635","73.8682","Shankar Maharaj Math","18.4735","73.8579","1","REJECTED","I will wait at the hub","No seats available","32","1165","2026-10-22T09:00:00.000Z","2026-09-21T04:30:00.000Z"
"7fa5ca90-66df-4387-a547-0d449fcd4831","0c045a71-d9cc-43be-9b09-97b1a3968080","ff933861-ecae-470a-9ee4-3663e749fdbc","Bibwewadi Bus Stop","18.4792","73.8615","VIT College","18.4635","73.8682","1","PENDING","Please confirm pickup","","1","1166","2026-10-20T12:15:00.000Z","2026-09-21T05:30:00.000Z"
"8e47d925-c310-4d37-8a89-294525cea5d6","1b8626db-a68f-476b-bda8-b29605dcd776","15ef891e-746f-4219-8638-297ada541a3a","VIT College","18.4635","73.8682","Katraj Terminal","18.4471","73.8562","1","PENDING","I will wait at the hub","","22","1167","2026-10-21T19:00:00.000Z","2026-09-20T18:30:00.000Z"
"225705ed-1a1a-404e-8672-74938a0457d4","f41ffac4-95e0-499c-9b01-ae2b4bc42c21","e1b6b10d-5653-452d-a57d-24e8752b2f52","Kashinath Patil Nagar Stop","18.4745","73.8631","VIT College","18.4635","73.8682","1","COMPLETED","","","45","1168","2026-10-22T10:15:00.000Z","2026-09-20T18:30:00.000Z"
"aa21dd6c-b3fe-42d0-bc8f-98619f4e7e5e","d6ebd3f4-914a-4517-9eef-f1d87a4c2492","9beabcea-410e-43e0-9c0e-c32f2476c785","VIT College","18.4635","73.8682","Upper Indira Nagar Bus Depot","18.4682","73.8623","1","ACCEPTED","I will wait at the hub","","18","1169","2026-10-24T18:00:00.000Z","2026-09-20T11:30:00.000Z"
"3bde2f8a-4e2f-4364-88b6-b6293da91ece","48e9d49e-e4c1-48af-887f-45f8af95b056","2cb66b98-63d0-4a21-a9ed-c884d238b71c","Upper Indira Nagar Bus Depot","18.4682","73.8623","VIT College","18.4635","73.8682","1","COMPLETED","Please confirm pickup","","66","1170","2026-10-24T11:15:00.000Z","2026-09-20T13:30:00.000Z"
"2da65cc7-4cff-4964-9a74-ad3cd580a24d","fde6ff47-b7a0-4c75-9ca8-424f0aea8b8a","d022c9ae-ee6b-4085-b2c1-11a5c9e6c784","VIT College","18.4635","73.8682","Upper Indira Nagar Bus Depot","18.4682","73.8623","1","PENDING","Please confirm pickup","","57","1171","2026-10-27T16:00:00.000Z","2026-09-21T03:30:00.000Z"
"70baa954-8ffe-4bea-8d6b-16c0709bf016","973aa5ca-1a17-4a55-bc64-48aa4f3d91d9","7cbb830b-c6bc-4fec-a09b-14b8c825bef8","Market Yard Corner","18.4792","73.8581","VIT College","18.4635","73.8682","1","ACCEPTED","","","10","1172","2026-10-26T02:15:00.000Z","2026-09-20T15:30:00.000Z"
"d212464e-c0f4-4f9e-bf77-90f2192e7d8b","e5ab4d78-27aa-4a41-9db3-993370985546","523365f0-54d7-48ce-b828-50e1b0a2737e","VIT College","18.4635","73.8682","Balaji Nagar BRTS","18.4628","73.8577","1","CANCELLED","Please confirm pickup","","72","1173","2026-10-30T02:00:00.000Z","2026-09-20T15:30:00.000Z"
"3472d2c4-14f1-4d1d-94f3-ee1536f53ddc","a9e80342-6cec-42ba-b981-0e229d2d5046","1386d7bb-79eb-4e36-b78d-7ac74357b589","Panchami BRTS","18.4902","73.8586","VIT College","18.4635","73.8682","1","ACCEPTED","I will wait at the hub","","66","1174","2026-10-30T02:15:00.000Z","2026-09-21T00:30:00.000Z"
"52b35de2-805b-4160-9d80-8d5cad5081f8","acf93cf4-9e54-4569-887d-4289bedf6b9c","bf4c6c59-6b96-40c9-9575-8528b27b985c","VIT College","18.4635","73.8682","Shankar Maharaj Math","18.4735","73.8579","1","CANCELLED","I will wait at the hub","","19","1175","2026-10-29T13:00:00.000Z","2026-09-20T16:30:00.000Z"
"5b5b794c-9ef7-4c13-84c5-d38c418a2951","e8667c4f-2d5f-42ec-8e58-87839a8d1747","b5e29269-7643-45b9-ac7a-a2ccd2b93983","Upper Indira Nagar Bus Depot","18.4682","73.8623","VIT College","18.4635","73.8682","1","PENDING","","","22","1176","2026-11-01T09:15:00.000Z","2026-09-20T11:30:00.000Z"
"b4cd733b-2e31-4b2f-90a2-7582f63d53ac","dc4f1378-fa9d-491f-989b-2adebf496cbc","0d570a75-885b-4a1d-a33c-3705d1a1e89a","VIT College","18.4635","73.8682","Balaji Nagar BRTS","18.4628","73.8577","1","PENDING","I will wait at the hub","","10","1177","2026-10-31T21:00:00.000Z","2026-09-20T19:30:00.000Z"
"762cc4a6-55f4-4e03-ae25-1bf3ea3835c8","99f441eb-bb0f-43c9-9137-0a1796ac06ca","91bce675-58bc-4bd2-b962-52dc6f401671","Lower Indira Nagar Stop","18.4718","73.8618","VIT College","18.4635","73.8682","1","CANCELLED","I will wait at the hub","","25","1178","2026-11-01T06:15:00.000Z","2026-09-20T20:30:00.000Z"
"a9d3f729-d130-467f-919c-a0233ba4c8ac","3ef932f8-9b79-48ff-abbc-2273cdb6085b","edb3c65f-3d50-40e9-9a77-b8be3c596e3d","VIT College","18.4635","73.8682","Shankar Maharaj Math","18.4735","73.8579","1","PENDING","","","2","1179","2026-11-02T13:00:00.000Z","2026-09-21T00:30:00.000Z"
"2e3d15b7-f1ee-4d7b-beda-0a03a84ded9b","7f6f7c81-be98-40f5-aa11-509328ce383f","36032724-576b-47c8-a7f3-a44c9abca1ae","City Pride BRTS","18.4845","73.8583","VIT College","18.4635","73.8682","1","CANCELLED","I will wait at the hub","","23","1180","2026-08-05T05:15:00.000Z","2026-09-21T03:30:00.000Z"
"4bf83b66-8a90-470c-b01e-8bb3ee4bb6c5","214b642e-0f38-471f-a2f5-2ef1c70c23dc","d52bd72b-f975-4a9d-a394-ead49b80912b","VIT College","18.4635","73.8682","Katraj Dairy BRTS","18.4508","73.8569","1","REJECTED","I will wait at the hub","No seats available","75","1181","2026-08-08T14:00:00.000Z","2026-09-20T15:30:00.000Z"
"e6aa7d05-9e07-4821-8367-7be6b1be8b0d","892e5adb-bb66-43ba-b497-55611d3ffa6e","2611b03a-dd3f-4f47-9599-e17430f77e92","Panchami BRTS","18.4902","73.8586","VIT College","18.4635","73.8682","1","PENDING","","","54","1182","2026-08-07T21:15:00.000Z","2026-09-20T23:30:00.000Z"
"01575bf5-d9a6-4a44-9248-0e8c8a7a1485","f8b3b161-489a-47e1-97f1-0478054aa733","fe0b23a7-80b0-4776-aec0-0e53d369acc1","VIT College","18.4635","73.8682","Katraj Terminal","18.4471","73.8562","1","CANCELLED","","","71","1183","2026-08-09T15:00:00.000Z","2026-09-21T06:30:00.000Z"
"3cb2dfca-364b-4112-8325-6186659ca6b6","ab7c2a2d-d1ea-446d-bdd8-99f2f29b6db6","8db40dff-f7cd-4508-9c85-9ffd35177784","Laxmi Narayan Theatre","18.4965","73.8584","VIT College","18.4635","73.8682","1","COMPLETED","Please confirm pickup","","30","1184","2026-08-11T04:15:00.000Z","2026-09-21T04:30:00.000Z"
"b4673eb8-fe4b-482e-bfa1-ae594a47f7ff","2436d6b5-ff6c-4acd-a0a3-cb8dee6af77e","18da61b6-4b5b-4090-ae04-48fad27b6a3d","VIT College","18.4635","73.8682","Market Yard Corner","18.4792","73.8581","1","ACCEPTED","I will wait at the hub","","6","1185","2026-08-12T07:00:00.000Z","2026-09-20T13:30:00.000Z"
"07ba7e03-cecd-40cc-937e-0d55dea0aa89","c9abd69a-95fb-4047-88aa-1a4f0b89e684","5b1a8339-482f-4cfd-adca-c91175dce9e8","Swargate PMPML Main Bus Stand","18.4991","73.8583","VIT College","18.4635","73.8682","1","REJECTED","Please confirm pickup","No seats available","35","1186","2026-08-14T00:15:00.000Z","2026-09-20T18:30:00.000Z"
"bca27b52-5d74-4791-bc06-b37498debca2","02a9338d-3033-411e-9890-d4215b1f489e","71828ca0-ebd4-4211-ba24-a16f7159e15d","VIT College","18.4635","73.8682","Upper Indira Nagar Bus Depot","18.4682","73.8623","1","PENDING","","","4","1187","2026-08-13T05:00:00.000Z","2026-09-20T22:30:00.000Z"
"0c455eb7-e356-4b00-9127-37194387e395","843d409e-ee28-4db1-8b51-6f0676ff96f8","52467296-cc1a-4959-869c-83e18fa9c89e","Panchami BRTS","18.4902","73.8586","VIT College","18.4635","73.8682","1","COMPLETED","Please confirm pickup","","3","1188","2026-08-15T02:15:00.000Z","2026-09-21T02:30:00.000Z"
"4a2b5d72-9d6e-4b15-ab63-805dd137714a","5dd3314d-5acc-49a3-b1f7-a4223ac2c922","53476aa4-9daa-46aa-9332-69d4a4566a3d","VIT College","18.4635","73.8682","Kashinath Patil Nagar Stop","18.4745","73.8631","1","COMPLETED","Please confirm pickup","","17","1189","2026-08-15T15:00:00.000Z","2026-09-20T22:30:00.000Z"
"5b7b5647-5181-491a-9933-cfb033998bad","dab37055-85ba-475d-b0f7-35641b127e7e","219ae89a-62d9-41de-a1e7-1597cd661ca8","Kashinath Patil Nagar Stop","18.4745","73.8631","VIT College","18.4635","73.8682","1","REJECTED","I will wait at the hub","No seats available","11","1190","2026-08-16T09:15:00.000Z","2026-09-20T18:30:00.000Z"
"7b46c89d-e170-480b-8328-af0708f97662","88d1d342-cfe3-469a-b549-4361d99d2379","97169492-6066-4681-a1f9-9a132e78bbd1","VIT College","18.4635","73.8682","Lower Indira Nagar Stop","18.4718","73.8618","1","PENDING","I will wait at the hub","","17","1191","2026-08-17T06:00:00.000Z","2026-09-20T20:30:00.000Z"
"6e7f6aa3-b2d2-448c-89f7-e4849b6ce7d3","03036283-52a2-43ac-8f47-2960e7def183","2e418ffb-eadd-4fa8-bcec-343dbb54e803","Upper Indira Nagar Bus Depot","18.4682","73.8623","VIT College","18.4635","73.8682","1","COMPLETED","I will wait at the hub","","16","1192","2026-08-17T05:15:00.000Z","2026-09-20T21:30:00.000Z"
"8d32b94d-fdb3-4583-86da-e038465b2ecb","ead236c5-2b28-4552-9ef6-7359bc6cebe2","4aeb0ba0-1769-494f-8568-1d022bba57f2","VIT College","18.4635","73.8682","KK Market BRTS","18.4683","73.8579","1","REJECTED","","No seats available","19","1193","2026-08-18T12:00:00.000Z","2026-09-20T12:30:00.000Z"
"bc4319f7-8b76-4ff0-979b-e4725c5a2d7c","985b307c-1207-41da-bd03-297623770ad0","67279c91-e351-4505-a0ca-11fce52988a2","Laxmi Narayan Theatre","18.4965","73.8584","VIT College","18.4635","73.8682","1","ACCEPTED","Please confirm pickup","","8","1194","2026-08-20T13:15:00.000Z","2026-09-21T04:30:00.000Z"
"2f86d92b-9699-4763-9e99-4da0da9c771e","e85c32ab-28e2-49d3-b6b5-8164b3e2d9b1","3abf2f35-867e-4d12-a3c6-7fad053953bd","VIT College","18.4635","73.8682","Kashinath Patil Nagar Stop","18.4745","73.8631","1","REJECTED","Please confirm pickup","No seats available","36","1195","2026-08-21T21:00:00.000Z","2026-09-20T19:30:00.000Z"
"d72e789b-67c3-426f-a73f-968ac8ded612","c37d81f7-cada-4bb7-96c0-550745d2d5c2","0c83d7c7-d302-4b47-8f0b-a78f47b02764","Kashinath Patil Nagar Stop","18.4745","73.8631","VIT College","18.4635","73.8682","1","REJECTED","","No seats available","70","1196","2026-08-23T18:15:00.000Z","2026-09-21T06:30:00.000Z"
"ff6af8c1-6518-45c4-8ebd-5fdb1d9cf48c","e72019a5-1885-454c-ae6a-1db99599b533","689f14ae-a33d-4e68-bcf5-198a44130c16","VIT College","18.4635","73.8682","Chintamani Nagar","18.4651","73.864","1","CANCELLED","Please confirm pickup","","19","1197","2026-08-24T23:00:00.000Z","2026-09-21T00:30:00.000Z"
"f44af476-d5bc-470c-8e4a-7e00b83dcdea","4129545e-a9da-496b-8833-fe612ba9d51d","6749e4f8-e2cb-4c58-93fc-57494a89bdad","Laxmi Narayan Theatre","18.4965","73.8584","VIT College","18.4635","73.8682","1","PENDING","Please confirm pickup","","33","1198","2026-08-24T09:15:00.000Z","2026-09-21T06:30:00.000Z"
"dbb2a833-1fb7-4d05-930a-95b72b6cc12c","851a8b7d-f37d-4d07-9a56-8af7bdfa64a6","c483836d-7edf-44cf-a968-8b0306198075","VIT College","18.4635","73.8682","Balaji Nagar BRTS","18.4628","73.8577","1","CANCELLED","I will wait at the hub","","5","1199","2026-08-25T05:00:00.000Z","2026-09-20T14:30:00.000Z"
"16646038-d200-4768-a344-6758e5c4879e","7c840af6-4171-4bcd-bcfb-daf55b13aa67","12ddd1f5-2725-4446-9809-0de923c60573","Kashinath Patil Nagar Stop","18.4745","73.8631","VIT College","18.4635","73.8682","1","COMPLETED","","","4","1200","2026-08-25T17:15:00.000Z","2026-09-21T00:30:00.000Z"
"84c2c230-cef2-4b81-a5c3-ed83e48d7a5e","0b37b0e9-5d02-4741-96d2-c7256cb5a0c5","8f953396-84b2-41a6-a56b-cbfd7dc18157","VIT College","18.4635","73.8682","Katraj Terminal","18.4471","73.8562","1","COMPLETED","I will wait at the hub","","3","1201","2026-08-27T22:00:00.000Z","2026-09-21T03:30:00.000Z"
"ef23588e-7999-426a-b62d-ff2f593e80ff","b2ad7e38-3eaf-4e1f-bd3a-207f163f0991","cfec5b2a-0d9d-4378-b72b-26a6872f2b3a","Upper Indira Nagar Bus Depot","18.4682","73.8623","VIT College","18.4635","73.8682","1","COMPLETED","I will wait at the hub","","30","1202","2026-08-30T01:15:00.000Z","2026-09-20T23:30:00.000Z"
"a35457a6-e5a6-4353-aeb3-2a0123ba5027","282d040b-e458-4f43-87ce-6e90e60a984e","1f4600a9-443c-419b-9d1a-685629408e0a","VIT College","18.4635","73.8682","Katraj Terminal","18.4471","73.8562","1","COMPLETED","Please confirm pickup","","14","1203","2026-08-29T07:00:00.000Z","2026-09-20T21:30:00.000Z"
"8a796659-ee20-43c9-a8a9-026d8221e5f8","dfec08f0-d98e-4253-9921-8a8d2f0a104f","f293731d-64c9-4dc8-a30d-f5172ef2ce1e","Market Yard Corner","18.4792","73.8581","VIT College","18.4635","73.8682","1","COMPLETED","I will wait at the hub","","24","1204","2026-08-31T21:15:00.000Z","2026-09-20T18:30:00.000Z"
"75287c57-a465-4e7a-95fc-f268d9f4228a","4793818c-9038-444e-9a31-d8ccf26be3c5","229ca7a7-5513-4f42-9ef4-2390c8285215","VIT College","18.4635","73.8682","Upper Indira Nagar Bus Depot","18.4682","73.8623","1","COMPLETED","I will wait at the hub","","21","1205","2026-09-02T03:00:00.000Z","2026-09-21T03:30:00.000Z"
"cf72f966-6181-4faf-91e1-d4c2ccc130be","93f7539a-51b9-4ec8-a0d5-6e9b125e2c9d","d10309b4-cd0a-44fb-b502-63090cb23495","Panchami BRTS","18.4902","73.8586","VIT College","18.4635","73.8682","1","REJECTED","I will wait at the hub","No seats available","56","1206","2026-08-31T20:15:00.000Z","2026-09-20T12:30:00.000Z"
"dc10b41b-b1b1-46e9-a18f-61289be87ac7","a779d34a-da11-45ce-b862-8cb194d96518","59fd1ae0-7135-47e3-b51b-37d92557542d","VIT College","18.4635","73.8682","Bharati Vidyapeeth","18.456","73.8574","1","CANCELLED","I will wait at the hub","","17","1207","2026-09-02T17:00:00.000Z","2026-09-21T01:30:00.000Z"
"e188a759-6e33-4a83-bbb0-937d826aa629","630d16a7-18c7-422e-b6ef-712ff998edf2","05e3c6c3-c662-4d71-a22e-2f6abe452e90","Market Yard Corner","18.4792","73.8581","VIT College","18.4635","73.8682","1","COMPLETED","","","14","1208","2026-09-04T11:15:00.000Z","2026-09-20T11:30:00.000Z"
"08f1adf2-4449-4a9f-a4ea-d6011ae9f60e","0760b464-4565-493d-a922-94ca9e91fc6e","fd0ae9bd-2b4a-4bdb-b003-728318b36973","VIT College","18.4635","73.8682","Lower Indira Nagar Stop","18.4718","73.8618","1","REJECTED","","No seats available","16","1209","2026-09-03T21:00:00.000Z","2026-09-21T02:30:00.000Z"
"ddee9bd8-c626-4522-b0ce-798b3a3bad14","86d85086-7769-434c-94ed-99cb9e53e17f","3f9fca15-c0f0-4b4b-b617-dfdcac65c8ed","Market Yard Corner","18.4792","73.8581","VIT College","18.4635","73.8682","1","PENDING","Please confirm pickup","","24","1210","2026-09-05T20:15:00.000Z","2026-09-21T04:30:00.000Z"
"0c73e246-23c0-4ea9-8474-8116c08f2565","42d0dc10-3ea3-455f-b23d-3388179c0489","4edeb0bf-7259-4a78-a36d-e652c8861873","VIT College","18.4635","73.8682","Bharati Vidyapeeth","18.456","73.8574","1","ACCEPTED","Please confirm pickup","","30","1211","2026-09-07T15:00:00.000Z","2026-09-20T18:30:00.000Z"
"576fbacd-be4d-4e1a-ac21-9f2fd90df7c5","6a6e2627-f884-4cca-8c1d-82b75cc700a8","bffb4bf3-10a3-4ff1-bb55-ffc7725007e9","City Pride BRTS","18.4845","73.8583","VIT College","18.4635","73.8682","1","REJECTED","Please confirm pickup","No seats available","38","1212","2026-09-06T22:15:00.000Z","2026-09-20T12:30:00.000Z"
"e79406ff-0538-4ab1-9a78-91e79ef2733e","83792133-906a-4a54-925e-9cf2ffbbd04c","0195616c-ec89-4a4d-8990-b9d0d41435fa","VIT College","18.4635","73.8682","Shankar Maharaj Math","18.4735","73.8579","1","REJECTED","I will wait at the hub","No seats available","55","1213","2026-09-08T19:00:00.000Z","2026-09-20T11:30:00.000Z"
"a588e325-2bf2-47f5-98e4-f9a8f7e0f4b0","d565f92d-9cc8-45c7-8ae3-6c26ad5485ce","1137a11d-2e66-45ed-b840-8d12e6722bfa","Swargate PMPML Main Bus Stand","18.4991","73.8583","VIT College","18.4635","73.8682","1","ACCEPTED","Please confirm pickup","","12","1214","2026-09-09T21:15:00.000Z","2026-09-21T06:30:00.000Z"
"0797f8d1-e4c6-4dd5-97e5-29d72fcc0eb1","32064162-b31e-4d34-8d16-0b054cd4c9f3","8005e16b-eaf8-45be-b4d8-a5fcd5431201","VIT College","18.4635","73.8682","Chintamani Nagar","18.4651","73.864","1","COMPLETED","I will wait at the hub","","3","1215","2026-09-10T09:00:00.000Z","2026-09-20T10:30:00.000Z"
"4fccc106-2cda-4e56-8a8f-dde279fadc96","1bb0ca9f-7ac2-480a-abe5-64665cad0575","0b95ee62-3f26-4837-bdb3-8120bae0deda","Lower Indira Nagar Stop","18.4718","73.8618","VIT College","18.4635","73.8682","1","COMPLETED","","","26","1216","2026-09-11T23:15:00.000Z","2026-09-20T20:30:00.000Z"
"549111fb-5a9b-424d-b020-ac8d91d2c0bc","156cd93a-db1d-418b-a796-dc3c5cb50b91","c2483f77-a251-4434-8d94-6a2c53e2d38e","VIT College","18.4635","73.8682","Shankar Maharaj Math","18.4735","73.8579","1","PENDING","","","66","1217","2026-09-11T18:00:00.000Z","2026-09-20T13:30:00.000Z"
"e2e99ee5-6934-46c3-99f6-7ea642c19ce2","a19cd6f6-71fe-46ad-95dd-c6c8c35314ca","442efbff-6f39-436d-bf7a-2cbb6404a6ed","Laxmi Narayan Theatre","18.4965","73.8584","VIT College","18.4635","73.8682","1","COMPLETED","","","10","1218","2026-09-12T09:15:00.000Z","2026-09-20T14:30:00.000Z"
"9661e68b-b687-4d70-a4ad-78664ff5a19c","adea95bf-9fe1-4684-ad59-00188f08489f","687e3195-2599-427f-a4e3-990ead4c2985","VIT College","18.4635","73.8682","Bibwewadi Bus Stop","18.4792","73.8615","1","REJECTED","","No seats available","65","1219","2026-09-14T12:00:00.000Z","2026-09-21T04:30:00.000Z"
"2f962ec4-b6e3-4ece-862b-94df67f94171","4c716616-f7ba-45a6-b4d7-12f375280467","04bfe73e-1142-4d3f-8bbf-57dbee041dd2","Kashinath Patil Nagar Stop","18.4745","73.8631","VIT College","18.4635","73.8682","1","REJECTED","","No seats available","8","1220","2026-09-16T01:15:00.000Z","2026-09-20T12:30:00.000Z"
"5d190ae3-60ee-4846-bd3d-b4de78bc2c87","0dbe9480-abd0-4b2b-8f43-4565b347cd43","856b4feb-c8f1-4731-b41e-d21be114be5d","VIT College","18.4635","73.8682","Kashinath Patil Nagar Stop","18.4745","73.8631","1","CANCELLED","I will wait at the hub","","23","1221","2026-09-16T12:00:00.000Z","2026-09-20T14:30:00.000Z"
"b6da0d2c-1134-40fd-a09e-601f370efbc7","9cc2d8f9-1876-4ae4-98af-98018dcd81af","a2cb33f4-0739-4e42-9665-4bae72ebfb2a","Kashinath Patil Nagar Stop","18.4745","73.8631","VIT College","18.4635","73.8682","1","ACCEPTED","I will wait at the hub","","74","1222","2026-09-18T23:15:00.000Z","2026-09-20T17:30:00.000Z"
"46c60bf6-5ea0-4802-8c6c-22d19e87843f","64d96317-728b-4d23-a13f-6ae10f4f1329","e9ac0d57-c267-41a2-84aa-846e6f118304","VIT College","18.4635","73.8682","Lower Indira Nagar Stop","18.4718","73.8618","1","PENDING","","","5","1223","2026-09-20T08:00:00.000Z","2026-09-20T17:30:00.000Z"
"96286560-127e-4b9f-9cb9-770408617a28","315ddd6c-622c-4ebe-a3eb-f9b6ad14e648","fa7fbc07-c93a-4085-a4f5-6f1e0fc83121","Chintamani Nagar","18.4651","73.864","VIT College","18.4635","73.8682","1","REJECTED","I will wait at the hub","No seats available","45","1224","2026-09-20T11:15:00.000Z","2026-09-21T01:30:00.000Z"
"40b54d41-1576-4d7d-89fc-593f7b51d3c0","7c834078-49c1-4e0a-8841-5baac9295798","40ae73ca-67b2-4b5e-97c1-474a92b2d8d3","VIT College","18.4635","73.8682","Lower Indira Nagar Stop","18.4718","73.8618","1","PENDING","Please confirm pickup","","27","1225","2026-09-20T18:00:00.000Z","2026-09-21T06:30:00.000Z"
"2ab92c4a-218c-46c2-8333-3ff9316071bb","798cea49-a3f2-47da-a394-f1df78ffd48b","f03cb019-ecb8-42fc-ad8b-4be7116d9966","Swargate PMPML Main Bus Stand","18.4991","73.8583","VIT College","18.4635","73.8682","1","COMPLETED","I will wait at the hub","","11","1226","2026-09-20T10:15:00.000Z","2026-09-20T11:30:00.000Z"
"0c026cd0-5b5c-4d1b-9c94-15fc49798e96","4234d333-5e7a-4777-a843-8cd872cc0bfc","73c6ef3d-a748-4db3-bd54-68c614823c0d","VIT College","18.4635","73.8682","KK Market BRTS","18.4683","73.8579","1","PENDING","I will wait at the hub","","22","1227","2026-09-22T00:00:00.000Z","2026-09-20T12:30:00.000Z"
"7aa86d58-531a-4a82-900b-b34c0c7cdf35","a406a9d2-3472-429f-8408-867383a9a8b2","e7cc1cf8-531c-4ba4-ae07-b3b8c7ed12b4","Lower Indira Nagar Stop","18.4718","73.8618","VIT College","18.4635","73.8682","1","REJECTED","Please confirm pickup","No seats available","43","1228","2026-09-25T01:15:00.000Z","2026-09-20T20:30:00.000Z"
"2858050e-01ee-4354-8635-9bd1c8b456bf","7e620c50-e782-40ce-ac1b-b7e8d5025931","2df45663-f8d0-4308-b79d-fd6c1ff852c9","VIT College","18.4635","73.8682","Katraj Dairy BRTS","18.4508","73.8569","1","PENDING","","","2","1229","2026-09-24T18:00:00.000Z","2026-09-20T10:30:00.000Z"
"75f60d6d-1419-411a-aa86-aa702a4cc2b7","81918c19-9464-4372-9030-04ffda40efb8","8190565d-9fb1-4428-a386-4bb1b2f4fdee","City Pride BRTS","18.4845","73.8583","VIT College","18.4635","73.8682","1","CANCELLED","I will wait at the hub","","22","1230","2026-09-25T13:15:00.000Z","2026-09-20T20:30:00.000Z"
"a5692d6d-7652-4933-8c1b-cdc62d52e05f","754bfc2b-64ca-4525-b5de-492ae2b6d51f","b13dc47d-8a9c-45eb-9dee-0cc214bf6ab4","VIT College","18.4635","73.8682","Bharati Vidyapeeth","18.456","73.8574","1","ACCEPTED","Please confirm pickup","","22","1231","2026-09-28T02:00:00.000Z","2026-09-20T15:30:00.000Z"
"33e17311-d408-4dfb-84c3-d90121af1d65","e579d5f0-50ee-4f65-900e-fe3953746e2b","f64e308c-4a0b-433f-bebb-09536f52d5f4","Kashinath Patil Nagar Stop","18.4745","73.8631","VIT College","18.4635","73.8682","1","COMPLETED","Please confirm pickup","","17","1232","2026-09-27T22:15:00.000Z","2026-09-21T00:30:00.000Z"
"eaab571f-3b33-46bf-b249-0ea2ea75636e","fc8084d7-fb94-493e-ad46-839c3772664f","aada7730-4500-49e3-9240-e7ca2f69db98","VIT College","18.4635","73.8682","Balaji Nagar BRTS","18.4628","73.8577","1","PENDING","I will wait at the hub","","68","1233","2026-09-28T04:00:00.000Z","2026-09-20T10:30:00.000Z"
"5cf0672a-3cc8-4511-86c1-f789444eb77c","baa74fca-c5e2-4b4c-bc70-07c5daf25c80","08cf7a8e-ecd3-4df0-8139-226218b0981a","Panchami BRTS","18.4902","73.8586","VIT College","18.4635","73.8682","1","REJECTED","Please confirm pickup","No seats available","52","1234","2026-09-30T22:15:00.000Z","2026-09-20T13:30:00.000Z"
"f60cc09a-daa1-4d6f-8560-1496fd8f3b85","6313d76a-6e12-474b-b22e-51493289f629","26f04940-3483-4462-a324-84a3c523c941","VIT College","18.4635","73.8682","Bibwewadi Bus Stop","18.4792","73.8615","1","COMPLETED","","","29","1235","2026-10-01T15:00:00.000Z","2026-09-20T21:30:00.000Z"
"d87d74fb-5765-4e20-99f3-3aa27a678b93","54a4f39a-97cf-453f-a124-b59b4e6629a1","a78816e2-8aae-4e54-8410-968bc321f082","Chintamani Nagar","18.4651","73.864","VIT College","18.4635","73.8682","1","CANCELLED","","","20","1236","2026-10-01T11:15:00.000Z","2026-09-20T18:30:00.000Z"
"f9ec32a2-1a14-4e51-8abd-8a0b93833220","5053d06e-fd46-4fda-be75-b06eadee4d35","50ca192e-d3dc-40d0-996b-6eea924c44d8","VIT College","18.4635","73.8682","Katraj Terminal","18.4471","73.8562","1","ACCEPTED","Please confirm pickup","","21","1237","2026-10-02T23:00:00.000Z","2026-09-21T03:30:00.000Z"
"9a5270ae-7b95-4610-a5fe-3f945a8c9e39","a405d83e-943e-4c22-a878-6d593f4ecb07","aa4ac675-15bc-49db-b7fa-84335d28cdc7","Kashinath Patil Nagar Stop","18.4745","73.8631","VIT College","18.4635","73.8682","1","PENDING","Please confirm pickup","","27","1238","2026-10-02T13:15:00.000Z","2026-09-20T15:30:00.000Z"
"14bc756a-e330-40db-9699-a99232f71163","294c18ad-4603-47a3-b97a-5dd9489da0fc","12e82429-ecad-4a76-bc1b-fddf73c8c117","VIT College","18.4635","73.8682","Balaji Nagar BRTS","18.4628","73.8577","1","COMPLETED","I will wait at the hub","","17","1239","2026-10-03T16:00:00.000Z","2026-09-20T21:30:00.000Z"
"d746b857-8e21-4067-b523-4824005ae8f0","534008bb-bb9d-4d43-a19c-55954eca4d94","a7b7dfcb-b36f-4cfc-abf8-afd48e896a75","Market Yard Corner","18.4792","73.8581","VIT College","18.4635","73.8682","1","CANCELLED","I will wait at the hub","","18","1240","2026-10-05T23:15:00.000Z","2026-09-20T16:30:00.000Z"
"0a15bbee-efd5-4329-8a3f-8ea13ce35f8e","8ce4f130-c051-4df3-a29d-391d2149aac5","5468079d-9fdf-4eb9-9b29-ed8a7c650d7c","VIT College","18.4635","73.8682","Kashinath Patil Nagar Stop","18.4745","73.8631","1","COMPLETED","","","25","1241","2026-10-07T03:00:00.000Z","2026-09-21T04:30:00.000Z"
"b5282848-70e7-4b35-a258-0ac3c8e91bcb","4c74c905-796e-4af0-a90e-10a8fbd87d68","037ed347-fb73-4043-a8e2-c7edc58d6dac","Bibwewadi Bus Stop","18.4792","73.8615","VIT College","18.4635","73.8682","1","PENDING","Please confirm pickup","","28","1242","2026-10-07T22:15:00.000Z","2026-09-21T04:30:00.000Z"
"f4bb718e-0cfb-4787-82f1-7ef01ef8d05f","26fbe6a5-a5f4-4bc6-a39c-3e9c413b447f","be4d340c-e4ae-41d8-a1a2-337d84d2bfc1","VIT College","18.4635","73.8682","Balaji Nagar BRTS","18.4628","73.8577","1","REJECTED","","No seats available","20","1243","2026-10-10T08:00:00.000Z","2026-09-21T04:30:00.000Z"
"ebf88232-3510-4997-b1ea-afc9b22ae8f7","6fb95ba1-a6fd-4716-ab7a-245bb3d2b8ef","666980bd-8e4f-4f8c-8b8f-e0c3b08af505","Upper Indira Nagar Bus Depot","18.4682","73.8623","VIT College","18.4635","73.8682","1","REJECTED","I will wait at the hub","No seats available","17","1244","2026-10-09T13:15:00.000Z","2026-09-20T11:30:00.000Z"
"eb7f4a1c-d0af-4a75-97bf-3b63bfa56f8c","92f1deee-31f9-435c-92e3-0788db8a5791","fcfaa482-6492-469b-ba42-8abf44531f61","VIT College","18.4635","73.8682","Market Yard Corner","18.4792","73.8581","1","COMPLETED","I will wait at the hub","","14","1245","2026-10-10T13:00:00.000Z","2026-09-21T06:30:00.000Z"
"bb0d36c6-61b2-4342-94d7-5d71be06e619","c4a2525b-0825-4968-85f6-dff63273b533","be4ef771-c8b1-4464-b4f7-41e3ea277c87","Chintamani Nagar","18.4651","73.864","VIT College","18.4635","73.8682","1","PENDING","I will wait at the hub","","23","1246","2026-10-11T19:15:00.000Z","2026-09-20T11:30:00.000Z"
"588d3359-e46a-4e00-8890-0dc3d726a457","e85f858f-3e89-47d7-b09d-2bdd21c63625","9907b9e1-2eaf-4019-b6c3-d17953880b08","VIT College","18.4635","73.8682","Chintamani Nagar","18.4651","73.864","1","ACCEPTED","I will wait at the hub","","13","1247","2026-10-11T13:00:00.000Z","2026-09-20T17:30:00.000Z"
"5204cf5c-0f8d-4da2-bdf8-56ab42184385","b9d2d5c9-7180-4967-80f3-6fb3fe576965","694401c9-b4fa-4309-b22d-16609d61782c","Lower Indira Nagar Stop","18.4718","73.8618","VIT College","18.4635","73.8682","1","CANCELLED","Please confirm pickup","","53","1248","2026-10-13T22:15:00.000Z","2026-09-20T20:30:00.000Z"
"96d21489-7627-441e-a701-b7addd23b359","dc2c56c2-eb8a-4210-8e60-bcede454c7a4","0da0c5dd-c04a-461b-bdd7-3d9daceaa0ff","VIT College","18.4635","73.8682","Bharati Vidyapeeth","18.456","73.8574","1","COMPLETED","Please confirm pickup","","8","1249","2026-10-14T19:00:00.000Z","2026-09-21T05:30:00.000Z"
"b4b673ce-623f-4bb8-95dc-5b4abd6bfd97","9d994eef-e6f9-4dbb-b1db-39cf4b47f848","8dcbd23c-4a1c-425e-b9e1-56d690d064a1","Panchami BRTS","18.4902","73.8586","VIT College","18.4635","73.8682","1","CANCELLED","","","23","1250","2026-10-16T20:15:00.000Z","2026-09-20T13:30:00.000Z"
"bdd3852f-f0ea-4b98-969e-7e7727c63bba","af797ae8-5cf3-4024-ab53-aef9bc4e8ec7","d4ebe4da-1cf5-41e9-a052-ad2e992e76f1","VIT College","18.4635","73.8682","Balaji Nagar BRTS","18.4628","73.8577","1","ACCEPTED","","","25","1251","2026-10-16T16:00:00.000Z","2026-09-20T14:30:00.000Z"
"23493aa1-ebe6-41d6-8c47-5a78c379a858","5c77f55a-aaf8-4425-862a-2294834228a2","d731dccd-0e69-472d-8310-13e8f5708fe5","Kashinath Patil Nagar Stop","18.4745","73.8631","VIT College","18.4635","73.8682","1","ACCEPTED","I will wait at the hub","","6","1252","2026-10-18T05:15:00.000Z","2026-09-21T00:30:00.000Z"
"0e8b6b41-6937-4aa6-85be-f4cb39cf5ac0","c2c38f5d-0d9e-4585-bac4-525d9033ec76","0c95fe70-a0ca-4d73-8f55-0b0e62001fb9","VIT College","18.4635","73.8682","Bharati Vidyapeeth","18.456","73.8574","1","CANCELLED","I will wait at the hub","","16","1253","2026-10-19T22:00:00.000Z","2026-09-20T19:30:00.000Z"
"4f933d88-4619-4379-9d8a-d8f51c62ffd3","3a7eab18-4ccb-4f40-8d3a-92b7140502e0","e1692737-3062-4352-86d9-10ad597efff1","Market Yard Corner","18.4792","73.8581","VIT College","18.4635","73.8682","1","PENDING","I will wait at the hub","","4","1254","2026-10-18T14:15:00.000Z","2026-09-21T03:30:00.000Z"
"9c0e7f65-ab9d-4eda-9a88-e556ce40a267","3ce5026b-7ab8-40ba-8766-ef2004cc5179","6fc4cb33-0af8-44b4-af29-e2f5e70c3ca5","VIT College","18.4635","73.8682","Katraj Dairy BRTS","18.4508","73.8569","1","CANCELLED","","","10","1255","2026-10-21T14:00:00.000Z","2026-09-20T13:30:00.000Z"
"04ed7d02-b227-4000-94dc-730f2580d5cf","8435501f-1d0d-44b9-8f9f-d03a191d583d","8d1d180b-18bc-4087-9270-19ce1583e574","Kashinath Patil Nagar Stop","18.4745","73.8631","VIT College","18.4635","73.8682","1","CANCELLED","I will wait at the hub","","5","1256","2026-10-21T20:15:00.000Z","2026-09-20T16:30:00.000Z"
"aaf92183-88f7-434b-90fd-934ff55afaac","20492f19-9cf0-4a4b-b9f9-0a047f712444","a8d214fd-de07-4ea1-bae5-557d146f9b27","VIT College","18.4635","73.8682","Katraj Dairy BRTS","18.4508","73.8569","1","CANCELLED","","","78","1257","2026-10-24T07:00:00.000Z","2026-09-20T18:30:00.000Z"
"1d00d15e-c88d-42b6-b5e9-9947d4a445e8","f353b960-f67d-460d-b194-3900c9230d39","fe668d59-83f5-4167-b303-948c22591f60","Laxmi Narayan Theatre","18.4965","73.8584","VIT College","18.4635","73.8682","1","CANCELLED","","","79","1258","2026-10-23T05:15:00.000Z","2026-09-20T19:30:00.000Z"
"837428ed-9e44-485b-bddc-3a9298ab467e","e908adf9-8739-455d-a325-21cdee725a50","4eb4654f-b132-4610-b82a-80fd5aa524c0","VIT College","18.4635","73.8682","Katraj Terminal","18.4471","73.8562","1","PENDING","","","21","1259","2026-10-26T10:00:00.000Z","2026-09-21T02:30:00.000Z"
"cfc34973-277d-48ad-80c1-ad688a95b427","885d9b68-9f62-4504-b320-cd39df00b196","4ca5fb96-60cc-461f-9950-c00386ae3d0d","Market Yard Corner","18.4792","73.8581","VIT College","18.4635","73.8682","1","REJECTED","I will wait at the hub","No seats available","38","1260","2026-10-24T04:15:00.000Z","2026-09-20T23:30:00.000Z"
"683b93a3-3e0f-472c-ba1f-4327a5064c59","2882f12e-3f35-4b3b-ad04-f163fe5380b7","f6bd0cb8-14b6-4983-84a7-6090b75c1bf2","VIT College","18.4635","73.8682","Kashinath Patil Nagar Stop","18.4745","73.8631","1","CANCELLED","","","64","1261","2026-10-27T09:00:00.000Z","2026-09-20T12:30:00.000Z"
"8b6fc4da-9897-4790-9205-d588396ea4b0","3a23c523-f2fb-4842-a328-7d147d8d9ca2","89d25526-5e75-4c71-a504-7c0e208f52ae","Chintamani Nagar","18.4651","73.864","VIT College","18.4635","73.8682","1","ACCEPTED","","","33","1262","2026-10-26T07:15:00.000Z","2026-09-20T11:30:00.000Z"
"ee41ec71-7ec3-463e-9e06-3073209d8ddd","f82dfe7d-38e0-4ebc-acc5-6d7288963e93","8bcc5330-6b50-4950-bdbf-e5f3a9b775ee","VIT College","18.4635","73.8682","Upper Indira Nagar Bus Depot","18.4682","73.8623","1","ACCEPTED","I will wait at the hub","","15","1263","2026-10-29T05:00:00.000Z","2026-09-20T23:30:00.000Z"
"089f7336-7aec-4af9-8647-057bb1399609","88007d2e-42ba-4e61-9e3a-f9f344086c3a","1cb6adeb-9163-4fbb-b53f-65f5505df0b2","Swargate PMPML Main Bus Stand","18.4991","73.8583","VIT College","18.4635","73.8682","1","CANCELLED","","","7","1264","2026-10-30T12:15:00.000Z","2026-09-21T02:30:00.000Z"
"90c19b9f-4019-41a8-877a-744039521417","2b488433-1028-4b11-ae93-c76b4784ee5a","fa0d30d3-0506-4b72-a9d6-ba7158bfd0a0","VIT College","18.4635","73.8682","Katraj Terminal","18.4471","73.8562","1","COMPLETED","I will wait at the hub","","0","1265","2026-10-29T14:00:00.000Z","2026-09-20T16:30:00.000Z"
"c361c1e9-fda6-4ce2-b1fa-c8d0445c1493","a0a52b3c-f29e-4edc-8ade-c6a73ea4d624","a68aae4c-c9bd-4227-aac3-87e0cce8704c","Bibwewadi Bus Stop","18.4792","73.8615","VIT College","18.4635","73.8682","1","CANCELLED","Please confirm pickup","","65","1266","2026-10-30T17:15:00.000Z","2026-09-21T02:30:00.000Z"
"18a12221-26d6-46a7-b442-6f2dea2a50a6","3305a0cb-6348-4dfd-a984-9180665c5bad","d774693a-f4b2-48d7-9848-a02f48110bad","VIT College","18.4635","73.8682","Katraj Dairy BRTS","18.4508","73.8569","1","PENDING","I will wait at the hub","","54","1267","2026-10-31T23:00:00.000Z","2026-09-20T16:30:00.000Z"
"be648e74-da87-4ab4-af8c-49524f357cb7","73b567d9-c873-4524-86d9-de9cad1f211c","f7a3a9b0-d919-4111-a000-2b91381aa324","Bibwewadi Bus Stop","18.4792","73.8615","VIT College","18.4635","73.8682","1","PENDING","Please confirm pickup","","25","1268","2026-11-02T18:15:00.000Z","2026-09-20T12:30:00.000Z"
"8a2064aa-45ac-455a-a8ac-fdaa952b0852","14e8bb6c-b0b8-466e-b65f-13c23ea52937","5c96563c-848e-485c-acbe-fea45d06506b","VIT College","18.4635","73.8682","Bibwewadi Bus Stop","18.4792","73.8615","1","COMPLETED","I will wait at the hub","","11","1269","2026-11-04T03:00:00.000Z","2026-09-20T22:30:00.000Z"
"2061b0fa-e22a-4e38-91c2-6499d1025573","4e6c4d4d-4bd5-4eb8-856e-04ee3c8512da","dabcd5c1-0261-4275-a50f-86ba21a7fb38","Lower Indira Nagar Stop","18.4718","73.8618","VIT College","18.4635","73.8682","1","CANCELLED","","","6","1270","2026-08-05T10:15:00.000Z","2026-09-21T02:30:00.000Z"
"cbd0db3c-1089-4216-8122-4272b008116f","777d2dd9-907d-4036-9bf8-794e94c6b55d","5d37ae3a-9fca-401b-81cc-2761fb12b96e","VIT College","18.4635","73.8682","Shankar Maharaj Math","18.4735","73.8579","1","ACCEPTED","","","70","1271","2026-08-08T05:00:00.000Z","2026-09-21T02:30:00.000Z"
"6ca90353-254c-4fee-bd78-7c9ae324a01b","082a036b-5dff-41ff-97d7-2c4c01385db0","c6e7cd17-8a26-4b21-bcff-24bc73443535","City Pride BRTS","18.4845","73.8583","VIT College","18.4635","73.8682","1","CANCELLED","Please confirm pickup","","29","1272","2026-08-09T08:15:00.000Z","2026-09-20T11:30:00.000Z"
"64fb92bf-b121-47a0-bdb9-cfa2223d7efe","62a2a1ea-fd3d-4a56-af2d-8a4b5cc2f660","181765e4-8d59-4d44-860f-b05bf3bda2f4","VIT College","18.4635","73.8682","Bharati Vidyapeeth","18.456","73.8574","1","REJECTED","","No seats available","67","1273","2026-08-10T17:00:00.000Z","2026-09-20T17:30:00.000Z"
"140afd23-b261-4dc1-b6e1-37aac96a63bd","1947e8c9-ff88-4af2-b502-e17983fea62d","e967b8e3-6e99-4788-bb76-597c964a0c6a","Swargate BRTS Stop","18.4982","73.8588","VIT College","18.4635","73.8682","1","COMPLETED","I will wait at the hub","","12","1274","2026-08-10T07:15:00.000Z","2026-09-21T00:30:00.000Z"
"7d626ccc-5289-4bbd-b79d-99894f8c5027","aa73ed93-d74c-4151-8d2e-53a9a8b20405","ef122acc-af59-49f1-86de-5dc9fd3e25e3","VIT College","18.4635","73.8682","Shankar Maharaj Math","18.4735","73.8579","1","CANCELLED","I will wait at the hub","","30","1275","2026-08-13T02:00:00.000Z","2026-09-20T23:30:00.000Z"
"7220f592-1aa2-4d7b-8495-8378a07dc2c7","07cb54f9-402e-439c-ba9b-69a50f85b1ef","e774b584-0014-4dc8-bc95-1bb5f69d20a3","Chintamani Nagar","18.4651","73.864","VIT College","18.4635","73.8682","1","COMPLETED","","","27","1276","2026-08-12T23:15:00.000Z","2026-09-20T22:30:00.000Z"
"1a7593a5-5f77-494d-b765-48c3bb9d9f97","e692f83e-6602-4c3b-a3db-621f127f10f1","dbaeea46-2585-4546-82df-3945b9be2cbd","VIT College","18.4635","73.8682","Lower Indira Nagar Stop","18.4718","73.8618","1","REJECTED","I will wait at the hub","No seats available","56","1277","2026-08-13T11:00:00.000Z","2026-09-20T16:30:00.000Z"
"00b2e0dd-01e9-49eb-ab9b-de2d9003f39d","64113ad8-c1b9-410f-9e05-efd756ba2ffc","2b4fe7a0-6432-4448-993d-7b559d10ec1a","Market Yard Corner","18.4792","73.8581","VIT College","18.4635","73.8682","1","ACCEPTED","Please confirm pickup","","6","1278","2026-08-15T21:15:00.000Z","2026-09-20T21:30:00.000Z"
"5a0af379-5192-457b-b892-5702d2df52a1","e7032ada-8a95-4784-82c5-56fc02ed54f9","2e717694-7d6b-49e8-baf4-53cf8f4fbac3","VIT College","18.4635","73.8682","Kashinath Patil Nagar Stop","18.4745","73.8631","1","REJECTED","Please confirm pickup","No seats available","25","1279","2026-08-14T21:00:00.000Z","2026-09-20T10:30:00.000Z"
"3261d27b-dbef-4339-ab55-a09f3f05a795","a67cb91a-08d8-4bd2-9481-d3c540607fc0","9c7182f6-1906-4c8c-b228-eca6a245931d","Chintamani Nagar","18.4651","73.864","VIT College","18.4635","73.8682","1","ACCEPTED","I will wait at the hub","","13","1280","2026-08-15T12:15:00.000Z","2026-09-20T16:30:00.000Z"
"d39480b7-b534-41e7-b5cf-6f52518eb381","8c621c96-730c-4739-bdf6-5be6a4b9b611","03b1388a-04d6-4ee8-b7ee-b8541ca330f1","VIT College","18.4635","73.8682","Market Yard Corner","18.4792","73.8581","1","COMPLETED","","","80","1281","2026-08-16T15:00:00.000Z","2026-09-20T14:30:00.000Z"
"424994e6-1982-4a9c-9eb7-2136fe4482a0","1a4e863f-c031-4524-bb27-2963abd60f5a","82251b7c-39c1-4612-9777-0028617b08fc","Chintamani Nagar","18.4651","73.864","VIT College","18.4635","73.8682","1","PENDING","Please confirm pickup","","20","1282","2026-08-19T04:15:00.000Z","2026-09-20T15:30:00.000Z"
"2e888729-f3cb-498f-8a46-3946eadf31fe","0ce13de0-220c-4e27-836d-2f6fe71d9845","90fbd646-a8a0-4f77-af4f-4746feda3a10","VIT College","18.4635","73.8682","Upper Indira Nagar Bus Depot","18.4682","73.8623","1","ACCEPTED","I will wait at the hub","","28","1283","2026-08-20T01:00:00.000Z","2026-09-20T10:30:00.000Z"
"2b3178a6-4020-46ed-a3c8-39ed5478b8de","6ad9dd1f-a784-4ac0-a90b-9344e16aa0ef","3cba72c9-ac53-4442-8d16-3fa4f75f696d","Swargate BRTS Stop","18.4982","73.8588","VIT College","18.4635","73.8682","1","CANCELLED","Please confirm pickup","","3","1284","2026-08-21T15:15:00.000Z","2026-09-20T20:30:00.000Z"
"c7310686-ce6d-49de-8a4a-2505231439c4","1356c62d-7cd1-4bf7-b4d8-9c54a1d3abad","dbffce9e-93ca-460b-a2e6-fec327ae8a6e","VIT College","18.4635","73.8682","Katraj Terminal","18.4471","73.8562","1","REJECTED","","No seats available","2","1285","2026-08-22T12:00:00.000Z","2026-09-20T20:30:00.000Z"
"2e6d6ecb-5a55-4151-bd30-f74a85710962","d5596f61-fb1d-4690-b26e-861d6f0a258f","6767d864-c164-421c-8b90-0f29abc5af41","Chintamani Nagar","18.4651","73.864","VIT College","18.4635","73.8682","1","REJECTED","Please confirm pickup","No seats available","25","1286","2026-08-23T14:15:00.000Z","2026-09-20T21:30:00.000Z"
"615796a0-de12-4000-9abd-ffbb4f5e46c6","925257e1-2ca6-4281-948d-3104b0b4425b","b8ece9b4-d515-405a-952d-1ccdc242c410","VIT College","18.4635","73.8682","Lower Indira Nagar Stop","18.4718","73.8618","1","PENDING","","","29","1287","2026-08-22T22:00:00.000Z","2026-09-21T04:30:00.000Z"
"200679d3-a02f-4a7d-908b-6a644b8f1b61","fe0ff35c-e4d8-43eb-bb66-8adef99679f5","e443e68b-7cb4-4260-8ec6-64c485de79d5","Kashinath Patil Nagar Stop","18.4745","73.8631","VIT College","18.4635","73.8682","1","ACCEPTED","Please confirm pickup","","23","1288","2026-08-25T20:15:00.000Z","2026-09-20T23:30:00.000Z"
"cf9826d5-6fe8-41ad-a9c0-8b1976a3e3e2","6f8f22e3-a3d5-4b96-a2c2-2971f613d884","ed6b366d-9f31-4216-84e6-747030d98fda","VIT College","18.4635","73.8682","Chintamani Nagar","18.4651","73.864","1","COMPLETED","Please confirm pickup","","38","1289","2026-08-27T05:00:00.000Z","2026-09-20T14:30:00.000Z"
"540cb13f-99b8-42ea-ad22-e9fe3368560c","b6423514-73e1-4c71-9429-9bd1c2b0b703","b049f74f-7dd1-454b-91ad-b27eeaeed095","Bibwewadi Bus Stop","18.4792","73.8615","VIT College","18.4635","73.8682","1","PENDING","I will wait at the hub","","6","1290","2026-08-26T15:15:00.000Z","2026-09-20T14:30:00.000Z"
"858df827-409a-4aa7-8a34-b38ed010710d","23389bf4-6bd0-4c6b-a0a6-8c5a5893aea4","bfe5c77b-945d-47a5-81f7-7ae8e1ff5d5b","VIT College","18.4635","73.8682","Bibwewadi Bus Stop","18.4792","73.8615","1","CANCELLED","","","19","1291","2026-08-26T13:00:00.000Z","2026-09-20T10:30:00.000Z"
"7f4a625b-941e-4a03-b8e5-56c878bf65fb","d5de26f2-8389-44c1-a190-3f405251c404","c283b8d4-e85f-4f55-a686-461ce166d95c","Upper Indira Nagar Bus Depot","18.4682","73.8623","VIT College","18.4635","73.8682","1","REJECTED","","No seats available","11","1292","2026-08-27T04:15:00.000Z","2026-09-20T16:30:00.000Z"
"d33b3e1b-7e99-433f-bf4c-f2ff044ebfec","a2df8bae-b220-43a5-90b8-2522bc66f739","aba3000b-d3fe-45b0-93f8-1eb12fe76121","VIT College","18.4635","73.8682","Chintamani Nagar","18.4651","73.864","1","PENDING","I will wait at the hub","","1","1293","2026-08-29T10:00:00.000Z","2026-09-20T14:30:00.000Z"
"fad1901b-51b9-4d38-aa8a-85e749c5ef09","77ace4c3-e753-4f9e-a70e-81645ffd8890","fbade199-d957-41f1-9c4b-bef677c6f400","Bibwewadi Bus Stop","18.4792","73.8615","VIT College","18.4635","73.8682","1","COMPLETED","Please confirm pickup","","32","1294","2026-08-31T18:15:00.000Z","2026-09-20T18:30:00.000Z"
"957c772d-3d06-41cd-813e-c6cfb233e1bd","80c8daa3-c3ab-448f-8b97-7d9be6874353","ac0cf495-0f8e-40d8-b476-4ac4d53bdc5b","VIT College","18.4635","73.8682","Lower Indira Nagar Stop","18.4718","73.8618","1","ACCEPTED","I will wait at the hub","","27","1295","2026-08-30T12:00:00.000Z","2026-09-20T16:30:00.000Z"
"70b1ef23-1c3d-457a-9466-b5dbff586675","e7435db3-63b3-4fba-a0ed-be3066168d9f","bbd2b08c-34a8-4439-a7fa-b253b6a9fe04","Swargate BRTS Stop","18.4982","73.8588","VIT College","18.4635","73.8682","1","CANCELLED","","","49","1296","2026-08-31T23:15:00.000Z","2026-09-20T18:30:00.000Z"
"e4bce04d-2f7e-4783-be33-d1220cf1d708","1692bbe8-0371-4f8b-95b0-433c7915274f","9c9999da-6c7c-4b0f-ba28-7f852899325d","VIT College","18.4635","73.8682","Kashinath Patil Nagar Stop","18.4745","73.8631","1","CANCELLED","Please confirm pickup","","35","1297","2026-09-02T07:00:00.000Z","2026-09-20T20:30:00.000Z"
"df847d08-2934-4fb4-8da1-6ea5d451501c","083c0a94-bab3-4647-9069-9fee74ab732b","856fb0bc-3ae4-454f-9f56-312a33995404","Swargate BRTS Stop","18.4982","73.8588","VIT College","18.4635","73.8682","1","PENDING","I will wait at the hub","","15","1298","2026-09-02T05:15:00.000Z","2026-09-21T00:30:00.000Z"
"5ed2555e-4d23-466b-b808-962b2245c3fc","4069fcd3-a0ed-4717-a44e-5fe45894ac1a","f7676189-9518-498b-a982-6c245aff61a1","VIT College","18.4635","73.8682","Bharati Vidyapeeth","18.456","73.8574","1","PENDING","","","30","1299","2026-09-05T17:00:00.000Z","2026-09-20T17:30:00.000Z"
"028f6ce5-7d78-4318-b952-e18789986f0a","68cc07d1-b0a5-4160-b161-3ebe9ae829b4","03dfc805-e814-4e5f-a637-8a041faf9ad7","Swargate BRTS Stop","18.4982","73.8588","VIT College","18.4635","73.8682","1","PENDING","Please confirm pickup","","5","1300","2026-09-04T18:15:00.000Z","2026-09-20T20:30:00.000Z"
"38b64f80-335d-4a7a-9109-832d5e7e44a7","7f608994-54fa-49cd-ad44-ba63a9b8f945","508e57b4-544e-4392-bbd1-17b3a4e613c3","VIT College","18.4635","73.8682","Kashinath Patil Nagar Stop","18.4745","73.8631","1","PENDING","","","30","1301","2026-09-08T06:00:00.000Z","2026-09-20T15:30:00.000Z"
"35e45bba-5ec1-4872-8f55-64f4660fe486","71ecd16c-73ec-46bc-9ff5-28862574cbe0","81213212-6e43-4b70-96e8-51e59fb5e735","Lower Indira Nagar Stop","18.4718","73.8618","VIT College","18.4635","73.8682","1","PENDING","I will wait at the hub","","17","1302","2026-09-08T19:15:00.000Z","2026-09-20T17:30:00.000Z"
"56b006b5-93bb-4587-9a50-8c730bfb7659","6987b167-7709-46d8-b12b-b7ee6d98235b","5118be9b-6811-4a52-9a62-a0ced3f60e27","VIT College","18.4635","73.8682","Lower Indira Nagar Stop","18.4718","73.8618","1","REJECTED","Please confirm pickup","No seats available","24","1303","2026-09-09T06:00:00.000Z","2026-09-20T20:30:00.000Z"
"21b5f6c7-59ce-43d9-ad3b-f2a53227e256","02364f96-9af8-47cb-83df-f07d5045526f","17983e48-5904-4312-9f6c-9d6f749c8539","Lower Indira Nagar Stop","18.4718","73.8618","VIT College","18.4635","73.8682","1","ACCEPTED","I will wait at the hub","","21","1304","2026-09-10T02:15:00.000Z","2026-09-21T03:30:00.000Z"
"b7e1fca7-977c-48e9-ab1d-b64476950e5a","7a356257-b76e-4261-a3ee-d3a7d1782078","669af901-6937-4b2d-a11b-46de7e09eced","VIT College","18.4635","73.8682","Upper Indira Nagar Bus Depot","18.4682","73.8623","1","COMPLETED","","","21","1305","2026-09-09T17:00:00.000Z","2026-09-20T12:30:00.000Z"
"8333d3b4-b189-4dcb-8c8a-c72fb864ae7d","f266d8db-f4f8-493b-9dc6-a27deba9e0eb","08c75e3d-df80-427a-b942-864b9136eb2a","City Pride BRTS","18.4845","73.8583","VIT College","18.4635","73.8682","1","CANCELLED","I will wait at the hub","","10","1306","2026-09-10T16:15:00.000Z","2026-09-20T19:30:00.000Z"
"ed356f74-1dd7-4ce3-8ffc-0b9df1fe5b95","58d3c330-aa1f-4a79-92e6-38a7f94481f8","8583b128-6eef-4c56-a566-5dc44a8d0a70","VIT College","18.4635","73.8682","Kashinath Patil Nagar Stop","18.4745","73.8631","1","CANCELLED","I will wait at the hub","","29","1307","2026-09-13T04:00:00.000Z","2026-09-20T14:30:00.000Z"
"807f26cb-7014-481e-ac6c-9a2e4dc702c8","60c4d276-ee79-4edf-bcdd-fdc356d37b8f","f2ff9e67-5a69-4146-a543-f1fed27fb87a","Upper Indira Nagar Bus Depot","18.4682","73.8623","VIT College","18.4635","73.8682","1","ACCEPTED","","","12","1308","2026-09-14T06:15:00.000Z","2026-09-20T23:30:00.000Z"
"c9237d93-dc95-40be-ab7a-80aacfe6f499","f4c827fd-4aaa-4675-9e5a-07fcfe74bca1","f34b84c7-eb95-4dff-958a-ef69c608f272","VIT College","18.4635","73.8682","KK Market BRTS","18.4683","73.8579","1","CANCELLED","I will wait at the hub","","29","1309","2026-09-14T01:00:00.000Z","2026-09-20T16:30:00.000Z"
"d5fd7e51-2359-44e9-bcb1-1a3fce21200f","46fe3db0-a3ea-47af-b853-382e4b9795c6","c4608e10-532e-42df-b9ca-6399d157bc77","City Pride BRTS","18.4845","73.8583","VIT College","18.4635","73.8682","1","ACCEPTED","","","65","1310","2026-09-15T07:15:00.000Z","2026-09-20T12:30:00.000Z"
"10232763-4603-4050-84ae-15f0af5fbe77","06c84b3c-865a-458d-b963-35b8b8e145b7","a53ad219-be12-4a6b-9852-64dfe8aa6236","VIT College","18.4635","73.8682","KK Market BRTS","18.4683","73.8579","1","COMPLETED","Please confirm pickup","","12","1311","2026-09-16T07:00:00.000Z","2026-09-20T10:30:00.000Z"
"69eafeea-913c-447b-bd16-a81058c7a64c","b56f8db3-a5ea-4a98-8fd2-6eae9e7c7a64","30e63cfd-4d4a-41f2-9c08-fe7bb0c7d4b0","Kashinath Patil Nagar Stop","18.4745","73.8631","VIT College","18.4635","73.8682","1","REJECTED","Please confirm pickup","No seats available","21","1312","2026-09-18T05:15:00.000Z","2026-09-20T16:30:00.000Z"
"9c2b3bed-cdec-41a2-b441-b2c101c1ca4d","140474d4-92ac-41bc-ae19-6fb4cc891c2f","61caa1f5-7dee-45a4-964a-8e5ed8b6a158","VIT College","18.4635","73.8682","Lower Indira Nagar Stop","18.4718","73.8618","1","CANCELLED","I will wait at the hub","","20","1313","2026-09-18T06:00:00.000Z","2026-09-21T03:30:00.000Z"
"fd1958b0-748c-4df0-9b32-1759c1de8c5a","80791095-ce9c-4a9e-8e12-08e482c12297","be9c6ca4-6ee9-481b-8039-dcc0a742224e","Kashinath Patil Nagar Stop","18.4745","73.8631","VIT College","18.4635","73.8682","1","PENDING","","","16","1314","2026-09-20T01:15:00.000Z","2026-09-21T02:30:00.000Z"
"4fb749c4-0891-4951-87aa-b9226f853c75","9157f9dd-1e77-4590-9528-19f14d6dee73","fbd59ae5-86aa-4b7c-b82b-b7c0b9d357a3","VIT College","18.4635","73.8682","KK Market BRTS","18.4683","73.8579","1","CANCELLED","Please confirm pickup","","71","1315","2026-09-22T00:00:00.000Z","2026-09-21T05:30:00.000Z"
"712ccccc-2660-45a7-bd19-bb931c229d1b","5ba5f76c-fa67-48f4-89ed-6861d02e466c","228adcc3-430e-4eba-ba35-403a9eae4ae6","Swargate BRTS Stop","18.4982","73.8588","VIT College","18.4635","73.8682","1","CANCELLED","","","26","1316","2026-09-20T06:15:00.000Z","2026-09-20T18:30:00.000Z"
"aeb13be8-fe42-4e23-a4f7-186e2c6ab1b0","8180a3b0-aae4-4caf-bdfb-e0995738cee7","db21b52b-86e1-49c0-82fe-f5d33db4323f","VIT College","18.4635","73.8682","Chintamani Nagar","18.4651","73.864","1","ACCEPTED","Please confirm pickup","","20","1317","2026-09-23T20:00:00.000Z","2026-09-21T00:30:00.000Z"
"e9b19817-cbac-4d56-86e5-68fae9bd5efc","e7c7fac0-f7a5-499b-b364-4d432538e656","a1ef1ce8-9cb0-499a-bca0-636d395b8e27","Kashinath Patil Nagar Stop","18.4745","73.8631","VIT College","18.4635","73.8682","1","COMPLETED","","","80","1318","2026-09-24T02:15:00.000Z","2026-09-20T12:30:00.000Z"
"68bfa625-4c99-4b10-a9fe-0a2ae81b36a1","40d408d2-a75b-437a-b0eb-c0763539e0d8","5bed2f04-01f9-4e95-995a-1a0c306ae9c3","VIT College","18.4635","73.8682","Katraj Terminal","18.4471","73.8562","1","CANCELLED","Please confirm pickup","","22","1319","2026-09-26T03:00:00.000Z","2026-09-20T22:30:00.000Z"
"d75d12a7-0b97-4dcc-b0d9-6c847fe4384c","17bbd8d2-9f98-4560-84a0-cd720c21c507","b351304c-33e4-4dfa-bbfe-0e46f5cda915","Swargate PMPML Main Bus Stand","18.4991","73.8583","VIT College","18.4635","73.8682","1","CANCELLED","","","42","1320","2026-09-24T23:15:00.000Z","2026-09-20T13:30:00.000Z"
"1de26ca3-fd74-4348-b08c-d41f6a5282af","b7c5c67f-b349-4ca1-90e1-f85f51629ab9","f69ef11d-7551-4545-967a-f045a72ebb93","VIT College","18.4635","73.8682","Lower Indira Nagar Stop","18.4718","73.8618","1","PENDING","Please confirm pickup","","14","1321","2026-09-27T14:00:00.000Z","2026-09-20T12:30:00.000Z"
"a9bc398e-b087-4d1c-b483-5a861af706e8","a14352a7-dd09-485a-93f4-cc9ed1f83047","76b965ae-22a7-4a52-a8af-e41b3fbabb12","Market Yard Corner","18.4792","73.8581","VIT College","18.4635","73.8682","1","COMPLETED","I will wait at the hub","","27","1322","2026-09-28T09:15:00.000Z","2026-09-20T20:30:00.000Z"
"80eac8dd-d879-402d-86d1-d22e5510f23f","3b3e2f78-4eb4-42f0-bf47-8f5fe96cff72","47fb716c-faad-411e-a3e5-d13e542643c1","VIT College","18.4635","73.8682","Katraj Dairy BRTS","18.4508","73.8569","1","REJECTED","","No seats available","46","1323","2026-09-28T16:00:00.000Z","2026-09-20T16:30:00.000Z"
"44a271f5-1973-433f-a90d-b68eadd3ce92","26e698f3-a297-4a6d-831d-1054ef5fbe8e","4c3a0823-a2f6-449e-a285-51b92ef1ef89","Market Yard Corner","18.4792","73.8581","VIT College","18.4635","73.8682","1","COMPLETED","Please confirm pickup","","3","1324","2026-09-30T23:15:00.000Z","2026-09-20T18:30:00.000Z"
"63f68384-aac3-4881-8366-8a848ffa6b77","721903fb-06fd-4816-8fe4-1410457eef3c","6d4eadbe-2e7e-4907-9dac-2e7ca825fe4f","VIT College","18.4635","73.8682","Lower Indira Nagar Stop","18.4718","73.8618","1","ACCEPTED","Please confirm pickup","","23","1325","2026-09-30T12:00:00.000Z","2026-09-21T00:30:00.000Z"
"f45789db-11ae-46b7-a0ab-59ad3a586b45","a2135296-612a-4c7e-b11d-c34a3d788adb","cdec7465-1f6a-4948-bdff-48b43a5e174c","Chintamani Nagar","18.4651","73.864","VIT College","18.4635","73.8682","1","CANCELLED","I will wait at the hub","","11","1326","2026-10-02T05:15:00.000Z","2026-09-20T12:30:00.000Z"
"2f94b818-d1e1-4f0c-a195-61a3a526e99c","d82fb1b7-633b-492e-a897-fb6a329c723f","287a280f-3e96-473f-a98b-7fea3a6ff244","VIT College","18.4635","73.8682","Market Yard Corner","18.4792","73.8581","1","ACCEPTED","I will wait at the hub","","47","1327","2026-10-03T18:00:00.000Z","2026-09-20T17:30:00.000Z"
"616a5859-a843-4eea-90e2-2c2ae82b9a37","d496eed9-0f73-4a18-b29c-43436e627d88","cb3f3ef2-5ef7-449a-8f63-2d283dcb08cf","Bibwewadi Bus Stop","18.4792","73.8615","VIT College","18.4635","73.8682","1","COMPLETED","","","51","1328","2026-10-03T18:15:00.000Z","2026-09-21T04:30:00.000Z"
"eb180bc2-c0f8-459b-bf88-9011b03dd4cf","608a1b41-f4f4-4ffa-b129-e9c87a3b0578","b407e420-bc95-44d7-9048-179efe644dba","VIT College","18.4635","73.8682","Bharati Vidyapeeth","18.456","73.8574","1","PENDING","I will wait at the hub","","38","1329","2026-10-04T09:00:00.000Z","2026-09-20T19:30:00.000Z"
"a340b42a-bc16-4456-8efc-c0cc90fc847d","a3d7f628-948b-4ed8-b220-4933b8bc251d","22cd2c32-c447-4e38-8e94-504aa1dee620","Lower Indira Nagar Stop","18.4718","73.8618","VIT College","18.4635","73.8682","1","PENDING","Please confirm pickup","","24","1330","2026-10-06T03:15:00.000Z","2026-09-20T11:30:00.000Z"
"67abbf6a-70a1-483c-9191-f7d449730f9b","9105cdb4-1781-44d8-8505-ddf60de543ff","8a8524b8-3506-433a-9249-833aa24fb089","VIT College","18.4635","73.8682","Katraj Terminal","18.4471","73.8562","1","COMPLETED","I will wait at the hub","","3","1331","2026-10-07T04:00:00.000Z","2026-09-20T15:30:00.000Z"
"865bf85c-1de7-4c5b-a12c-a12c27176379","38b44d57-b7d1-4977-b3a5-8c22e66d679a","86105958-87be-4dcd-b670-bf501ca8dcdd","Swargate PMPML Main Bus Stand","18.4991","73.8583","VIT College","18.4635","73.8682","1","CANCELLED","","","55","1332","2026-10-07T11:15:00.000Z","2026-09-20T18:30:00.000Z"
"75c1fad4-5a01-4c9d-98e6-7c058aa13528","233e3fe2-c2d8-4e69-b6e1-8863bf84ea51","6f3fcde3-7927-4673-8e83-5d19997e04eb","VIT College","18.4635","73.8682","Kashinath Patil Nagar Stop","18.4745","73.8631","1","COMPLETED","I will wait at the hub","","26","1333","2026-10-08T22:00:00.000Z","2026-09-20T15:30:00.000Z"
"70679eee-1e3d-4d83-a19a-a6df2d9ff12e","ce558404-d67a-4366-8a39-c7d343a60edb","3934e51d-f7fc-439d-a64b-1e11c068f9b5","Swargate BRTS Stop","18.4982","73.8588","VIT College","18.4635","73.8682","1","REJECTED","I will wait at the hub","No seats available","24","1334","2026-10-08T19:15:00.000Z","2026-09-20T22:30:00.000Z"
"dafc3cce-0304-4496-9327-46af980f053a","64248799-ea70-49df-9f1b-105a25fe31be","fac65e5b-f1a5-4896-b38a-74849ccdc168","VIT College","18.4635","73.8682","KK Market BRTS","18.4683","73.8579","1","ACCEPTED","Please confirm pickup","","25","1335","2026-10-11T14:00:00.000Z","2026-09-21T01:30:00.000Z"
"bc323fa2-a586-45bb-a717-0ba1466d3267","7b87c305-59f3-4fd8-a861-c8ab5ded409e","29b6b79c-7351-4ba6-a9ad-66967f535c3c","Swargate PMPML Main Bus Stand","18.4991","73.8583","VIT College","18.4635","73.8682","1","ACCEPTED","Please confirm pickup","","47","1336","2026-10-12T16:15:00.000Z","2026-09-21T05:30:00.000Z"
"fa496518-b59e-4891-98d0-5db353b0da5e","746b8ee1-8873-421c-baa5-10176fa1cfb9","5b47c5b4-ec85-43dd-9c75-f074a7d568d2","VIT College","18.4635","73.8682","Lower Indira Nagar Stop","18.4718","73.8618","1","PENDING","I will wait at the hub","","2","1337","2026-10-14T07:00:00.000Z","2026-09-21T04:30:00.000Z"
"3518ff5b-28b9-4071-910d-11db21e0af15","06663373-1e24-4ffb-ba01-aa810fb5c054","edf92a9c-96cf-4fe7-b02c-abdaad634737","Upper Indira Nagar Bus Depot","18.4682","73.8623","VIT College","18.4635","73.8682","1","COMPLETED","","","17","1338","2026-10-12T19:15:00.000Z","2026-09-20T16:30:00.000Z"
"53ce3f87-9b65-4deb-b47c-30ab4c4747b6","6fa49c8f-921a-4914-a10d-b105a8f2ea6f","877fcad2-68c5-48bf-942c-586c3d86867f","VIT College","18.4635","73.8682","Upper Indira Nagar Bus Depot","18.4682","73.8623","1","COMPLETED","","","16","1339","2026-10-13T23:00:00.000Z","2026-09-20T12:30:00.000Z"
"a3579615-562c-4885-b7df-2ac21dbc91a5","2647b6a0-2031-43c0-906c-792292a85840","926e6fcc-8a51-46f5-85e4-e8eefbfe9ddc","City Pride BRTS","18.4845","73.8583","VIT College","18.4635","73.8682","1","ACCEPTED","I will wait at the hub","","24","1340","2026-10-16T08:15:00.000Z","2026-09-20T11:30:00.000Z"
"3ebfa2ac-4758-4588-8c1a-ddc6f3d3e6fb","15c43573-9026-4514-96b2-386aa2b78dd8","750f9bd3-e937-4388-a25a-3cc6be098aa7","VIT College","18.4635","73.8682","Shankar Maharaj Math","18.4735","73.8579","1","ACCEPTED","","","62","1341","2026-10-18T00:00:00.000Z","2026-09-20T15:30:00.000Z"
"e2925501-1f11-423a-be6d-a310cee27061","3e53cd37-6ad0-48fa-bfdb-fe5ff1db5eec","9310e53a-bd9e-441e-911c-031aa1551243","Laxmi Narayan Theatre","18.4965","73.8584","VIT College","18.4635","73.8682","1","REJECTED","","No seats available","22","1342","2026-10-18T08:15:00.000Z","2026-09-20T18:30:00.000Z"
"2945f3d3-055e-416c-a609-89226ff29132","8c3f9541-cd27-4e9e-9080-5d388e3dacd8","5ce9e64f-f50b-4da1-9486-37f9f09551ed","VIT College","18.4635","73.8682","KK Market BRTS","18.4683","73.8579","1","COMPLETED","","","32","1343","2026-10-17T14:00:00.000Z","2026-09-20T17:30:00.000Z"
"5a8f2a42-eb89-42b7-a64e-47d4a150becf","f82a46bb-988d-4b31-ab14-17e83991a52b","eb5a4f04-4ebf-43f6-a099-11c15b1dfbe5","Kashinath Patil Nagar Stop","18.4745","73.8631","VIT College","18.4635","73.8682","1","ACCEPTED","","","17","1344","2026-10-20T11:15:00.000Z","2026-09-21T04:30:00.000Z"
"ab0ba01c-d4a7-4cdb-8c46-845c4137b383","5d8e823c-adde-43a3-b70a-4a96ebf53f8d","461b5690-97cf-4151-95af-7899c536787b","VIT College","18.4635","73.8682","Bharati Vidyapeeth","18.456","73.8574","1","REJECTED","I will wait at the hub","No seats available","25","1345","2026-10-20T20:00:00.000Z","2026-09-20T20:30:00.000Z"
"36ca9cef-a0ff-4a7d-97cb-b159692f5c44","8e33a30a-a606-40e3-b90d-d88a9a9afca9","91d3e190-f0bb-4908-a504-df3c03c7e6a6","Swargate BRTS Stop","18.4982","73.8588","VIT College","18.4635","73.8682","1","CANCELLED","","","11","1346","2026-10-20T04:15:00.000Z","2026-09-21T02:30:00.000Z"
"682d2b28-1706-431e-8852-fdb48d4c3a8d","5016b04d-54b7-4df8-9aea-d96dc510bda5","8a7e159e-c7d0-49fb-9915-996ec39b4c3f","VIT College","18.4635","73.8682","Upper Indira Nagar Bus Depot","18.4682","73.8623","1","COMPLETED","Please confirm pickup","","26","1347","2026-10-22T20:00:00.000Z","2026-09-20T19:30:00.000Z"
"77786e5e-32b4-4e39-a0ea-f4f4aafaebbd","345a6260-5564-4211-b0ce-12b0b4a4d09c","33e24ac2-b991-402e-96fe-a60f7d88716b","Kashinath Patil Nagar Stop","18.4745","73.8631","VIT College","18.4635","73.8682","1","PENDING","Please confirm pickup","","0","1348","2026-10-23T00:15:00.000Z","2026-09-20T15:30:00.000Z"
"f7d349c7-0632-4b3b-8df4-a9cc441417ad","e0cfee26-22ca-46fd-9681-a98cb9b7694a","cce669d0-24ee-4095-8136-3ddc6f61da10","VIT College","18.4635","73.8682","Market Yard Corner","18.4792","73.8581","1","COMPLETED","","","54","1349","2026-10-23T12:00:00.000Z","2026-09-20T15:30:00.000Z"
"5a6836bb-8230-4e11-9dbb-7459d352ff90","2b96b839-ef3d-4b88-898d-96ad74b9e8d1","b08272f1-2eae-461f-9382-c184fe741279","Bibwewadi Bus Stop","18.4792","73.8615","VIT College","18.4635","73.8682","1","ACCEPTED","Please confirm pickup","","12","1350","2026-10-25T09:15:00.000Z","2026-09-20T13:30:00.000Z"
"57d4a255-97e7-44a9-abd2-e4efd8eb123a","f58d712b-7078-477a-b43f-fed9d0ed3ccb","7f81c4c3-c234-4bd0-80d1-215c711a0283","VIT College","18.4635","73.8682","Katraj Terminal","18.4471","73.8562","1","PENDING","I will wait at the hub","","8","1351","2026-10-27T01:00:00.000Z","2026-09-20T16:30:00.000Z"
"eded75b1-6028-4a13-9d26-42ea5dcaf6e3","a2bdc5e3-efbd-4b73-a3ac-deb12dae33eb","80ca3ea6-d467-4f49-97eb-b6dc6f476676","Bibwewadi Bus Stop","18.4792","73.8615","VIT College","18.4635","73.8682","1","COMPLETED","I will wait at the hub","","77","1352","2026-10-26T16:15:00.000Z","2026-09-20T14:30:00.000Z"
"0d0ba3f7-06fe-4619-aab2-32be3a1a2d9a","639b8dab-868e-46c8-9985-2b24c67e426f","90d5fa4d-50ca-4080-ae76-6f8158f4c9a5","VIT College","18.4635","73.8682","Market Yard Corner","18.4792","73.8581","1","COMPLETED","I will wait at the hub","","28","1353","2026-10-29T14:00:00.000Z","2026-09-21T05:30:00.000Z"
"90fb6383-5cf4-4cbe-ae90-910efdab6384","d5d03f89-3122-4eef-93db-48240a7c078c","34887a09-84f2-49c3-97c8-eaa9e671e141","City Pride BRTS","18.4845","73.8583","VIT College","18.4635","73.8682","1","ACCEPTED","Please confirm pickup","","11","1354","2026-10-29T06:15:00.000Z","2026-09-20T20:30:00.000Z"
"f10981cb-60d0-4b7d-b771-35475ebba5a8","80c739c0-028a-4aeb-bb97-4a8b74e9b783","70d0f859-149d-4503-9629-7e2b03c67a3f","VIT College","18.4635","73.8682","Chintamani Nagar","18.4651","73.864","1","COMPLETED","Please confirm pickup","","16","1355","2026-10-30T05:00:00.000Z","2026-09-20T13:30:00.000Z"
"5b80b592-e271-491c-b0fe-14ceaf9ee8ec","4278af89-7ca1-422c-b386-0688986e3bc7","4bb40fa4-b428-432e-aca2-1a954ebd5186","Market Yard Corner","18.4792","73.8581","VIT College","18.4635","73.8682","1","CANCELLED","Please confirm pickup","","65","1356","2026-11-01T14:15:00.000Z","2026-09-21T04:30:00.000Z"
"18dd28c1-17aa-449c-a4a9-9826328457b4","17fa5741-b7f9-4a82-b0d6-00329164d053","d3b6bef4-14dc-43ee-b1ea-5df640bff3ea","VIT College","18.4635","73.8682","Bharati Vidyapeeth","18.456","73.8574","1","REJECTED","Please confirm pickup","No seats available","18","1357","2026-11-02T05:00:00.000Z","2026-09-21T00:30:00.000Z"
"97fdc689-491d-41b3-9994-f71de16dbbfd","c0ef7bdf-89cb-4b88-a736-93e509b4d96c","e0bd240d-0573-4a8a-830a-c46264dbd855","Laxmi Narayan Theatre","18.4965","73.8584","VIT College","18.4635","73.8682","1","CANCELLED","I will wait at the hub","","2","1358","2026-11-01T20:15:00.000Z","2026-09-21T04:30:00.000Z"
"4ff7b215-3cc7-48ca-ab4a-6a8c0652f713","62e27b61-872d-44c5-8c1c-cbb7242572e6","8100f2b8-79e0-4059-be98-ced465000a2e","VIT College","18.4635","73.8682","Balaji Nagar BRTS","18.4628","73.8577","1","ACCEPTED","I will wait at the hub","","18","1359","2026-11-03T19:00:00.000Z","2026-09-21T02:30:00.000Z"
"242204e1-b69f-4295-be7f-4b1d51cab135","a430118d-8cb5-4b44-85cd-cdf9977b103b","b2f0c20b-d66e-41c9-b60f-6562ae71b956","Swargate PMPML Main Bus Stand","18.4991","73.8583","VIT College","18.4635","73.8682","1","CANCELLED","Please confirm pickup","","22","1360","2026-08-05T09:15:00.000Z","2026-09-20T23:30:00.000Z"
"dc0f3a1f-97ca-4efb-831f-316e4880c94e","fda53875-8de3-4343-95dc-4bd627b41573","afabde80-8412-4536-8a7d-443441b6329d","VIT College","18.4635","73.8682","Katraj Dairy BRTS","18.4508","73.8569","1","COMPLETED","I will wait at the hub","","63","1361","2026-08-07T23:00:00.000Z","2026-09-21T02:30:00.000Z"
"95daf8ea-6ad4-45d0-a5df-224bd12e7713","5c55ad94-091b-4dbe-a90e-a6c42aec12c8","e977337e-9b7d-4b79-9851-7a31a276eaf5","Kashinath Patil Nagar Stop","18.4745","73.8631","VIT College","18.4635","73.8682","1","CANCELLED","I will wait at the hub","","24","1362","2026-08-08T04:15:00.000Z","2026-09-21T06:30:00.000Z"
"df0bfa1d-0443-400c-aac8-bdbce51c5c19","9ddfc12d-47f7-4408-abc6-123d3cbebe36","0234ea7e-b8a5-4a4f-8b12-eb48fefff06e","VIT College","18.4635","73.8682","Kashinath Patil Nagar Stop","18.4745","73.8631","1","ACCEPTED","","","33","1363","2026-08-10T18:00:00.000Z","2026-09-20T20:30:00.000Z"
"06b5988c-2bc1-4339-b0c2-0511397ae2c0","08c3a1d6-e243-4a53-b251-a83bde67a85b","8d2bb992-3062-4ae3-b2ae-9d47074dec68","Laxmi Narayan Theatre","18.4965","73.8584","VIT College","18.4635","73.8682","1","COMPLETED","","","10","1364","2026-08-09T19:15:00.000Z","2026-09-21T00:30:00.000Z"
"a782165e-99fb-4e7d-9242-77eb26b03490","c5fe6c7b-15ea-41e0-833c-774eb1cb567a","95e5d040-6f8f-43de-b101-0a1abbfde269","VIT College","18.4635","73.8682","Bibwewadi Bus Stop","18.4792","73.8615","1","COMPLETED","Please confirm pickup","","27","1365","2026-08-10T18:00:00.000Z","2026-09-21T01:30:00.000Z"
"ba0e1339-7943-4707-8eee-6e7a942b0cd3","3730edf5-ca9b-413a-95bb-067c438692c2","d138941d-1b44-42fe-975d-1a4eb78e7f92","Kashinath Patil Nagar Stop","18.4745","73.8631","VIT College","18.4635","73.8682","1","CANCELLED","","","21","1366","2026-08-13T16:15:00.000Z","2026-09-20T12:30:00.000Z"
"adf26d4e-5ab2-42eb-ba5e-1696507003e3","f117153d-b75c-47d1-947e-f27607f3057a","dbb7296e-eb2b-4e18-9aed-9b61128e1b95","VIT College","18.4635","73.8682","Market Yard Corner","18.4792","73.8581","1","ACCEPTED","I will wait at the hub","","19","1367","2026-08-14T02:00:00.000Z","2026-09-20T19:30:00.000Z"
"d25af1ba-84a7-4808-b172-cf1b8d44974b","911a32ff-755c-43b4-922c-c51c050bf8e0","c3c94b51-2803-4c25-9e1e-bbe1eb6386cc","Swargate PMPML Main Bus Stand","18.4991","73.8583","VIT College","18.4635","73.8682","1","ACCEPTED","Please confirm pickup","","24","1368","2026-08-15T14:15:00.000Z","2026-09-21T03:30:00.000Z"
"f20c6c79-1bac-488a-a12a-14b354b52fa3","cc98cbb9-08a3-45c7-b8a5-e280f4b53054","6cc8d264-2c05-4a80-90d4-2b29b4ccd802","VIT College","18.4635","73.8682","KK Market BRTS","18.4683","73.8579","1","ACCEPTED","Please confirm pickup","","0","1369","2026-08-16T11:00:00.000Z","2026-09-20T19:30:00.000Z"
"509b9a34-afd1-499e-aefa-61cee1d1fd9e","1aa98afc-f3ae-4d22-84ab-8cf9d8b0ba8c","6a3f9cb7-ea70-4c12-87b0-f7ee4a38b313","Panchami BRTS","18.4902","73.8586","VIT College","18.4635","73.8682","1","PENDING","I will wait at the hub","","59","1370","2026-08-17T08:15:00.000Z","2026-09-20T19:30:00.000Z"
"cc5956dc-f7c3-4484-8622-e03063e77b21","d965a0a0-ff46-45b2-8e29-70e0218009fd","105772de-3e2e-4525-873d-28205793d14f","VIT College","18.4635","73.8682","Market Yard Corner","18.4792","73.8581","1","ACCEPTED","","","4","1371","2026-08-18T19:00:00.000Z","2026-09-21T03:30:00.000Z"
"10e94579-8b80-4c18-9de0-274c47a23863","7587378b-5f55-48cb-b882-7cfb86c63877","b5eb2319-5923-4823-9cfb-fa0ca41f597b","Upper Indira Nagar Bus Depot","18.4682","73.8623","VIT College","18.4635","73.8682","1","ACCEPTED","","","3","1372","2026-08-19T05:15:00.000Z","2026-09-21T02:30:00.000Z"
"b259eee2-da93-4bb5-9b07-dca49a2c7207","dba407b5-fbba-4861-9f88-6ba37756fbdf","e4b9e33a-9380-46ad-8b5f-37aca78f2d78","VIT College","18.4635","73.8682","Upper Indira Nagar Bus Depot","18.4682","73.8623","1","COMPLETED","Please confirm pickup","","14","1373","2026-08-18T21:00:00.000Z","2026-09-20T18:30:00.000Z"
"e5840112-18da-4695-a132-9175b7dc9b00","6190e8cb-ea61-4828-b3cf-4b3599c9cc1a","f1320520-f547-4abc-be6f-66bd5f323eb5","Upper Indira Nagar Bus Depot","18.4682","73.8623","VIT College","18.4635","73.8682","1","ACCEPTED","I will wait at the hub","","7","1374","2026-08-21T04:15:00.000Z","2026-09-20T11:30:00.000Z"
"ff0e9a74-72e0-41ff-a450-8522363bf980","2064366f-bdb4-4956-a2de-33b98bfbf9dc","c36606d7-b032-4936-8403-b0f1a43f756a","VIT College","18.4635","73.8682","Bibwewadi Bus Stop","18.4792","73.8615","1","COMPLETED","Please confirm pickup","","17","1375","2026-08-20T16:00:00.000Z","2026-09-20T12:30:00.000Z"
"efcd741a-4151-4002-841a-d317dd691877","d1875620-c234-42fa-959e-3c604b96cdcc","f10fac1a-d7f2-4f4e-a8f2-d72fd48b371a","Kashinath Patil Nagar Stop","18.4745","73.8631","VIT College","18.4635","73.8682","1","ACCEPTED","","","59","1376","2026-08-23T20:15:00.000Z","2026-09-20T19:30:00.000Z"
"cfb34172-7bf3-41bb-9aa6-bc161abe07ff","a1630283-894c-4a39-856e-c89470bedb88","5ab9a35e-6ac7-4156-95ae-cc1e59bb9fa7","VIT College","18.4635","73.8682","Shankar Maharaj Math","18.4735","73.8579","1","COMPLETED","I will wait at the hub","","49","1377","2026-08-25T11:00:00.000Z","2026-09-21T06:30:00.000Z"
"e291da67-ab28-463b-a9d7-d14d26379a8d","3c8643cd-cd89-40ef-89a0-a73f4387d15c","364c0441-918b-402a-a77c-fc9446ad8d71","Swargate BRTS Stop","18.4982","73.8588","VIT College","18.4635","73.8682","1","PENDING","I will wait at the hub","","8","1378","2026-08-23T07:15:00.000Z","2026-09-20T19:30:00.000Z"
"3dcc561a-4bfd-4de7-8101-806aa6708381","ccff349f-403c-4b6c-9e06-9c56b1f665f4","1de804a1-1c04-4d9b-88a6-03aa475b2f23","VIT College","18.4635","73.8682","Upper Indira Nagar Bus Depot","18.4682","73.8623","1","CANCELLED","Please confirm pickup","","14","1379","2026-08-26T00:00:00.000Z","2026-09-20T11:30:00.000Z"
"f20babda-ba54-40f1-82fa-6d422da6033c","1b5a74ec-7181-4008-adee-2fea688239c4","8fcb293d-bce3-4068-b448-c15533882e86","Kashinath Patil Nagar Stop","18.4745","73.8631","VIT College","18.4635","73.8682","1","CANCELLED","I will wait at the hub","","27","1380","2026-08-26T23:15:00.000Z","2026-09-20T10:30:00.000Z"
"deb8b8d6-a10c-4d95-9ad9-3c560bde748f","b65a297f-80ed-487e-8d43-fb5cbc1de73c","6b38852c-3199-4130-9bef-739d2cbf98cd","VIT College","18.4635","73.8682","Bibwewadi Bus Stop","18.4792","73.8615","1","PENDING","Please confirm pickup","","14","1381","2026-08-27T04:00:00.000Z","2026-09-20T20:30:00.000Z"
"972711c9-c82f-4905-bf47-af912af6fa06","5c388faa-23cb-4c2b-9581-221eb4d2f9db","ac87c729-c400-43ff-9619-cd867435a982","Upper Indira Nagar Bus Depot","18.4682","73.8623","VIT College","18.4635","73.8682","1","CANCELLED","Please confirm pickup","","28","1382","2026-08-29T17:15:00.000Z","2026-09-20T18:30:00.000Z"
"47106d9b-d1dc-498f-b4ea-bf11d4ecd1bf","5663e112-eabf-49eb-ab35-ec5082302f65","2b79909a-3fc7-4286-93ba-521d9aa64a8f","VIT College","18.4635","73.8682","Chintamani Nagar","18.4651","73.864","1","CANCELLED","Please confirm pickup","","25","1383","2026-08-30T14:00:00.000Z","2026-09-20T10:30:00.000Z"
"d33003d6-2621-4b29-932e-92f85c8308c6","6c883375-f532-4a65-9710-278143c39f97","2cabb8ae-b3d7-4c51-8207-1b8fc7300e2c","Upper Indira Nagar Bus Depot","18.4682","73.8623","VIT College","18.4635","73.8682","1","CANCELLED","I will wait at the hub","","5","1384","2026-08-29T09:15:00.000Z","2026-09-20T15:30:00.000Z"
"8c10b27b-3366-4ba8-b4d2-5010d91f18eb","826db2db-593b-4193-a5ef-2c473e13d1f5","843078cc-2ea7-483f-83b3-cc8bae6695c6","VIT College","18.4635","73.8682","Kashinath Patil Nagar Stop","18.4745","73.8631","1","REJECTED","I will wait at the hub","No seats available","77","1385","2026-08-31T06:00:00.000Z","2026-09-20T18:30:00.000Z"
"cc2a868d-aa95-4913-bd8c-2aa41a6b66a3","ad795069-7baf-4a04-a5f9-628dd6a9fa79","d79a63da-78e9-4b42-a5b3-c04b428ae1c7","City Pride BRTS","18.4845","73.8583","VIT College","18.4635","73.8682","1","ACCEPTED","","","12","1386","2026-09-01T21:15:00.000Z","2026-09-20T16:30:00.000Z"
"66f81737-45d1-42c6-9cae-c6cc5c4da506","5a627008-6213-4d82-a416-c3848627168a","ced6df1d-3ee8-4c76-8610-955b666d02b6","VIT College","18.4635","73.8682","Upper Indira Nagar Bus Depot","18.4682","73.8623","1","COMPLETED","I will wait at the hub","","27","1387","2026-09-03T11:00:00.000Z","2026-09-20T13:30:00.000Z"
"386763d7-f21d-4f8a-aa7a-b6caa4a0f57d","cb0261b9-ca17-42fa-aa13-259055b48769","2a786db0-f79e-4a08-a45d-7143a56be137","Lower Indira Nagar Stop","18.4718","73.8618","VIT College","18.4635","73.8682","1","ACCEPTED","Please confirm pickup","","20","1388","2026-09-03T23:15:00.000Z","2026-09-20T21:30:00.000Z"
"41305404-e0f0-4c99-8143-e00317ad4351","606a433e-0f40-4d84-ad55-6406defd9620","2c463203-2185-4bb6-ac9c-dbf4b358d3f9","VIT College","18.4635","73.8682","Balaji Nagar BRTS","18.4628","73.8577","1","ACCEPTED","","","8","1389","2026-09-06T03:00:00.000Z","2026-09-20T22:30:00.000Z"
"4499e35e-32b2-44a2-afa7-97623279ffa8","65637234-30d3-41cb-9ace-a4af79b5b756","50b52ef7-937a-4ad7-a6ea-5df63741b351","Lower Indira Nagar Stop","18.4718","73.8618","VIT College","18.4635","73.8682","1","PENDING","","","30","1390","2026-09-04T22:15:00.000Z","2026-09-20T16:30:00.000Z"
"4ba12186-1bba-4420-826c-ab3ec6747964","b20fb978-9a31-40bf-9dfd-0f828b064938","23cdcd88-f49b-408a-af81-20c714c4290b","VIT College","18.4635","73.8682","Upper Indira Nagar Bus Depot","18.4682","73.8623","1","ACCEPTED","I will wait at the hub","","12","1391","2026-09-07T14:00:00.000Z","2026-09-20T23:30:00.000Z"
"3736426b-39a7-4b9d-8022-055fa6cb453f","d235edcd-33ca-481d-8cc6-1dd53cfa02ef","8fe8486d-63f9-47dc-b19e-cee4aa0ac9c0","Panchami BRTS","18.4902","73.8586","VIT College","18.4635","73.8682","1","ACCEPTED","I will wait at the hub","","1","1392","2026-09-07T07:15:00.000Z","2026-09-20T12:30:00.000Z"
"29bc5ca6-b1da-44e6-a166-356fbd818ecb","a725442f-24b5-4f29-891d-13311ca8d1d8","e448284e-7dcf-4d42-b0eb-1d902bcd1366","VIT College","18.4635","73.8682","Balaji Nagar BRTS","18.4628","73.8577","1","COMPLETED","Please confirm pickup","","43","1393","2026-09-08T04:00:00.000Z","2026-09-20T18:30:00.000Z"
"19b4b308-74e6-484c-b6dc-ac4bfe425ef4","c98fdecc-4a7d-4a8c-8b10-ffec818c340b","10da92ee-210d-4710-88f2-423a285dd142","City Pride BRTS","18.4845","73.8583","VIT College","18.4635","73.8682","1","REJECTED","","No seats available","31","1394","2026-09-09T02:15:00.000Z","2026-09-21T00:30:00.000Z"
"1ef058ae-7794-42f1-aa67-9b17cabe1940","109e4886-aa35-4003-a347-74c1aae4e1a4","420b1194-1446-4c01-a90b-9ad6313738f8","VIT College","18.4635","73.8682","Bibwewadi Bus Stop","18.4792","73.8615","1","COMPLETED","","","4","1395","2026-09-10T19:00:00.000Z","2026-09-20T22:30:00.000Z"
"4058934a-05fb-49b3-a545-5ae958ef1099","e6938160-cc66-41d1-947e-88a4491a2bf1","542484e9-c9f4-48df-8789-a3dffda2107d","Kashinath Patil Nagar Stop","18.4745","73.8631","VIT College","18.4635","73.8682","1","CANCELLED","","","25","1396","2026-09-11T19:15:00.000Z","2026-09-20T17:30:00.000Z"
"15036472-a273-46e5-9b97-0b3a47be9d1a","f1f60433-ebf5-471d-8e6e-71e21191073c","b478ed02-c175-49c9-846a-0e9a7f6aa6be","VIT College","18.4635","73.8682","Balaji Nagar BRTS","18.4628","73.8577","1","REJECTED","I will wait at the hub","No seats available","7","1397","2026-09-13T09:00:00.000Z","2026-09-20T11:30:00.000Z"
"69cb2112-4b60-4017-9cc8-a9fe8fab569b","a3bee6ea-b2d0-41a3-91c0-6ba053669cc1","1c8d0824-69a8-4346-9507-05d4a6013c68","Bibwewadi Bus Stop","18.4792","73.8615","VIT College","18.4635","73.8682","1","REJECTED","Please confirm pickup","No seats available","12","1398","2026-09-13T17:15:00.000Z","2026-09-21T00:30:00.000Z"
"640be34c-0d3b-4f6b-a98a-5a31da01d632","6da7b5ac-9420-43e8-af06-b77d7cb23a0e","5f049c18-2f70-4261-b271-889d9956d23d","VIT College","18.4635","73.8682","Bharati Vidyapeeth","18.456","73.8574","1","REJECTED","I will wait at the hub","No seats available","22","1399","2026-09-15T15:00:00.000Z","2026-09-21T00:30:00.000Z"
"378095af-e42d-4002-80c5-42d954cfb5c2","b29d5853-3fca-44ba-ac92-f2a4f29d3e99","f6c03d6c-620f-48f6-af10-83f362b1c35a","Laxmi Narayan Theatre","18.4965","73.8584","VIT College","18.4635","73.8682","1","COMPLETED","Please confirm pickup","","23","1400","2026-09-14T07:15:00.000Z","2026-09-21T04:30:00.000Z"
"e175cce9-764a-4bff-b6e6-c90a9dbe6886","217449f2-0e98-4a0a-981a-b6bdcea2b520","72a2f2bb-d751-41f3-8634-e09d45e07917","VIT College","18.4635","73.8682","KK Market BRTS","18.4683","73.8579","1","REJECTED","","No seats available","75","1401","2026-09-17T10:00:00.000Z","2026-09-20T21:30:00.000Z"
"34a9151e-6277-429b-901b-342e8c22d20a","db46069d-df86-4207-b715-0059285e73cd","1712b652-bce4-4309-8027-92304c9fed8f","Upper Indira Nagar Bus Depot","18.4682","73.8623","VIT College","18.4635","73.8682","1","COMPLETED","Please confirm pickup","","21","1402","2026-09-19T01:15:00.000Z","2026-09-21T06:30:00.000Z"
"47dc313d-0df3-449a-acb7-d9c07d7dc83d","598d8fe4-1151-4bfa-b95c-94c6f23b5e76","22829531-9959-4ca6-a928-9f36eb4703e1","VIT College","18.4635","73.8682","Lower Indira Nagar Stop","18.4718","73.8618","1","PENDING","Please confirm pickup","","26","1403","2026-09-19T02:00:00.000Z","2026-09-21T06:30:00.000Z"
"39f9a23f-bc3b-40c4-bb94-4195ff5ccdd8","f12a3aca-116d-4cbd-ab1a-32cf815b1071","81e5312b-7123-490f-977b-7f79504efcd6","Chintamani Nagar","18.4651","73.864","VIT College","18.4635","73.8682","1","REJECTED","I will wait at the hub","No seats available","19","1404","2026-09-19T20:15:00.000Z","2026-09-20T23:30:00.000Z"
"0c8b5ba8-6e5a-4bd1-9eb3-668a3acaab2d","0fcd948a-4a2f-4957-94a5-e7311856dff2","e57ff715-25a1-426c-97cf-87015c1bf680","VIT College","18.4635","73.8682","KK Market BRTS","18.4683","73.8579","1","PENDING","I will wait at the hub","","3","1405","2026-09-22T07:00:00.000Z","2026-09-20T11:30:00.000Z"
"e09c8824-5bac-45a0-9d49-deb13c45de87","975699cc-0b0f-44a0-a6d5-dcc77d7d78c4","5493fbc0-789f-4b10-8644-f8ec21cd0b14","Bibwewadi Bus Stop","18.4792","73.8615","VIT College","18.4635","73.8682","1","ACCEPTED","Please confirm pickup","","19","1406","2026-09-23T01:15:00.000Z","2026-09-21T01:30:00.000Z"
"89326d8f-9f8a-4a22-9282-9a2a9d1278c9","a45c3567-3df1-48f9-ac25-b6adb65479b1","ef8bce94-feeb-4e53-b72f-1a7c2e5bddf1","VIT College","18.4635","73.8682","Katraj Dairy BRTS","18.4508","73.8569","1","REJECTED","","No seats available","24","1407","2026-09-24T08:00:00.000Z","2026-09-20T16:30:00.000Z"
"7f22c2b5-faeb-40c5-be43-c9034ae5af0c","1ab7f7f6-61ff-4e96-944c-3e74331a7714","4f4e35d9-739c-4f3d-b0b4-2067faa30741","Kashinath Patil Nagar Stop","18.4745","73.8631","VIT College","18.4635","73.8682","1","REJECTED","","No seats available","10","1408","2026-09-23T17:15:00.000Z","2026-09-20T18:30:00.000Z"
"a6cefcc0-337c-4c0e-8d50-50fef33777e2","70f42fa3-7d35-498a-8102-aad618602372","9d0ef4fe-a576-4770-9ab1-5eafc46b6be0","VIT College","18.4635","73.8682","Katraj Dairy BRTS","18.4508","73.8569","1","COMPLETED","","","73","1409","2026-09-24T05:00:00.000Z","2026-09-20T13:30:00.000Z"
"4855404e-a009-4f65-9591-f4ae38489b3c","6742e1d6-251a-4342-af46-3ea267847fe9","4056717c-9798-4214-8fbd-07c4e3a98b6b","Swargate BRTS Stop","18.4982","73.8588","VIT College","18.4635","73.8682","1","PENDING","I will wait at the hub","","19","1410","2026-09-24T04:15:00.000Z","2026-09-21T05:30:00.000Z"
"f0608cf5-e5cd-42f7-a575-5cce498c4e94","e62c64fb-47f1-4303-b22d-9145aa897d78","3a33f6e7-07ab-4e3d-a721-814ac739de5e","VIT College","18.4635","73.8682","Market Yard Corner","18.4792","73.8581","1","PENDING","Please confirm pickup","","14","1411","2026-09-25T18:00:00.000Z","2026-09-20T16:30:00.000Z"
"ba14de3b-2166-42a3-a587-ed10378a10a8","1e255d12-24ab-4935-972d-9c25b0e3e0ff","3009cc84-1259-4bbc-a108-8462919b7c19","City Pride BRTS","18.4845","73.8583","VIT College","18.4635","73.8682","1","COMPLETED","I will wait at the hub","","18","1412","2026-09-29T00:15:00.000Z","2026-09-20T22:30:00.000Z"
"4c85bc33-f65b-4ebb-8591-24a79163af71","d120ccf0-a286-49dc-97be-4e1b88604163","7e9c129c-4156-4ca9-af99-d00fb8d1aadd","VIT College","18.4635","73.8682","Market Yard Corner","18.4792","73.8581","1","CANCELLED","Please confirm pickup","","7","1413","2026-09-28T08:00:00.000Z","2026-09-21T00:30:00.000Z"
"8a050b1d-d3ef-4a16-829e-a79d408acd5f","cff84e6c-216b-40df-bfbc-a1c588ec8d75","21c63f77-2d39-4f11-9e0c-1c7312653c75","Swargate BRTS Stop","18.4982","73.8588","VIT College","18.4635","73.8682","1","COMPLETED","","","5","1414","2026-09-30T05:15:00.000Z","2026-09-20T18:30:00.000Z"
"b84f585c-37c9-4701-b3d0-dc87c408968e","63f14e9a-34ab-4413-9774-48d5cfb74128","657e344f-90aa-4e48-a3e5-9a6235100f2e","VIT College","18.4635","73.8682","Kashinath Patil Nagar Stop","18.4745","73.8631","1","CANCELLED","","","25","1415","2026-09-29T14:00:00.000Z","2026-09-21T02:30:00.000Z"
"cc8b4143-aa7c-41c1-b4e6-d54130d160a4","02c305a4-eaec-4b0b-b035-315d57b846b8","b69aeeb6-95cd-4c93-b1fd-e8588a274731","Swargate PMPML Main Bus Stand","18.4991","73.8583","VIT College","18.4635","73.8682","1","REJECTED","I will wait at the hub","No seats available","20","1416","2026-10-01T16:15:00.000Z","2026-09-21T00:30:00.000Z"
"9e4cccac-2052-4241-8047-b7f7feae41ac","fa5e39b7-28f9-4d0f-8253-5cd2e220e39f","896d4da2-8fa8-41c5-b3c6-164a6ce57775","VIT College","18.4635","73.8682","Market Yard Corner","18.4792","73.8581","1","ACCEPTED","Please confirm pickup","","0","1417","2026-10-03T17:00:00.000Z","2026-09-20T16:30:00.000Z"
"6bc7337c-aa81-4657-9307-514686ade5d0","eb5a4db3-c7f8-4c69-8793-f457bcf42d93","c64460b2-879f-4506-882f-92adfc9e63ac","Panchami BRTS","18.4902","73.8586","VIT College","18.4635","73.8682","1","CANCELLED","Please confirm pickup","","13","1418","2026-10-04T02:15:00.000Z","2026-09-20T11:30:00.000Z"
"b202d0dd-805c-4d9a-97d7-65c64c36046f","997271e6-d097-4602-a6ff-57a38cd3f70d","cd9196d9-a849-4e71-b98a-4e48a614e104","VIT College","18.4635","73.8682","Katraj Terminal","18.4471","73.8562","1","REJECTED","Please confirm pickup","No seats available","71","1419","2026-10-05T19:00:00.000Z","2026-09-21T03:30:00.000Z"
"25e20e70-6c50-4f66-9a1b-496fe7c93912","023e3ba1-cc31-40e1-be46-c65dd5bd31bb","ed18db93-5780-4297-ae97-bbe311886b02","Laxmi Narayan Theatre","18.4965","73.8584","VIT College","18.4635","73.8682","1","PENDING","","","20","1420","2026-10-05T02:15:00.000Z","2026-09-20T17:30:00.000Z"
"7a672594-215b-4e36-879b-93ee2235b1e5","917d00e5-0906-4ba0-812c-55bab65705d3","43dd383b-7c2d-4840-8095-5e3518602750","VIT College","18.4635","73.8682","Bibwewadi Bus Stop","18.4792","73.8615","1","ACCEPTED","I will wait at the hub","","20","1421","2026-10-05T22:00:00.000Z","2026-09-20T22:30:00.000Z"
"12c9c40e-c81c-487a-82c2-19c3a390bc7b","adab8f23-d616-4b20-a168-54930c1ddd09","2e0cc7b0-3544-40fe-910b-e573a7d33c9a","Panchami BRTS","18.4902","73.8586","VIT College","18.4635","73.8682","1","PENDING","","","57","1422","2026-10-07T16:15:00.000Z","2026-09-20T12:30:00.000Z"
"8b841db4-329a-493d-a12e-249bcd082bd0","e2088c59-d6e0-4c38-b376-d2a2315d7cad","715c6bfc-3ccb-48eb-9e74-b58e93075303","VIT College","18.4635","73.8682","Katraj Terminal","18.4471","73.8562","1","CANCELLED","I will wait at the hub","","69","1423","2026-10-07T21:00:00.000Z","2026-09-21T04:30:00.000Z"
"4b33676f-c7b4-4419-a29a-273d60e7435f","e2114b2f-0b12-414d-96d4-5d5c6cb40480","3916a068-e6a5-4012-812a-fbcd946203e9","Laxmi Narayan Theatre","18.4965","73.8584","VIT College","18.4635","73.8682","1","CANCELLED","Please confirm pickup","","30","1424","2026-10-11T00:15:00.000Z","2026-09-21T00:30:00.000Z"
"e6c49415-099f-4ef1-bbe1-c8eb024fa52a","0800a880-40ea-4828-a4f2-3019129efa7a","6884857e-84bf-44a3-a6b7-57ffce28a733","VIT College","18.4635","73.8682","Upper Indira Nagar Bus Depot","18.4682","73.8623","1","REJECTED","I will wait at the hub","No seats available","59","1425","2026-10-12T00:00:00.000Z","2026-09-20T10:30:00.000Z"
"a28773b3-8ca3-4fec-bd56-3a1ca191f662","949a90c6-6e5a-479a-b0ca-4fe5faf16eef","b25e6ea6-d736-435b-aead-e9d0d69b728d","Swargate PMPML Main Bus Stand","18.4991","73.8583","VIT College","18.4635","73.8682","1","REJECTED","Please confirm pickup","No seats available","23","1426","2026-10-12T14:15:00.000Z","2026-09-20T15:30:00.000Z"
"5ee27b24-3376-430d-875e-bf53e48585ce","342be07a-afa0-4324-8032-276c3227e194","29ba1c6f-943a-462e-a307-a6c327c39a57","VIT College","18.4635","73.8682","Bharati Vidyapeeth","18.456","73.8574","1","REJECTED","","No seats available","16","1427","2026-10-13T15:00:00.000Z","2026-09-20T12:30:00.000Z"
"877c1753-739e-4725-b2a2-06da7745b872","595a469b-af0f-4bb7-a2eb-7acffb31737b","20bdc7ae-7082-421e-b675-6c4002d0295b","Laxmi Narayan Theatre","18.4965","73.8584","VIT College","18.4635","73.8682","1","CANCELLED","Please confirm pickup","","31","1428","2026-10-13T10:15:00.000Z","2026-09-20T15:30:00.000Z"
"16cdeac9-6293-4e09-8098-b33f9b89115a","8be7a3a6-1b6c-4a10-860d-c488a8945fb8","62390621-3521-47ba-869a-f822874bb453","VIT College","18.4635","73.8682","Lower Indira Nagar Stop","18.4718","73.8618","1","PENDING","I will wait at the hub","","79","1429","2026-10-16T07:00:00.000Z","2026-09-20T18:30:00.000Z"
"4d3e2d46-7cf2-41e4-a284-80269055b7ac","fbb6ff31-de42-4e7a-b295-d0017fc3294b","08eb06b4-7805-4b0c-998b-d919358e8b0f","Panchami BRTS","18.4902","73.8586","VIT College","18.4635","73.8682","1","ACCEPTED","Please confirm pickup","","10","1430","2026-10-17T01:15:00.000Z","2026-09-21T03:30:00.000Z"
"8bfcdef2-5bc8-4f38-a648-5749bd689dd3","9735aa85-b20d-4aef-b039-e79e9425bf91","697c28b3-7690-4ffd-bfa8-c30e27f63214","VIT College","18.4635","73.8682","Market Yard Corner","18.4792","73.8581","1","PENDING","","","25","1431","2026-10-18T01:00:00.000Z","2026-09-20T20:30:00.000Z"
"abd96751-4ee4-422f-b654-182a8cacaa96","66f53980-d2b8-410a-aaeb-581a79317e1c","1f726f94-16aa-417d-8d05-1b3dd96d0827","Upper Indira Nagar Bus Depot","18.4682","73.8623","VIT College","18.4635","73.8682","1","ACCEPTED","I will wait at the hub","","19","1432","2026-10-16T06:15:00.000Z","2026-09-20T19:30:00.000Z"
"080f4469-4095-425f-8dec-7b6eadc0c190","0148214e-dddd-4bce-9940-d013463e8bb4","ea3fd43b-e1e5-4d62-a163-dae19fc740bd","VIT College","18.4635","73.8682","Chintamani Nagar","18.4651","73.864","1","ACCEPTED","Please confirm pickup","","4","1433","2026-10-18T04:00:00.000Z","2026-09-21T06:30:00.000Z"
"9ba53cb1-a2c4-4b48-830b-709653a8660f","cf13160f-876f-40e5-aafc-efcd67d33b21","5def974b-b8b4-4ef7-8825-5a50ee6710cd","City Pride BRTS","18.4845","73.8583","VIT College","18.4635","73.8682","1","REJECTED","","No seats available","28","1434","2026-10-18T16:15:00.000Z","2026-09-20T10:30:00.000Z"
"9e0f5a60-d387-4978-aa55-4cf43cb38904","ecaae8d7-3946-46c9-8b92-542fa9ac70d3","a7ff8669-7d2a-4462-beb0-0d9e874f1dc8","VIT College","18.4635","73.8682","Upper Indira Nagar Bus Depot","18.4682","73.8623","1","CANCELLED","I will wait at the hub","","59","1435","2026-10-21T02:00:00.000Z","2026-09-20T10:30:00.000Z"
"fbe96457-959c-4ab1-ba9c-bb7bac575100","d9a9637e-9975-4f9c-8798-385ca4f4a516","0f35346d-5638-4de0-b685-b0f5e42ff331","Swargate PMPML Main Bus Stand","18.4991","73.8583","VIT College","18.4635","73.8682","1","PENDING","","","45","1436","2026-10-21T05:15:00.000Z","2026-09-20T23:30:00.000Z"
"8cc7036b-60dc-4be2-bbc0-786a2b04d188","1cf68af5-401f-4e97-b9d5-708eb59a4e98","ffe56b11-38f8-4fa2-936c-d19021b522b8","VIT College","18.4635","73.8682","KK Market BRTS","18.4683","73.8579","1","COMPLETED","I will wait at the hub","","78","1437","2026-10-21T20:00:00.000Z","2026-09-20T21:30:00.000Z"
"f9f6e0b6-a939-49b7-b57c-24cf1d5244bb","cce5a8bf-efbb-499f-9802-95a44f72296a","93c44edd-bbc5-4ac3-9dba-63f636b8ed0b","Upper Indira Nagar Bus Depot","18.4682","73.8623","VIT College","18.4635","73.8682","1","ACCEPTED","Please confirm pickup","","19","1438","2026-10-23T05:15:00.000Z","2026-09-20T11:30:00.000Z"
"8f375ae5-408a-473a-acfd-271e6f148d2b","4c7daa33-62d3-4a43-ade7-e966545f3bdb","7d4898cc-54f3-4bd1-b9da-b31ff1cb26c3","VIT College","18.4635","73.8682","Market Yard Corner","18.4792","73.8581","1","REJECTED","","No seats available","26","1439","2026-10-24T11:00:00.000Z","2026-09-21T04:30:00.000Z"
"d115d121-6706-4dee-9752-aed486cd5214","b49c1fa4-56ce-470d-8c3e-53fe619e49d1","1f497524-0e6c-424a-94f9-93905b5a9755","Panchami BRTS","18.4902","73.8586","VIT College","18.4635","73.8682","1","COMPLETED","Please confirm pickup","","48","1440","2026-10-24T14:15:00.000Z","2026-09-20T13:30:00.000Z"
"52581152-4b2e-4f00-a48f-44390fc3d401","584413f9-ded1-478d-b62a-6047efa1abbe","609a5aa2-e576-472b-ae03-3d339a90c45c","VIT College","18.4635","73.8682","Kashinath Patil Nagar Stop","18.4745","73.8631","1","ACCEPTED","I will wait at the hub","","25","1441","2026-10-27T05:00:00.000Z","2026-09-21T00:30:00.000Z"
"2ceaf409-4c75-43a6-b063-c5d0e48ae78c","6b0159f7-6a47-46fd-b74b-cc1e6a1499f8","829e7fa5-0c38-47a9-a715-877dada17b24","Market Yard Corner","18.4792","73.8581","VIT College","18.4635","73.8682","1","CANCELLED","","","7","1442","2026-10-26T12:15:00.000Z","2026-09-20T18:30:00.000Z"
"5717bb1b-b15c-4f8a-947c-86b2fc9cb869","41626340-8b7b-4851-969a-1bbb40f30350","2fd77d02-9eed-432b-bc2b-69984e53b256","VIT College","18.4635","73.8682","Chintamani Nagar","18.4651","73.864","1","COMPLETED","","","33","1443","2026-10-28T12:00:00.000Z","2026-09-21T00:30:00.000Z"
"4d9b854a-1df7-48d7-b5b6-88d3620b2306","098ba033-2ec9-4018-a6cf-05c7521ae234","2e269fc9-9682-468b-b756-d02e46a395d8","Panchami BRTS","18.4902","73.8586","VIT College","18.4635","73.8682","1","PENDING","","","49","1444","2026-10-29T04:15:00.000Z","2026-09-21T02:30:00.000Z"
"07ef4ee2-41c4-4418-95da-bd992b711b75","8b8e37b7-6d64-4ebf-a0bd-e10deee98eeb","ae43995b-0b10-49a4-a37e-36a29c7b89fa","VIT College","18.4635","73.8682","Kashinath Patil Nagar Stop","18.4745","73.8631","1","PENDING","","","21","1445","2026-10-29T17:00:00.000Z","2026-09-20T11:30:00.000Z"
"5f562187-937e-4bae-80e9-39885f2d107d","aab6574f-7c7e-44ee-bb48-8475a970f318","ccfa0157-3dc7-4140-84a7-8283ed55f1e4","Laxmi Narayan Theatre","18.4965","73.8584","VIT College","18.4635","73.8682","1","PENDING","I will wait at the hub","","6","1446","2026-11-01T05:15:00.000Z","2026-09-21T04:30:00.000Z"
"cd65ec31-dd0d-48c0-88d5-2e5d14b323f5","9c96ad51-775d-41b3-95be-15ebf7d1c28d","fb85cd08-9134-4e91-ad82-1bf40b5e18fe","VIT College","18.4635","73.8682","Market Yard Corner","18.4792","73.8581","1","REJECTED","I will wait at the hub","No seats available","46","1447","2026-10-31T21:00:00.000Z","2026-09-20T23:30:00.000Z"
"a6c5352e-ec34-4625-83ba-304882641252","3617f41d-0051-4001-bf6b-5d8f0407c4c9","797bc6e5-c2a2-497c-bf6e-087c71a1d8b5","City Pride BRTS","18.4845","73.8583","VIT College","18.4635","73.8682","1","ACCEPTED","Please confirm pickup","","11","1448","2026-11-03T23:15:00.000Z","2026-09-21T03:30:00.000Z"
"df06c9d5-34e5-447f-a7fe-cb41c2b92b71","02e5d488-9570-4e13-b9e9-4c76b813fbc6","77d7f815-239b-4019-bf1b-76b62751a21d","VIT College","18.4635","73.8682","Shankar Maharaj Math","18.4735","73.8579","1","ACCEPTED","Please confirm pickup","","63","1449","2026-11-04T02:00:00.000Z","2026-09-20T19:30:00.000Z"
"983b59d5-f7fb-40ae-9002-462b89f0f287","81bf55e0-625f-4ef0-aae8-59f19b21a6fa","481621b5-ffcf-4751-b9e2-151c0182f97a","Lower Indira Nagar Stop","18.4718","73.8618","VIT College","18.4635","73.8682","1","ACCEPTED","Please confirm pickup","","22","1450","2026-08-07T14:15:00.000Z","2026-09-21T06:30:00.000Z"
"ef71516a-8f8f-492f-929d-b1f063eb5662","2a373865-6714-4035-877e-edc70025de85","fc17bde9-8039-463a-b2df-6dd060d08969","VIT College","18.4635","73.8682","Bibwewadi Bus Stop","18.4792","73.8615","1","CANCELLED","I will wait at the hub","","27","1451","2026-08-08T14:00:00.000Z","2026-09-20T23:30:00.000Z"
"b92abf65-97ef-4bb1-adaf-525d8e59075b","0f47fa9f-0307-43ec-a906-f835bfd4f323","6279cde7-2c2c-4986-a9a4-55039693b818","Chintamani Nagar","18.4651","73.864","VIT College","18.4635","73.8682","1","CANCELLED","I will wait at the hub","","20","1452","2026-08-09T22:15:00.000Z","2026-09-20T14:30:00.000Z"
"ccfa702d-d92b-4431-88e4-41dad2c3a275","f88afde2-cf10-4261-b116-232dc7e75088","9c577260-815e-4814-ae42-db071f0604b0","VIT College","18.4635","73.8682","Chintamani Nagar","18.4651","73.864","1","CANCELLED","","","21","1453","2026-08-09T03:00:00.000Z","2026-09-20T10:30:00.000Z"
"3423eb94-208f-4dc7-9261-95a982aeb53b","197c1866-2696-43cf-b4a6-f904274b3341","969131e9-4cc6-483d-82f8-990f056d6c5a","Chintamani Nagar","18.4651","73.864","VIT College","18.4635","73.8682","1","CANCELLED","I will wait at the hub","","28","1454","2026-08-11T07:15:00.000Z","2026-09-21T04:30:00.000Z"
"2d59054f-7753-4696-8c00-c3a601c314f0","5d6abd1d-f8f2-46ed-b03a-82724c37791d","85bed899-042e-4b82-a6ac-e7f8e8652524","VIT College","18.4635","73.8682","Katraj Terminal","18.4471","73.8562","1","ACCEPTED","","","55","1455","2026-08-11T13:00:00.000Z","2026-09-20T22:30:00.000Z"
"1608b1a7-47b3-44f1-b738-789a5eb0d2c6","4ef08299-7504-4dce-97ff-759066a69dde","dd95ce1d-b76e-4f1f-9a03-108aea02d0d2","Swargate BRTS Stop","18.4982","73.8588","VIT College","18.4635","73.8682","1","ACCEPTED","I will wait at the hub","","23","1456","2026-08-11T23:15:00.000Z","2026-09-21T01:30:00.000Z"
"6bd0d867-724a-4253-b17e-90db14480649","3221d101-4df9-47aa-99cd-67e16a015384","39147f90-fbda-49de-88ec-5fe656c0d7b4","VIT College","18.4635","73.8682","Katraj Terminal","18.4471","73.8562","1","PENDING","I will wait at the hub","","20","1457","2026-08-14T16:00:00.000Z","2026-09-20T19:30:00.000Z"
"7533af27-985c-458e-9f23-347d9214dea5","686e426c-7cba-46f8-9b6a-bfc136e8d03b","51e576cc-ab7a-49bd-ad0b-21fda7d2bda2","Swargate BRTS Stop","18.4982","73.8588","VIT College","18.4635","73.8682","1","CANCELLED","Please confirm pickup","","21","1458","2026-08-13T10:15:00.000Z","2026-09-21T04:30:00.000Z"
"c740bbaf-a362-437b-81da-ab22bef59a3c","362666a9-c96a-4ea8-b499-517c45fe66aa","9ef8f4fa-8101-4ff2-80ff-91a966e3bab8","VIT College","18.4635","73.8682","Chintamani Nagar","18.4651","73.864","1","ACCEPTED","I will wait at the hub","","16","1459","2026-08-16T15:00:00.000Z","2026-09-20T21:30:00.000Z"
"c6dfd412-90be-464d-b6b8-a1fea88e05bd","28f9cbf9-f4d1-4f7d-8b2a-3682fc031c0d","f0c7e0ed-5ec8-43e2-aabe-d0c93c5234e3","Swargate BRTS Stop","18.4982","73.8588","VIT College","18.4635","73.8682","1","COMPLETED","Please confirm pickup","","4","1460","2026-08-17T15:15:00.000Z","2026-09-20T16:30:00.000Z"
"67ca009f-cb1c-4ea3-a6ac-42a06e5f71c2","202a344e-a474-466c-8cdd-25dfba8624f2","39d3794d-33e3-4ffe-b495-fbaa9d28a26b","VIT College","18.4635","73.8682","Lower Indira Nagar Stop","18.4718","73.8618","1","REJECTED","","No seats available","34","1461","2026-08-19T05:00:00.000Z","2026-09-20T13:30:00.000Z"
"cc9088ad-3228-43f1-a396-be3817db0df7","f11504b1-4597-4dee-84f4-e6664fc6a9d1","d96dc164-dffd-4bcb-bc7b-ca59b2d88379","Swargate PMPML Main Bus Stand","18.4991","73.8583","VIT College","18.4635","73.8682","1","ACCEPTED","I will wait at the hub","","13","1462","2026-08-19T23:15:00.000Z","2026-09-20T15:30:00.000Z"
"1b559390-8450-4659-ad58-f3e1fac16a42","c2486bdd-4146-45d8-b812-7d292ff9e3a0","6871daa5-011a-4255-a4bd-29f490afb889","VIT College","18.4635","73.8682","Upper Indira Nagar Bus Depot","18.4682","73.8623","1","REJECTED","I will wait at the hub","No seats available","6","1463","2026-08-20T04:00:00.000Z","2026-09-21T04:30:00.000Z"
"d47725f7-c4fa-404f-811b-fa01024413d5","d188b88e-3642-44a2-b4b8-3b58020f5d47","72cddc2e-6ec2-4e48-aa1a-fc6654d24fab","Market Yard Corner","18.4792","73.8581","VIT College","18.4635","73.8682","1","REJECTED","","No seats available","43","1464","2026-08-19T23:15:00.000Z","2026-09-20T10:30:00.000Z"
"380e73d8-51a4-4028-be10-21989c84f58a","129d59fe-cab7-48bd-bc70-5a1b03d912e9","26dcafa5-e28f-4c96-bd7f-75ca1113e108","VIT College","18.4635","73.8682","KK Market BRTS","18.4683","73.8579","1","CANCELLED","I will wait at the hub","","3","1465","2026-08-22T21:00:00.000Z","2026-09-20T20:30:00.000Z"
"d3de26b0-fedf-47b3-8d82-afff87b3edb0","4f8bed90-203d-4ef1-945f-25017000cd45","5ac71c5e-4117-49f2-9551-e2487ee014ca","Swargate PMPML Main Bus Stand","18.4991","73.8583","VIT College","18.4635","73.8682","1","PENDING","I will wait at the hub","","1","1466","2026-08-22T22:15:00.000Z","2026-09-21T02:30:00.000Z"
"6ca26acb-7da9-47b2-acbc-a8b6cd5be920","9b14c880-e7ad-499c-a804-9b0a77b3e835","2bf63d4b-4be8-4a3d-b079-2a7b714b0da3","VIT College","18.4635","73.8682","Katraj Dairy BRTS","18.4508","73.8569","1","REJECTED","I will wait at the hub","No seats available","75","1467","2026-08-25T05:00:00.000Z","2026-09-20T19:30:00.000Z"
"e18b323d-fb80-489f-9997-ab3a89b524a2","7eb367fe-8939-4eb0-a0f5-af3c7d1995b6","f24e7e05-582d-47da-aa31-e435fb66bfa2","Lower Indira Nagar Stop","18.4718","73.8618","VIT College","18.4635","73.8682","1","CANCELLED","","","2","1468","2026-08-23T06:15:00.000Z","2026-09-20T21:30:00.000Z"
"5fb08203-d08c-432c-87ab-2b28dc686790","e1a6c223-e656-45b4-933e-163628291322","e36d6950-fda1-4e0a-b9a4-3109c1ef3afd","VIT College","18.4635","73.8682","Kashinath Patil Nagar Stop","18.4745","73.8631","1","REJECTED","Please confirm pickup","No seats available","7","1469","2026-08-26T03:00:00.000Z","2026-09-20T10:30:00.000Z"
"f61a6ee5-4236-43c8-870f-0e5831322cf2","c54f67d2-8838-480d-9009-7e3680c8044b","8dc944aa-aca1-45be-a9af-21bd271602d1","Kashinath Patil Nagar Stop","18.4745","73.8631","VIT College","18.4635","73.8682","1","PENDING","Please confirm pickup","","30","1470","2026-08-26T21:15:00.000Z","2026-09-21T00:30:00.000Z"
"4e9266bd-7cd6-4f0d-a36f-73d56f081b28","2af6d5fc-ec15-4cb7-9a97-50151e3f9103","69158428-13ec-44bc-be1b-661be60211b1","VIT College","18.4635","73.8682","Shankar Maharaj Math","18.4735","73.8579","1","ACCEPTED","Please confirm pickup","","21","1471","2026-08-28T22:00:00.000Z","2026-09-21T05:30:00.000Z"
"b190cac9-156f-42a0-b5ad-eb99efc99a67","625c9e48-1153-4aa0-ba83-3d3ebb0d2d35","17be73c9-0769-4965-981b-a5457dd33ba5","Laxmi Narayan Theatre","18.4965","73.8584","VIT College","18.4635","73.8682","1","COMPLETED","Please confirm pickup","","63","1472","2026-08-27T23:15:00.000Z","2026-09-20T11:30:00.000Z"
"9800a90e-c92c-4407-8646-a3ce6ff653c8","ff354b32-1f2a-4307-9e7e-27b6a506a765","049a400b-5043-4cc0-8f0c-a2000b0bc7c2","VIT College","18.4635","73.8682","Bibwewadi Bus Stop","18.4792","73.8615","1","REJECTED","Please confirm pickup","No seats available","7","1473","2026-08-29T13:00:00.000Z","2026-09-20T18:30:00.000Z"
"dbae575b-784d-4e06-a2fc-04f3d288ab7f","74c7c6cc-1212-4f67-8647-f4f8965dbb34","8ea08f3a-4be1-4f97-9251-d633e633dc41","Kashinath Patil Nagar Stop","18.4745","73.8631","VIT College","18.4635","73.8682","1","ACCEPTED","Please confirm pickup","","7","1474","2026-08-31T01:15:00.000Z","2026-09-21T05:30:00.000Z"
"cff7a1df-ef41-4375-aad7-26aef8e0c31b","c3698a33-ca0c-4693-a489-9adb2fd56bc2","d318afa9-113f-46e4-bd9a-1ae0cbe4cec9","VIT College","18.4635","73.8682","Shankar Maharaj Math","18.4735","73.8579","1","PENDING","I will wait at the hub","","5","1475","2026-08-31T13:00:00.000Z","2026-09-21T02:30:00.000Z"
"94ea3961-da0e-4c1e-92de-5fd437b89fc8","f1f00b1e-9947-4f6f-8688-bfa455d4625b","2bba79b1-7549-484e-89e1-bf3b93c66b88","Swargate PMPML Main Bus Stand","18.4991","73.8583","VIT College","18.4635","73.8682","1","ACCEPTED","Please confirm pickup","","33","1476","2026-09-02T10:15:00.000Z","2026-09-20T22:30:00.000Z"
"dcd56f55-8912-4f4d-a473-cea209a96030","878e52d7-2def-40b6-a913-df1a54047a34","17982a72-f4c8-4037-9da7-01d2b81b4f51","VIT College","18.4635","73.8682","Kashinath Patil Nagar Stop","18.4745","73.8631","1","PENDING","I will wait at the hub","","16","1477","2026-09-02T20:00:00.000Z","2026-09-21T06:30:00.000Z"
"05c9a366-e11e-438e-961b-4cf8a023b025","37e2d96a-3816-4e9b-8e05-8d351c01286f","a33b3b67-373b-4a19-ab84-94afce2d3cf6","Lower Indira Nagar Stop","18.4718","73.8618","VIT College","18.4635","73.8682","1","PENDING","I will wait at the hub","","23","1478","2026-09-03T21:15:00.000Z","2026-09-20T19:30:00.000Z"
"779c327a-0e0d-456f-a72b-1f7b67ff7573","2ad705d0-f96b-4878-af7c-cfca956fcabd","b03a0f23-2e1f-438e-b34e-47d7681219f2","VIT College","18.4635","73.8682","Lower Indira Nagar Stop","18.4718","73.8618","1","COMPLETED","Please confirm pickup","","60","1479","2026-09-05T08:00:00.000Z","2026-09-20T21:30:00.000Z"
"b4ecb6b4-21bd-49bc-8feb-3182595dfce7","ec16c9b1-7c47-4c4d-a652-dd0724b84e3c","f49a7a5a-e945-4e5c-9e00-e0e22be3b1cd","Swargate PMPML Main Bus Stand","18.4991","73.8583","VIT College","18.4635","73.8682","1","ACCEPTED","I will wait at the hub","","26","1480","2026-09-06T17:15:00.000Z","2026-09-20T13:30:00.000Z"
"c27577fe-4f0b-45af-8407-a96bfb9482a3","baa2df2c-bc9c-4de0-8703-f981605afd42","3e48df00-372b-4e64-9ef2-a432d0530793","VIT College","18.4635","73.8682","Kashinath Patil Nagar Stop","18.4745","73.8631","1","COMPLETED","","","20","1481","2026-09-08T10:00:00.000Z","2026-09-20T22:30:00.000Z"
"b0e7a5e4-7fa6-47bc-b564-a1896b6038ae","1c29c569-ab1a-4551-a88a-59b2652c7357","feff947d-b17e-452e-8f42-3a47e3538dae","Chintamani Nagar","18.4651","73.864","VIT College","18.4635","73.8682","1","COMPLETED","Please confirm pickup","","53","1482","2026-09-07T01:15:00.000Z","2026-09-20T12:30:00.000Z"
"b94a16cf-1193-488d-b2f5-9a33a3a32263","b9e526a3-a25c-41b3-8e83-5c8ad96c48a7","3514e5d2-6b02-4d6b-ac2b-59caf1561997","VIT College","18.4635","73.8682","Katraj Dairy BRTS","18.4508","73.8569","1","COMPLETED","","","19","1483","2026-09-09T04:00:00.000Z","2026-09-20T12:30:00.000Z"
"b3fffde1-a8a9-4f38-a681-59a668e2f70f","cf384b4a-daf7-4010-b2fa-70f880318ea2","1f869515-a5a9-4eb5-955d-cc39b514d6d4","Laxmi Narayan Theatre","18.4965","73.8584","VIT College","18.4635","73.8682","1","PENDING","","","24","1484","2026-09-09T11:15:00.000Z","2026-09-21T06:30:00.000Z"
"295458c7-1723-4276-974e-634cfac0b039","24726f7e-d370-44f4-b661-389e47aa84da","de3ce989-9f1f-4440-bace-a75a4256201a","VIT College","18.4635","73.8682","Lower Indira Nagar Stop","18.4718","73.8618","1","ACCEPTED","I will wait at the hub","","36","1485","2026-09-12T09:00:00.000Z","2026-09-20T12:30:00.000Z"
"4f4d69b6-1ea7-4f38-b2a3-7292350a64be","8bcdf3ec-1525-4f90-b62c-388075b37e73","ea497014-e432-4e85-93b4-c928f4928526","Chintamani Nagar","18.4651","73.864","VIT College","18.4635","73.8682","1","PENDING","Please confirm pickup","","4","1486","2026-09-12T01:15:00.000Z","2026-09-20T16:30:00.000Z"
"1942db63-d1db-4685-845b-cfb13f6b3bc7","83364ef7-750b-40e9-b1d7-e75c1acf2f12","f3823776-2961-40e6-9f5b-0eb8213276b9","VIT College","18.4635","73.8682","Katraj Terminal","18.4471","73.8562","1","ACCEPTED","Please confirm pickup","","22","1487","2026-09-11T12:00:00.000Z","2026-09-21T01:30:00.000Z"
"30d5abd9-581d-4acf-9bdd-023fe6110c51","4e552f13-553d-493a-bdb4-e8a4726a7d50","2aa9eabe-95db-4ea2-bb38-66742013ed82","Bibwewadi Bus Stop","18.4792","73.8615","VIT College","18.4635","73.8682","1","ACCEPTED","Please confirm pickup","","12","1488","2026-09-14T16:15:00.000Z","2026-09-20T23:30:00.000Z"
"43629dab-d876-4765-831e-be876137fc8c","4ab9b0e6-d621-48bc-b910-02b25ebb37f1","91a6f354-971a-42d5-907b-b61d60bd2863","VIT College","18.4635","73.8682","Balaji Nagar BRTS","18.4628","73.8577","1","ACCEPTED","I will wait at the hub","","12","1489","2026-09-14T05:00:00.000Z","2026-09-20T18:30:00.000Z"
"5b96c233-1974-48ac-a21c-b49883a504c8","c72ac630-2128-4bb0-aba8-84e716557c9a","ddde26f0-a657-4cc5-8ef1-1171caad0347","Chintamani Nagar","18.4651","73.864","VIT College","18.4635","73.8682","1","ACCEPTED","Please confirm pickup","","6","1490","2026-09-15T07:15:00.000Z","2026-09-20T23:30:00.000Z"
"7a2f4507-040d-4998-829c-d6be4880bfbd","57aebe55-c7db-4635-9fb4-d015eebc0c2d","f054fa78-46b9-4920-a246-d949c994ef39","VIT College","18.4635","73.8682","Chintamani Nagar","18.4651","73.864","1","REJECTED","Please confirm pickup","No seats available","10","1491","2026-09-17T02:00:00.000Z","2026-09-20T18:30:00.000Z"
"ef5f355e-724a-4249-9fb3-e4b806f1ea14","a7fda605-6fbf-46ed-bf6b-e9b5e96c34a4","cf49cf74-3f6e-4709-821d-0f560bf5bf11","Market Yard Corner","18.4792","73.8581","VIT College","18.4635","73.8682","1","REJECTED","Please confirm pickup","No seats available","62","1492","2026-09-18T10:15:00.000Z","2026-09-20T17:30:00.000Z"
"f0d3de4d-6134-4a17-9d52-25d6b2be2175","3ccc7a59-3f11-4228-8299-bdbd9ccffc36","f36c8d35-39b1-4fd4-98f7-5ac3c530eab3","VIT College","18.4635","73.8682","Upper Indira Nagar Bus Depot","18.4682","73.8623","1","PENDING","I will wait at the hub","","65","1493","2026-09-18T17:00:00.000Z","2026-09-20T20:30:00.000Z"
"c9b7f171-6226-49e4-b04e-765e2f6c6730","ca81712f-ae45-4555-b159-71839b6f96f3","d9f990c4-afb2-4074-8034-6a62f6c93ce4","Panchami BRTS","18.4902","73.8586","VIT College","18.4635","73.8682","1","COMPLETED","","","75","1494","2026-09-18T16:15:00.000Z","2026-09-20T22:30:00.000Z"
"53e520ab-ffaa-4bc8-8719-408f4cccada1","0c167933-9224-46e7-84ea-7afe5ed2a269","55511d2e-aa5e-4cf6-ac0c-2f79fd94ad59","VIT College","18.4635","73.8682","Shankar Maharaj Math","18.4735","73.8579","1","REJECTED","Please confirm pickup","No seats available","30","1495","2026-09-20T22:00:00.000Z","2026-09-21T03:30:00.000Z"
"531c1705-9fc7-4ad3-8620-d77a1fdbbdeb","4b05f836-ad03-4097-90c1-298e8d0a852a","be3f8ff0-be2c-4cc2-bb19-b7c7caedba70","Lower Indira Nagar Stop","18.4718","73.8618","VIT College","18.4635","73.8682","1","CANCELLED","I will wait at the hub","","11","1496","2026-09-20T22:15:00.000Z","2026-09-21T06:30:00.000Z"
"0fb6ef49-1daa-4375-b058-857e44130868","5c88d7ba-ff8e-4b56-b2be-8cb40ca3c867","f6f5aab6-7eb0-41b3-a1ab-500ca62c77fa","VIT College","18.4635","73.8682","Kashinath Patil Nagar Stop","18.4745","73.8631","1","PENDING","Please confirm pickup","","14","1497","2026-09-23T16:00:00.000Z","2026-09-21T05:30:00.000Z"
"19bf19b6-b5f3-473c-a39e-29d6d8671d4b","f3ebf2c3-9778-49de-9d49-3dc10f94c3f9","21dd28b5-e343-467c-9b41-b7f373986e3d","Upper Indira Nagar Bus Depot","18.4682","73.8623","VIT College","18.4635","73.8682","1","ACCEPTED","Please confirm pickup","","66","1498","2026-09-23T12:15:00.000Z","2026-09-20T18:30:00.000Z"
"ec75fc4e-9d29-40e2-b2be-60b91b80072f","727ed4f1-19c6-4f72-a309-afda240e2867","96f0bff7-4a51-45fe-924a-7fd40bd96af0","VIT College","18.4635","73.8682","Lower Indira Nagar Stop","18.4718","73.8618","1","REJECTED","Please confirm pickup","No seats available","7","1499","2026-09-25T20:00:00.000Z","2026-09-21T04:30:00.000Z"
"de7fd1d1-55c4-43cc-8d40-fddb92219cb8","74f4dd31-a309-400c-aee2-f91f7ac85193","a78892d9-93b0-4a78-9a2f-2fad3db5becb","City Pride BRTS","18.4845","73.8583","VIT College","18.4635","73.8682","1","COMPLETED","Please confirm pickup","","25","1500","2026-09-26T01:15:00.000Z","2026-09-20T18:30:00.000Z"
"184bc694-1d6d-46d7-9360-12e934c7f1f2","7faa0492-12e5-4a9e-b31b-76e3d7fef397","f256e949-f4e4-4ba3-8ea9-d6a3d0ba8526","VIT College","18.4635","73.8682","Kashinath Patil Nagar Stop","18.4745","73.8631","1","ACCEPTED","","","79","1501","2026-09-25T18:00:00.000Z","2026-09-21T03:30:00.000Z"
"0c02fe6a-cec3-4684-9382-fdae4180ff9a","30e4ddae-66c9-4866-b68f-48b04d139cac","a85fce63-b4a4-4d71-9d87-2fb5e4653681","City Pride BRTS","18.4845","73.8583","VIT College","18.4635","73.8682","1","PENDING","","","15","1502","2026-09-27T06:15:00.000Z","2026-09-20T15:30:00.000Z"
"02a82bfc-3430-4a6f-97c3-87c4ab9dd465","3de38902-f24c-4296-8974-79ab136dd31e","fc8036f4-d3bf-49ee-baff-431b84d612ea","VIT College","18.4635","73.8682","Chintamani Nagar","18.4651","73.864","1","ACCEPTED","Please confirm pickup","","60","1503","2026-09-27T13:00:00.000Z","2026-09-20T20:30:00.000Z"
"eda6235f-b887-4b9c-a310-d15360213205","77a42f38-3664-4bba-a2a5-288e9759124c","6c3f7adf-4f2a-4914-ba78-8b1548f14a1a","Chintamani Nagar","18.4651","73.864","VIT College","18.4635","73.8682","1","REJECTED","Please confirm pickup","No seats available","23","1504","2026-09-29T08:15:00.000Z","2026-09-20T22:30:00.000Z"
"4fdd51e7-9125-4e50-9afb-2cdb2b547e81","3030c4fc-f717-4545-9a5c-be4c04749c81","7833fb03-c858-4574-92d0-cb72030a18eb","VIT College","18.4635","73.8682","Katraj Terminal","18.4471","73.8562","1","COMPLETED","","","7","1505","2026-10-02T08:00:00.000Z","2026-09-20T11:30:00.000Z"
"338fa5da-b33b-4f3b-959e-74946c54c7af","843db221-cbb4-4277-b5aa-442f03f5b602","2e0f5d10-9fa3-4578-9046-adc52e9f52d6","Laxmi Narayan Theatre","18.4965","73.8584","VIT College","18.4635","73.8682","1","CANCELLED","Please confirm pickup","","10","1506","2026-10-02T11:15:00.000Z","2026-09-21T01:30:00.000Z"
"a5f093ad-6e14-4713-8525-137e3c3ba68f","2ff5e51f-2fc9-439d-8c7f-d9b9ad74eda4","b94bb3da-92c3-4ecf-b576-f9dbbce590b5","VIT College","18.4635","73.8682","KK Market BRTS","18.4683","73.8579","1","REJECTED","Please confirm pickup","No seats available","30","1507","2026-10-02T07:00:00.000Z","2026-09-20T11:30:00.000Z"
"b096b58e-44f6-486b-a9c2-41ca3d8cb35a","a60e247e-fbac-41a7-9eff-f6a02bc41929","b4419d49-c195-4f67-8a68-1e38418429ef","Swargate BRTS Stop","18.4982","73.8588","VIT College","18.4635","73.8682","1","PENDING","","","9","1508","2026-10-02T18:15:00.000Z","2026-09-21T04:30:00.000Z"
"30c5bfc4-f859-4147-9d68-4b3735d65387","b702184a-dc69-4598-a58b-f13f923f328c","f50ed78b-09ac-4340-b6dd-86ae124a356e","VIT College","18.4635","73.8682","Bibwewadi Bus Stop","18.4792","73.8615","1","PENDING","","","17","1509","2026-10-04T08:00:00.000Z","2026-09-20T22:30:00.000Z"
"a17ae123-a2d7-4889-8584-4f4294ffc788","32ca6a58-6f35-445f-8f40-785e66838476","f996d0d8-1d3e-4780-bb40-a3c76aeca0fe","Bibwewadi Bus Stop","18.4792","73.8615","VIT College","18.4635","73.8682","1","PENDING","","","36","1510","2026-10-04T11:15:00.000Z","2026-09-21T01:30:00.000Z"
"2c5ab337-6aaa-451f-86ac-471fc6727b9f","8f24f628-f076-4a48-8fae-f133471c0490","a61af15b-11ce-4c02-a80b-bdf8f24338bc","VIT College","18.4635","73.8682","Shankar Maharaj Math","18.4735","73.8579","1","REJECTED","I will wait at the hub","No seats available","8","1511","2026-10-05T18:00:00.000Z","2026-09-20T22:30:00.000Z"
"1e5f7679-bc14-4c68-8ca8-f2309f5859e1","b87eed91-78e3-4bcf-af59-1b0a98afab9a","a49cc7a3-0beb-4fbf-8d54-c676dfe72f4b","Laxmi Narayan Theatre","18.4965","73.8584","VIT College","18.4635","73.8682","1","REJECTED","I will wait at the hub","No seats available","17","1512","2026-10-08T11:15:00.000Z","2026-09-20T10:30:00.000Z"
"64383b2e-2a26-44ab-a98b-f7a06f25a4d5","5e23b2a3-8939-47b8-8ab7-543b143b14e8","df718002-b68d-406f-af02-b7ebdc19dfaa","VIT College","18.4635","73.8682","Bharati Vidyapeeth","18.456","73.8574","1","CANCELLED","Please confirm pickup","","56","1513","2026-10-08T21:00:00.000Z","2026-09-20T20:30:00.000Z"
"6e6cdbd9-a15c-49e1-b4a7-0b095b8f9fa0","17fc828a-dc45-4e59-88e8-05df14dae365","665f2a26-5d69-41bd-bd37-5d34e2366453","Swargate BRTS Stop","18.4982","73.8588","VIT College","18.4635","73.8682","1","ACCEPTED","I will wait at the hub","","67","1514","2026-10-09T05:15:00.000Z","2026-09-21T00:30:00.000Z"
"69db2505-81a8-41ed-9e0e-e0a8356b15e0","fe3980ab-6681-4aaa-b6b7-f88c7f736dc4","36ffa906-e6db-4e16-8e9b-e3f24ede715c","VIT College","18.4635","73.8682","Kashinath Patil Nagar Stop","18.4745","73.8631","1","CANCELLED","","","69","1515","2026-10-10T21:00:00.000Z","2026-09-21T03:30:00.000Z"
"f3314d93-59a0-48bb-8d16-bdc4805d88bf","9ae7df25-367f-42df-bfbd-788443428f8c","61b7de30-6ccf-41d6-881f-85e56e865717","Kashinath Patil Nagar Stop","18.4745","73.8631","VIT College","18.4635","73.8682","1","PENDING","","","26","1516","2026-10-12T16:15:00.000Z","2026-09-20T21:30:00.000Z"
"0d56327f-67b1-4d41-8b95-7064d2166084","f92e45d3-3dcd-4da4-9336-6d6bc5eafdf2","acb16d87-c821-4f83-a7a0-8733496f99be","VIT College","18.4635","73.8682","KK Market BRTS","18.4683","73.8579","1","ACCEPTED","I will wait at the hub","","58","1517","2026-10-12T06:00:00.000Z","2026-09-20T14:30:00.000Z"
"245f1450-14ba-4625-809e-9c7f7d5e2a49","dec379fd-f1e9-4f2f-a79b-ba1513b320c6","dc034266-a00f-4347-8cd9-5799da807274","Market Yard Corner","18.4792","73.8581","VIT College","18.4635","73.8682","1","REJECTED","","No seats available","17","1518","2026-10-12T03:15:00.000Z","2026-09-21T06:30:00.000Z"
"3e789440-b15f-4958-8517-6bf9aeb794dc","3d41d947-5b7e-4b24-89c8-0a0b168fa8f3","7a49978a-5b30-4a61-89ea-d655c3a89110","VIT College","18.4635","73.8682","Balaji Nagar BRTS","18.4628","73.8577","1","PENDING","Please confirm pickup","","64","1519","2026-10-15T12:00:00.000Z","2026-09-20T18:30:00.000Z"
"69860aa0-d37d-4590-bb76-298a57a12855","c7b24a15-2300-43ef-8511-4d5e4039cf9c","53329683-b608-43d8-93dd-40f75fc7d319","Chintamani Nagar","18.4651","73.864","VIT College","18.4635","73.8682","1","PENDING","I will wait at the hub","","53","1520","2026-10-14T13:15:00.000Z","2026-09-21T03:30:00.000Z"
"8ca01369-1d6b-4384-a979-159fdc44e484","bcb302ed-b8e1-4e7a-b9d9-9711e6345a1a","1d69f9fe-09f6-4a0a-8dc1-753c6b3015e6","VIT College","18.4635","73.8682","Lower Indira Nagar Stop","18.4718","73.8618","1","CANCELLED","","","13","1521","2026-10-17T18:00:00.000Z","2026-09-21T01:30:00.000Z"
"58a878f1-d125-4f5f-9cfd-3dd785e7d944","13ac3ac3-ca9a-4de6-a758-d65826cd9c6b","c366b16a-709a-4bd5-99f4-4d48e2a64d10","City Pride BRTS","18.4845","73.8583","VIT College","18.4635","73.8682","1","CANCELLED","I will wait at the hub","","12","1522","2026-10-18T23:15:00.000Z","2026-09-21T02:30:00.000Z"
"a698c9f6-9b6e-4b10-8c8b-2f3ee96762cc","33bdd8b0-270a-4643-9f36-75481d848392","399cdebc-51c2-422b-87a5-220f8cc2d7ac","VIT College","18.4635","73.8682","Market Yard Corner","18.4792","73.8581","1","COMPLETED","","","63","1523","2026-10-18T10:00:00.000Z","2026-09-20T15:30:00.000Z"
"4fdcd106-0e16-4c98-97b9-21c15dcda377","2569287c-15b2-40a3-b5e8-0dafa32939b9","32c9560a-e267-4d5f-85c7-ca585ac3975e","City Pride BRTS","18.4845","73.8583","VIT College","18.4635","73.8682","1","REJECTED","Please confirm pickup","No seats available","11","1524","2026-10-18T18:15:00.000Z","2026-09-20T16:30:00.000Z"
"7dba5e5c-2ea9-41dd-bc52-0953b791c959","9ecfe2b0-5e2d-4e84-a5cd-6839f27bdeaf","65caf2f5-0b5e-452f-a096-f7f73ba694f9","VIT College","18.4635","73.8682","Market Yard Corner","18.4792","73.8581","1","ACCEPTED","I will wait at the hub","","8","1525","2026-10-20T08:00:00.000Z","2026-09-21T02:30:00.000Z"
"42250dc1-73fa-4d21-8e45-3a6597a02f8a","2195a3b0-f61c-4a52-8a25-6a6ed093f294","5a240b3c-f182-4a30-82d1-ae0f6586bff3","Laxmi Narayan Theatre","18.4965","73.8584","VIT College","18.4635","73.8682","1","COMPLETED","","","21","1526","2026-10-21T10:15:00.000Z","2026-09-20T21:30:00.000Z"
"515fa003-1a43-41aa-8471-c14f983f58e3","6b4dac4b-18f4-4c19-a299-aa891d88d0ef","e16a421d-031b-47d3-936b-9d6bed68b285","VIT College","18.4635","73.8682","Bibwewadi Bus Stop","18.4792","73.8615","1","ACCEPTED","I will wait at the hub","","22","1527","2026-10-22T01:00:00.000Z","2026-09-20T19:30:00.000Z"
"6a7cbe4a-62bd-48bf-b82d-34150302b600","a56af269-ecfc-444d-ae56-6f7c48cdc314","d04ea078-3e78-494d-83a0-92fee39d6bb7","Bibwewadi Bus Stop","18.4792","73.8615","VIT College","18.4635","73.8682","1","REJECTED","Please confirm pickup","No seats available","6","1528","2026-10-23T13:15:00.000Z","2026-09-20T23:30:00.000Z"
"ca051c3c-ecec-4aee-b960-a22e33962aee","e02c7b5c-d598-4cca-987c-7e5eeab092fd","b0ac27cd-c785-4a92-96f7-125faca0aafd","VIT College","18.4635","73.8682","Chintamani Nagar","18.4651","73.864","1","REJECTED","Please confirm pickup","No seats available","19","1529","2026-10-24T13:00:00.000Z","2026-09-20T10:30:00.000Z"
"3d77c7a7-6846-459d-8e1c-ea4dc2692421","06ff1ac1-1cdd-4882-a3d4-05e2586953d8","f599bc96-4841-492f-a111-bec5b3b961ae","City Pride BRTS","18.4845","73.8583","VIT College","18.4635","73.8682","1","COMPLETED","","","36","1530","2026-10-24T04:15:00.000Z","2026-09-21T06:30:00.000Z"
"5d8079b6-d40e-4b86-85bb-1ce1ae2bf73b","d0ec488d-7f75-4ee0-8089-7004c1751aa4","20b672de-a2b7-4ee4-8a1e-2dd98d7a3278","VIT College","18.4635","73.8682","Katraj Dairy BRTS","18.4508","73.8569","1","COMPLETED","","","18","1531","2026-10-26T06:00:00.000Z","2026-09-21T02:30:00.000Z"
"46e9912c-df85-40ca-b3fe-0debb7386a93","84212ac4-5d8a-494b-9283-1b20b1a76cbd","e0a60ad9-cc73-4c06-a3f4-008b5f55a00b","Market Yard Corner","18.4792","73.8581","VIT College","18.4635","73.8682","1","PENDING","","","11","1532","2026-10-26T11:15:00.000Z","2026-09-21T06:30:00.000Z"
"36b68d24-ff02-488b-921e-bfa7a1916148","65de9618-15bc-453c-955c-fd27adf9016d","aa992245-dc20-4688-8711-279522417636","VIT College","18.4635","73.8682","Upper Indira Nagar Bus Depot","18.4682","73.8623","1","REJECTED","Please confirm pickup","No seats available","23","1533","2026-10-29T07:00:00.000Z","2026-09-20T14:30:00.000Z"
"a0a117d8-b614-413c-81a7-14faa0624001","7f26a95b-2271-4604-96f8-020cce5b4e5a","3a674059-212e-43b5-bfeb-fc6ed59e20f7","Swargate BRTS Stop","18.4982","73.8588","VIT College","18.4635","73.8682","1","CANCELLED","Please confirm pickup","","11","1534","2026-10-29T14:15:00.000Z","2026-09-20T19:30:00.000Z"
"6a409b8e-600d-40f8-836a-a58979cd11a1","19cf44e4-1c4e-447c-8642-a6400160c5f6","e49978a2-3a3c-40a9-aa44-f434bfa66b81","VIT College","18.4635","73.8682","Bibwewadi Bus Stop","18.4792","73.8615","1","ACCEPTED","","","25","1535","2026-10-31T04:00:00.000Z","2026-09-20T21:30:00.000Z"
"c344ecb0-bfbf-4938-b636-423fd5c03af2","d5f8b7ff-1ca7-4515-845e-2a47b27ebb3d","e338d25f-f71d-4949-82c9-72ff79bd50e0","Lower Indira Nagar Stop","18.4718","73.8618","VIT College","18.4635","73.8682","1","ACCEPTED","I will wait at the hub","","13","1536","2026-10-30T03:15:00.000Z","2026-09-20T11:30:00.000Z"
"3b9f7348-da46-42d2-99aa-c96ba537ec3b","72bb384d-a783-4648-9d05-e14a47cf3d8f","fd00b702-8bbe-4108-ab3e-1e21ba029f40","VIT College","18.4635","73.8682","Balaji Nagar BRTS","18.4628","73.8577","1","ACCEPTED","Please confirm pickup","","29","1537","2026-11-02T16:00:00.000Z","2026-09-20T19:30:00.000Z"
"16661297-7367-4498-8e9d-6bb329ae6e01","b2daa0a6-5836-4cf0-b8f5-5bde896f302b","b4c86de6-995d-4335-a3bb-265de522aecf","Swargate PMPML Main Bus Stand","18.4991","73.8583","VIT College","18.4635","73.8682","1","PENDING","I will wait at the hub","","71","1538","2026-11-03T13:15:00.000Z","2026-09-21T06:30:00.000Z"
"8f574785-b315-4d50-b55c-2a13787f22ff","7492c402-6884-42d7-b59a-744d9e152f50","c9ab0de5-362b-43a7-9367-b620469096dd","VIT College","18.4635","73.8682","Lower Indira Nagar Stop","18.4718","73.8618","1","COMPLETED","","","5","1539","2026-11-03T01:00:00.000Z","2026-09-20T12:30:00.000Z"
"633a4358-d6dd-4a43-bc47-cd14dd2de516","69749b31-ab8f-465d-aeed-75509f596ee2","ec928319-dcb1-4ffc-9713-393fac2f402a","Bibwewadi Bus Stop","18.4792","73.8615","VIT College","18.4635","73.8682","1","PENDING","","","68","1540","2026-08-07T02:15:00.000Z","2026-09-20T20:30:00.000Z"
"429c535c-a6ee-4997-8f08-240532adc168","613ba694-3e7c-43c2-85d9-8c48e3915e08","4fee29cb-0687-44a2-9f09-3ba85cef33d1","VIT College","18.4635","73.8682","Bharati Vidyapeeth","18.456","73.8574","1","PENDING","Please confirm pickup","","8","1541","2026-08-07T18:00:00.000Z","2026-09-20T15:30:00.000Z"
"49abf6a6-0fef-4b7d-b6a0-6b613e3d5ff2","ee8ac974-e22a-48eb-886a-1e97cec25f9b","9e5cb7c9-7ef5-48c4-9a63-9e419dbc1b10","Laxmi Narayan Theatre","18.4965","73.8584","VIT College","18.4635","73.8682","1","CANCELLED","Please confirm pickup","","8","1542","2026-08-07T04:15:00.000Z","2026-09-20T19:30:00.000Z"
"edea674d-1f61-4cea-ae7e-2f8ade0c9b0b","60be6092-85d6-46cb-86d2-64c2d92b96a5","8e8cd61b-b7bc-4aca-9fce-e812388f43cc","VIT College","18.4635","73.8682","Kashinath Patil Nagar Stop","18.4745","73.8631","1","CANCELLED","","","37","1543","2026-08-09T02:00:00.000Z","2026-09-21T02:30:00.000Z"
"afe34293-3346-4e92-865d-87c27653cc64","21801c4b-5ec6-48d9-859b-744725bb4c6b","286cf4ab-43ca-4259-b0fc-da25195d0244","Panchami BRTS","18.4902","73.8586","VIT College","18.4635","73.8682","1","CANCELLED","","","29","1544","2026-08-09T15:15:00.000Z","2026-09-21T04:30:00.000Z"
"166b9a51-51c6-480a-998d-1e5f5018adb5","f8ef6e23-d0a7-498e-9054-ac248c942867","8574ead2-c80a-462a-8ad9-5f880cff1bd5","VIT College","18.4635","73.8682","Katraj Terminal","18.4471","73.8562","1","CANCELLED","Please confirm pickup","","36","1545","2026-08-11T12:00:00.000Z","2026-09-21T05:30:00.000Z"
"6cff6207-4eb9-4af0-8bab-76eb62cfa0f7","1f515b63-70bd-43ce-b2b6-42af637e7a4a","97e2c868-d328-4e04-a87f-cdd9bf32f321","Laxmi Narayan Theatre","18.4965","73.8584","VIT College","18.4635","73.8682","1","COMPLETED","Please confirm pickup","","27","1546","2026-08-11T20:15:00.000Z","2026-09-21T04:30:00.000Z"
"83f2b7ec-70ba-4e8f-878f-19fcccbabf9e","62a6ad9d-040a-46b9-86a4-98e88b3b4478","6dbaac16-eca9-4619-9461-cf1f791691ff","VIT College","18.4635","73.8682","Bibwewadi Bus Stop","18.4792","73.8615","1","CANCELLED","Please confirm pickup","","25","1547","2026-08-14T02:00:00.000Z","2026-09-20T15:30:00.000Z"
"36460e92-fa1a-4982-a038-7dd2d784badf","6fc8d650-22f8-42f1-b4c9-bdcadd3364d9","a0c0f44b-0991-4b2f-8eac-5c0f929d5d9a","Market Yard Corner","18.4792","73.8581","VIT College","18.4635","73.8682","1","COMPLETED","I will wait at the hub","","15","1548","2026-08-13T13:15:00.000Z","2026-09-21T04:30:00.000Z"
"f606c213-f4ea-46ac-b43d-184e5836466f","e93b9a72-7b21-49b6-bce7-658180d0c954","93fc6c87-52d4-41ea-a349-e5ddc835fe35","VIT College","18.4635","73.8682","Bibwewadi Bus Stop","18.4792","73.8615","1","REJECTED","I will wait at the hub","No seats available","53","1549","2026-08-17T09:00:00.000Z","2026-09-20T20:30:00.000Z"
"1fd4bb5d-1a4d-4acd-ae34-7b3752214905","31c4e25f-857a-4921-b0e3-4b44ed68b09f","cba87ecd-54b1-4aae-9469-fa73c5a1965e","Bibwewadi Bus Stop","18.4792","73.8615","VIT College","18.4635","73.8682","1","CANCELLED","","","29","1550","2026-08-16T19:15:00.000Z","2026-09-20T22:30:00.000Z"
"c5dd38e6-5de0-4a59-84ab-a7405fe05b66","4ac163ce-436a-4798-8087-7007c8533bb9","7bb61148-2622-4c7a-a643-c561dfafb01a","VIT College","18.4635","73.8682","Kashinath Patil Nagar Stop","18.4745","73.8631","1","PENDING","I will wait at the hub","","12","1551","2026-08-19T11:00:00.000Z","2026-09-20T22:30:00.000Z"
"556ad656-e739-4fbe-8412-492f0ad852f3","fbb01cb7-ffcc-4c55-bcb6-a3649322d9f7","c1485f8d-0ff6-4d51-a3fe-b9cc726fcca1","Lower Indira Nagar Stop","18.4718","73.8618","VIT College","18.4635","73.8682","1","REJECTED","Please confirm pickup","No seats available","26","1552","2026-08-19T02:15:00.000Z","2026-09-21T01:30:00.000Z"
"b9ea180c-8595-4aa0-8ede-ec9b70322451","4e0d44dd-4e24-4759-80f9-aa605a9da707","52587ca0-dfe6-482f-bcac-5efecd9cb9c3","VIT College","18.4635","73.8682","Bibwewadi Bus Stop","18.4792","73.8615","1","ACCEPTED","Please confirm pickup","","9","1553","2026-08-20T10:00:00.000Z","2026-09-20T12:30:00.000Z"
"eacd8b82-c148-4215-abf0-5c57054c8c42","df163bed-b810-40fd-a447-881153897bef","adfaa168-2d4e-439d-b336-2a1e0b068a71","Swargate PMPML Main Bus Stand","18.4991","73.8583","VIT College","18.4635","73.8682","1","PENDING","Please confirm pickup","","3","1554","2026-08-19T03:15:00.000Z","2026-09-20T17:30:00.000Z"
"36a216d8-5f4c-489c-9455-9a64ed620268","6c7c1fe1-6540-4e1a-9e85-46a542e5a84b","bc632420-5e50-4e7f-82f8-381b3e8cb729","VIT College","18.4635","73.8682","Bharati Vidyapeeth","18.456","73.8574","1","REJECTED","I will wait at the hub","No seats available","23","1555","2026-08-20T23:00:00.000Z","2026-09-20T22:30:00.000Z"
"68127fc3-dd7a-40b3-90b1-2d025acef7f4","ca344930-0efc-4f26-bc6f-a9006900db8e","c352d64d-d07b-4edc-951e-c01334524a56","Panchami BRTS","18.4902","73.8586","VIT College","18.4635","73.8682","1","REJECTED","Please confirm pickup","No seats available","9","1556","2026-08-21T14:15:00.000Z","2026-09-20T12:30:00.000Z"
"48721c56-8f20-41f3-87cc-f2de37a176d5","123e508f-3ea8-4690-9d05-50b9c726385e","4a67ecba-b514-4d87-beb3-0515635ecc2e","VIT College","18.4635","73.8682","KK Market BRTS","18.4683","73.8579","1","PENDING","Please confirm pickup","","44","1557","2026-08-23T18:00:00.000Z","2026-09-20T13:30:00.000Z"
"3a0565b1-887c-4838-b74f-b0da100d072c","2be199f1-236b-4c4c-95d5-07a1a637ba28","5a542579-2130-44d7-a1c7-dde5ad030d85","Chintamani Nagar","18.4651","73.864","VIT College","18.4635","73.8682","1","CANCELLED","","","24","1558","2026-08-24T10:15:00.000Z","2026-09-20T23:30:00.000Z"
"3a9eb8e3-c1b5-4c2d-bdb3-3444771ee537","4f28a994-b09c-4eb8-a485-90791a66b290","48157b16-b775-431a-954d-8b033f391056","VIT College","18.4635","73.8682","Katraj Terminal","18.4471","73.8562","1","REJECTED","Please confirm pickup","No seats available","37","1559","2026-08-25T11:00:00.000Z","2026-09-21T01:30:00.000Z"
"3951249f-364f-4c02-b01e-31f68eabe6e6","486c7829-8841-4380-a7f0-e36a01eeca68","83beeb25-e5a8-4d3e-aab1-07e4280fae11","Market Yard Corner","18.4792","73.8581","VIT College","18.4635","73.8682","1","REJECTED","","No seats available","8","1560","2026-08-26T08:15:00.000Z","2026-09-20T20:30:00.000Z"
"234224a4-aef7-426c-a4f0-c7e4865d7fd8","779af6dc-6f98-41d7-ab09-ee759fac0e2f","f16b2296-c08c-4229-b1cd-9d4425b7954a","VIT College","18.4635","73.8682","Kashinath Patil Nagar Stop","18.4745","73.8631","1","PENDING","Please confirm pickup","","18","1561","2026-08-26T17:00:00.000Z","2026-09-20T20:30:00.000Z"
"7aa60e99-ee6d-491b-b3b4-a84b01f2bef2","5c8a72b3-0e4a-4109-b60b-3bbd846479c9","2f39eb16-ab4f-4c25-a572-9a7be1ef7dcd","Kashinath Patil Nagar Stop","18.4745","73.8631","VIT College","18.4635","73.8682","1","CANCELLED","","","14","1562","2026-08-28T16:15:00.000Z","2026-09-21T01:30:00.000Z"
"88eef3c8-67e9-4bfe-810f-b4b07e5dc93f","6c723a3b-9cf7-4c29-acea-b8e91eac6037","b9a94dba-cbdd-4dab-b668-c38541a542df","VIT College","18.4635","73.8682","Upper Indira Nagar Bus Depot","18.4682","73.8623","1","CANCELLED","","","32","1563","2026-08-29T20:00:00.000Z","2026-09-20T23:30:00.000Z"
"07cda7fc-b1c2-4532-a896-413a52d026b6","9ea78b52-e13e-41aa-b6e6-c6fb804b9d6a","91b6dba8-c5ee-49b6-8e0e-cdb6deb6d498","Kashinath Patil Nagar Stop","18.4745","73.8631","VIT College","18.4635","73.8682","1","CANCELLED","Please confirm pickup","","73","1564","2026-08-30T12:15:00.000Z","2026-09-20T15:30:00.000Z"
"7896f6de-81fb-42b4-9d45-dbe9a42606dc","c66dd1ed-18b4-4685-afa4-ba930d2ec6ae","5bfe2107-4596-4e4b-8e28-b4761607f7e9","VIT College","18.4635","73.8682","Upper Indira Nagar Bus Depot","18.4682","73.8623","1","ACCEPTED","","","29","1565","2026-09-02T09:00:00.000Z","2026-09-20T19:30:00.000Z"
"c1529c9e-934a-4c93-ac79-2e8843e14b19","4b422e98-d5a6-4579-aa76-42b78890e429","eb966ee8-6300-4734-85a3-fe051d2fa003","Swargate BRTS Stop","18.4982","73.8588","VIT College","18.4635","73.8682","1","CANCELLED","Please confirm pickup","","5","1566","2026-09-02T03:15:00.000Z","2026-09-21T05:30:00.000Z"
"59594716-c9c0-4da1-83df-f8fb5ad67a90","ba00c892-2844-4ab3-879b-9a9dc2b0af3f","b3149c9d-7e24-49af-9af5-ce51be3f88b9","VIT College","18.4635","73.8682","Shankar Maharaj Math","18.4735","73.8579","1","REJECTED","Please confirm pickup","No seats available","27","1567","2026-09-01T16:00:00.000Z","2026-09-20T12:30:00.000Z"
"806fc254-978f-4c39-afb2-a68698022fb9","3b1db765-fbbb-466f-a731-bc05630e3858","5b200900-fdec-42f4-bd7a-10e50182556a","City Pride BRTS","18.4845","73.8583","VIT College","18.4635","73.8682","1","PENDING","I will wait at the hub","","28","1568","2026-09-03T20:15:00.000Z","2026-09-21T06:30:00.000Z"
"1fe9a5f0-1225-40bb-90d8-1c6066f1d756","1b8a5b75-d5a5-49f6-a51f-892105a811d8","ff4be7d8-c958-42da-b75f-f3df6987f079","VIT College","18.4635","73.8682","Balaji Nagar BRTS","18.4628","73.8577","1","COMPLETED","Please confirm pickup","","18","1569","2026-09-03T15:00:00.000Z","2026-09-20T16:30:00.000Z"
"289ace97-8990-4f63-aa32-59fbb823556b","5b9cb057-d1d3-4cf0-ad40-f0f71cabc014","abc3a47b-8ad1-4b85-9c68-7d9ca2c6091e","Laxmi Narayan Theatre","18.4965","73.8584","VIT College","18.4635","73.8682","1","ACCEPTED","","","21","1570","2026-09-06T23:15:00.000Z","2026-09-21T01:30:00.000Z"
"0f17dad1-f7df-4dcf-965d-7bdf0334d9f2","45ab89bc-1712-4465-8ccc-7655a5de55f9","a4e13249-216e-49cd-8abf-6f5bd9c3fe4c","VIT College","18.4635","73.8682","Market Yard Corner","18.4792","73.8581","1","PENDING","I will wait at the hub","","15","1571","2026-09-06T05:00:00.000Z","2026-09-20T17:30:00.000Z"
"dd90a636-22b4-44ac-826f-f4ef6a8fbc3c","6db03bbb-4d28-4aa6-ab41-981cd5606957","9449171f-669b-4ae3-8a11-85c2698005b4","Market Yard Corner","18.4792","73.8581","VIT College","18.4635","73.8682","1","ACCEPTED","I will wait at the hub","","26","1572","2026-09-06T10:15:00.000Z","2026-09-20T19:30:00.000Z"
"2edf9d15-f8d0-4d2f-b49d-928ad4b1b8e8","60ddfbc2-dcb5-4b92-a7c4-51c191b4a376","7b50af0a-e87a-4600-b547-06ff9da50ada","VIT College","18.4635","73.8682","Katraj Dairy BRTS","18.4508","73.8569","1","COMPLETED","Please confirm pickup","","24","1573","2026-09-09T19:00:00.000Z","2026-09-20T15:30:00.000Z"
"73bcdb61-d7fa-49ca-9dcf-49cd475c4796","c9a57223-aeb8-4e50-9854-0070f3c536ba","49e5dc79-ab6d-4188-9d10-62c1b84c7f5c","Panchami BRTS","18.4902","73.8586","VIT College","18.4635","73.8682","1","ACCEPTED","","","2","1574","2026-09-08T05:15:00.000Z","2026-09-20T13:30:00.000Z"
"954ca606-0c1d-4094-949a-2e277f98bf3e","9ee59e35-056b-4d71-ac1c-341202fb26ed","b9d9e60d-de32-4732-8eb8-480e0e81bcbf","VIT College","18.4635","73.8682","Chintamani Nagar","18.4651","73.864","1","PENDING","","","1","1575","2026-09-11T02:00:00.000Z","2026-09-20T12:30:00.000Z"
"e61c187f-ac0f-4481-9c69-99d17ea4c534","95e93a87-27ee-4ca0-b3cd-8695eb53eb78","15d12fa2-5285-4e19-a290-344ead002d9f","City Pride BRTS","18.4845","73.8583","VIT College","18.4635","73.8682","1","REJECTED","","No seats available","15","1576","2026-09-11T17:15:00.000Z","2026-09-20T11:30:00.000Z"
"2b0197aa-e0ef-4121-b250-5dd1e58db578","0065da03-c4a0-463b-bbce-a338e78a7abd","772a4089-be1c-415b-9115-5af745dcbd7e","VIT College","18.4635","73.8682","Bibwewadi Bus Stop","18.4792","73.8615","1","CANCELLED","I will wait at the hub","","9","1577","2026-09-14T11:00:00.000Z","2026-09-21T00:30:00.000Z"
"3625368e-4d0f-4ed5-b357-1df2981771b3","f2388f06-651a-4bbc-844e-a18f213c7c17","dae29690-62f3-4202-8961-05b05ec7dcc6","Kashinath Patil Nagar Stop","18.4745","73.8631","VIT College","18.4635","73.8682","1","ACCEPTED","Please confirm pickup","","3","1578","2026-09-12T15:15:00.000Z","2026-09-21T01:30:00.000Z"
"50a58766-2e71-4238-ac0c-e92e6bd24bac","9ccd89c5-9b93-4a5e-94b7-69b12d8c1962","b53fb963-29ea-4299-915f-2cf34647fe2b","VIT College","18.4635","73.8682","Chintamani Nagar","18.4651","73.864","1","REJECTED","Please confirm pickup","No seats available","18","1579","2026-09-16T03:00:00.000Z","2026-09-21T06:30:00.000Z"
"2f04f9be-1251-4255-baef-41c918cf6333","80f4cb7d-0003-407e-aa9f-5d4d85dac997","02927b89-ffa8-40e0-963e-2651a35e576d","Chintamani Nagar","18.4651","73.864","VIT College","18.4635","73.8682","1","PENDING","","","56","1580","2026-09-15T02:15:00.000Z","2026-09-21T03:30:00.000Z"
"e6791e71-fb91-42a9-9aeb-3e44a8317478","79b43ff4-87f4-4ace-8679-16b42cb33ad5","aa3e3c66-ecde-4e1f-9ce3-1617c0ecdcef","VIT College","18.4635","73.8682","Katraj Dairy BRTS","18.4508","73.8569","1","COMPLETED","","","6","1581","2026-09-18T09:00:00.000Z","2026-09-20T16:30:00.000Z"
"080b9395-9637-4411-83f0-08ef68958159","6f535cbb-80e2-4968-bcd9-f7016b177cae","e0ad93ac-7350-43c7-be63-6b8925810342","Laxmi Narayan Theatre","18.4965","73.8584","VIT College","18.4635","73.8682","1","ACCEPTED","I will wait at the hub","","22","1582","2026-09-16T06:15:00.000Z","2026-09-21T02:30:00.000Z"
"84025dd8-8956-45d8-b974-68b1c4ae27c6","23626a72-9385-46f6-a839-c14d118dd91b","1734859f-c79f-4dfa-95dd-e252c5d669fc","VIT College","18.4635","73.8682","Lower Indira Nagar Stop","18.4718","73.8618","1","REJECTED","I will wait at the hub","No seats available","28","1583","2026-09-19T05:00:00.000Z","2026-09-20T17:30:00.000Z"
"5e3df21a-9e52-4a24-9c42-686141e8160b","ba7bfc1b-25ba-4a42-a0a3-a144d7ec29ae","3a8f1c12-2394-4eb5-8694-7152af59c7d0","Upper Indira Nagar Bus Depot","18.4682","73.8623","VIT College","18.4635","73.8682","1","ACCEPTED","I will wait at the hub","","39","1584","2026-09-20T20:15:00.000Z","2026-09-21T00:30:00.000Z"
"19af84a5-9ad8-475e-9043-a8ddb8769c90","f7c3edde-8d74-4490-afc2-6830ce3be3e9","443d0a1a-c4da-4cf7-9517-4c02de0dff9c","VIT College","18.4635","73.8682","Balaji Nagar BRTS","18.4628","73.8577","1","ACCEPTED","Please confirm pickup","","37","1585","2026-09-20T06:00:00.000Z","2026-09-20T18:30:00.000Z"
"469cc84d-373b-45c2-b826-d1068f750673","383334eb-8e6f-45e0-a74f-f27d7923a853","5c76a658-080e-4482-b7f5-3c04ef99ff4f","Swargate PMPML Main Bus Stand","18.4991","73.8583","VIT College","18.4635","73.8682","1","COMPLETED","I will wait at the hub","","6","1586","2026-09-22T12:15:00.000Z","2026-09-20T22:30:00.000Z"
"37f48b0c-1623-4d99-bfa6-97e2e8ecca3f","f7b6f59b-ebce-4ea1-a91a-c0ed82b55535","fa4b13bc-6768-4b5d-843e-2b8836ed9113","VIT College","18.4635","73.8682","Kashinath Patil Nagar Stop","18.4745","73.8631","1","ACCEPTED","I will wait at the hub","","26","1587","2026-09-22T01:00:00.000Z","2026-09-21T05:30:00.000Z"
"a1ab1659-d6b7-4abe-a0c8-a1587d56f8a2","77248a4c-1d18-46aa-bda2-50badfa9a128","2139d70e-ad87-4ff0-985d-00ddaa9d1f33","Swargate BRTS Stop","18.4982","73.8588","VIT College","18.4635","73.8682","1","REJECTED","","No seats available","12","1588","2026-09-23T22:15:00.000Z","2026-09-20T23:30:00.000Z"
"fa77b345-8ba5-4d46-ab8a-5644c9853c02","0e23714a-8fc8-4516-913a-d61ce96d2f6c","916eed74-db65-4e11-bce1-ffc16e674a10","VIT College","18.4635","73.8682","Katraj Terminal","18.4471","73.8562","1","ACCEPTED","","","30","1589","2026-09-25T13:00:00.000Z","2026-09-20T11:30:00.000Z"
"3d359b33-a77a-46ab-8309-004d7d13a8b1","659bb4cc-28f2-40ec-9aa2-12bca3d2f4c6","bab50b6c-7a07-4417-adaf-0a3f199ba726","Swargate PMPML Main Bus Stand","18.4991","73.8583","VIT College","18.4635","73.8682","1","REJECTED","I will wait at the hub","No seats available","28","1590","2026-09-26T21:15:00.000Z","2026-09-20T23:30:00.000Z"
"699ad1e5-d620-4004-98b6-7cf3c1296c2c","a040ab92-a6d6-4fa4-8342-cb29cac3e2b3","7f819a59-7908-47e3-8d88-f31823ce6b9f","VIT College","18.4635","73.8682","Upper Indira Nagar Bus Depot","18.4682","73.8623","1","REJECTED","I will wait at the hub","No seats available","4","1591","2026-09-27T00:00:00.000Z","2026-09-20T23:30:00.000Z"
"f9da012a-0ab1-4a28-bbe7-24279193aa0c","797003c1-bbcb-4d03-8990-1644062bd768","fa8313a6-d0cd-4c89-ac5a-1bcf559767e4","Swargate BRTS Stop","18.4982","73.8588","VIT College","18.4635","73.8682","1","REJECTED","I will wait at the hub","No seats available","28","1592","2026-09-27T20:15:00.000Z","2026-09-21T04:30:00.000Z"
"24009baa-ce1d-41f3-97e6-792ba991970c","efbb5164-3247-4ace-bf91-60acbfeffdd1","25e86fcd-e6f3-4cae-abe5-69da8dc4879a","VIT College","18.4635","73.8682","KK Market BRTS","18.4683","73.8579","1","REJECTED","I will wait at the hub","No seats available","27","1593","2026-09-28T05:00:00.000Z","2026-09-20T13:30:00.000Z"
"a454c5c6-b3b2-451d-b141-2e0ec9aa909f","26051dbe-7196-4480-9f96-304a9a97e6a6","7ecb9a58-e71e-47e3-b199-1b14f78ab1cd","City Pride BRTS","18.4845","73.8583","VIT College","18.4635","73.8682","1","PENDING","Please confirm pickup","","25","1594","2026-09-28T17:15:00.000Z","2026-09-21T02:30:00.000Z"
"449ba606-c43f-4355-b6ed-500e326d253b","9b0536cc-3796-4542-a244-927ad576e6cb","61a5fb10-8cc3-48db-a009-2fdb4eb9c378","VIT College","18.4635","73.8682","Market Yard Corner","18.4792","73.8581","1","ACCEPTED","I will wait at the hub","","28","1595","2026-09-30T22:00:00.000Z","2026-09-20T10:30:00.000Z"
"002b2daf-824f-4044-bee8-3e1a2ca21a12","b8e91512-a362-4886-a19a-d3890cbb5545","11e76d6b-888c-4c86-a3f2-2d4bab255598","Swargate PMPML Main Bus Stand","18.4991","73.8583","VIT College","18.4635","73.8682","1","CANCELLED","I will wait at the hub","","6","1596","2026-10-02T05:15:00.000Z","2026-09-20T12:30:00.000Z"
"e40876c8-b449-4ce2-b520-d42992d70d40","84e3ef14-da9e-426d-9e7d-2c0ac184c535","38d92c3f-f6e4-4c90-add9-6f5ecbcd5bde","VIT College","18.4635","73.8682","Katraj Dairy BRTS","18.4508","73.8569","1","PENDING","Please confirm pickup","","68","1597","2026-10-01T15:00:00.000Z","2026-09-21T04:30:00.000Z"
"b5585989-9099-4dee-8974-36600b6f0cf0","0b5519b2-104f-4bca-b458-64f4400b8d97","5b9101ca-8247-4c12-bf7c-68abf2b98166","Kashinath Patil Nagar Stop","18.4745","73.8631","VIT College","18.4635","73.8682","1","CANCELLED","I will wait at the hub","","34","1598","2026-10-04T01:15:00.000Z","2026-09-20T15:30:00.000Z"
"8d454d65-5e76-46e7-9763-77f5ac13e9ff","8032cd99-e12f-4ec2-9569-017e1ae509a9","95204930-6f62-4024-8493-801a30e46f1a","VIT College","18.4635","73.8682","Market Yard Corner","18.4792","73.8581","1","ACCEPTED","I will wait at the hub","","79","1599","2026-10-03T21:00:00.000Z","2026-09-20T15:30:00.000Z"
"dc50809a-68b2-4c1d-a599-8009c2fec778","56b7d79f-522f-4f5a-8729-1e0fc9091cab","ce05a8a6-09ab-4705-92d1-3f61a51fd69d","Panchami BRTS","18.4902","73.8586","VIT College","18.4635","73.8682","1","PENDING","Please confirm pickup","","24","1600","2026-10-05T22:15:00.000Z","2026-09-20T23:30:00.000Z"
"fbb38889-80b5-43ff-9400-61f9c77190c4","f15d4dc8-30c1-4d57-b9f7-d956cd6d67cb","2f12a413-553c-4203-bffb-955e3123875f","VIT College","18.4635","73.8682","Lower Indira Nagar Stop","18.4718","73.8618","1","ACCEPTED","I will wait at the hub","","23","1601","2026-10-06T09:00:00.000Z","2026-09-20T19:30:00.000Z"
"92b83d12-677e-4765-9753-c99e4f9ae8aa","61821a7c-59ee-49c4-9f97-33222e7a3e05","7a6f894d-c3ee-4aa4-a5c8-b62bdfa18164","Panchami BRTS","18.4902","73.8586","VIT College","18.4635","73.8682","1","CANCELLED","","","47","1602","2026-10-07T11:15:00.000Z","2026-09-20T14:30:00.000Z"
"4091a547-84a0-491a-b2d4-8d762f13448b","56c03a0f-fed6-4ca7-82c5-f3d96fb219b8","f0be6e7d-be56-4dae-a215-ca68d901c731","VIT College","18.4635","73.8682","Kashinath Patil Nagar Stop","18.4745","73.8631","1","ACCEPTED","Please confirm pickup","","14","1603","2026-10-09T02:00:00.000Z","2026-09-20T18:30:00.000Z"
"77abf78f-7b28-43d8-bffd-58e1c67f2709","ae5704d3-79c1-48bf-b46d-1a276feed183","6afa4784-41a5-471b-8dbf-dcd4ef8d1af1","Swargate PMPML Main Bus Stand","18.4991","73.8583","VIT College","18.4635","73.8682","1","ACCEPTED","I will wait at the hub","","13","1604","2026-10-09T18:15:00.000Z","2026-09-20T21:30:00.000Z"
"3c0f7d27-d323-4efe-85a0-2e89499eeefe","9b4e14f4-6393-478e-9967-9ba1024e5111","ef881127-bf53-4e44-ac88-4d08e32ca7a0","VIT College","18.4635","73.8682","Balaji Nagar BRTS","18.4628","73.8577","1","PENDING","","","20","1605","2026-10-09T23:00:00.000Z","2026-09-21T03:30:00.000Z"
"de6991d1-8028-4112-8a6b-257428af7430","9ee17578-577a-4d17-91ea-a1862a7bb957","b2a75502-d4ef-429e-8b73-61e440e0983f","Upper Indira Nagar Bus Depot","18.4682","73.8623","VIT College","18.4635","73.8682","1","COMPLETED","","","16","1606","2026-10-12T21:15:00.000Z","2026-09-20T22:30:00.000Z"
"5b55b85e-5c27-497c-9c0d-14eda665c6a6","cc7a7726-535c-4056-bf4a-94ef2b88d03d","b3d23434-7107-4dee-ad1b-eebdb7958392","VIT College","18.4635","73.8682","Shankar Maharaj Math","18.4735","73.8579","1","CANCELLED","Please confirm pickup","","19","1607","2026-10-13T15:00:00.000Z","2026-09-20T23:30:00.000Z"
"a5fcab95-6762-4616-93a4-b258cacca761","72bf91fc-d001-4a56-82a4-d1eb501ba250","24d2a11e-ee6c-4f5b-80ff-7fb9eb39ac32","Market Yard Corner","18.4792","73.8581","VIT College","18.4635","73.8682","1","REJECTED","Please confirm pickup","No seats available","20","1608","2026-10-13T04:15:00.000Z","2026-09-20T10:30:00.000Z"
"28eca3a1-a8ec-4cc3-9059-967e8f108978","b57bb7d4-6e87-4871-8a6a-4e0c24c47d5e","37b52895-1597-4763-836c-78a8301f11b4","VIT College","18.4635","73.8682","Bharati Vidyapeeth","18.456","73.8574","1","REJECTED","I will wait at the hub","No seats available","71","1609","2026-10-15T19:00:00.000Z","2026-09-20T20:30:00.000Z"
"d4a5948e-ea77-4dfc-807b-cb42699ae599","de3d37bf-00e4-47d1-a5dc-f06a4ad52cc9","5adcb3aa-a473-41ba-8a29-2fa570db158b","Market Yard Corner","18.4792","73.8581","VIT College","18.4635","73.8682","1","REJECTED","I will wait at the hub","No seats available","18","1610","2026-10-15T07:15:00.000Z","2026-09-20T19:30:00.000Z"
"bfcf5a39-c915-45a1-be5a-d2459def98f8","f411ea9b-73d0-472c-95c5-b62213b7b36a","3e9526f5-f65f-4da1-a2b1-553ce23973f7","VIT College","18.4635","73.8682","Lower Indira Nagar Stop","18.4718","73.8618","1","REJECTED","I will wait at the hub","No seats available","20","1611","2026-10-17T09:00:00.000Z","2026-09-20T19:30:00.000Z"
"41fd7d7f-dff2-4f00-9143-cbb91c14a210","b8d59a45-5514-4c99-8110-80bd75766604","fbb85f19-6812-469a-9a7e-c060b8e1330e","Market Yard Corner","18.4792","73.8581","VIT College","18.4635","73.8682","1","COMPLETED","I will wait at the hub","","21","1612","2026-10-17T04:15:00.000Z","2026-09-20T16:30:00.000Z"
"c667a7de-af7b-4de0-b0ac-ac1e1d690b01","aeda5618-e936-41db-9c78-baceabe60e7c","4e00ed27-5fe2-4835-b43b-aad7700f4e90","VIT College","18.4635","73.8682","Lower Indira Nagar Stop","18.4718","73.8618","1","CANCELLED","I will wait at the hub","","6","1613","2026-10-17T19:00:00.000Z","2026-09-21T04:30:00.000Z"
"f0d1b85c-9117-432f-a7a3-f64ee372043f","94cdd2bb-0863-4cd7-88f6-01b233e9a98e","85802130-aece-4a5c-b091-be9de76fa62e","Market Yard Corner","18.4792","73.8581","VIT College","18.4635","73.8682","1","REJECTED","I will wait at the hub","No seats available","16","1614","2026-10-18T17:15:00.000Z","2026-09-20T14:30:00.000Z"
"4c8066e1-0609-4fb9-89d0-98b27e55595c","7c208ee0-ee1a-43cd-8991-2b2d1517daa1","1e8f38cb-b0ae-4701-9268-3c8e55456ef9","VIT College","18.4635","73.8682","KK Market BRTS","18.4683","73.8579","1","REJECTED","","No seats available","30","1615","2026-10-19T15:00:00.000Z","2026-09-20T23:30:00.000Z"
"8ea6950e-e43b-46eb-9770-a0bf3478c725","9e62d7b8-e849-4ca3-a5d9-64e5775dbaee","033a0415-353b-46da-a08f-1e6fb661c073","Kashinath Patil Nagar Stop","18.4745","73.8631","VIT College","18.4635","73.8682","1","PENDING","I will wait at the hub","","43","1616","2026-10-21T05:15:00.000Z","2026-09-20T13:30:00.000Z"
"e668db3d-95bf-436c-a016-c61cd318edac","b5eb8212-e82e-482e-ad38-6ab2bbb79976","09fad991-eb28-483c-a92f-412d005f86e1","VIT College","18.4635","73.8682","Market Yard Corner","18.4792","73.8581","1","PENDING","I will wait at the hub","","18","1617","2026-10-24T09:00:00.000Z","2026-09-20T17:30:00.000Z"
"40281d8e-34db-4d78-94ae-e098ffa912de","468c8426-089c-4852-8bb4-b6e8e1d9b359","47cbbcf7-3a62-4033-9a9b-5d2ebe48617b","Market Yard Corner","18.4792","73.8581","VIT College","18.4635","73.8682","1","PENDING","","","21","1618","2026-10-23T20:15:00.000Z","2026-09-20T22:30:00.000Z"
"25cc5256-02c9-4540-b1d2-9273d1bf99b2","763a762e-7137-41f7-965b-987915935713","ab1c3a5c-50fe-4a26-b80d-4cd36938d001","VIT College","18.4635","73.8682","Katraj Dairy BRTS","18.4508","73.8569","1","ACCEPTED","","","79","1619","2026-10-25T02:00:00.000Z","2026-09-21T02:30:00.000Z"
"32e7baed-22d5-4e21-9895-87ca126529fe","3f85d0fe-d505-450d-8f11-ecd7bded9f18","c2109785-34d1-4db4-83fd-a38a96ff6385","Market Yard Corner","18.4792","73.8581","VIT College","18.4635","73.8682","1","CANCELLED","I will wait at the hub","","26","1620","2026-10-25T18:15:00.000Z","2026-09-21T02:30:00.000Z"
"1a39af9b-56ba-4fcc-be3d-0675eb07ef2f","18534323-4c1a-42b5-a4dc-3c856f3ec8fb","3f9c3912-4b7f-4630-8ee8-ef4328f8653a","VIT College","18.4635","73.8682","Katraj Terminal","18.4471","73.8562","1","COMPLETED","","","26","1621","2026-10-28T07:00:00.000Z","2026-09-20T23:30:00.000Z"
"eb97dffe-0649-4237-b5dc-cf31154adc42","3c834951-4aec-45a4-8748-bd87d62f01f9","d6e02938-24dd-495b-9cf8-9fdde224b304","Bibwewadi Bus Stop","18.4792","73.8615","VIT College","18.4635","73.8682","1","ACCEPTED","I will wait at the hub","","21","1622","2026-10-28T01:15:00.000Z","2026-09-20T13:30:00.000Z"
"b19ce1db-38d7-4ebc-85aa-f0a3f11b5e34","e95fdd7d-c8c4-4511-847f-3c16f8ef073a","165aff37-2b73-412f-8558-09a275acac4f","VIT College","18.4635","73.8682","Market Yard Corner","18.4792","73.8581","1","CANCELLED","I will wait at the hub","","25","1623","2026-10-28T13:00:00.000Z","2026-09-20T15:30:00.000Z"
"2f2f6479-aedf-4cf5-b36b-85e1ed6c3892","96d05428-1969-43da-b74a-ede422582c45","921d32f1-c9a7-43cd-89fc-af62a5d8d609","Swargate PMPML Main Bus Stand","18.4991","73.8583","VIT College","18.4635","73.8682","1","ACCEPTED","Please confirm pickup","","8","1624","2026-10-29T10:15:00.000Z","2026-09-20T14:30:00.000Z"
"86b6cfa2-90db-4e0f-99b6-a1dc2abc0ccf","fb4759b7-dc26-4c49-ba24-4223ea1311a3","cd22228b-a880-42a9-b5b5-fa0701f9c386","VIT College","18.4635","73.8682","Kashinath Patil Nagar Stop","18.4745","73.8631","1","COMPLETED","Please confirm pickup","","12","1625","2026-10-30T04:00:00.000Z","2026-09-21T03:30:00.000Z"
"3319750d-e780-43f4-9058-ff1bb4837758","024a0e49-d344-43eb-bb9a-842b30d830b2","46c4f251-86ea-4605-9b4a-0a7b31ba73c3","Swargate BRTS Stop","18.4982","73.8588","VIT College","18.4635","73.8682","1","CANCELLED","I will wait at the hub","","23","1626","2026-10-31T00:15:00.000Z","2026-09-20T14:30:00.000Z"
"3e2905c6-3bd4-42bb-b699-e94eef86ceff","9406b3b7-8f8c-46b1-8a1d-31da7b01ed0f","e3132854-383b-4d80-b4f9-344261841ff2","VIT College","18.4635","73.8682","Bibwewadi Bus Stop","18.4792","73.8615","1","ACCEPTED","I will wait at the hub","","17","1627","2026-11-01T21:00:00.000Z","2026-09-20T19:30:00.000Z"
"62f64e41-b139-4d9c-9362-b61c056bfc75","84be5a55-e829-48c8-ab27-ca6cdff57bb7","4f582076-f405-4dad-b185-9ae556fcc905","Swargate BRTS Stop","18.4982","73.8588","VIT College","18.4635","73.8682","1","PENDING","Please confirm pickup","","18","1628","2026-11-03T12:15:00.000Z","2026-09-20T18:30:00.000Z"
"1ecb327e-599d-4506-b805-cc6b452d5024","dd8a93a1-6a2b-4e4a-8bad-33c62546942a","df141c8b-23ed-41b3-b69d-5959a4d5207e","VIT College","18.4635","73.8682","Shankar Maharaj Math","18.4735","73.8579","1","REJECTED","","No seats available","48","1629","2026-11-04T15:00:00.000Z","2026-09-21T00:30:00.000Z"
"83ea2e3e-2164-4dbf-a9da-f5a480a6ad2b","a67ab61c-bb46-417e-9943-dabd0408943b","c69150f8-4df1-4f92-9ee7-62209c9db1a6","Lower Indira Nagar Stop","18.4718","73.8618","VIT College","18.4635","73.8682","1","REJECTED","I will wait at the hub","No seats available","36","1630","2026-08-05T14:15:00.000Z","2026-09-20T13:30:00.000Z"
"ab2a71dd-e0b6-4b0d-9053-d3b00f11e1c1","8a209adb-8837-4493-aae6-9a4974952f22","e03cedeb-5d97-4486-a7eb-252b7e1f718a","VIT College","18.4635","73.8682","Shankar Maharaj Math","18.4735","73.8579","1","PENDING","I will wait at the hub","","25","1631","2026-08-07T16:00:00.000Z","2026-09-21T06:30:00.000Z"
"49187bfc-57fe-4c97-b8bd-f2fbc1b271d6","3b08269e-3c34-4c2b-83dd-f90ea857bc90","efd497f5-8ba1-4dd5-bcea-20a21ad4b890","Laxmi Narayan Theatre","18.4965","73.8584","VIT College","18.4635","73.8682","1","PENDING","Please confirm pickup","","28","1632","2026-08-08T22:15:00.000Z","2026-09-20T19:30:00.000Z"
"fcaf17ad-baf7-402d-893b-53dd59cdf310","f95b602c-ebc1-4afa-93cb-c23b4f87d0c4","30545805-3fe4-4f18-a8a2-8dccf5ff02fd","VIT College","18.4635","73.8682","Balaji Nagar BRTS","18.4628","73.8577","1","CANCELLED","I will wait at the hub","","2","1633","2026-08-10T23:00:00.000Z","2026-09-20T23:30:00.000Z"
"eab20032-7322-4239-aff8-7c2d35b36d95","f78ce3e9-cfc3-4da4-856f-bd789a920ba8","0ab4c678-1df8-414b-9f8b-66facfcdbc01","Swargate BRTS Stop","18.4982","73.8588","VIT College","18.4635","73.8682","1","PENDING","Please confirm pickup","","79","1634","2026-08-10T19:15:00.000Z","2026-09-20T21:30:00.000Z"
"565f7d92-fcd0-4b38-beae-b324305aadcb","f3c80668-b5bc-4b28-8409-aa52172c2319","0be154a0-2b93-4226-ac8a-ca86dcf33409","VIT College","18.4635","73.8682","Lower Indira Nagar Stop","18.4718","73.8618","1","COMPLETED","Please confirm pickup","","29","1635","2026-08-11T01:00:00.000Z","2026-09-21T01:30:00.000Z"
"54b6cdb1-d359-4ea5-bbbc-97df6f82680f","6a1e5e22-9695-41fc-a0b5-73377192b276","8c232265-ccb7-492a-b875-50ee8bc45208","Chintamani Nagar","18.4651","73.864","VIT College","18.4635","73.8682","1","PENDING","I will wait at the hub","","20","1636","2026-08-14T01:15:00.000Z","2026-09-21T00:30:00.000Z"
"027e05e3-c0f7-4281-bd47-5e9d81f82092","47daf1e2-49a7-4733-bda8-1503d592742f","cb1a579d-c56d-40e0-b768-2d2229dc4a47","VIT College","18.4635","73.8682","Market Yard Corner","18.4792","73.8581","1","COMPLETED","Please confirm pickup","","57","1637","2026-08-13T22:00:00.000Z","2026-09-20T15:30:00.000Z"
"2f0bd038-1f69-441c-94c4-c60b28ff3147","11a65f74-bb06-4b9e-b312-7fa0c89dd3f6","4bc51cf7-3d71-496c-b2e9-01f1fd8c725a","Swargate BRTS Stop","18.4982","73.8588","VIT College","18.4635","73.8682","1","REJECTED","Please confirm pickup","No seats available","57","1638","2026-08-14T08:15:00.000Z","2026-09-20T17:30:00.000Z"
"4e69e9d4-19a1-442a-8b81-e69ee925c88a","899f027c-f213-466b-8a98-1687b4746bca","87c9b6ae-2c7c-4de8-9450-1bd9d4cd713c","VIT College","18.4635","73.8682","KK Market BRTS","18.4683","73.8579","1","REJECTED","Please confirm pickup","No seats available","76","1639","2026-08-15T15:00:00.000Z","2026-09-20T18:30:00.000Z"
"5637ffc6-a1b6-4237-a0bf-98a838d0e7eb","5109e657-8a30-45b3-9ea4-35ee109c2708","4cc1b8ef-4224-4c25-a72f-a96bb3963a45","City Pride BRTS","18.4845","73.8583","VIT College","18.4635","73.8682","1","REJECTED","Please confirm pickup","No seats available","19","1640","2026-08-15T12:15:00.000Z","2026-09-20T12:30:00.000Z"
"4788efaa-16ff-4174-8fd0-1ea34de8ce2f","ec16c5ca-3405-49a3-ad78-f1f074513ee9","d2298097-598d-4264-8db3-a0e927ab6ed1","VIT College","18.4635","73.8682","Katraj Dairy BRTS","18.4508","73.8569","1","COMPLETED","Please confirm pickup","","68","1641","2026-08-16T15:00:00.000Z","2026-09-20T13:30:00.000Z"
"ba8c2f21-f085-4ea0-acfc-95400d3b8982","1e39df68-34c9-4d9c-bcf7-0a13e977d751","856c5003-10e0-491c-b001-245c65a8fb4b","Bibwewadi Bus Stop","18.4792","73.8615","VIT College","18.4635","73.8682","1","PENDING","I will wait at the hub","","8","1642","2026-08-17T14:15:00.000Z","2026-09-20T14:30:00.000Z"
"0e2332dc-6a84-45f8-a67f-1657bccd7a68","7eb746e6-367d-42d6-a42d-bef110f307cf","613365a0-56e0-41a2-a7c9-48b35ec746a1","VIT College","18.4635","73.8682","Bharati Vidyapeeth","18.456","73.8574","1","REJECTED","Please confirm pickup","No seats available","25","1643","2026-08-21T04:00:00.000Z","2026-09-20T14:30:00.000Z"
"e83359b1-a879-4fc4-b9fd-9bfb55ec43eb","3bec7c23-4114-4d6d-a2a8-0d9bb3bf20ad","ce3592dc-d951-4134-a2cd-52dbc233a3f4","Laxmi Narayan Theatre","18.4965","73.8584","VIT College","18.4635","73.8682","1","CANCELLED","","","2","1644","2026-08-19T21:15:00.000Z","2026-09-20T14:30:00.000Z"
"e026b30d-ee54-46f2-99cf-bbe73597523f","47a9d685-3ee4-4c75-a812-d1b50858bd9d","a6724b4c-1f36-4019-9072-772bbdeeca30","VIT College","18.4635","73.8682","Lower Indira Nagar Stop","18.4718","73.8618","1","COMPLETED","Please confirm pickup","","24","1645","2026-08-21T06:00:00.000Z","2026-09-20T19:30:00.000Z"
"fc5014d5-55a8-406c-b17d-bf6276658cf7","61abd12f-67f8-4d49-a1fc-8dba24a42604","2d02ada0-aefc-4d76-9f2f-c57bee3201ac","Kashinath Patil Nagar Stop","18.4745","73.8631","VIT College","18.4635","73.8682","1","ACCEPTED","","","48","1646","2026-08-23T10:15:00.000Z","2026-09-20T20:30:00.000Z"
"1a95da8e-227a-4f85-b32d-576e53b04373","3eda466b-bfae-4cb7-b413-2599e536b7b7","81dfda4a-3ec9-4eae-a7f1-0692e03bb1d0","VIT College","18.4635","73.8682","Lower Indira Nagar Stop","18.4718","73.8618","1","COMPLETED","Please confirm pickup","","5","1647","2026-08-22T12:00:00.000Z","2026-09-20T20:30:00.000Z"
"31c5fdf0-ed8b-452b-a11c-24de4d776771","c0301d26-daa4-4399-9270-dc6177aab1b6","71cd4f7b-3e01-44d7-9657-d28c4544f992","Market Yard Corner","18.4792","73.8581","VIT College","18.4635","73.8682","1","REJECTED","I will wait at the hub","No seats available","26","1648","2026-08-24T16:15:00.000Z","2026-09-20T19:30:00.000Z"
"8a063a9e-3c4f-4e7c-bdaf-26567b439a0b","793bea38-1f4c-456f-9990-b9f065e182bc","29bb8b65-a83a-4f6b-b7c4-0a86fd9b82a1","VIT College","18.4635","73.8682","Market Yard Corner","18.4792","73.8581","1","CANCELLED","","","20","1649","2026-08-24T23:00:00.000Z","2026-09-21T00:30:00.000Z"
"7bcaa4e7-a7a4-41ba-bf56-764fcd893b54","ca7305d3-a75d-450e-ae5b-5f0014793ce5","db6d13c6-50ea-4ee7-98cb-daab8b877783","Lower Indira Nagar Stop","18.4718","73.8618","VIT College","18.4635","73.8682","1","CANCELLED","","","25","1650","2026-08-26T20:15:00.000Z","2026-09-20T21:30:00.000Z"
"7bb3a34d-db52-4b7b-b0c3-510ef01663b3","4128e4e5-ee69-4513-9798-384bd7040a26","ada304c3-1114-48bb-bacb-69446eecee2a","VIT College","18.4635","73.8682","Bharati Vidyapeeth","18.456","73.8574","1","PENDING","I will wait at the hub","","26","1651","2026-08-27T08:00:00.000Z","2026-09-21T01:30:00.000Z"
"12c0ea8e-a743-4ff5-9a42-b025fb88d103","7437b5cf-b16c-4674-b563-f539b54b1fdc","3857e3b0-5efa-484e-a045-2777f41b2610","Panchami BRTS","18.4902","73.8586","VIT College","18.4635","73.8682","1","PENDING","","","25","1652","2026-08-30T01:15:00.000Z","2026-09-20T19:30:00.000Z"
"7436c467-48d3-43b7-bd70-960c16a98d7d","d4cce896-01e7-49b9-94f4-749b28d388f7","24be40cc-fd8a-4efb-95f0-6ec1a107c563","VIT College","18.4635","73.8682","Lower Indira Nagar Stop","18.4718","73.8618","1","ACCEPTED","I will wait at the hub","","27","1653","2026-08-28T14:00:00.000Z","2026-09-20T14:30:00.000Z"
"d3523cc2-6d10-4eff-a0ac-bc1befbc6eaa","2d370a77-728c-4c29-b9e9-705407dbf878","6aa130d0-4c4b-48c2-bc80-80079a81385f","Chintamani Nagar","18.4651","73.864","VIT College","18.4635","73.8682","1","CANCELLED","","","30","1654","2026-08-30T03:15:00.000Z","2026-09-21T03:30:00.000Z"
"4c9d9af7-9284-40af-8e05-e87529c424db","445347b0-7a06-421e-8abc-0e6b0ca2cda1","998a2999-5be3-435d-8015-2a973a6e97cc","VIT College","18.4635","73.8682","KK Market BRTS","18.4683","73.8579","1","REJECTED","","No seats available","17","1655","2026-08-31T22:00:00.000Z","2026-09-20T23:30:00.000Z"
"46863131-6bf7-45da-b5f1-10f7d10dbc1f","494f77c5-5f85-4e36-bc59-f97e2d7f57aa","5d577020-68d2-4a61-b36d-861bf1486666","Upper Indira Nagar Bus Depot","18.4682","73.8623","VIT College","18.4635","73.8682","1","ACCEPTED","","","45","1656","2026-09-01T15:15:00.000Z","2026-09-21T05:30:00.000Z"
"bb445da6-9211-4d5e-8b16-dcad0b79fb1a","480684cd-dae5-4327-b00b-69d3eb097200","c4023d4b-7895-4d6b-ba0a-7cbce21340b7","VIT College","18.4635","73.8682","Kashinath Patil Nagar Stop","18.4745","73.8631","1","ACCEPTED","","","8","1657","2026-09-02T16:00:00.000Z","2026-09-20T15:30:00.000Z"
"de78df33-bc33-40de-8d9d-3f6cdd7db04e","9da840fd-ef4f-4741-be55-aa89b3798220","e163653a-9bbe-4e9d-81ab-acf5fb7c4166","Lower Indira Nagar Stop","18.4718","73.8618","VIT College","18.4635","73.8682","1","CANCELLED","I will wait at the hub","","11","1658","2026-09-02T06:15:00.000Z","2026-09-20T16:30:00.000Z"
"e7535893-30c4-49fa-94ff-75310e231f23","2b7f065f-d763-4c8d-81d5-29d53b346904","b3224a72-ff85-487a-a6c9-b6a1e3beb8dc","VIT College","18.4635","73.8682","Market Yard Corner","18.4792","73.8581","1","CANCELLED","","","20","1659","2026-09-05T02:00:00.000Z","2026-09-20T19:30:00.000Z"
"6721f3a3-09a9-47b5-a55a-af00ab77018c","c47f6ff6-c48b-437f-aa20-f26fe4c69d61","d4a58744-1f9c-4554-9321-1fd9d20b1035","City Pride BRTS","18.4845","73.8583","VIT College","18.4635","73.8682","1","CANCELLED","Please confirm pickup","","45","1660","2026-09-06T08:15:00.000Z","2026-09-20T12:30:00.000Z"
"accdbe24-6590-4e7e-9d1d-c8cac40dc8b6","9268a873-7503-443f-bbaa-0c851e3c8710","917b003b-c912-4ed9-afb7-f7eba33fcb14","VIT College","18.4635","73.8682","Katraj Terminal","18.4471","73.8562","1","ACCEPTED","Please confirm pickup","","6","1661","2026-09-07T23:00:00.000Z","2026-09-20T13:30:00.000Z"
"bfc17522-24e4-48b6-8325-8f375b48d2cb","f32b0f87-d50d-47ef-8801-3ef854a3bc8b","08fe57ab-1152-4527-a359-68c4e78e68d5","Upper Indira Nagar Bus Depot","18.4682","73.8623","VIT College","18.4635","73.8682","1","PENDING","","","25","1662","2026-09-09T00:15:00.000Z","2026-09-20T15:30:00.000Z"
"61d8a73e-4a4f-4d61-80fd-032345f3d710","87201639-8ebc-4525-aa9b-ce9afa61685b","984e14a4-a27e-416c-9397-0cf2fb53101f","VIT College","18.4635","73.8682","Bibwewadi Bus Stop","18.4792","73.8615","1","CANCELLED","I will wait at the hub","","11","1663","2026-09-08T21:00:00.000Z","2026-09-20T15:30:00.000Z"
"80592020-c19f-423a-a44f-4773c9e6f856","f57e7154-e4f2-437f-a78f-c51a03797777","0c422408-fcb3-49ec-919b-15b6c943586f","Bibwewadi Bus Stop","18.4792","73.8615","VIT College","18.4635","73.8682","1","PENDING","I will wait at the hub","","54","1664","2026-09-08T06:15:00.000Z","2026-09-21T04:30:00.000Z"
"38422d68-a6c5-43d6-9ffd-97091262c3e7","6fd7a87f-0aa1-48e0-adaa-d5da43ad6451","b1b24393-ed6c-4074-a261-01b7aa240011","VIT College","18.4635","73.8682","Shankar Maharaj Math","18.4735","73.8579","1","PENDING","I will wait at the hub","","30","1665","2026-09-09T12:00:00.000Z","2026-09-20T23:30:00.000Z"
"9328f864-96bb-4cf8-9c7c-9e94dd88f0b4","3e0e06e4-85e8-4288-8bad-8664a9d67a1c","ff933861-ecae-470a-9ee4-3663e749fdbc","Swargate PMPML Main Bus Stand","18.4991","73.8583","VIT College","18.4635","73.8682","1","COMPLETED","Please confirm pickup","","2","1666","2026-09-11T16:15:00.000Z","2026-09-21T04:30:00.000Z"
"ee447625-8f5a-479b-8919-85b125070c02","c727bebc-b6c3-4381-a2a9-ca3880b69d66","15ef891e-746f-4219-8638-297ada541a3a","VIT College","18.4635","73.8682","Bharati Vidyapeeth","18.456","73.8574","1","ACCEPTED","I will wait at the hub","","21","1667","2026-09-12T11:00:00.000Z","2026-09-21T05:30:00.000Z"
"04d26eab-ae87-447e-8199-f6ab63adad2c","4c964aa8-81a3-4de0-94ef-579a0c5c6534","e1b6b10d-5653-452d-a57d-24e8752b2f52","City Pride BRTS","18.4845","73.8583","VIT College","18.4635","73.8682","1","ACCEPTED","","","9","1668","2026-09-13T07:15:00.000Z","2026-09-21T03:30:00.000Z"
"8d0ae67e-e339-4a2d-8e09-6c74044276e9","3598018d-5e4e-4cf8-84e1-59b7ba318250","9beabcea-410e-43e0-9c0e-c32f2476c785","VIT College","18.4635","73.8682","Lower Indira Nagar Stop","18.4718","73.8618","1","CANCELLED","","","19","1669","2026-09-15T06:00:00.000Z","2026-09-21T02:30:00.000Z"
"57841b07-e7e6-4b5b-84f1-1dd4231ac5ce","9bc4bf71-8a47-4617-a4fa-55226b71e106","2cb66b98-63d0-4a21-a9ed-c884d238b71c","Market Yard Corner","18.4792","73.8581","VIT College","18.4635","73.8682","1","PENDING","","","21","1670","2026-09-14T21:15:00.000Z","2026-09-20T12:30:00.000Z"
"3c87a7f1-0e41-4cfd-ac99-31cad0ae4e63","1c60a801-e745-43f1-9be4-4fbe68af7d2e","d022c9ae-ee6b-4085-b2c1-11a5c9e6c784","VIT College","18.4635","73.8682","Lower Indira Nagar Stop","18.4718","73.8618","1","PENDING","","","12","1671","2026-09-15T20:00:00.000Z","2026-09-20T17:30:00.000Z"
"1b300278-f435-417c-817b-dc43d2671197","78207ebf-2ad0-49ac-929a-37a5983883c9","7cbb830b-c6bc-4fec-a09b-14b8c825bef8","Bibwewadi Bus Stop","18.4792","73.8615","VIT College","18.4635","73.8682","1","PENDING","I will wait at the hub","","22","1672","2026-09-17T04:15:00.000Z","2026-09-21T01:30:00.000Z"
"60cfe9ed-6fb6-425d-97d0-b62c957eedf8","61ba6f8f-0984-4158-a063-dfb56bdeaf3f","523365f0-54d7-48ce-b828-50e1b0a2737e","VIT College","18.4635","73.8682","Bibwewadi Bus Stop","18.4792","73.8615","1","REJECTED","Please confirm pickup","No seats available","2","1673","2026-09-18T01:00:00.000Z","2026-09-20T20:30:00.000Z"
"32a613e1-cc94-4436-b497-342619043851","9f78ead0-be12-4ff7-a015-b4241037f0ee","1386d7bb-79eb-4e36-b78d-7ac74357b589","Bibwewadi Bus Stop","18.4792","73.8615","VIT College","18.4635","73.8682","1","PENDING","","","15","1674","2026-09-20T06:15:00.000Z","2026-09-20T12:30:00.000Z"
"e7588bfb-ea9d-47bf-9b5a-62f2547e2d68","647fbd36-865a-44b2-a6ca-97a8134efdbd","bf4c6c59-6b96-40c9-9575-8528b27b985c","VIT College","18.4635","73.8682","Lower Indira Nagar Stop","18.4718","73.8618","1","COMPLETED","","","42","1675","2026-09-21T20:00:00.000Z","2026-09-21T03:30:00.000Z"
"334c87fe-4030-46ed-a3a2-bad7b836eff4","2d1152c7-b18b-447e-b33f-474373a3a54c","b5e29269-7643-45b9-ac7a-a2ccd2b93983","Upper Indira Nagar Bus Depot","18.4682","73.8623","VIT College","18.4635","73.8682","1","CANCELLED","I will wait at the hub","","27","1676","2026-09-20T03:15:00.000Z","2026-09-20T18:30:00.000Z"
"9fbad72c-8c79-424b-b481-853b2a0bc675","321dd256-34c6-426c-a9fb-5330efa1eacb","0d570a75-885b-4a1d-a33c-3705d1a1e89a","VIT College","18.4635","73.8682","KK Market BRTS","18.4683","73.8579","1","PENDING","Please confirm pickup","","30","1677","2026-09-22T08:00:00.000Z","2026-09-20T18:30:00.000Z"
"3fc40781-573c-43b7-b57c-cfcada23dbdf","7e64c46a-fefa-4b79-b67b-e53022d6ee16","91bce675-58bc-4bd2-b962-52dc6f401671","City Pride BRTS","18.4845","73.8583","VIT College","18.4635","73.8682","1","CANCELLED","Please confirm pickup","","26","1678","2026-09-23T14:15:00.000Z","2026-09-20T16:30:00.000Z"
"19481116-8067-4b62-9259-e6bea766d595","8652bdd3-afc3-4084-ac55-bfdba3ec9456","edb3c65f-3d50-40e9-9a77-b8be3c596e3d","VIT College","18.4635","73.8682","Bibwewadi Bus Stop","18.4792","73.8615","1","REJECTED","","No seats available","13","1679","2026-09-23T18:00:00.000Z","2026-09-20T10:30:00.000Z"
"81b2517c-a7f1-4b7f-8ba0-10177b4b2a74","2cf0d245-75fc-4d62-99a4-7dd92de50866","36032724-576b-47c8-a7f3-a44c9abca1ae","Bibwewadi Bus Stop","18.4792","73.8615","VIT College","18.4635","73.8682","1","PENDING","Please confirm pickup","","3","1680","2026-09-26T17:15:00.000Z","2026-09-20T11:30:00.000Z"
"331e1922-3dc3-4849-9982-997f0d66cda5","bc556f6c-6978-4504-9c39-035c36506fb1","d52bd72b-f975-4a9d-a394-ead49b80912b","VIT College","18.4635","73.8682","Katraj Dairy BRTS","18.4508","73.8569","1","ACCEPTED","Please confirm pickup","","45","1681","2026-09-26T00:00:00.000Z","2026-09-20T15:30:00.000Z"
"484a9c56-93c8-4b67-852d-bd7949ecf451","47272ea0-551f-40f7-aa8a-a097d4d9f0ef","2611b03a-dd3f-4f47-9599-e17430f77e92","Panchami BRTS","18.4902","73.8586","VIT College","18.4635","73.8682","1","ACCEPTED","","","15","1682","2026-09-26T07:15:00.000Z","2026-09-20T21:30:00.000Z"
"bbade03d-920d-4beb-bd7c-3fabe135763b","03049748-8647-4ae0-b12d-9b08d872fc52","fe0b23a7-80b0-4776-aec0-0e53d369acc1","VIT College","18.4635","73.8682","Upper Indira Nagar Bus Depot","18.4682","73.8623","1","CANCELLED","","","59","1683","2026-09-29T05:00:00.000Z","2026-09-20T15:30:00.000Z"
"ba3a52c3-526a-42dd-8ad3-dcf2a59ac971","573dcd31-9475-4757-9b21-d3e643f57981","8db40dff-f7cd-4508-9c85-9ffd35177784","Swargate PMPML Main Bus Stand","18.4991","73.8583","VIT College","18.4635","73.8682","1","REJECTED","Please confirm pickup","No seats available","39","1684","2026-09-30T18:15:00.000Z","2026-09-20T21:30:00.000Z"
"f018864f-eacf-4edf-9649-62bb3f656493","45e48165-8985-4179-915e-31d805c0a0f3","18da61b6-4b5b-4090-ae04-48fad27b6a3d","VIT College","18.4635","73.8682","Kashinath Patil Nagar Stop","18.4745","73.8631","1","CANCELLED","I will wait at the hub","","59","1685","2026-10-02T02:00:00.000Z","2026-09-20T11:30:00.000Z"
"61f0777a-6c67-4974-8d04-4913612b7900","24dc9163-9ce5-4c0c-8c34-a56d2cc8f211","5b1a8339-482f-4cfd-adca-c91175dce9e8","Chintamani Nagar","18.4651","73.864","VIT College","18.4635","73.8682","1","CANCELLED","","","22","1686","2026-10-02T09:15:00.000Z","2026-09-20T17:30:00.000Z"
"edd4b713-f00a-4395-8281-6b913b294b37","ea51276c-85f2-4321-8507-f25560305fa6","71828ca0-ebd4-4211-ba24-a16f7159e15d","VIT College","18.4635","73.8682","Chintamani Nagar","18.4651","73.864","1","REJECTED","I will wait at the hub","No seats available","6","1687","2026-10-03T00:00:00.000Z","2026-09-21T00:30:00.000Z"
"80b8bfb7-2fa8-4ff3-9f3c-6cfb61d71ec5","74092570-9774-4439-804a-1b315983c620","52467296-cc1a-4959-869c-83e18fa9c89e","Bibwewadi Bus Stop","18.4792","73.8615","VIT College","18.4635","73.8682","1","COMPLETED","I will wait at the hub","","0","1688","2026-10-02T22:15:00.000Z","2026-09-20T17:30:00.000Z"
"73ce84d1-8ed4-4217-872e-a166e598ab7e","ce465963-95c0-4597-b8d8-0dd28570177e","53476aa4-9daa-46aa-9332-69d4a4566a3d","VIT College","18.4635","73.8682","Market Yard Corner","18.4792","73.8581","1","PENDING","","","63","1689","2026-10-03T20:00:00.000Z","2026-09-20T13:30:00.000Z"
"25a9da14-db71-488e-bdbb-76503a800f2b","494c8c31-9e2f-4096-b1cf-82afdb419a7d","219ae89a-62d9-41de-a1e7-1597cd661ca8","Lower Indira Nagar Stop","18.4718","73.8618","VIT College","18.4635","73.8682","1","REJECTED","I will wait at the hub","No seats available","47","1690","2026-10-06T06:15:00.000Z","2026-09-20T11:30:00.000Z"
"52aec0dd-eb40-47bd-b957-3f75d70e81f5","f30d5c5e-a395-4da6-bbaf-035e6f0cb35d","97169492-6066-4681-a1f9-9a132e78bbd1","VIT College","18.4635","73.8682","Katraj Dairy BRTS","18.4508","73.8569","1","PENDING","I will wait at the hub","","13","1691","2026-10-07T21:00:00.000Z","2026-09-20T21:30:00.000Z"
"f2202f27-8494-4878-aaad-91e964582f5a","a58e41bc-61fd-4737-a86d-0a92678c3d18","2e418ffb-eadd-4fa8-bcec-343dbb54e803","Upper Indira Nagar Bus Depot","18.4682","73.8623","VIT College","18.4635","73.8682","1","ACCEPTED","I will wait at the hub","","0","1692","2026-10-07T18:15:00.000Z","2026-09-20T11:30:00.000Z"
"86c35bde-723f-46e0-a46c-27c0a4c40aac","a437d2bc-a591-44b0-afe5-a063b7c225fb","4aeb0ba0-1769-494f-8568-1d022bba57f2","VIT College","18.4635","73.8682","Upper Indira Nagar Bus Depot","18.4682","73.8623","1","ACCEPTED","I will wait at the hub","","9","1693","2026-10-08T06:00:00.000Z","2026-09-20T22:30:00.000Z"
"28c8b482-0675-4cc4-8b45-b32bd4c71dbf","a78d791c-8e7a-42ab-881f-1dc2a831fd6a","67279c91-e351-4505-a0ca-11fce52988a2","Swargate BRTS Stop","18.4982","73.8588","VIT College","18.4635","73.8682","1","REJECTED","","No seats available","32","1694","2026-10-10T12:15:00.000Z","2026-09-20T14:30:00.000Z"
"e90ce455-4628-43fa-a594-f12b4e99e8b4","1850d338-37ef-4053-bdfb-d5978c01f00d","3abf2f35-867e-4d12-a3c6-7fad053953bd","VIT College","18.4635","73.8682","Kashinath Patil Nagar Stop","18.4745","73.8631","1","COMPLETED","Please confirm pickup","","22","1695","2026-10-12T09:00:00.000Z","2026-09-20T14:30:00.000Z"
"c24a4bb6-6333-4ea7-80be-590bc950ae9f","e31fc4bb-cdc8-4e7d-8a43-5bb3d7a7ec05","0c83d7c7-d302-4b47-8f0b-a78f47b02764","Chintamani Nagar","18.4651","73.864","VIT College","18.4635","73.8682","1","CANCELLED","","","9","1696","2026-10-11T10:15:00.000Z","2026-09-20T15:30:00.000Z"
"a01edbfb-b7ff-4b50-b0c4-7bb54865a92f","6a22328d-e5e6-42a9-94a8-c0904a2c3cda","689f14ae-a33d-4e68-bcf5-198a44130c16","VIT College","18.4635","73.8682","Chintamani Nagar","18.4651","73.864","1","CANCELLED","I will wait at the hub","","45","1697","2026-10-12T02:00:00.000Z","2026-09-20T14:30:00.000Z"
"8efb7c7a-2b30-4f0e-9c21-82dfb1b9f45f","940a7d89-c63d-4c3b-91b5-37a833ad79d8","6749e4f8-e2cb-4c58-93fc-57494a89bdad","Laxmi Narayan Theatre","18.4965","73.8584","VIT College","18.4635","73.8682","1","ACCEPTED","","","65","1698","2026-10-13T20:15:00.000Z","2026-09-20T16:30:00.000Z"
"4b76527a-eed9-4a47-8f6f-394dc98703b2","38ffd950-0f67-4e04-93b7-e980bd273ec8","c483836d-7edf-44cf-a968-8b0306198075","VIT College","18.4635","73.8682","Chintamani Nagar","18.4651","73.864","1","CANCELLED","I will wait at the hub","","17","1699","2026-10-13T15:00:00.000Z","2026-09-20T18:30:00.000Z"
"8cbe2a23-1e5a-46f2-938e-2dfab80ddae8","c61a8cb1-83b0-4d98-8449-3370b046ab58","12ddd1f5-2725-4446-9809-0de923c60573","Swargate PMPML Main Bus Stand","18.4991","73.8583","VIT College","18.4635","73.8682","1","REJECTED","","No seats available","6","1700","2026-10-16T11:15:00.000Z","2026-09-21T03:30:00.000Z"
"fdf39f86-8190-4ef1-be55-225106c68ee4","f5b0b1ea-eb7a-4f5d-8aa9-d69957cf7089","8f953396-84b2-41a6-a56b-cbfd7dc18157","VIT College","18.4635","73.8682","Upper Indira Nagar Bus Depot","18.4682","73.8623","1","REJECTED","","No seats available","1","1701","2026-10-16T13:00:00.000Z","2026-09-21T01:30:00.000Z"
"8da02c89-7ab4-4f2b-b0fd-13b6dddecfc0","15d45307-fed3-4bdb-866b-9f6b6a9ba459","cfec5b2a-0d9d-4378-b72b-26a6872f2b3a","City Pride BRTS","18.4845","73.8583","VIT College","18.4635","73.8682","1","COMPLETED","I will wait at the hub","","64","1702","2026-10-16T15:15:00.000Z","2026-09-20T20:30:00.000Z"
"5c90ce76-4982-4cf4-80e6-1305fa9b2998","bb58bb6f-adce-444a-a750-290b8a824c31","1f4600a9-443c-419b-9d1a-685629408e0a","VIT College","18.4635","73.8682","Shankar Maharaj Math","18.4735","73.8579","1","REJECTED","","No seats available","7","1703","2026-10-19T05:00:00.000Z","2026-09-20T22:30:00.000Z"
"2a501057-210b-4b26-8484-a3ae4d433e40","7016b242-6649-49e9-a1cc-bf7da9bdc38f","f293731d-64c9-4dc8-a30d-f5172ef2ce1e","Laxmi Narayan Theatre","18.4965","73.8584","VIT College","18.4635","73.8682","1","PENDING","Please confirm pickup","","6","1704","2026-10-19T16:15:00.000Z","2026-09-20T17:30:00.000Z"
"81adb3b3-5c7e-4587-b64f-68e6f674c279","3e8cfa3d-2406-4b8f-9a6d-acad97626e1d","229ca7a7-5513-4f42-9ef4-2390c8285215","VIT College","18.4635","73.8682","Katraj Dairy BRTS","18.4508","73.8569","1","REJECTED","Please confirm pickup","No seats available","34","1705","2026-10-21T05:00:00.000Z","2026-09-20T14:30:00.000Z"
"ee1b85b0-afd0-4315-b9b3-cc0a5d84310b","9217ac94-f6b0-43fc-aee4-4cf346eda130","d10309b4-cd0a-44fb-b502-63090cb23495","Swargate BRTS Stop","18.4982","73.8588","VIT College","18.4635","73.8682","1","REJECTED","I will wait at the hub","No seats available","61","1706","2026-10-21T00:15:00.000Z","2026-09-20T17:30:00.000Z"
"eb5256ec-53f1-4bdc-976b-3ccbf29b5196","689c53e4-8aac-4964-9019-81cb42a05b1c","59fd1ae0-7135-47e3-b51b-37d92557542d","VIT College","18.4635","73.8682","KK Market BRTS","18.4683","73.8579","1","REJECTED","Please confirm pickup","No seats available","15","1707","2026-10-22T19:00:00.000Z","2026-09-21T02:30:00.000Z"
"94efa96e-5f3e-4372-814b-b5204456e90a","1aeca1e3-79fa-419b-9cde-f4eaa84962b4","05e3c6c3-c662-4d71-a22e-2f6abe452e90","Lower Indira Nagar Stop","18.4718","73.8618","VIT College","18.4635","73.8682","1","REJECTED","Please confirm pickup","No seats available","1","1708","2026-10-23T22:15:00.000Z","2026-09-21T03:30:00.000Z"
"4b4016bd-11b4-4e32-982d-70f5c256fb4c","3a859328-7f23-4cfe-9b9f-f6ac03b38c72","fd0ae9bd-2b4a-4bdb-b003-728318b36973","VIT College","18.4635","73.8682","Bibwewadi Bus Stop","18.4792","73.8615","1","CANCELLED","I will wait at the hub","","16","1709","2026-10-23T17:00:00.000Z","2026-09-21T05:30:00.000Z"
"b111cf16-0ae6-4994-a0bf-baa3ef552642","dda36a99-8f79-486e-a3c8-987bfd597aaf","3f9fca15-c0f0-4b4b-b617-dfdcac65c8ed","Lower Indira Nagar Stop","18.4718","73.8618","VIT College","18.4635","73.8682","1","PENDING","Please confirm pickup","","6","1710","2026-10-24T11:15:00.000Z","2026-09-20T16:30:00.000Z"
"1dfab163-c97d-48cf-8990-8708ae04df47","1a6d0ddb-0a21-4e22-a778-feec7593a8ec","4edeb0bf-7259-4a78-a36d-e652c8861873","VIT College","18.4635","73.8682","Market Yard Corner","18.4792","73.8581","1","REJECTED","","No seats available","9","1711","2026-10-28T05:00:00.000Z","2026-09-20T12:30:00.000Z"
"a0296453-302b-4728-a38e-24c23401ff9e","c299be04-b39c-48c8-98e9-4a55c2d28319","bffb4bf3-10a3-4ff1-bb55-ffc7725007e9","Bibwewadi Bus Stop","18.4792","73.8615","VIT College","18.4635","73.8682","1","REJECTED","","No seats available","13","1712","2026-10-28T21:15:00.000Z","2026-09-20T16:30:00.000Z"
"9331c118-a7e1-40e2-9274-6df0690d877c","3732b093-70ba-495d-a692-a7697e735853","0195616c-ec89-4a4d-8990-b9d0d41435fa","VIT College","18.4635","73.8682","Lower Indira Nagar Stop","18.4718","73.8618","1","PENDING","I will wait at the hub","","11","1713","2026-10-28T15:00:00.000Z","2026-09-21T02:30:00.000Z"
"604a5a62-9e58-4adf-89fb-fa0276818bc6","06cf39e4-50a4-4a5a-9542-4ae24fbb9656","1137a11d-2e66-45ed-b840-8d12e6722bfa","Swargate PMPML Main Bus Stand","18.4991","73.8583","VIT College","18.4635","73.8682","1","ACCEPTED","","","80","1714","2026-10-28T20:15:00.000Z","2026-09-21T01:30:00.000Z"
"9811736a-9e46-439d-96f2-4544a5eac73a","42d378f6-d06f-4f67-9f13-7027408cf060","8005e16b-eaf8-45be-b4d8-a5fcd5431201","VIT College","18.4635","73.8682","Upper Indira Nagar Bus Depot","18.4682","73.8623","1","CANCELLED","I will wait at the hub","","79","1715","2026-10-31T01:00:00.000Z","2026-09-21T04:30:00.000Z"
"18c155a4-ff83-47ee-ac13-23534eb1ef49","14eb1a28-5f82-44af-be8d-6d15951dc525","0b95ee62-3f26-4837-bdb3-8120bae0deda","Market Yard Corner","18.4792","73.8581","VIT College","18.4635","73.8682","1","REJECTED","","No seats available","55","1716","2026-10-30T20:15:00.000Z","2026-09-21T05:30:00.000Z"
"181b0a39-5d68-4b2d-bad0-e03a3dd2c9ed","8e183fad-80e2-48bc-89c9-d67aab15f33a","c2483f77-a251-4434-8d94-6a2c53e2d38e","VIT College","18.4635","73.8682","Chintamani Nagar","18.4651","73.864","1","PENDING","","","3","1717","2026-11-01T08:00:00.000Z","2026-09-20T19:30:00.000Z"
"a8626dcb-92e8-4d9b-927b-eac18b734bbd","8408664b-7bc4-4224-ac8b-ed4156801209","442efbff-6f39-436d-bf7a-2cbb6404a6ed","Chintamani Nagar","18.4651","73.864","VIT College","18.4635","73.8682","1","REJECTED","","No seats available","47","1718","2026-11-02T23:15:00.000Z","2026-09-20T15:30:00.000Z"
"b241e9db-0a39-4fc0-8718-734a0c175fe6","2c9e1fdd-08ea-4c4a-a54d-c58e8fd95e8b","687e3195-2599-427f-a4e3-990ead4c2985","VIT College","18.4635","73.8682","Katraj Terminal","18.4471","73.8562","1","REJECTED","","No seats available","67","1719","2026-11-02T14:00:00.000Z","2026-09-20T21:30:00.000Z"
"fbb5e55b-582a-40d5-b0b6-d6ffebe548bf","258d1ca8-d15a-452a-ba4f-c23278b566ce","04bfe73e-1142-4d3f-8bbf-57dbee041dd2","Market Yard Corner","18.4792","73.8581","VIT College","18.4635","73.8682","1","REJECTED","","No seats available","22","1720","2026-08-05T18:15:00.000Z","2026-09-21T06:30:00.000Z"
"e6331dcb-c748-4d31-b0b7-0f1fa69a3b79","e1262640-ccda-40aa-a383-ad2e18be6cad","856b4feb-c8f1-4731-b41e-d21be114be5d","VIT College","18.4635","73.8682","Balaji Nagar BRTS","18.4628","73.8577","1","COMPLETED","I will wait at the hub","","28","1721","2026-08-08T18:00:00.000Z","2026-09-20T18:30:00.000Z"
"7991795b-fcf5-426a-8d88-caf62d280a29","21fc868b-ac9d-42be-a214-c167879e7982","a2cb33f4-0739-4e42-9665-4bae72ebfb2a","Upper Indira Nagar Bus Depot","18.4682","73.8623","VIT College","18.4635","73.8682","1","ACCEPTED","","","17","1722","2026-08-08T16:15:00.000Z","2026-09-21T02:30:00.000Z"
"ed298a4a-74b4-4c57-86db-596b47b704d4","ba7df89c-952c-4176-a7b7-fea11ad2aaa4","e9ac0d57-c267-41a2-84aa-846e6f118304","VIT College","18.4635","73.8682","Bibwewadi Bus Stop","18.4792","73.8615","1","REJECTED","I will wait at the hub","No seats available","17","1723","2026-08-09T13:00:00.000Z","2026-09-20T15:30:00.000Z"
"ada443e5-d430-4196-b9ae-b9494de024de","26a7eaa0-3a59-4a12-9e36-51785f3959d6","fa7fbc07-c93a-4085-a4f5-6f1e0fc83121","Chintamani Nagar","18.4651","73.864","VIT College","18.4635","73.8682","1","CANCELLED","","","29","1724","2026-08-09T16:15:00.000Z","2026-09-20T13:30:00.000Z"
"0ebafda0-0317-4061-86fe-10662abb271e","885427c4-99dc-406a-a0a5-d62cca318453","40ae73ca-67b2-4b5e-97c1-474a92b2d8d3","VIT College","18.4635","73.8682","Upper Indira Nagar Bus Depot","18.4682","73.8623","1","ACCEPTED","","","15","1725","2026-08-13T02:00:00.000Z","2026-09-20T16:30:00.000Z"
"b1d7e15d-7b14-4fb9-9f16-6afd963ae112","ab008c01-0b88-4f94-a86a-934b489d9c8b","f03cb019-ecb8-42fc-ad8b-4be7116d9966","Swargate BRTS Stop","18.4982","73.8588","VIT College","18.4635","73.8682","1","REJECTED","","No seats available","80","1726","2026-08-12T08:15:00.000Z","2026-09-20T23:30:00.000Z"
"bf371033-b308-43aa-bf7a-4f5cf2b273c0","bf4ced24-626d-4556-bd49-3987a714020a","73c6ef3d-a748-4db3-bd54-68c614823c0d","VIT College","18.4635","73.8682","Katraj Terminal","18.4471","73.8562","1","REJECTED","Please confirm pickup","No seats available","3","1727","2026-08-14T00:00:00.000Z","2026-09-21T02:30:00.000Z"
"3388f974-2a2b-48c3-a64c-c24389fd4a8b","44eaa27f-cd72-435f-b19a-ce28e3170135","e7cc1cf8-531c-4ba4-ae07-b3b8c7ed12b4","Upper Indira Nagar Bus Depot","18.4682","73.8623","VIT College","18.4635","73.8682","1","REJECTED","","No seats available","63","1728","2026-08-13T21:15:00.000Z","2026-09-20T10:30:00.000Z"
"9206dccc-cac2-45bb-9edb-53fce83b8575","b498d5b9-1115-4d65-a5d7-87d3092a196c","2df45663-f8d0-4308-b79d-fd6c1ff852c9","VIT College","18.4635","73.8682","Bibwewadi Bus Stop","18.4792","73.8615","1","CANCELLED","","","26","1729","2026-08-16T20:00:00.000Z","2026-09-20T13:30:00.000Z"
"42dcc6c8-5f83-47e3-a8f3-1dedf2f9f58d","95589fb2-7e54-4d5c-8cc2-572b515dec6f","8190565d-9fb1-4428-a386-4bb1b2f4fdee","Swargate BRTS Stop","18.4982","73.8588","VIT College","18.4635","73.8682","1","ACCEPTED","Please confirm pickup","","22","1730","2026-08-18T00:15:00.000Z","2026-09-20T11:30:00.000Z"
"c804108c-794b-41b9-8391-283a7672ccb6","bbea2a12-55f1-443a-9154-6523f7edcde5","b13dc47d-8a9c-45eb-9dee-0cc214bf6ab4","VIT College","18.4635","73.8682","Katraj Terminal","18.4471","73.8562","1","CANCELLED","","","10","1731","2026-08-17T23:00:00.000Z","2026-09-21T02:30:00.000Z"
"0784efae-0a4e-401b-9e2e-a9b9363c1453","c2932f01-3922-4c7d-9417-a5461d138a25","f64e308c-4a0b-433f-bebb-09536f52d5f4","Kashinath Patil Nagar Stop","18.4745","73.8631","VIT College","18.4635","73.8682","1","CANCELLED","","","47","1732","2026-08-17T12:15:00.000Z","2026-09-20T23:30:00.000Z"
"01dae510-97fc-49c7-935a-f22323dc242b","8da3f066-90ee-4c27-afed-98c63104f981","aada7730-4500-49e3-9240-e7ca2f69db98","VIT College","18.4635","73.8682","Lower Indira Nagar Stop","18.4718","73.8618","1","REJECTED","","No seats available","46","1733","2026-08-20T10:00:00.000Z","2026-09-20T18:30:00.000Z"
"1312ab4f-6cd3-432e-84b6-c9b603967de3","87849372-c80c-4d44-86c7-f2ed613b0e72","08cf7a8e-ecd3-4df0-8139-226218b0981a","Lower Indira Nagar Stop","18.4718","73.8618","VIT College","18.4635","73.8682","1","REJECTED","","No seats available","23","1734","2026-08-21T22:15:00.000Z","2026-09-20T13:30:00.000Z"
"cdd40fe5-5d26-4947-bbb0-b02a9b4af471","5173c86c-0c3b-4bc8-93ac-65882f57e975","26f04940-3483-4462-a324-84a3c523c941","VIT College","18.4635","73.8682","Katraj Dairy BRTS","18.4508","73.8569","1","ACCEPTED","I will wait at the hub","","57","1735","2026-08-21T12:00:00.000Z","2026-09-20T11:30:00.000Z"
"c2b95d69-57cd-4300-b978-2f35c56a2a4e","9bf095d8-1480-4ee1-bb36-37a9f6611172","a78816e2-8aae-4e54-8410-968bc321f082","Swargate BRTS Stop","18.4982","73.8588","VIT College","18.4635","73.8682","1","REJECTED","Please confirm pickup","No seats available","39","1736","2026-08-21T12:15:00.000Z","2026-09-20T15:30:00.000Z"
"d1a0eaf9-f2ad-40d9-907f-eaf135524441","c981ec24-a6ef-4675-9bf7-55423df659b2","50ca192e-d3dc-40d0-996b-6eea924c44d8","VIT College","18.4635","73.8682","Lower Indira Nagar Stop","18.4718","73.8618","1","REJECTED","I will wait at the hub","No seats available","7","1737","2026-08-24T04:00:00.000Z","2026-09-20T12:30:00.000Z"
"ce212f5a-698d-409e-8c1b-876a9cf9c8ae","0727db9d-d014-4e6c-9e3f-3a5f71ba98aa","aa4ac675-15bc-49db-b7fa-84335d28cdc7","Upper Indira Nagar Bus Depot","18.4682","73.8623","VIT College","18.4635","73.8682","1","CANCELLED","Please confirm pickup","","33","1738","2026-08-23T13:15:00.000Z","2026-09-20T10:30:00.000Z"
"2560106b-1635-45cc-af97-3e1eb2b73320","0a23afc5-d7c3-4c46-a2b6-11eea0518cbb","12e82429-ecad-4a76-bc1b-fddf73c8c117","VIT College","18.4635","73.8682","Balaji Nagar BRTS","18.4628","73.8577","1","PENDING","","","58","1739","2026-08-27T08:00:00.000Z","2026-09-20T22:30:00.000Z"
"f348e7f3-0e7d-480b-b31d-529500967ca8","93feacaa-c09f-46b4-a205-40f98f8c58a1","a7b7dfcb-b36f-4cfc-abf8-afd48e896a75","Upper Indira Nagar Bus Depot","18.4682","73.8623","VIT College","18.4635","73.8682","1","ACCEPTED","","","1","1740","2026-08-25T05:15:00.000Z","2026-09-20T17:30:00.000Z"
"a5cf68d7-8009-4c11-ba8c-d66915e953c1","c7b9d6b7-de3c-4bbc-b030-53c51ec496b1","5468079d-9fdf-4eb9-9b29-ed8a7c650d7c","VIT College","18.4635","73.8682","Kashinath Patil Nagar Stop","18.4745","73.8631","1","CANCELLED","","","15","1741","2026-08-27T22:00:00.000Z","2026-09-20T17:30:00.000Z"
"9b95ea69-746e-4df0-a2d0-3937c0f01125","a5ed1ddf-25cc-4971-b894-fde5d09c4ddb","037ed347-fb73-4043-a8e2-c7edc58d6dac","Upper Indira Nagar Bus Depot","18.4682","73.8623","VIT College","18.4635","73.8682","1","REJECTED","I will wait at the hub","No seats available","1","1742","2026-08-28T07:15:00.000Z","2026-09-20T12:30:00.000Z"
"b9340da8-1ce9-4bff-94c7-a6ea87858dca","aa093dbc-fcc5-49ca-8804-1035426e7e82","be4d340c-e4ae-41d8-a1a2-337d84d2bfc1","VIT College","18.4635","73.8682","Balaji Nagar BRTS","18.4628","73.8577","1","CANCELLED","","","73","1743","2026-08-28T17:00:00.000Z","2026-09-21T05:30:00.000Z"
"0ed0353f-1fc5-484b-b78b-4e643042eae9","90e5fb72-6b73-4a7d-89db-807450802cff","666980bd-8e4f-4f8c-8b8f-e0c3b08af505","Kashinath Patil Nagar Stop","18.4745","73.8631","VIT College","18.4635","73.8682","1","COMPLETED","","","33","1744","2026-08-29T13:15:00.000Z","2026-09-21T00:30:00.000Z"
"224b603d-6633-4dd0-857b-f82e951b3ef1","c8f08fc3-85c4-499c-bb08-e66706f016cc","fcfaa482-6492-469b-ba42-8abf44531f61","VIT College","18.4635","73.8682","Bharati Vidyapeeth","18.456","73.8574","1","ACCEPTED","","","6","1745","2026-08-31T00:00:00.000Z","2026-09-20T11:30:00.000Z"
"14dba115-e7b9-4e48-8e90-3ccf70cc6128","062a50c8-aa8a-4e36-966f-477f8b951151","be4ef771-c8b1-4464-b4f7-41e3ea277c87","Panchami BRTS","18.4902","73.8586","VIT College","18.4635","73.8682","1","COMPLETED","","","40","1746","2026-09-01T06:15:00.000Z","2026-09-20T17:30:00.000Z"
"dcbe8634-f82e-4c1a-b19b-50a3ed3f73d8","39fa3a1d-0a1f-4ef7-858e-ce1a86d7d2d4","9907b9e1-2eaf-4019-b6c3-d17953880b08","VIT College","18.4635","73.8682","Katraj Terminal","18.4471","73.8562","1","ACCEPTED","","","32","1747","2026-09-02T05:00:00.000Z","2026-09-20T12:30:00.000Z"
"aee7ba64-915a-41a3-99d9-575bedbfce7c","8a9ed57b-70ff-4e43-a629-53be62651cda","694401c9-b4fa-4309-b22d-16609d61782c","Market Yard Corner","18.4792","73.8581","VIT College","18.4635","73.8682","1","REJECTED","I will wait at the hub","No seats available","27","1748","2026-09-02T08:15:00.000Z","2026-09-20T21:30:00.000Z"
"9d2d3f6a-bbb6-4d0f-987f-377394b51c81","cb98608d-b402-4d24-a454-26d35304ad9b","0da0c5dd-c04a-461b-bdd7-3d9daceaa0ff","VIT College","18.4635","73.8682","Lower Indira Nagar Stop","18.4718","73.8618","1","PENDING","","","73","1749","2026-09-04T00:00:00.000Z","2026-09-20T23:30:00.000Z"
"8c8b787e-79d9-42b7-b03a-7192a713ba53","307ad082-3678-4ce1-b714-bc574a997f63","8dcbd23c-4a1c-425e-b9e1-56d690d064a1","City Pride BRTS","18.4845","73.8583","VIT College","18.4635","73.8682","1","COMPLETED","I will wait at the hub","","4","1750","2026-09-06T05:15:00.000Z","2026-09-20T16:30:00.000Z"
"1f9e94b0-ade6-49dc-baff-fa781fbd76ed","553ee3c5-fb7e-4dfd-8824-5693f54f26bf","d4ebe4da-1cf5-41e9-a052-ad2e992e76f1","VIT College","18.4635","73.8682","Upper Indira Nagar Bus Depot","18.4682","73.8623","1","COMPLETED","Please confirm pickup","","22","1751","2026-09-07T14:00:00.000Z","2026-09-20T14:30:00.000Z"
"42f387d4-1430-4f87-a749-2d6e635606dd","2419322b-9919-468e-a5ed-4889ec3bba1f","d731dccd-0e69-472d-8310-13e8f5708fe5","Lower Indira Nagar Stop","18.4718","73.8618","VIT College","18.4635","73.8682","1","CANCELLED","","","13","1752","2026-09-08T15:15:00.000Z","2026-09-20T12:30:00.000Z"
"916b7de4-8d5c-4f48-98f8-a4acd6232664","42a1981a-e7eb-43d3-b291-980286febec3","0c95fe70-a0ca-4d73-8f55-0b0e62001fb9","VIT College","18.4635","73.8682","Balaji Nagar BRTS","18.4628","73.8577","1","ACCEPTED","","","2","1753","2026-09-09T12:00:00.000Z","2026-09-20T23:30:00.000Z"
"4291c8fe-862d-40d7-aa4e-32d49dbbe42e","c09210db-df91-4535-8213-415977698bdd","e1692737-3062-4352-86d9-10ad597efff1","City Pride BRTS","18.4845","73.8583","VIT College","18.4635","73.8682","1","ACCEPTED","Please confirm pickup","","22","1754","2026-09-10T06:15:00.000Z","2026-09-20T19:30:00.000Z"
"b1383de7-626b-438a-a12c-66cc608d2ee0","a3a39890-4ced-4ab2-96cf-80ca9cde4f59","6fc4cb33-0af8-44b4-af29-e2f5e70c3ca5","VIT College","18.4635","73.8682","Lower Indira Nagar Stop","18.4718","73.8618","1","REJECTED","Please confirm pickup","No seats available","11","1755","2026-09-10T13:00:00.000Z","2026-09-20T12:30:00.000Z"
"f27640ce-41e7-457e-934c-b52affbb667c","f632ea30-4562-42a7-aa57-62b8fcf38cf4","8d1d180b-18bc-4087-9270-19ce1583e574","Laxmi Narayan Theatre","18.4965","73.8584","VIT College","18.4635","73.8682","1","COMPLETED","","","22","1756","2026-09-12T02:15:00.000Z","2026-09-20T17:30:00.000Z"
"3449b52e-fff8-47a8-be22-ad6e0fce1a76","30c83b98-bf06-469c-b074-c979dd771dbb","a8d214fd-de07-4ea1-bae5-557d146f9b27","VIT College","18.4635","73.8682","Katraj Terminal","18.4471","73.8562","1","ACCEPTED","I will wait at the hub","","54","1757","2026-09-13T01:00:00.000Z","2026-09-20T20:30:00.000Z"
"0470bf18-9b69-4145-a7e2-6618b7e2ed3e","c2c268e7-23bf-4f79-9524-472be85437d1","fe668d59-83f5-4167-b303-948c22591f60","Upper Indira Nagar Bus Depot","18.4682","73.8623","VIT College","18.4635","73.8682","1","ACCEPTED","Please confirm pickup","","16","1758","2026-09-13T17:15:00.000Z","2026-09-20T14:30:00.000Z"
"0e2f7cc6-68e1-4830-ad41-826b399604c3","dba459ff-e61c-49a6-b617-57a0f0a7f879","4eb4654f-b132-4610-b82a-80fd5aa524c0","VIT College","18.4635","73.8682","Market Yard Corner","18.4792","73.8581","1","COMPLETED","Please confirm pickup","","66","1759","2026-09-15T14:00:00.000Z","2026-09-20T10:30:00.000Z"
"0fe5ea71-82a4-4285-85bb-de13bda69f27","3ccbfcdc-f7b8-41f9-9639-ac324535425f","4ca5fb96-60cc-461f-9950-c00386ae3d0d","Kashinath Patil Nagar Stop","18.4745","73.8631","VIT College","18.4635","73.8682","1","ACCEPTED","I will wait at the hub","","67","1760","2026-09-14T03:15:00.000Z","2026-09-20T21:30:00.000Z"
"c5cd7d64-0cf6-48cd-8086-7e033f4ce591","8260fdc9-307c-4bb9-823f-0379cb8e7484","f6bd0cb8-14b6-4983-84a7-6090b75c1bf2","VIT College","18.4635","73.8682","Katraj Terminal","18.4471","73.8562","1","REJECTED","I will wait at the hub","No seats available","10","1761","2026-09-15T20:00:00.000Z","2026-09-20T14:30:00.000Z"
"e2466628-854d-425d-80a5-fe5b2cde0ff0","67d43918-bc6a-431a-aa68-4244b7299882","89d25526-5e75-4c71-a504-7c0e208f52ae","Swargate BRTS Stop","18.4982","73.8588","VIT College","18.4635","73.8682","1","COMPLETED","I will wait at the hub","","64","1762","2026-09-18T21:15:00.000Z","2026-09-20T16:30:00.000Z"
"91b8e5f3-627e-41b5-8cf3-f0e008925163","47200263-42ff-4887-b573-2ff0731c2f7d","8bcc5330-6b50-4950-bdbf-e5f3a9b775ee","VIT College","18.4635","73.8682","Katraj Terminal","18.4471","73.8562","1","PENDING","Please confirm pickup","","28","1763","2026-09-19T19:00:00.000Z","2026-09-20T22:30:00.000Z"
"b1bf224f-2912-484e-b6fb-46ab1b35d510","c462898e-b664-414c-880a-752f2e01ec05","1cb6adeb-9163-4fbb-b53f-65f5505df0b2","City Pride BRTS","18.4845","73.8583","VIT College","18.4635","73.8682","1","ACCEPTED","I will wait at the hub","","11","1764","2026-09-19T11:15:00.000Z","2026-09-20T11:30:00.000Z"
"9cfbc3f3-0b2e-4197-823c-7dee890d90dc","672300c6-a131-406d-a51a-411049113f03","fa0d30d3-0506-4b72-a9d6-ba7158bfd0a0","VIT College","18.4635","73.8682","Lower Indira Nagar Stop","18.4718","73.8618","1","CANCELLED","","","10","1765","2026-09-20T12:00:00.000Z","2026-09-21T06:30:00.000Z"
"df8c7ba7-d160-4bf2-870f-171b995feea2","c5f334a9-d905-4a18-9c76-744aefec8b2c","a68aae4c-c9bd-4227-aac3-87e0cce8704c","Kashinath Patil Nagar Stop","18.4745","73.8631","VIT College","18.4635","73.8682","1","COMPLETED","I will wait at the hub","","8","1766","2026-09-20T22:15:00.000Z","2026-09-21T01:30:00.000Z"
"460f1918-7ad2-4842-a5cb-7094734a2798","3bc86f5c-3099-4f83-9938-d19f28c748a1","d774693a-f4b2-48d7-9848-a02f48110bad","VIT College","18.4635","73.8682","Upper Indira Nagar Bus Depot","18.4682","73.8623","1","ACCEPTED","Please confirm pickup","","12","1767","2026-09-21T15:00:00.000Z","2026-09-21T04:30:00.000Z"
"cdb7cc97-1740-4587-a7e2-d7e700cbd780","53697bd3-4d5a-4e6f-928e-55d014bea16e","f7a3a9b0-d919-4111-a000-2b91381aa324","Kashinath Patil Nagar Stop","18.4745","73.8631","VIT College","18.4635","73.8682","1","PENDING","I will wait at the hub","","6","1768","2026-09-24T01:15:00.000Z","2026-09-21T06:30:00.000Z"
"34433e73-d096-4f02-9151-d673660c2721","fe797ccb-dcab-4cea-bedc-7dbbfb0e6401","5c96563c-848e-485c-acbe-fea45d06506b","VIT College","18.4635","73.8682","Chintamani Nagar","18.4651","73.864","1","PENDING","Please confirm pickup","","78","1769","2026-09-25T01:00:00.000Z","2026-09-21T06:30:00.000Z"
"eaaa587b-a679-4ca0-83bc-9ed4f4982e81","6880deab-b831-4a52-b582-07c686838a69","dabcd5c1-0261-4275-a50f-86ba21a7fb38","Lower Indira Nagar Stop","18.4718","73.8618","VIT College","18.4635","73.8682","1","ACCEPTED","I will wait at the hub","","25","1770","2026-09-25T15:15:00.000Z","2026-09-20T16:30:00.000Z"
"10c382b0-4e23-4828-afc1-c9b211fd41d1","e3951f74-d33d-4f94-9091-edb8749b277e","5d37ae3a-9fca-401b-81cc-2761fb12b96e","VIT College","18.4635","73.8682","Market Yard Corner","18.4792","73.8581","1","CANCELLED","Please confirm pickup","","69","1771","2026-09-26T20:00:00.000Z","2026-09-21T03:30:00.000Z"
"9c5e18b9-a145-4e2d-86f9-d1919d06f916","ffa07926-8743-4196-b608-ad1488a7638a","c6e7cd17-8a26-4b21-bcff-24bc73443535","Swargate PMPML Main Bus Stand","18.4991","73.8583","VIT College","18.4635","73.8682","1","CANCELLED","","","20","1772","2026-09-27T00:15:00.000Z","2026-09-21T05:30:00.000Z"
"f1612387-a689-447b-861d-8635cac6f31b","7dbaad8f-272b-46df-989e-f705b0f08fd3","181765e4-8d59-4d44-860f-b05bf3bda2f4","VIT College","18.4635","73.8682","Katraj Terminal","18.4471","73.8562","1","REJECTED","Please confirm pickup","No seats available","22","1773","2026-09-28T14:00:00.000Z","2026-09-21T04:30:00.000Z"
"9e50708b-52c5-4280-b60a-2044cc557016","fa2ff6bf-ca28-4f23-9296-bb129099252a","e967b8e3-6e99-4788-bb76-597c964a0c6a","City Pride BRTS","18.4845","73.8583","VIT College","18.4635","73.8682","1","COMPLETED","","","68","1774","2026-09-28T06:15:00.000Z","2026-09-20T18:30:00.000Z"
"8ba946de-9ee7-4d0d-a230-febd25cc9991","61ac25c4-e0bf-4b6e-a241-70eceedba048","ef122acc-af59-49f1-86de-5dc9fd3e25e3","VIT College","18.4635","73.8682","Chintamani Nagar","18.4651","73.864","1","REJECTED","","No seats available","10","1775","2026-09-30T02:00:00.000Z","2026-09-20T18:30:00.000Z"
"1e259a17-5e11-4abd-9e7f-4920d4527a57","b990766c-e2e8-489f-9a89-641593a37e3b","e774b584-0014-4dc8-bc95-1bb5f69d20a3","Panchami BRTS","18.4902","73.8586","VIT College","18.4635","73.8682","1","ACCEPTED","","","28","1776","2026-09-30T05:15:00.000Z","2026-09-20T20:30:00.000Z"
"5b6499d3-5db6-4522-895e-a1f9d5d21797","f4587e89-2762-4360-8973-5f60ee052396","dbaeea46-2585-4546-82df-3945b9be2cbd","VIT College","18.4635","73.8682","Balaji Nagar BRTS","18.4628","73.8577","1","PENDING","I will wait at the hub","","60","1777","2026-10-04T04:00:00.000Z","2026-09-21T04:30:00.000Z"
"d2f70e36-435e-40f8-8b64-6aa5843edeba","1fb6a133-cfcb-4ff0-ace8-fd749e17ccf0","2b4fe7a0-6432-4448-993d-7b559d10ec1a","City Pride BRTS","18.4845","73.8583","VIT College","18.4635","73.8682","1","PENDING","Please confirm pickup","","20","1778","2026-10-04T06:15:00.000Z","2026-09-20T19:30:00.000Z"
"90ef0fc9-a5ed-4b30-8f2d-e936a4f233c7","38282c2a-2ede-4648-aa13-b3310c3b94f0","2e717694-7d6b-49e8-baf4-53cf8f4fbac3","VIT College","18.4635","73.8682","Kashinath Patil Nagar Stop","18.4745","73.8631","1","ACCEPTED","","","28","1779","2026-10-06T00:00:00.000Z","2026-09-20T21:30:00.000Z"
"dceef2a1-86d9-48a9-8f9b-08f606a70935","a0848fe1-7530-48c1-bb1f-27797dc0407a","9c7182f6-1906-4c8c-b228-eca6a245931d","Chintamani Nagar","18.4651","73.864","VIT College","18.4635","73.8682","1","REJECTED","I will wait at the hub","No seats available","9","1780","2026-10-05T05:15:00.000Z","2026-09-20T15:30:00.000Z"
"43d068e4-c5b5-4ff1-8360-19c3dd40f255","606bfa56-80b9-4c4f-9b20-9823c64ecd4e","03b1388a-04d6-4ee8-b7ee-b8541ca330f1","VIT College","18.4635","73.8682","Shankar Maharaj Math","18.4735","73.8579","1","CANCELLED","","","20","1781","2026-10-06T15:00:00.000Z","2026-09-21T05:30:00.000Z"
"dc74c46b-ee5c-448e-a789-0f6605d9bd47","489e7212-7651-44f8-9127-cfa5880e0795","82251b7c-39c1-4612-9777-0028617b08fc","Upper Indira Nagar Bus Depot","18.4682","73.8623","VIT College","18.4635","73.8682","1","ACCEPTED","I will wait at the hub","","36","1782","2026-10-08T06:15:00.000Z","2026-09-20T12:30:00.000Z"
"bf617e0c-d339-49b2-be7b-a9e2af1262bf","7b0d36aa-8237-4d28-9df9-a5482f4deb56","90fbd646-a8a0-4f77-af4f-4746feda3a10","VIT College","18.4635","73.8682","Katraj Terminal","18.4471","73.8562","1","ACCEPTED","I will wait at the hub","","25","1783","2026-10-07T19:00:00.000Z","2026-09-21T00:30:00.000Z"
"4436adab-bfc1-4e2f-9229-755beeee02f7","4f2a34af-d58a-4515-9ad5-f218b4838650","3cba72c9-ac53-4442-8d16-3fa4f75f696d","Swargate PMPML Main Bus Stand","18.4991","73.8583","VIT College","18.4635","73.8682","1","COMPLETED","","","22","1784","2026-10-10T00:15:00.000Z","2026-09-20T13:30:00.000Z"
"7f323771-379a-46af-9723-db883b836a2a","77cf314a-71ba-4db1-b7c2-1340dffd1580","dbffce9e-93ca-460b-a2e6-fec327ae8a6e","VIT College","18.4635","73.8682","Shankar Maharaj Math","18.4735","73.8579","1","CANCELLED","","","49","1785","2026-10-10T06:00:00.000Z","2026-09-21T02:30:00.000Z"
"6847c209-584d-48cc-ae16-cd537c003541","4663534b-ba27-41ea-83d3-554aff15c460","6767d864-c164-421c-8b90-0f29abc5af41","Panchami BRTS","18.4902","73.8586","VIT College","18.4635","73.8682","1","CANCELLED","I will wait at the hub","","11","1786","2026-10-11T18:15:00.000Z","2026-09-20T17:30:00.000Z"
"8b74dadc-eac5-450e-b7a9-269764383a09","79590f44-0967-42fd-b0b2-a39251b5dc46","b8ece9b4-d515-405a-952d-1ccdc242c410","VIT College","18.4635","73.8682","Balaji Nagar BRTS","18.4628","73.8577","1","CANCELLED","I will wait at the hub","","18","1787","2026-10-14T03:00:00.000Z","2026-09-20T23:30:00.000Z"
"fef8dee2-26b9-4a4a-bb57-0827ead40186","f5a29d7e-8658-4fca-8260-746bf71cbc3e","e443e68b-7cb4-4260-8ec6-64c485de79d5","Panchami BRTS","18.4902","73.8586","VIT College","18.4635","73.8682","1","REJECTED","Please confirm pickup","No seats available","30","1788","2026-10-15T00:15:00.000Z","2026-09-20T20:30:00.000Z"
"169f5854-0338-4463-a09f-efc9c02459fa","e268d994-28cc-4698-8d36-13bfcfd92c0b","ed6b366d-9f31-4216-84e6-747030d98fda","VIT College","18.4635","73.8682","Lower Indira Nagar Stop","18.4718","73.8618","1","COMPLETED","I will wait at the hub","","5","1789","2026-10-13T19:00:00.000Z","2026-09-20T19:30:00.000Z"
"feb0bee6-cd46-43a4-970c-db5418b54793","3a7e4fd8-1932-460e-ab7a-d3cede393e3a","b049f74f-7dd1-454b-91ad-b27eeaeed095","Upper Indira Nagar Bus Depot","18.4682","73.8623","VIT College","18.4635","73.8682","1","PENDING","","","26","1790","2026-10-16T19:15:00.000Z","2026-09-20T22:30:00.000Z"
"01867aaf-8888-4bed-a11d-11368678426b","98ddfa6a-b8dc-480c-ab44-4e18618e574d","bfe5c77b-945d-47a5-81f7-7ae8e1ff5d5b","VIT College","18.4635","73.8682","Bibwewadi Bus Stop","18.4792","73.8615","1","COMPLETED","Please confirm pickup","","42","1791","2026-10-16T00:00:00.000Z","2026-09-21T06:30:00.000Z"
"013b8fbe-ee27-4447-9739-507b0d33af56","8eb11c9b-704b-49ef-9705-750658c1b7c6","c283b8d4-e85f-4f55-a686-461ce166d95c","Upper Indira Nagar Bus Depot","18.4682","73.8623","VIT College","18.4635","73.8682","1","REJECTED","","No seats available","13","1792","2026-10-16T15:15:00.000Z","2026-09-20T14:30:00.000Z"
"f1b5b3ea-7324-4a6f-a1a1-96908493e1e4","838fc599-3923-43de-a423-cab1369604cd","aba3000b-d3fe-45b0-93f8-1eb12fe76121","VIT College","18.4635","73.8682","Katraj Terminal","18.4471","73.8562","1","REJECTED","Please confirm pickup","No seats available","2","1793","2026-10-19T04:00:00.000Z","2026-09-20T14:30:00.000Z"
"a7293913-6a16-4b13-b179-a8f98b14d79a","8199f561-4f70-4b8c-b716-2b3f4bed1b28","fbade199-d957-41f1-9c4b-bef677c6f400","Kashinath Patil Nagar Stop","18.4745","73.8631","VIT College","18.4635","73.8682","1","PENDING","Please confirm pickup","","20","1794","2026-10-20T04:15:00.000Z","2026-09-20T12:30:00.000Z"
"8640fa86-eb0e-4360-906f-014f0f41b62d","c8bf692e-7598-49c5-bbfc-aee094a11115","ac0cf495-0f8e-40d8-b476-4ac4d53bdc5b","VIT College","18.4635","73.8682","Katraj Dairy BRTS","18.4508","73.8569","1","REJECTED","","No seats available","18","1795","2026-10-22T10:00:00.000Z","2026-09-20T15:30:00.000Z"
"8af11eb4-0bd3-4c27-96ed-a35f5eff819e","01312676-73a4-4ce7-8860-74087a03f0c6","bbd2b08c-34a8-4439-a7fa-b253b6a9fe04","Chintamani Nagar","18.4651","73.864","VIT College","18.4635","73.8682","1","COMPLETED","Please confirm pickup","","26","1796","2026-10-22T05:15:00.000Z","2026-09-20T11:30:00.000Z"
"49ff0206-cc15-4f95-bab3-04747344b7ef","5c1b3efb-7c50-49a5-b5d1-3d644f237d61","9c9999da-6c7c-4b0f-ba28-7f852899325d","VIT College","18.4635","73.8682","Market Yard Corner","18.4792","73.8581","1","CANCELLED","I will wait at the hub","","13","1797","2026-10-22T07:00:00.000Z","2026-09-21T01:30:00.000Z"
"0b0fa988-5f77-4c5e-bffa-b35e5f21c606","9033334b-bfa8-423c-8fe1-8590201a5c3d","856fb0bc-3ae4-454f-9f56-312a33995404","City Pride BRTS","18.4845","73.8583","VIT College","18.4635","73.8682","1","PENDING","Please confirm pickup","","12","1798","2026-10-24T20:15:00.000Z","2026-09-21T05:30:00.000Z"
"2eb6e0ef-7b35-4c45-bc42-4566a8931c47","68326949-6fc7-41c0-a02b-5666ac81045d","f7676189-9518-498b-a982-6c245aff61a1","VIT College","18.4635","73.8682","Bibwewadi Bus Stop","18.4792","73.8615","1","REJECTED","I will wait at the hub","No seats available","7","1799","2026-10-24T10:00:00.000Z","2026-09-21T06:30:00.000Z"
"72792e26-bb1d-47f1-b956-f0637e6b5f95","478bb025-bace-45fa-8187-1ae9987e5428","03dfc805-e814-4e5f-a637-8a041faf9ad7","City Pride BRTS","18.4845","73.8583","VIT College","18.4635","73.8682","1","CANCELLED","Please confirm pickup","","3","1800","2026-10-25T21:15:00.000Z","2026-09-21T02:30:00.000Z"
"cf92ac4f-f902-49a7-a35a-c3501dbc3748","c92b4087-a422-4d8c-8e79-26bfac9ca101","508e57b4-544e-4392-bbd1-17b3a4e613c3","VIT College","18.4635","73.8682","Bibwewadi Bus Stop","18.4792","73.8615","1","COMPLETED","","","15","1801","2026-10-27T22:00:00.000Z","2026-09-20T21:30:00.000Z"
"56c9c2f3-02a8-463e-bd80-33944b380ba1","11bc1a50-2f31-48c5-9c56-1de186423417","81213212-6e43-4b70-96e8-51e59fb5e735","Panchami BRTS","18.4902","73.8586","VIT College","18.4635","73.8682","1","PENDING","Please confirm pickup","","47","1802","2026-10-27T23:15:00.000Z","2026-09-20T16:30:00.000Z"
"7fc9c89b-6c3a-4606-b486-ba522fd9bfbd","b004db2c-bb58-4659-b373-891c966e24fb","5118be9b-6811-4a52-9a62-a0ced3f60e27","VIT College","18.4635","73.8682","Bibwewadi Bus Stop","18.4792","73.8615","1","REJECTED","Please confirm pickup","No seats available","14","1803","2026-10-27T15:00:00.000Z","2026-09-20T10:30:00.000Z"
"2dbcc1a4-4c37-4a45-bdc2-d519685bf0fa","e63bc4eb-1cc1-4558-8970-eae47d229ce3","17983e48-5904-4312-9f6c-9d6f749c8539","City Pride BRTS","18.4845","73.8583","VIT College","18.4635","73.8682","1","PENDING","Please confirm pickup","","14","1804","2026-10-29T07:15:00.000Z","2026-09-20T18:30:00.000Z"
"184cf06a-a312-42ce-93d2-62ede7777f75","40ce5803-9ea2-4fde-86be-d19f64893f91","669af901-6937-4b2d-a11b-46de7e09eced","VIT College","18.4635","73.8682","Lower Indira Nagar Stop","18.4718","73.8618","1","REJECTED","I will wait at the hub","No seats available","27","1805","2026-10-31T07:00:00.000Z","2026-09-21T03:30:00.000Z"
"9bd86d5d-95b0-419b-8061-0e1e1e283c1b","07c1f54f-5628-491b-8876-6ea47f6a3a6f","08c75e3d-df80-427a-b942-864b9136eb2a","Laxmi Narayan Theatre","18.4965","73.8584","VIT College","18.4635","73.8682","1","CANCELLED","Please confirm pickup","","2","1806","2026-11-01T14:15:00.000Z","2026-09-21T02:30:00.000Z"
"2873148c-55a8-4b13-8f20-4866bbc4c77e","b7e53912-d7ee-4b46-abc7-66df936c9135","8583b128-6eef-4c56-a566-5dc44a8d0a70","VIT College","18.4635","73.8682","Bharati Vidyapeeth","18.456","73.8574","1","CANCELLED","I will wait at the hub","","2","1807","2026-11-03T06:00:00.000Z","2026-09-20T22:30:00.000Z"
"d899a839-6efa-4959-a7e8-28bf50219807","2a624fa6-6ead-486a-8633-35da388c9345","f2ff9e67-5a69-4146-a543-f1fed27fb87a","Laxmi Narayan Theatre","18.4965","73.8584","VIT College","18.4635","73.8682","1","COMPLETED","Please confirm pickup","","19","1808","2026-11-01T09:15:00.000Z","2026-09-20T13:30:00.000Z"
"19c5a116-2877-4149-a774-0d75da70b03c","1a5421f5-f61c-4571-90b4-fb8985851bbf","f34b84c7-eb95-4dff-958a-ef69c608f272","VIT College","18.4635","73.8682","Bharati Vidyapeeth","18.456","73.8574","1","COMPLETED","Please confirm pickup","","19","1809","2026-11-05T06:00:00.000Z","2026-09-21T06:30:00.000Z"
"8184ba07-bd6e-4156-826e-db4a87519d07","eae4c192-f26a-40a5-b957-fdb141661848","c4608e10-532e-42df-b9ca-6399d157bc77","Bibwewadi Bus Stop","18.4792","73.8615","VIT College","18.4635","73.8682","1","PENDING","I will wait at the hub","","0","1810","2026-08-06T14:15:00.000Z","2026-09-20T15:30:00.000Z"
"ef937a32-cd65-4d59-8a19-f2efad7b0937","1aaa9fc5-7bce-4483-b4fb-c182a69f8ba9","a53ad219-be12-4a6b-9852-64dfe8aa6236","VIT College","18.4635","73.8682","Katraj Terminal","18.4471","73.8562","1","CANCELLED","I will wait at the hub","","34","1811","2026-08-07T20:00:00.000Z","2026-09-20T23:30:00.000Z"
"22115e6b-9881-43cd-9860-e1ef32467fa3","193d021d-25af-4656-bf78-26221ef96d4e","30e63cfd-4d4a-41f2-9c08-fe7bb0c7d4b0","Swargate PMPML Main Bus Stand","18.4991","73.8583","VIT College","18.4635","73.8682","1","ACCEPTED","Please confirm pickup","","10","1812","2026-08-07T09:15:00.000Z","2026-09-20T10:30:00.000Z"
"8064381d-7aa2-4a58-b391-0a28373fbaa1","cd08e074-68c5-4017-ba6f-50ac68f03372","61caa1f5-7dee-45a4-964a-8e5ed8b6a158","VIT College","18.4635","73.8682","Balaji Nagar BRTS","18.4628","73.8577","1","ACCEPTED","I will wait at the hub","","26","1813","2026-08-10T19:00:00.000Z","2026-09-20T21:30:00.000Z"
"5b3a70f0-c649-4bf9-88a0-508c947c3e94","b7ce6a32-3f3a-4a2e-a8ed-55d1a2e0e090","be9c6ca4-6ee9-481b-8039-dcc0a742224e","City Pride BRTS","18.4845","73.8583","VIT College","18.4635","73.8682","1","REJECTED","Please confirm pickup","No seats available","24","1814","2026-08-10T09:15:00.000Z","2026-09-20T17:30:00.000Z"
"307b3d98-7d70-423e-89b2-fb5382bcd19f","ee4251ed-106b-4b49-85cf-fc59e57243b4","fbd59ae5-86aa-4b7c-b82b-b7c0b9d357a3","VIT College","18.4635","73.8682","Upper Indira Nagar Bus Depot","18.4682","73.8623","1","ACCEPTED","Please confirm pickup","","1","1815","2026-08-13T03:00:00.000Z","2026-09-21T06:30:00.000Z"
"bf3fdd89-b741-4081-8b8b-7a6b9085c1d5","2306fa33-a81f-46a1-916c-cb1abe55fcea","228adcc3-430e-4eba-ba35-403a9eae4ae6","Laxmi Narayan Theatre","18.4965","73.8584","VIT College","18.4635","73.8682","1","CANCELLED","I will wait at the hub","","15","1816","2026-08-11T09:15:00.000Z","2026-09-20T22:30:00.000Z"
"fe0c184d-e85d-4df0-a3f7-8495ff81c676","accdbd4b-396d-4079-9176-3ca5c9e76929","db21b52b-86e1-49c0-82fe-f5d33db4323f","VIT College","18.4635","73.8682","KK Market BRTS","18.4683","73.8579","1","ACCEPTED","Please confirm pickup","","29","1817","2026-08-15T01:00:00.000Z","2026-09-20T20:30:00.000Z"
"94be6d68-0af7-45e6-9bd8-bb5562b6a5c3","d6c17434-0d4d-4199-b0bc-f6b9c07bc630","a1ef1ce8-9cb0-499a-bca0-636d395b8e27","Laxmi Narayan Theatre","18.4965","73.8584","VIT College","18.4635","73.8682","1","CANCELLED","Please confirm pickup","","18","1818","2026-08-13T20:15:00.000Z","2026-09-20T22:30:00.000Z"
"dc2deb56-8168-46d5-a915-477a450c226c","9e7f8a10-8c34-4309-9abb-26fc9dc0f90f","5bed2f04-01f9-4e95-995a-1a0c306ae9c3","VIT College","18.4635","73.8682","Bibwewadi Bus Stop","18.4792","73.8615","1","CANCELLED","I will wait at the hub","","4","1819","2026-08-14T17:00:00.000Z","2026-09-20T16:30:00.000Z"
"7c0cdf9f-62b5-4115-9a3b-b1f6004ebb52","347998d6-1193-4173-aba0-3adf84a035d8","b351304c-33e4-4dfa-bbfe-0e46f5cda915","Laxmi Narayan Theatre","18.4965","73.8584","VIT College","18.4635","73.8682","1","COMPLETED","Please confirm pickup","","6","1820","2026-08-15T09:15:00.000Z","2026-09-20T21:30:00.000Z"
"8a6019fe-baed-4601-8090-c9106259153b","4cb06401-c831-4878-8d3a-0cf284dd9b3a","f69ef11d-7551-4545-967a-f045a72ebb93","VIT College","18.4635","73.8682","Bharati Vidyapeeth","18.456","73.8574","1","PENDING","","","30","1821","2026-08-17T21:00:00.000Z","2026-09-20T19:30:00.000Z"
"3fb69fba-9409-42f1-90d8-2b59f04e5ed7","c2903257-5007-4e17-ae40-b7c8060b32a1","76b965ae-22a7-4a52-a8af-e41b3fbabb12","Swargate PMPML Main Bus Stand","18.4991","73.8583","VIT College","18.4635","73.8682","1","COMPLETED","Please confirm pickup","","9","1822","2026-08-17T22:15:00.000Z","2026-09-20T19:30:00.000Z"
"241e23e8-3047-43c5-a4b1-62634b50decb","b0526699-f3dc-4f5d-9b48-6a8535184646","47fb716c-faad-411e-a3e5-d13e542643c1","VIT College","18.4635","73.8682","KK Market BRTS","18.4683","73.8579","1","COMPLETED","I will wait at the hub","","20","1823","2026-08-20T02:00:00.000Z","2026-09-20T23:30:00.000Z"
"cafe55ec-7302-4720-b41d-d778d329cbe7","ca939ded-9104-42cf-a4b3-6843b47783c2","4c3a0823-a2f6-449e-a285-51b92ef1ef89","Lower Indira Nagar Stop","18.4718","73.8618","VIT College","18.4635","73.8682","1","PENDING","I will wait at the hub","","21","1824","2026-08-19T20:15:00.000Z","2026-09-20T20:30:00.000Z"
"fd47b1ad-2761-4a88-9432-868a109740d6","a82b0c1a-886f-4211-a0a9-054ebf2de948","6d4eadbe-2e7e-4907-9dac-2e7ca825fe4f","VIT College","18.4635","73.8682","Katraj Terminal","18.4471","73.8562","1","CANCELLED","Please confirm pickup","","29","1825","2026-08-22T00:00:00.000Z","2026-09-21T04:30:00.000Z"
"3e3fdb52-a0c5-4e54-948d-e7e6ac5f3f8b","9c4be972-a9b9-40d6-aa1d-6f5408282dac","cdec7465-1f6a-4948-bdff-48b43a5e174c","Lower Indira Nagar Stop","18.4718","73.8618","VIT College","18.4635","73.8682","1","ACCEPTED","I will wait at the hub","","5","1826","2026-08-22T16:15:00.000Z","2026-09-20T23:30:00.000Z"
"c5878e44-0869-449a-9d51-d761d8abb4aa","87db7b35-55db-4c56-99f0-a6ba239c2439","287a280f-3e96-473f-a98b-7fea3a6ff244","VIT College","18.4635","73.8682","KK Market BRTS","18.4683","73.8579","1","PENDING","","","6","1827","2026-08-23T07:00:00.000Z","2026-09-20T18:30:00.000Z"
"fbe6fa93-eb72-4d2c-bf2a-cff6240d6bc8","4a54e2bf-6545-4272-ad64-bd47d61df079","cb3f3ef2-5ef7-449a-8f63-2d283dcb08cf","Laxmi Narayan Theatre","18.4965","73.8584","VIT College","18.4635","73.8682","1","COMPLETED","","","18","1828","2026-08-25T19:15:00.000Z","2026-09-20T20:30:00.000Z"
"53f4c597-bd58-4866-af51-4218eaf3365e","84595fe1-7158-45b5-867b-e6a74628a5e6","b407e420-bc95-44d7-9048-179efe644dba","VIT College","18.4635","73.8682","Kashinath Patil Nagar Stop","18.4745","73.8631","1","CANCELLED","","","5","1829","2026-08-25T12:00:00.000Z","2026-09-20T11:30:00.000Z"
"82d3cdd4-e408-48f4-a59b-d7db431d1f05","01a4582b-778c-4fd3-9763-2d85857beef3","22cd2c32-c447-4e38-8e94-504aa1dee620","Swargate BRTS Stop","18.4982","73.8588","VIT College","18.4635","73.8682","1","ACCEPTED","","","22","1830","2026-08-26T23:15:00.000Z","2026-09-20T17:30:00.000Z"
"785b34b6-58a1-4f50-a82e-72ae3f5cfae6","91cd9721-950d-4891-95b6-560672d57fde","8a8524b8-3506-433a-9249-833aa24fb089","VIT College","18.4635","73.8682","Balaji Nagar BRTS","18.4628","73.8577","1","CANCELLED","","","17","1831","2026-08-28T18:00:00.000Z","2026-09-20T19:30:00.000Z"
"690c4450-ecf2-4f8b-9ebc-e1b05c6ece5d","0fe39544-ef36-496d-bd05-d021888a50a5","86105958-87be-4dcd-b670-bf501ca8dcdd","Laxmi Narayan Theatre","18.4965","73.8584","VIT College","18.4635","73.8682","1","ACCEPTED","","","47","1832","2026-08-28T10:15:00.000Z","2026-09-20T13:30:00.000Z"
"e6892e9f-c7ed-43cc-a54a-bc678a9d1c55","f30ce3ff-9b76-4031-8fe8-c6dfbcd28cdd","6f3fcde3-7927-4673-8e83-5d19997e04eb","VIT College","18.4635","73.8682","Katraj Terminal","18.4471","73.8562","1","COMPLETED","","","21","1833","2026-08-30T21:00:00.000Z","2026-09-20T23:30:00.000Z"
"17968aa5-87f8-4f67-8f53-d5b73570946b","8fc39df0-6017-41f5-afb5-7a113699cf79","3934e51d-f7fc-439d-a64b-1e11c068f9b5","Bibwewadi Bus Stop","18.4792","73.8615","VIT College","18.4635","73.8682","1","CANCELLED","I will wait at the hub","","47","1834","2026-08-31T06:15:00.000Z","2026-09-20T15:30:00.000Z"
"93c3b5fd-33ab-4cd7-84e4-583323fcdb2b","6ca9283c-c81a-41cb-9262-2b1bee36f6d0","fac65e5b-f1a5-4896-b38a-74849ccdc168","VIT College","18.4635","73.8682","Lower Indira Nagar Stop","18.4718","73.8618","1","COMPLETED","","","9","1835","2026-09-02T02:00:00.000Z","2026-09-20T22:30:00.000Z"
"3839676c-ea28-4498-9c9e-095a42ac6bc1","20245922-7f9b-4d65-9cc1-3246fbca71bb","29b6b79c-7351-4ba6-a9ad-66967f535c3c","Swargate PMPML Main Bus Stand","18.4991","73.8583","VIT College","18.4635","73.8682","1","REJECTED","Please confirm pickup","No seats available","27","1836","2026-09-01T00:15:00.000Z","2026-09-21T00:30:00.000Z"
"7100ffb9-3325-4e64-8e82-282bc9618df8","f762400f-e44c-4c3b-b9c8-9bfd561b6e20","5b47c5b4-ec85-43dd-9c75-f074a7d568d2","VIT College","18.4635","73.8682","Katraj Terminal","18.4471","73.8562","1","ACCEPTED","I will wait at the hub","","18","1837","2026-09-01T16:00:00.000Z","2026-09-20T20:30:00.000Z"
"1898d499-54bc-4872-9365-e78348d90f3f","3d9e423d-918c-494a-a8bd-2f6488df70c0","edf92a9c-96cf-4fe7-b02c-abdaad634737","Swargate PMPML Main Bus Stand","18.4991","73.8583","VIT College","18.4635","73.8682","1","REJECTED","I will wait at the hub","No seats available","27","1838","2026-09-03T12:15:00.000Z","2026-09-21T05:30:00.000Z"
"1bfed418-226d-4b3b-ad1a-57a0b7df744a","5cc08185-b339-4bb7-814a-7014a409b6b6","877fcad2-68c5-48bf-942c-586c3d86867f","VIT College","18.4635","73.8682","Kashinath Patil Nagar Stop","18.4745","73.8631","1","CANCELLED","Please confirm pickup","","7","1839","2026-09-06T00:00:00.000Z","2026-09-20T20:30:00.000Z"
"0e9d6c3f-0711-44fc-a6c5-707e7060f273","d0147f0f-9dff-4ab5-829e-07e2649721a2","926e6fcc-8a51-46f5-85e4-e8eefbfe9ddc","Kashinath Patil Nagar Stop","18.4745","73.8631","VIT College","18.4635","73.8682","1","CANCELLED","Please confirm pickup","","30","1840","2026-09-06T13:15:00.000Z","2026-09-20T12:30:00.000Z"
"ba04c114-13e5-48cb-89cc-e5a9e5cebabc","ae052ba8-5c1a-4561-9c33-141130e5628f","750f9bd3-e937-4388-a25a-3cc6be098aa7","VIT College","18.4635","73.8682","Bibwewadi Bus Stop","18.4792","73.8615","1","REJECTED","I will wait at the hub","No seats available","19","1841","2026-09-07T08:00:00.000Z","2026-09-20T13:30:00.000Z"
"f3baa2a3-fe41-4270-a1ec-7bf10d7d3f0e","b51b91cf-cfeb-4048-87c0-520d2ff484ab","9310e53a-bd9e-441e-911c-031aa1551243","Kashinath Patil Nagar Stop","18.4745","73.8631","VIT College","18.4635","73.8682","1","COMPLETED","I will wait at the hub","","41","1842","2026-09-08T22:15:00.000Z","2026-09-21T03:30:00.000Z"
"55e944a1-d268-4c76-af5d-40775aab2a4c","7b2f6b74-e8ca-4181-bbe7-02b790bc0115","5ce9e64f-f50b-4da1-9486-37f9f09551ed","VIT College","18.4635","73.8682","Bharati Vidyapeeth","18.456","73.8574","1","ACCEPTED","I will wait at the hub","","30","1843","2026-09-08T01:00:00.000Z","2026-09-21T05:30:00.000Z"
"d1a1d474-3667-4db1-9f7e-29e1e26ed7c4","cfffa02c-1431-4c2c-9c09-2884923e9ff6","eb5a4f04-4ebf-43f6-a099-11c15b1dfbe5","Lower Indira Nagar Stop","18.4718","73.8618","VIT College","18.4635","73.8682","1","ACCEPTED","Please confirm pickup","","53","1844","2026-09-08T21:15:00.000Z","2026-09-21T00:30:00.000Z"
"3c6234f7-3c40-495f-bebb-d170afd6021f","eda848cc-b22a-4858-8df8-8b63259cb5e6","461b5690-97cf-4151-95af-7899c536787b","VIT College","18.4635","73.8682","Kashinath Patil Nagar Stop","18.4745","73.8631","1","CANCELLED","I will wait at the hub","","56","1845","2026-09-10T04:00:00.000Z","2026-09-21T03:30:00.000Z"
"4bedcc1d-7f8a-45ce-afad-b61f74c4ba65","43936d16-adac-4c03-80f8-01e6ef744e96","91d3e190-f0bb-4908-a504-df3c03c7e6a6","City Pride BRTS","18.4845","73.8583","VIT College","18.4635","73.8682","1","CANCELLED","Please confirm pickup","","24","1846","2026-09-11T19:15:00.000Z","2026-09-20T23:30:00.000Z"
"bcae2c17-479f-418e-af50-1b1d44fb57d6","b8f2df5d-91ef-4966-84e0-982f34d11796","8a7e159e-c7d0-49fb-9915-996ec39b4c3f","VIT College","18.4635","73.8682","Shankar Maharaj Math","18.4735","73.8579","1","ACCEPTED","","","13","1847","2026-09-13T09:00:00.000Z","2026-09-20T12:30:00.000Z"
"429c67c7-4545-484a-ac62-73ff4212b1ac","ec246858-3b03-4b2a-8b16-9341d9321c78","33e24ac2-b991-402e-96fe-a60f7d88716b","Panchami BRTS","18.4902","73.8586","VIT College","18.4635","73.8682","1","PENDING","","","29","1848","2026-09-14T05:15:00.000Z","2026-09-21T02:30:00.000Z"
"42056f17-6eda-49e3-98d7-0a8093fb4121","9e25ce2d-696f-40ba-a21d-adc579773a7e","cce669d0-24ee-4095-8136-3ddc6f61da10","VIT College","18.4635","73.8682","Katraj Terminal","18.4471","73.8562","1","CANCELLED","I will wait at the hub","","4","1849","2026-09-15T23:00:00.000Z","2026-09-20T22:30:00.000Z"
"da721353-bd5c-4386-90c8-5b148ad812f9","e10054d7-019d-4661-8acf-a7c02793c39d","b08272f1-2eae-461f-9382-c184fe741279","Laxmi Narayan Theatre","18.4965","73.8584","VIT College","18.4635","73.8682","1","PENDING","","","4","1850","2026-09-14T07:15:00.000Z","2026-09-20T15:30:00.000Z"
"4c42ed00-77f9-4ad9-96ae-365760301d8f","a2ada4c5-5541-46f5-9ba3-ca2738625fbe","7f81c4c3-c234-4bd0-80d1-215c711a0283","VIT College","18.4635","73.8682","Chintamani Nagar","18.4651","73.864","1","COMPLETED","Please confirm pickup","","30","1851","2026-09-15T15:00:00.000Z","2026-09-21T00:30:00.000Z"
"4d56b601-787b-4d84-89fb-760171efd2cd","1bcbf866-59f4-4ef4-adde-62fce4947855","80ca3ea6-d467-4f49-97eb-b6dc6f476676","Lower Indira Nagar Stop","18.4718","73.8618","VIT College","18.4635","73.8682","1","PENDING","","","11","1852","2026-09-16T04:15:00.000Z","2026-09-20T16:30:00.000Z"
"87d03a1a-239d-4afb-9fd7-a1802f5ce724","3db3257f-3d10-4e5f-84eb-67dfbc67f98b","90d5fa4d-50ca-4080-ae76-6f8158f4c9a5","VIT College","18.4635","73.8682","Market Yard Corner","18.4792","73.8581","1","ACCEPTED","Please confirm pickup","","9","1853","2026-09-18T22:00:00.000Z","2026-09-21T03:30:00.000Z"
"e5b1f043-490d-459a-bbee-a23f5e54151f","58cc2256-2ec1-4cd2-8c61-7a6dfc93ecc3","34887a09-84f2-49c3-97c8-eaa9e671e141","Swargate BRTS Stop","18.4982","73.8588","VIT College","18.4635","73.8682","1","PENDING","I will wait at the hub","","26","1854","2026-09-19T06:15:00.000Z","2026-09-20T17:30:00.000Z"
"c6efed66-6721-48b7-be8a-27a542dcc9d0","04a66207-3f8e-4650-b19e-1692d8444905","70d0f859-149d-4503-9629-7e2b03c67a3f","VIT College","18.4635","73.8682","Upper Indira Nagar Bus Depot","18.4682","73.8623","1","CANCELLED","I will wait at the hub","","26","1855","2026-09-20T18:00:00.000Z","2026-09-20T11:30:00.000Z"
"8746cfd2-466a-4d77-afe9-ff321c734fca","80ec623e-6857-448c-b901-d80a0141ee25","4bb40fa4-b428-432e-aca2-1a954ebd5186","Market Yard Corner","18.4792","73.8581","VIT College","18.4635","73.8682","1","COMPLETED","Please confirm pickup","","4","1856","2026-09-22T07:15:00.000Z","2026-09-21T01:30:00.000Z"
"b0d2fb4f-89ee-40ff-9475-edebdbb4773f","ce84c9d5-53b0-4049-bef8-2c863c4743f4","d3b6bef4-14dc-43ee-b1ea-5df640bff3ea","VIT College","18.4635","73.8682","Kashinath Patil Nagar Stop","18.4745","73.8631","1","COMPLETED","I will wait at the hub","","13","1857","2026-09-22T09:00:00.000Z","2026-09-21T06:30:00.000Z"
"8d86c1f6-fe35-4fc3-b7de-68460fdb673e","d31bc2e3-d543-430f-8694-03deef0d03a0","e0bd240d-0573-4a8a-830a-c46264dbd855","Chintamani Nagar","18.4651","73.864","VIT College","18.4635","73.8682","1","CANCELLED","I will wait at the hub","","8","1858","2026-09-24T02:15:00.000Z","2026-09-20T11:30:00.000Z"
"f986b58f-6068-4191-bf3d-6a3ddb843aff","98981a53-c80c-4f63-91fb-2b433181ec4e","8100f2b8-79e0-4059-be98-ced465000a2e","VIT College","18.4635","73.8682","Kashinath Patil Nagar Stop","18.4745","73.8631","1","COMPLETED","I will wait at the hub","","30","1859","2026-09-25T16:00:00.000Z","2026-09-20T20:30:00.000Z"
"8605e1bb-83ef-403e-86ad-793fa8f749a2","785ea47f-a0e2-4e25-8534-f6b42b5194f7","b2f0c20b-d66e-41c9-b60f-6562ae71b956","Swargate BRTS Stop","18.4982","73.8588","VIT College","18.4635","73.8682","1","CANCELLED","Please confirm pickup","","2","1860","2026-09-24T05:15:00.000Z","2026-09-20T17:30:00.000Z"
"e100f9b7-1dd3-4983-8904-80615c400f01","b060f8ea-8adb-4269-aac4-410824a6548d","afabde80-8412-4536-8a7d-443441b6329d","VIT College","18.4635","73.8682","Chintamani Nagar","18.4651","73.864","1","ACCEPTED","Please confirm pickup","","15","1861","2026-09-26T17:00:00.000Z","2026-09-20T12:30:00.000Z"
"294ed6f9-14b2-47d7-94fa-848cec0dddf2","530061fe-8a66-4f85-8836-dc417f7912f2","e977337e-9b7d-4b79-9851-7a31a276eaf5","Upper Indira Nagar Bus Depot","18.4682","73.8623","VIT College","18.4635","73.8682","1","COMPLETED","","","66","1862","2026-09-26T11:15:00.000Z","2026-09-20T23:30:00.000Z"
"6f429b90-7013-4685-9a86-e69f53b2ba5e","6d0a333b-623b-499b-9752-7def665d02ff","0234ea7e-b8a5-4a4f-8b12-eb48fefff06e","VIT College","18.4635","73.8682","KK Market BRTS","18.4683","73.8579","1","REJECTED","I will wait at the hub","No seats available","23","1863","2026-09-30T10:00:00.000Z","2026-09-20T16:30:00.000Z"
"fccf3180-02a3-4082-aa7b-b93fb0302511","7384de82-d9f3-4a09-b9d7-c1096ae96fe9","8d2bb992-3062-4ae3-b2ae-9d47074dec68","Panchami BRTS","18.4902","73.8586","VIT College","18.4635","73.8682","1","REJECTED","","No seats available","14","1864","2026-09-30T05:15:00.000Z","2026-09-20T20:30:00.000Z"
"74e4bdee-cf22-4964-8532-4b0107ca9f85","54ed5c0b-6bee-488b-8fa0-b18ac7448c5d","95e5d040-6f8f-43de-b101-0a1abbfde269","VIT College","18.4635","73.8682","KK Market BRTS","18.4683","73.8579","1","PENDING","I will wait at the hub","","13","1865","2026-10-02T02:00:00.000Z","2026-09-21T06:30:00.000Z"
"f9f169a7-a352-4b8b-8fee-606d118de43a","5fe68a5e-2b41-450c-9ea7-7a4f1919c026","d138941d-1b44-42fe-975d-1a4eb78e7f92","Chintamani Nagar","18.4651","73.864","VIT College","18.4635","73.8682","1","COMPLETED","","","53","1866","2026-09-30T07:15:00.000Z","2026-09-20T15:30:00.000Z"
"6d2f17af-8b13-4e60-bc7c-41161439d802","5ca7ba09-c9d8-4156-94a2-4924d514c253","dbb7296e-eb2b-4e18-9aed-9b61128e1b95","VIT College","18.4635","73.8682","Kashinath Patil Nagar Stop","18.4745","73.8631","1","COMPLETED","I will wait at the hub","","67","1867","2026-10-01T13:00:00.000Z","2026-09-20T13:30:00.000Z"
"03bf5c30-621b-4df1-8aad-d417d3b63fad","ba9278c7-bf64-4d67-8b6e-d30a5cfedd4f","c3c94b51-2803-4c25-9e1e-bbe1eb6386cc","Swargate BRTS Stop","18.4982","73.8588","VIT College","18.4635","73.8682","1","PENDING","Please confirm pickup","","80","1868","2026-10-02T02:15:00.000Z","2026-09-20T23:30:00.000Z"
"d1f63ff6-5056-412c-b2cc-4fa59778df08","2741c327-9739-4f41-b232-e2de2842ce22","6cc8d264-2c05-4a80-90d4-2b29b4ccd802","VIT College","18.4635","73.8682","Balaji Nagar BRTS","18.4628","73.8577","1","REJECTED","","No seats available","78","1869","2026-10-05T07:00:00.000Z","2026-09-20T12:30:00.000Z"
"bd53bc87-395f-49f4-83b7-1c9b07af3b76","8f48bc14-eb02-42c5-806b-a120caae63de","6a3f9cb7-ea70-4c12-87b0-f7ee4a38b313","Market Yard Corner","18.4792","73.8581","VIT College","18.4635","73.8682","1","COMPLETED","I will wait at the hub","","9","1870","2026-10-06T07:15:00.000Z","2026-09-20T20:30:00.000Z"
"0618d41d-c73b-4f75-a3ae-754688b077cc","7ad8de96-cb66-47b2-8679-79d581a35a38","105772de-3e2e-4525-873d-28205793d14f","VIT College","18.4635","73.8682","Bibwewadi Bus Stop","18.4792","73.8615","1","PENDING","I will wait at the hub","","7","1871","2026-10-07T06:00:00.000Z","2026-09-20T13:30:00.000Z"
"48c893c7-ad37-460f-b41c-83c211a1b6c5","556b3dff-8a8f-45c0-ab04-846ea2b3481e","b5eb2319-5923-4823-9cfb-fa0ca41f597b","Laxmi Narayan Theatre","18.4965","73.8584","VIT College","18.4635","73.8682","1","REJECTED","","No seats available","17","1872","2026-10-08T03:15:00.000Z","2026-09-21T01:30:00.000Z"
"cca04ae9-2bfc-4c2c-a890-3c59c81f6166","06e4ac6c-d55f-4bb8-a35e-d68c49aa6fe0","e4b9e33a-9380-46ad-8b5f-37aca78f2d78","VIT College","18.4635","73.8682","Lower Indira Nagar Stop","18.4718","73.8618","1","COMPLETED","Please confirm pickup","","22","1873","2026-10-08T13:00:00.000Z","2026-09-20T13:30:00.000Z"
"d423e577-6b81-4548-a132-8c009ad6c7e1","138e0e96-2ae0-42eb-925a-2efd6cc07f88","f1320520-f547-4abc-be6f-66bd5f323eb5","Market Yard Corner","18.4792","73.8581","VIT College","18.4635","73.8682","1","ACCEPTED","I will wait at the hub","","28","1874","2026-10-09T01:15:00.000Z","2026-09-20T18:30:00.000Z"
"24311b80-cb1e-43cb-a034-2cfbf55bc5ff","399c90ae-f9b2-4636-b216-eefe642d5e68","c36606d7-b032-4936-8403-b0f1a43f756a","VIT College","18.4635","73.8682","Upper Indira Nagar Bus Depot","18.4682","73.8623","1","ACCEPTED","Please confirm pickup","","49","1875","2026-10-09T23:00:00.000Z","2026-09-21T06:30:00.000Z"
"29bb363e-2371-4bde-bd0e-f3c125c64658","11a1a211-ed80-4b47-832d-744d54e3697a","f10fac1a-d7f2-4f4e-a8f2-d72fd48b371a","Bibwewadi Bus Stop","18.4792","73.8615","VIT College","18.4635","73.8682","1","COMPLETED","Please confirm pickup","","4","1876","2026-10-12T16:15:00.000Z","2026-09-20T12:30:00.000Z"
"f8dff21c-c78a-4d3f-bf15-8c7076d508a3","ef01b520-394f-42d7-80ea-7c9e4d54ceb9","5ab9a35e-6ac7-4156-95ae-cc1e59bb9fa7","VIT College","18.4635","73.8682","Chintamani Nagar","18.4651","73.864","1","CANCELLED","","","27","1877","2026-10-13T08:00:00.000Z","2026-09-21T06:30:00.000Z"
"7151b89c-65f7-41f5-a358-8a7d8c338876","8dca88da-214d-418a-9950-3820c5a0025c","364c0441-918b-402a-a77c-fc9446ad8d71","Chintamani Nagar","18.4651","73.864","VIT College","18.4635","73.8682","1","COMPLETED","Please confirm pickup","","53","1878","2026-10-14T17:15:00.000Z","2026-09-20T22:30:00.000Z"
"b992ca75-a20f-4d95-a6d4-6254ab33705b","6aab06c3-ca46-4e55-935a-b585c41aaf77","1de804a1-1c04-4d9b-88a6-03aa475b2f23","VIT College","18.4635","73.8682","Katraj Dairy BRTS","18.4508","73.8569","1","CANCELLED","Please confirm pickup","","4","1879","2026-10-16T11:00:00.000Z","2026-09-20T13:30:00.000Z"
"5fba3ded-4e2b-4411-a9a4-939f30434321","97e0576b-a371-4489-a6e6-1050d8cd2b6c","8fcb293d-bce3-4068-b448-c15533882e86","Chintamani Nagar","18.4651","73.864","VIT College","18.4635","73.8682","1","COMPLETED","Please confirm pickup","","4","1880","2026-10-17T00:15:00.000Z","2026-09-20T11:30:00.000Z"
"ed492b25-3dd9-4337-9f63-532dbad053a2","0350367a-d053-4acd-8222-3218fa42a97c","6b38852c-3199-4130-9bef-739d2cbf98cd","VIT College","18.4635","73.8682","Katraj Terminal","18.4471","73.8562","1","COMPLETED","","","23","1881","2026-10-17T05:00:00.000Z","2026-09-21T04:30:00.000Z"
"f9c1988f-1935-468d-9265-224111fdf4dc","5719265d-325a-4a00-9690-103e22dae62e","ac87c729-c400-43ff-9619-cd867435a982","Kashinath Patil Nagar Stop","18.4745","73.8631","VIT College","18.4635","73.8682","1","ACCEPTED","Please confirm pickup","","61","1882","2026-10-16T19:15:00.000Z","2026-09-20T22:30:00.000Z"
"ded47cd1-baaf-41e5-8475-5c0221833832","7b31edae-9abe-4dcc-b7cc-3c3720dc9fb5","2b79909a-3fc7-4286-93ba-521d9aa64a8f","VIT College","18.4635","73.8682","Katraj Terminal","18.4471","73.8562","1","PENDING","","","4","1883","2026-10-20T06:00:00.000Z","2026-09-20T16:30:00.000Z"
"dcb38443-d216-4482-ba7c-3ebec82e1a6c","3934bbc8-793b-4112-8542-53c265426f32","2cabb8ae-b3d7-4c51-8207-1b8fc7300e2c","Kashinath Patil Nagar Stop","18.4745","73.8631","VIT College","18.4635","73.8682","1","COMPLETED","","","4","1884","2026-10-20T08:15:00.000Z","2026-09-21T01:30:00.000Z"
"be7fa203-003e-410d-8fd6-2f6d39570ef9","3733cf77-96d4-4dc1-a9ec-da302478c3d5","843078cc-2ea7-483f-83b3-cc8bae6695c6","VIT College","18.4635","73.8682","Lower Indira Nagar Stop","18.4718","73.8618","1","ACCEPTED","I will wait at the hub","","18","1885","2026-10-19T13:00:00.000Z","2026-09-21T01:30:00.000Z"
"8d459dcd-9c8e-4915-89f7-915966d9011f","a89e487d-58b0-4fad-9d7c-706e74dd8e1b","d79a63da-78e9-4b42-a5b3-c04b428ae1c7","Upper Indira Nagar Bus Depot","18.4682","73.8623","VIT College","18.4635","73.8682","1","CANCELLED","I will wait at the hub","","75","1886","2026-10-23T01:15:00.000Z","2026-09-20T10:30:00.000Z"
"8a052505-b8d3-4843-898e-cbfc8e24abcb","9f828941-9783-46be-bee8-44b76122f777","ced6df1d-3ee8-4c76-8610-955b666d02b6","VIT College","18.4635","73.8682","Market Yard Corner","18.4792","73.8581","1","REJECTED","Please confirm pickup","No seats available","12","1887","2026-10-22T18:00:00.000Z","2026-09-20T14:30:00.000Z"
"47c8f13b-f7b9-4ce9-b315-03703fd422fe","68f26ce5-b4bb-472d-b600-5ea3e62e9c2f","2a786db0-f79e-4a08-a45d-7143a56be137","Bibwewadi Bus Stop","18.4792","73.8615","VIT College","18.4635","73.8682","1","REJECTED","","No seats available","31","1888","2026-10-22T10:15:00.000Z","2026-09-20T16:30:00.000Z"
"9e7ef01b-7d85-4a44-80df-2a6d5f89cbe2","ab08ed30-ba47-4fb9-b022-78e8de44f5cf","2c463203-2185-4bb6-ac9c-dbf4b358d3f9","VIT College","18.4635","73.8682","Chintamani Nagar","18.4651","73.864","1","COMPLETED","","","44","1889","2026-10-24T10:00:00.000Z","2026-09-20T16:30:00.000Z"
"712b065a-f190-4eee-a3f9-ab5671887a5b","fbb61ac1-f9d2-4cdf-bf75-96014fa681aa","50b52ef7-937a-4ad7-a6ea-5df63741b351","Swargate PMPML Main Bus Stand","18.4991","73.8583","VIT College","18.4635","73.8682","1","CANCELLED","I will wait at the hub","","64","1890","2026-10-25T02:15:00.000Z","2026-09-20T21:30:00.000Z"
"de84f56c-1bd3-45d1-a651-3efb8527d702","c3a84aea-f9a3-48d9-b74d-9290f38e6112","23cdcd88-f49b-408a-af81-20c714c4290b","VIT College","18.4635","73.8682","Bibwewadi Bus Stop","18.4792","73.8615","1","PENDING","I will wait at the hub","","58","1891","2026-10-26T23:00:00.000Z","2026-09-20T11:30:00.000Z"
"0227560c-96b4-4a71-9b1f-a3d4a186d451","7c15c186-d066-4586-95d9-6c15ab96b1ca","8fe8486d-63f9-47dc-b19e-cee4aa0ac9c0","City Pride BRTS","18.4845","73.8583","VIT College","18.4635","73.8682","1","PENDING","Please confirm pickup","","2","1892","2026-10-26T09:15:00.000Z","2026-09-20T18:30:00.000Z"
"c4eb8c32-9f3c-42bb-a715-6400fe062e17","f9e07fb2-20a3-41bf-b1a3-a8cd544569d3","e448284e-7dcf-4d42-b0eb-1d902bcd1366","VIT College","18.4635","73.8682","Shankar Maharaj Math","18.4735","73.8579","1","PENDING","Please confirm pickup","","13","1893","2026-10-28T12:00:00.000Z","2026-09-20T14:30:00.000Z"
"7bc26a37-0cb3-4aa1-850f-1f09aec2da24","65474831-05b7-4a37-8459-e593b5ec272a","10da92ee-210d-4710-88f2-423a285dd142","Lower Indira Nagar Stop","18.4718","73.8618","VIT College","18.4635","73.8682","1","ACCEPTED","Please confirm pickup","","10","1894","2026-10-28T15:15:00.000Z","2026-09-20T19:30:00.000Z"
"3867105c-55b7-4e4b-bdb8-006d3204a09a","2e038fee-9718-4868-a45b-74849aa62d4e","420b1194-1446-4c01-a90b-9ad6313738f8","VIT College","18.4635","73.8682","Bharati Vidyapeeth","18.456","73.8574","1","ACCEPTED","","","24","1895","2026-10-31T08:00:00.000Z","2026-09-20T21:30:00.000Z"
"a179a23f-30a1-48a1-9f94-5c8120cbb8d1","5700c7ad-a661-41ac-8de3-0caa8edd4916","542484e9-c9f4-48df-8789-a3dffda2107d","Laxmi Narayan Theatre","18.4965","73.8584","VIT College","18.4635","73.8682","1","REJECTED","","No seats available","7","1896","2026-11-01T15:15:00.000Z","2026-09-20T13:30:00.000Z"
"1c4e88d2-3713-4008-a7a1-3e8351c4d09b","8a037316-bd88-4f1b-854e-4024f3773942","b478ed02-c175-49c9-846a-0e9a7f6aa6be","VIT College","18.4635","73.8682","Katraj Dairy BRTS","18.4508","73.8569","1","CANCELLED","Please confirm pickup","","29","1897","2026-11-01T14:00:00.000Z","2026-09-20T17:30:00.000Z"
"2198d7b1-dd31-4e30-a0be-1a538cb0cb1e","d0cab530-3c33-4d4a-ae79-520a75ef8312","1c8d0824-69a8-4346-9507-05d4a6013c68","Market Yard Corner","18.4792","73.8581","VIT College","18.4635","73.8682","1","COMPLETED","","","11","1898","2026-11-03T17:15:00.000Z","2026-09-20T19:30:00.000Z"
"834a76f0-6cfd-490f-b3cf-461c7e831ec4","b7ba8e54-92be-434c-ba84-25ccd8366591","5f049c18-2f70-4261-b271-889d9956d23d","VIT College","18.4635","73.8682","Bharati Vidyapeeth","18.456","73.8574","1","CANCELLED","","","53","1899","2026-11-04T09:00:00.000Z","2026-09-20T14:30:00.000Z"
"b2c7fb4c-90fc-4eb8-b876-80b5e23408aa","373e7fa0-1c24-487c-a052-39be59600702","f6c03d6c-620f-48f6-af10-83f362b1c35a","Kashinath Patil Nagar Stop","18.4745","73.8631","VIT College","18.4635","73.8682","1","COMPLETED","I will wait at the hub","","56","1900","2026-08-06T15:15:00.000Z","2026-09-20T15:30:00.000Z"
"2584f205-691d-401e-a412-73da28790f24","82d6e312-ea3e-4afc-80b2-29f1e2db19d2","72a2f2bb-d751-41f3-8634-e09d45e07917","VIT College","18.4635","73.8682","Upper Indira Nagar Bus Depot","18.4682","73.8623","1","ACCEPTED","I will wait at the hub","","8","1901","2026-08-06T18:00:00.000Z","2026-09-21T05:30:00.000Z"
"36d1e7ce-69d0-4a92-92f6-a39d4bb53c86","4fa31dbb-5e33-4dd3-a43e-79f543fe1378","1712b652-bce4-4309-8027-92304c9fed8f","Swargate BRTS Stop","18.4982","73.8588","VIT College","18.4635","73.8682","1","COMPLETED","","","6","1902","2026-08-08T03:15:00.000Z","2026-09-20T13:30:00.000Z"
"0ec4a724-0823-45c4-b09a-106908c49c55","974ff15c-c038-4dc5-987b-3071cb4137f1","22829531-9959-4ca6-a928-9f36eb4703e1","VIT College","18.4635","73.8682","Bharati Vidyapeeth","18.456","73.8574","1","CANCELLED","I will wait at the hub","","26","1903","2026-08-10T18:00:00.000Z","2026-09-20T22:30:00.000Z"
"8a5631e4-3f1b-4f6e-a443-675bc9876bff","0a9c89f4-ad9e-46c8-8338-2757a38d5122","81e5312b-7123-490f-977b-7f79504efcd6","Market Yard Corner","18.4792","73.8581","VIT College","18.4635","73.8682","1","COMPLETED","","","76","1904","2026-08-09T16:15:00.000Z","2026-09-20T18:30:00.000Z"
"065ab6c9-aa67-4cd7-ad9f-4f789d77b35f","bb6447da-be36-4483-a6db-f03969d1306d","e57ff715-25a1-426c-97cf-87015c1bf680","VIT College","18.4635","73.8682","Bharati Vidyapeeth","18.456","73.8574","1","ACCEPTED","Please confirm pickup","","43","1905","2026-08-11T23:00:00.000Z","2026-09-21T02:30:00.000Z"
"cd6f5fe5-141f-4c5f-8ac4-9d2fd1e98e13","5be2a491-d5dd-4af1-8d73-36810402dca8","5493fbc0-789f-4b10-8644-f8ec21cd0b14","City Pride BRTS","18.4845","73.8583","VIT College","18.4635","73.8682","1","REJECTED","","No seats available","4","1906","2026-08-13T16:15:00.000Z","2026-09-20T11:30:00.000Z"
"f4a70504-1400-4ca0-83aa-c084fc1ae7c8","5490818a-2bc2-4ef4-937f-aa45c186f23e","ef8bce94-feeb-4e53-b72f-1a7c2e5bddf1","VIT College","18.4635","73.8682","Balaji Nagar BRTS","18.4628","73.8577","1","ACCEPTED","","","22","1907","2026-08-13T23:00:00.000Z","2026-09-20T14:30:00.000Z"
"82f8e732-35f3-480d-9a21-53f77bd72343","da735137-ace5-43af-ab24-22dac49fda23","4f4e35d9-739c-4f3d-b0b4-2067faa30741","Bibwewadi Bus Stop","18.4792","73.8615","VIT College","18.4635","73.8682","1","CANCELLED","Please confirm pickup","","42","1908","2026-08-15T17:15:00.000Z","2026-09-20T16:30:00.000Z"
"573b2338-a6f7-4dfc-9c91-1eb487d1341d","3242d9fc-9ffa-4468-a6bc-e5b75acf07a6","9d0ef4fe-a576-4770-9ab1-5eafc46b6be0","VIT College","18.4635","73.8682","Bibwewadi Bus Stop","18.4792","73.8615","1","CANCELLED","I will wait at the hub","","75","1909","2026-08-16T21:00:00.000Z","2026-09-20T17:30:00.000Z"
"841f74c3-68cc-472a-9541-bfd97b5ce7ec","7a765650-b258-434b-bbbc-98ea7db7530e","4056717c-9798-4214-8fbd-07c4e3a98b6b","Market Yard Corner","18.4792","73.8581","VIT College","18.4635","73.8682","1","COMPLETED","I will wait at the hub","","24","1910","2026-08-15T09:15:00.000Z","2026-09-21T04:30:00.000Z"
"8f20de60-8bb3-4b0d-93d6-cb7c62d47323","65577061-4435-4338-8873-ff30ff5a901c","3a33f6e7-07ab-4e3d-a721-814ac739de5e","VIT College","18.4635","73.8682","Shankar Maharaj Math","18.4735","73.8579","1","CANCELLED","I will wait at the hub","","48","1911","2026-08-18T04:00:00.000Z","2026-09-20T12:30:00.000Z"
"7cea147c-c80e-45f8-91f5-e5b6a310e133","57bdea97-fabb-456a-a374-e4980b70f1bb","3009cc84-1259-4bbc-a108-8462919b7c19","Lower Indira Nagar Stop","18.4718","73.8618","VIT College","18.4635","73.8682","1","REJECTED","I will wait at the hub","No seats available","21","1912","2026-08-18T05:15:00.000Z","2026-09-21T05:30:00.000Z"
"1687741a-26ae-455d-a261-651d4040f147","a64c3a42-0e72-4c06-9c85-60c0039d0c26","7e9c129c-4156-4ca9-af99-d00fb8d1aadd","VIT College","18.4635","73.8682","Kashinath Patil Nagar Stop","18.4745","73.8631","1","REJECTED","Please confirm pickup","No seats available","72","1913","2026-08-19T18:00:00.000Z","2026-09-20T11:30:00.000Z"
"b070281a-d6ad-4f88-871b-48c014a98859","ecd1eddd-48f7-4b16-b5d6-c74e0ffa0f96","21c63f77-2d39-4f11-9e0c-1c7312653c75","City Pride BRTS","18.4845","73.8583","VIT College","18.4635","73.8682","1","PENDING","","","3","1914","2026-08-19T03:15:00.000Z","2026-09-21T00:30:00.000Z"
"a163e978-6a57-4ef7-a7f6-293fea20034f","64b15a17-a6a0-4c29-a956-bcc463b3e06d","657e344f-90aa-4e48-a3e5-9a6235100f2e","VIT College","18.4635","73.8682","Market Yard Corner","18.4792","73.8581","1","COMPLETED","I will wait at the hub","","13","1915","2026-08-22T21:00:00.000Z","2026-09-21T00:30:00.000Z"
"380c9146-a1b6-4b62-a34d-eba675a808c4","880eece1-35c6-47cc-9b13-df7a4dafa75b","b69aeeb6-95cd-4c93-b1fd-e8588a274731","Panchami BRTS","18.4902","73.8586","VIT College","18.4635","73.8682","1","COMPLETED","I will wait at the hub","","27","1916","2026-08-21T22:15:00.000Z","2026-09-21T01:30:00.000Z"
"716f3d8e-6acb-4ba3-ba5f-957b61fefbbd","fcd79093-8bbb-4802-9025-22dddfd1bbd8","896d4da2-8fa8-41c5-b3c6-164a6ce57775","VIT College","18.4635","73.8682","Katraj Terminal","18.4471","73.8562","1","ACCEPTED","I will wait at the hub","","52","1917","2026-08-25T07:00:00.000Z","2026-09-20T22:30:00.000Z"
"f7a54410-bff1-46c5-9a68-34da3177ebe7","537be75e-2e48-4216-8457-cd11d3b726a2","c64460b2-879f-4506-882f-92adfc9e63ac","Lower Indira Nagar Stop","18.4718","73.8618","VIT College","18.4635","73.8682","1","CANCELLED","Please confirm pickup","","11","1918","2026-08-25T11:15:00.000Z","2026-09-20T10:30:00.000Z"
"6f63d7d5-4d2a-4caf-9e29-71533cdbba79","10d4ae0f-d589-4996-8aa8-b10e0baf2e0b","cd9196d9-a849-4e71-b98a-4e48a614e104","VIT College","18.4635","73.8682","Shankar Maharaj Math","18.4735","73.8579","1","ACCEPTED","I will wait at the hub","","16","1919","2026-08-25T00:00:00.000Z","2026-09-20T13:30:00.000Z"
"c6fed2a5-7b27-4903-98ff-fc5767cbab28","874e7b82-c4f1-47b2-9f14-d08d51a04b90","ed18db93-5780-4297-ae97-bbe311886b02","Lower Indira Nagar Stop","18.4718","73.8618","VIT College","18.4635","73.8682","1","REJECTED","I will wait at the hub","No seats available","34","1920","2026-08-27T17:15:00.000Z","2026-09-21T00:30:00.000Z"
"73d586e9-792a-4597-bc10-5e76eab54037","56c645af-8b79-43bc-a739-c8cb8fbf2680","43dd383b-7c2d-4840-8095-5e3518602750","VIT College","18.4635","73.8682","Kashinath Patil Nagar Stop","18.4745","73.8631","1","REJECTED","I will wait at the hub","No seats available","2","1921","2026-08-29T06:00:00.000Z","2026-09-20T23:30:00.000Z"
"bd35db8a-53da-49fc-85e4-81de8b5ba83b","93e23fb9-63b7-406f-a4b1-96c0dba5a981","2e0cc7b0-3544-40fe-910b-e573a7d33c9a","Kashinath Patil Nagar Stop","18.4745","73.8631","VIT College","18.4635","73.8682","1","ACCEPTED","Please confirm pickup","","30","1922","2026-08-29T12:15:00.000Z","2026-09-20T14:30:00.000Z"
"e445cb8c-1cb6-452f-a172-81f280a71b6d","8066116b-42f6-40aa-87fd-8d4056b46e4d","715c6bfc-3ccb-48eb-9e74-b58e93075303","VIT College","18.4635","73.8682","Upper Indira Nagar Bus Depot","18.4682","73.8623","1","REJECTED","","No seats available","14","1923","2026-08-30T12:00:00.000Z","2026-09-20T23:30:00.000Z"
"47db245f-3c58-4eff-bf34-efa7a559fb59","b1dca3b9-155b-457a-a18c-bea536d908b9","3916a068-e6a5-4012-812a-fbcd946203e9","Kashinath Patil Nagar Stop","18.4745","73.8631","VIT College","18.4635","73.8682","1","ACCEPTED","","","58","1924","2026-08-29T07:15:00.000Z","2026-09-20T23:30:00.000Z"
"c73b25b0-b7c0-4c50-8c14-f419c6c5c6a4","7c526082-d595-4d19-87ba-ee5aee3916ce","6884857e-84bf-44a3-a6b7-57ffce28a733","VIT College","18.4635","73.8682","Market Yard Corner","18.4792","73.8581","1","REJECTED","Please confirm pickup","No seats available","18","1925","2026-09-02T11:00:00.000Z","2026-09-20T23:30:00.000Z"
"26933b8f-dd94-441a-ae4d-f854c8fe03be","e5c29427-4d28-4be5-bf7a-580d4952ab5d","b25e6ea6-d736-435b-aead-e9d0d69b728d","Lower Indira Nagar Stop","18.4718","73.8618","VIT College","18.4635","73.8682","1","ACCEPTED","I will wait at the hub","","23","1926","2026-09-01T14:15:00.000Z","2026-09-20T18:30:00.000Z"
"eec576c2-b70d-4f67-a084-70ead587d63d","720d41ac-d1b4-4dc9-ba7a-6acf0042e745","29ba1c6f-943a-462e-a307-a6c327c39a57","VIT College","18.4635","73.8682","Shankar Maharaj Math","18.4735","73.8579","1","ACCEPTED","","","2","1927","2026-09-02T07:00:00.000Z","2026-09-20T14:30:00.000Z"
"9a7d974e-0f3c-41bb-a768-788cdbfc7558","b38065ef-acd7-4f75-831e-a3883a7c083b","20bdc7ae-7082-421e-b675-6c4002d0295b","City Pride BRTS","18.4845","73.8583","VIT College","18.4635","73.8682","1","REJECTED","Please confirm pickup","No seats available","40","1928","2026-09-03T05:15:00.000Z","2026-09-20T21:30:00.000Z"
"88a0c8ae-618e-498d-bfdb-5c8ee8d9897d","56676370-b1ed-4512-a806-de2335804b90","62390621-3521-47ba-869a-f822874bb453","VIT College","18.4635","73.8682","Balaji Nagar BRTS","18.4628","73.8577","1","ACCEPTED","Please confirm pickup","","10","1929","2026-09-05T12:00:00.000Z","2026-09-20T21:30:00.000Z"
"803ad748-7374-4890-9ff8-d607ca5d5755","9e9d3c36-4fab-4b7a-b4d5-2d97e2d9323d","08eb06b4-7805-4b0c-998b-d919358e8b0f","Market Yard Corner","18.4792","73.8581","VIT College","18.4635","73.8682","1","CANCELLED","","","28","1930","2026-09-05T08:15:00.000Z","2026-09-21T06:30:00.000Z"
"d6777284-b19f-4c2c-acd9-6cd5a42c4ab7","c4300939-e4a1-4f47-bdee-6b1b2bfff264","697c28b3-7690-4ffd-bfa8-c30e27f63214","VIT College","18.4635","73.8682","Lower Indira Nagar Stop","18.4718","73.8618","1","PENDING","I will wait at the hub","","0","1931","2026-09-07T22:00:00.000Z","2026-09-20T16:30:00.000Z"
"85ad6c2f-076f-4663-98d7-1deffd7d4ebd","009f4a96-e552-4848-bef5-7a21b796a829","1f726f94-16aa-417d-8d05-1b3dd96d0827","Lower Indira Nagar Stop","18.4718","73.8618","VIT College","18.4635","73.8682","1","PENDING","","","23","1932","2026-09-08T12:15:00.000Z","2026-09-20T17:30:00.000Z"
"ec163381-175f-43ad-a65f-abda855cbefc","3beb3b27-79ed-44b0-9627-62428b551e82","ea3fd43b-e1e5-4d62-a163-dae19fc740bd","VIT College","18.4635","73.8682","Bharati Vidyapeeth","18.456","73.8574","1","ACCEPTED","Please confirm pickup","","41","1933","2026-09-08T17:00:00.000Z","2026-09-20T16:30:00.000Z"
"4714c07d-1e73-48a0-a835-4adec44ca319","35101783-fa01-4108-9a78-87e5da2fce52","5def974b-b8b4-4ef7-8825-5a50ee6710cd","Panchami BRTS","18.4902","73.8586","VIT College","18.4635","73.8682","1","REJECTED","I will wait at the hub","No seats available","35","1934","2026-09-08T06:15:00.000Z","2026-09-20T20:30:00.000Z"
"c4bb587b-f6cc-4d96-8dcd-a1332d277964","a1113ccb-74a8-4188-b35a-bec65d08d99e","a7ff8669-7d2a-4462-beb0-0d9e874f1dc8","VIT College","18.4635","73.8682","Bibwewadi Bus Stop","18.4792","73.8615","1","CANCELLED","","","22","1935","2026-09-12T11:00:00.000Z","2026-09-21T03:30:00.000Z"
"ba6ed536-ca50-47de-936e-4770626c3d9c","bd75dfb8-8351-408f-b038-cd01a8ea5c7e","0f35346d-5638-4de0-b685-b0f5e42ff331","City Pride BRTS","18.4845","73.8583","VIT College","18.4635","73.8682","1","CANCELLED","I will wait at the hub","","29","1936","2026-09-12T14:15:00.000Z","2026-09-20T21:30:00.000Z"
"3152cc32-b350-4f9c-8002-93b9235ccb0d","722b279b-dccd-4554-b6b0-583efd80ad3b","ffe56b11-38f8-4fa2-936c-d19021b522b8","VIT College","18.4635","73.8682","Shankar Maharaj Math","18.4735","73.8579","1","COMPLETED","","","14","1937","2026-09-12T16:00:00.000Z","2026-09-21T02:30:00.000Z"
"c2cb54f8-7958-44a0-88ad-af51b5387834","7b68f551-2656-4109-92ec-c54f71db7d11","93c44edd-bbc5-4ac3-9dba-63f636b8ed0b","Swargate BRTS Stop","18.4982","73.8588","VIT College","18.4635","73.8682","1","REJECTED","I will wait at the hub","No seats available","12","1938","2026-09-14T12:15:00.000Z","2026-09-21T06:30:00.000Z"
"3acff0b1-22b2-46a4-b4fa-66fc7bc55242","04c461eb-f5d7-4f2b-a227-edba582fcd38","7d4898cc-54f3-4bd1-b9da-b31ff1cb26c3","VIT College","18.4635","73.8682","Kashinath Patil Nagar Stop","18.4745","73.8631","1","COMPLETED","","","27","1939","2026-09-14T10:00:00.000Z","2026-09-20T15:30:00.000Z"
"1471ee93-8879-4bc1-8c5f-1b33ca99e272","7f11746a-ddb5-4b52-8c2f-b9ab9ecd24eb","1f497524-0e6c-424a-94f9-93905b5a9755","Kashinath Patil Nagar Stop","18.4745","73.8631","VIT College","18.4635","73.8682","1","CANCELLED","","","0","1940","2026-09-15T00:15:00.000Z","2026-09-20T11:30:00.000Z"
"b458e2d3-7ada-418c-b399-0f5091d45b15","1e936a3f-b640-432e-8ff8-bf3b94f3c7fb","609a5aa2-e576-472b-ae03-3d339a90c45c","VIT College","18.4635","73.8682","Shankar Maharaj Math","18.4735","73.8579","1","COMPLETED","","","11","1941","2026-09-17T09:00:00.000Z","2026-09-20T13:30:00.000Z"
"29b52612-05a2-4529-8add-fdbddbc2aec0","9c1377e0-63e5-4921-a677-2c4cb32569d2","829e7fa5-0c38-47a9-a715-877dada17b24","Swargate PMPML Main Bus Stand","18.4991","73.8583","VIT College","18.4635","73.8682","1","CANCELLED","","","29","1942","2026-09-19T00:15:00.000Z","2026-09-20T14:30:00.000Z"
"32da2704-5a67-4af9-91c2-f012fa51cd0c","de36d91d-800f-4ad4-b9e1-2a6be77027d4","2fd77d02-9eed-432b-bc2b-69984e53b256","VIT College","18.4635","73.8682","Katraj Dairy BRTS","18.4508","73.8569","1","REJECTED","","No seats available","30","1943","2026-09-20T08:00:00.000Z","2026-09-21T06:30:00.000Z"
"f4bea5cb-2dc8-47f7-8240-2c48bbaee399","f577c4c8-21b9-4f67-8824-92084fc00604","2e269fc9-9682-468b-b756-d02e46a395d8","Swargate PMPML Main Bus Stand","18.4991","73.8583","VIT College","18.4635","73.8682","1","REJECTED","","No seats available","27","1944","2026-09-19T07:15:00.000Z","2026-09-21T01:30:00.000Z"
"611294d2-7373-40a6-924b-ac423697ae16","8766f53e-2624-498b-8250-73a29b3c3c25","ae43995b-0b10-49a4-a37e-36a29c7b89fa","VIT College","18.4635","73.8682","Market Yard Corner","18.4792","73.8581","1","CANCELLED","Please confirm pickup","","63","1945","2026-09-21T20:00:00.000Z","2026-09-21T06:30:00.000Z"
"816d8e08-d34c-4ab5-bc8b-090568f36e90","c381757c-59d6-4043-86ec-c0f5fd5e3529","ccfa0157-3dc7-4140-84a7-8283ed55f1e4","Lower Indira Nagar Stop","18.4718","73.8618","VIT College","18.4635","73.8682","1","CANCELLED","I will wait at the hub","","20","1946","2026-09-21T23:15:00.000Z","2026-09-21T01:30:00.000Z"
"7357c6ac-32b1-4c64-aebe-ec6b46c05bc6","0233b488-5cba-414c-afb1-1ed73840054d","fb85cd08-9134-4e91-ad82-1bf40b5e18fe","VIT College","18.4635","73.8682","Katraj Terminal","18.4471","73.8562","1","COMPLETED","Please confirm pickup","","1","1947","2026-09-23T21:00:00.000Z","2026-09-20T17:30:00.000Z"
"29a34719-93c0-4705-b24a-aee86cb5f6c6","c6f65103-d2c6-4eec-89d6-f7e960b5ba24","797bc6e5-c2a2-497c-bf6e-087c71a1d8b5","Panchami BRTS","18.4902","73.8586","VIT College","18.4635","73.8682","1","REJECTED","I will wait at the hub","No seats available","13","1948","2026-09-23T21:15:00.000Z","2026-09-20T13:30:00.000Z"
"bd0e0102-d6c7-4899-b541-f71b3a309d8d","ee357042-a8d8-432e-8ee3-a11515f1f7b7","77d7f815-239b-4019-bf1b-76b62751a21d","VIT College","18.4635","73.8682","Lower Indira Nagar Stop","18.4718","73.8618","1","PENDING","Please confirm pickup","","58","1949","2026-09-23T19:00:00.000Z","2026-09-20T21:30:00.000Z"
"b2caa6d1-a373-48f0-951c-21c118a982b3","a937e903-39aa-449d-b394-e7a901c00589","481621b5-ffcf-4751-b9e2-151c0182f97a","Swargate BRTS Stop","18.4982","73.8588","VIT College","18.4635","73.8682","1","CANCELLED","Please confirm pickup","","25","1950","2026-09-25T19:15:00.000Z","2026-09-20T12:30:00.000Z"
"d3e22bc2-1532-48e9-959c-c099d9cf63d1","52281e5f-9bb3-49cc-9207-f8963c6daf9e","fc17bde9-8039-463a-b2df-6dd060d08969","VIT College","18.4635","73.8682","Balaji Nagar BRTS","18.4628","73.8577","1","ACCEPTED","I will wait at the hub","","18","1951","2026-09-26T08:00:00.000Z","2026-09-21T06:30:00.000Z"
"58dd826a-50c9-493d-a776-53359345335d","6851c7b3-6338-4725-9bc5-a2d26fa91353","6279cde7-2c2c-4986-a9a4-55039693b818","Chintamani Nagar","18.4651","73.864","VIT College","18.4635","73.8682","1","REJECTED","Please confirm pickup","No seats available","48","1952","2026-09-27T15:15:00.000Z","2026-09-20T13:30:00.000Z"
"317c7070-cc36-44af-8599-89458efc9a60","5881764f-684f-4d17-aca7-e313a53dc378","9c577260-815e-4814-ae42-db071f0604b0","VIT College","18.4635","73.8682","Upper Indira Nagar Bus Depot","18.4682","73.8623","1","CANCELLED","I will wait at the hub","","36","1953","2026-09-28T22:00:00.000Z","2026-09-21T01:30:00.000Z"
"a3df8f5b-e05a-4c3b-b54a-4c7f31dc6a8e","4f3d34d6-eb5d-4a79-8f45-c82ef2f659fe","969131e9-4cc6-483d-82f8-990f056d6c5a","Laxmi Narayan Theatre","18.4965","73.8584","VIT College","18.4635","73.8682","1","COMPLETED","","","70","1954","2026-09-28T23:15:00.000Z","2026-09-20T14:30:00.000Z"
"94c6a43a-9260-4004-9732-ec5d1120a3ed","ca158156-cb12-4a7a-8103-67d36572fa78","85bed899-042e-4b82-a6ac-e7f8e8652524","VIT College","18.4635","73.8682","Katraj Terminal","18.4471","73.8562","1","CANCELLED","Please confirm pickup","","28","1955","2026-09-30T16:00:00.000Z","2026-09-21T01:30:00.000Z"
"a3fa0247-5201-4824-9ee6-a4cdec9e322a","8e31b037-f501-43f3-9742-2c4238afc243","dd95ce1d-b76e-4f1f-9a03-108aea02d0d2","Kashinath Patil Nagar Stop","18.4745","73.8631","VIT College","18.4635","73.8682","1","ACCEPTED","Please confirm pickup","","19","1956","2026-10-02T23:15:00.000Z","2026-09-21T05:30:00.000Z"
"a08ece2c-ef18-4ae1-923d-3ea223d69d58","12e459f4-a197-4331-84db-2a65861c530e","39147f90-fbda-49de-88ec-5fe656c0d7b4","VIT College","18.4635","73.8682","Katraj Terminal","18.4471","73.8562","1","COMPLETED","","","9","1957","2026-10-02T04:00:00.000Z","2026-09-20T23:30:00.000Z"
"28bea888-a131-45e8-9323-325b627eb737","fca24602-6c93-4056-91b7-2deabf0f9bca","51e576cc-ab7a-49bd-ad0b-21fda7d2bda2","Bibwewadi Bus Stop","18.4792","73.8615","VIT College","18.4635","73.8682","1","PENDING","Please confirm pickup","","30","1958","2026-10-04T16:15:00.000Z","2026-09-20T14:30:00.000Z"
"eca10a0d-7671-41d1-afb0-b6c4064ca4ad","4d851de1-aaf1-4bbe-a31e-b8ad43171874","9ef8f4fa-8101-4ff2-80ff-91a966e3bab8","VIT College","18.4635","73.8682","Shankar Maharaj Math","18.4735","73.8579","1","REJECTED","I will wait at the hub","No seats available","19","1959","2026-10-05T05:00:00.000Z","2026-09-20T16:30:00.000Z"
"1b34e815-8676-4487-a28e-448845158466","fd009b67-3ae7-4bdd-9c46-4e9c71db9f8c","f0c7e0ed-5ec8-43e2-aabe-d0c93c5234e3","Kashinath Patil Nagar Stop","18.4745","73.8631","VIT College","18.4635","73.8682","1","CANCELLED","I will wait at the hub","","25","1960","2026-10-06T11:15:00.000Z","2026-09-20T11:30:00.000Z"
"6ee5438a-a69d-42fb-aa9b-3e0ffa044f38","3cce6f20-8e5e-4932-b2e7-725646c5f1e4","39d3794d-33e3-4ffe-b495-fbaa9d28a26b","VIT College","18.4635","73.8682","Bibwewadi Bus Stop","18.4792","73.8615","1","REJECTED","I will wait at the hub","No seats available","69","1961","2026-10-05T23:00:00.000Z","2026-09-20T17:30:00.000Z"
"236a99f6-4ed3-40a4-aa40-a9d0582d60a6","e2d96fa2-a305-4a6f-a9ec-0280397eb8d9","d96dc164-dffd-4bcb-bc7b-ca59b2d88379","City Pride BRTS","18.4845","73.8583","VIT College","18.4635","73.8682","1","PENDING","","","4","1962","2026-10-08T21:15:00.000Z","2026-09-20T10:30:00.000Z"
"c1af8c13-3b6f-401a-9219-5b73a7536849","b5a76907-4c2f-4ad2-8569-4c707d0491d9","6871daa5-011a-4255-a4bd-29f490afb889","VIT College","18.4635","73.8682","Bharati Vidyapeeth","18.456","73.8574","1","REJECTED","Please confirm pickup","No seats available","21","1963","2026-10-09T12:00:00.000Z","2026-09-21T05:30:00.000Z"
"d154f761-f8f0-4c8e-9cf3-ecd2a19c2e43","aa82c21a-5784-4162-aea1-c9366db711e8","72cddc2e-6ec2-4e48-aa1a-fc6654d24fab","Panchami BRTS","18.4902","73.8586","VIT College","18.4635","73.8682","1","ACCEPTED","I will wait at the hub","","56","1964","2026-10-10T18:15:00.000Z","2026-09-21T04:30:00.000Z"
"fcd558ab-a671-4ad8-9b2c-22b97fb5f5ae","cfcd71f3-64d5-4c5c-bf60-d93e484a87ef","26dcafa5-e28f-4c96-bd7f-75ca1113e108","VIT College","18.4635","73.8682","Kashinath Patil Nagar Stop","18.4745","73.8631","1","COMPLETED","Please confirm pickup","","17","1965","2026-10-10T17:00:00.000Z","2026-09-20T19:30:00.000Z"
"e1856b01-63cf-4943-b66a-21c5420253d2","9338a5c7-a28c-4b61-a813-8eb9691e3c56","5ac71c5e-4117-49f2-9551-e2487ee014ca","Market Yard Corner","18.4792","73.8581","VIT College","18.4635","73.8682","1","CANCELLED","","","75","1966","2026-10-11T21:15:00.000Z","2026-09-20T14:30:00.000Z"
"9aebc206-7520-48c8-ace4-d477c77ab3a1","0dc2c06e-723c-4616-88fe-b8959158b482","2bf63d4b-4be8-4a3d-b079-2a7b714b0da3","VIT College","18.4635","73.8682","Katraj Terminal","18.4471","73.8562","1","COMPLETED","Please confirm pickup","","7","1967","2026-10-14T04:00:00.000Z","2026-09-21T04:30:00.000Z"
"101fb41c-63ec-45ac-8f23-48bbc64dc987","90eea363-7e5d-4c95-929a-862c8fcb8d9e","f24e7e05-582d-47da-aa31-e435fb66bfa2","City Pride BRTS","18.4845","73.8583","VIT College","18.4635","73.8682","1","PENDING","I will wait at the hub","","19","1968","2026-10-12T09:15:00.000Z","2026-09-20T21:30:00.000Z"
"b155a3c7-73bc-41b3-ae31-78daf45e0ae8","ab694b13-6aa0-4aa4-98f1-38188790098d","e36d6950-fda1-4e0a-b9a4-3109c1ef3afd","VIT College","18.4635","73.8682","Shankar Maharaj Math","18.4735","73.8579","1","ACCEPTED","I will wait at the hub","","0","1969","2026-10-14T20:00:00.000Z","2026-09-21T05:30:00.000Z"
"50b9c92a-805d-45ba-a5ac-3fb5e6dbd788","2075418e-f94c-4e07-8c10-1c9b8f557ca9","8dc944aa-aca1-45be-a9af-21bd271602d1","Bibwewadi Bus Stop","18.4792","73.8615","VIT College","18.4635","73.8682","1","COMPLETED","Please confirm pickup","","22","1970","2026-10-15T07:15:00.000Z","2026-09-20T17:30:00.000Z"
"0abca2de-50bc-426b-b5af-a707420a906b","24496544-286d-4884-872d-9825d267b0ea","69158428-13ec-44bc-be1b-661be60211b1","VIT College","18.4635","73.8682","Chintamani Nagar","18.4651","73.864","1","COMPLETED","","","15","1971","2026-10-17T14:00:00.000Z","2026-09-20T22:30:00.000Z"
"ae646cf5-8f08-4a4b-b0fa-ea0ca170355c","94270a5f-8991-4d87-b1df-21a194650720","17be73c9-0769-4965-981b-a5457dd33ba5","Lower Indira Nagar Stop","18.4718","73.8618","VIT College","18.4635","73.8682","1","COMPLETED","","","10","1972","2026-10-16T12:15:00.000Z","2026-09-20T17:30:00.000Z"
"5cecd7ad-9fc3-440e-971e-5d391737fac6","8fc74d29-8668-4c29-b46e-3de3d3214c0f","049a400b-5043-4cc0-8f0c-a2000b0bc7c2","VIT College","18.4635","73.8682","Upper Indira Nagar Bus Depot","18.4682","73.8623","1","REJECTED","Please confirm pickup","No seats available","7","1973","2026-10-17T12:00:00.000Z","2026-09-21T00:30:00.000Z"
"4a0cf494-045f-4136-8e19-192a24f5df92","0956db94-bc8d-46e8-b954-438af60bb66e","8ea08f3a-4be1-4f97-9251-d633e633dc41","Chintamani Nagar","18.4651","73.864","VIT College","18.4635","73.8682","1","ACCEPTED","","","24","1974","2026-10-18T20:15:00.000Z","2026-09-20T13:30:00.000Z"
"56e40ec8-0608-443f-ad2e-8ab91e91c4eb","e34c05af-4ea5-4901-a451-6a551a89777c","d318afa9-113f-46e4-bd9a-1ae0cbe4cec9","VIT College","18.4635","73.8682","Katraj Dairy BRTS","18.4508","73.8569","1","REJECTED","I will wait at the hub","No seats available","23","1975","2026-10-21T22:00:00.000Z","2026-09-21T03:30:00.000Z"
"1c56232c-18a1-40d8-8081-ec79b55e330e","66787283-0589-4690-a5eb-98871bb937b5","2bba79b1-7549-484e-89e1-bf3b93c66b88","Lower Indira Nagar Stop","18.4718","73.8618","VIT College","18.4635","73.8682","1","COMPLETED","I will wait at the hub","","30","1976","2026-10-21T19:15:00.000Z","2026-09-21T03:30:00.000Z"
"c0e79958-bf82-4f24-8ebe-9fac5011ac8d","11f5f859-d820-4866-a902-fe4d64cc5049","17982a72-f4c8-4037-9da7-01d2b81b4f51","VIT College","18.4635","73.8682","Chintamani Nagar","18.4651","73.864","1","ACCEPTED","I will wait at the hub","","3","1977","2026-10-24T10:00:00.000Z","2026-09-20T18:30:00.000Z"
"7baa7e19-ebb8-4b81-b494-53e365aa1786","4b211acc-47a1-4736-b9f2-f22224c155f2","a33b3b67-373b-4a19-ab84-94afce2d3cf6","Chintamani Nagar","18.4651","73.864","VIT College","18.4635","73.8682","1","PENDING","","","6","1978","2026-10-23T02:15:00.000Z","2026-09-21T03:30:00.000Z"
"b954b16f-b92f-424a-b2e5-b6d3614869bb","823ada67-5898-4e1c-8c61-a3bfbfd766f0","b03a0f23-2e1f-438e-b34e-47d7681219f2","VIT College","18.4635","73.8682","Upper Indira Nagar Bus Depot","18.4682","73.8623","1","ACCEPTED","","","9","1979","2026-10-23T15:00:00.000Z","2026-09-21T03:30:00.000Z"
"32ef3811-874a-4529-ac3e-21c8f4d2e9e1","c3a4b71a-d84a-4aee-acff-7f1e9b1a3c6a","f49a7a5a-e945-4e5c-9e00-e0e22be3b1cd","City Pride BRTS","18.4845","73.8583","VIT College","18.4635","73.8682","1","COMPLETED","","","9","1980","2026-10-26T04:15:00.000Z","2026-09-21T06:30:00.000Z"
"8c133557-906c-4b2e-a76d-37322c9d3cdc","502bbbdd-e142-4ba2-81de-98012e1dd479","3e48df00-372b-4e64-9ef2-a432d0530793","VIT College","18.4635","73.8682","Katraj Terminal","18.4471","73.8562","1","COMPLETED","Please confirm pickup","","25","1981","2026-10-26T17:00:00.000Z","2026-09-21T05:30:00.000Z"
"9e01bbe1-3d1f-4922-b2c5-c1cde54fa674","d2abba0a-9602-4839-97cd-770b9fc4b168","feff947d-b17e-452e-8f42-3a47e3538dae","Lower Indira Nagar Stop","18.4718","73.8618","VIT College","18.4635","73.8682","1","ACCEPTED","","","17","1982","2026-10-26T07:15:00.000Z","2026-09-21T04:30:00.000Z"
"eae1677a-62aa-4082-8c23-eb6c0eebfa3e","a5fb05e8-401e-4fac-9f1a-aa6bdb375cf0","3514e5d2-6b02-4d6b-ac2b-59caf1561997","VIT College","18.4635","73.8682","Market Yard Corner","18.4792","73.8581","1","ACCEPTED","I will wait at the hub","","28","1983","2026-10-28T15:00:00.000Z","2026-09-20T21:30:00.000Z"
"eb002dce-537d-4f02-9b34-26a1392a01d8","7c6ed6df-3051-4e7d-b873-0c2b4aebbba5","1f869515-a5a9-4eb5-955d-cc39b514d6d4","Upper Indira Nagar Bus Depot","18.4682","73.8623","VIT College","18.4635","73.8682","1","PENDING","I will wait at the hub","","15","1984","2026-10-29T16:15:00.000Z","2026-09-20T15:30:00.000Z"
"de85beca-f345-43e7-8e77-befc4fe4e713","eb4d9fa1-be32-424f-823f-30fd8e8bdd17","de3ce989-9f1f-4440-bace-a75a4256201a","VIT College","18.4635","73.8682","Bharati Vidyapeeth","18.456","73.8574","1","ACCEPTED","I will wait at the hub","","7","1985","2026-10-30T13:00:00.000Z","2026-09-20T18:30:00.000Z"
"75345cad-972a-4c0f-999f-bca149f9fc56","7c49e5a7-8572-4d25-bede-89b7312a5ad4","ea497014-e432-4e85-93b4-c928f4928526","Panchami BRTS","18.4902","73.8586","VIT College","18.4635","73.8682","1","COMPLETED","I will wait at the hub","","34","1986","2026-10-30T06:15:00.000Z","2026-09-21T00:30:00.000Z"
"bb90872b-42c6-408a-8406-27fcf86a0047","b5129ec5-87ef-4d74-96c3-c1fa95d7b873","f3823776-2961-40e6-9f5b-0eb8213276b9","VIT College","18.4635","73.8682","Katraj Terminal","18.4471","73.8562","1","ACCEPTED","Please confirm pickup","","19","1987","2026-11-02T18:00:00.000Z","2026-09-21T05:30:00.000Z"
"60037d1d-4269-453d-a2a7-afd0c2727fc1","6ba2286e-6a29-4561-80b6-ca95fe1de44b","2aa9eabe-95db-4ea2-bb38-66742013ed82","City Pride BRTS","18.4845","73.8583","VIT College","18.4635","73.8682","1","REJECTED","Please confirm pickup","No seats available","65","1988","2026-11-03T07:15:00.000Z","2026-09-20T14:30:00.000Z"
"3b4294a7-6bf7-4214-b9e7-1e6b5f8400d0","25a9ee57-3555-4329-ab62-b71d775970ec","91a6f354-971a-42d5-907b-b61d60bd2863","VIT College","18.4635","73.8682","Lower Indira Nagar Stop","18.4718","73.8618","1","ACCEPTED","I will wait at the hub","","26","1989","2026-11-05T07:00:00.000Z","2026-09-20T20:30:00.000Z"
"55685635-b054-4f73-9453-bc8de55782eb","39602255-227b-45f9-ae82-1c286858ecff","ddde26f0-a657-4cc5-8ef1-1171caad0347","Swargate PMPML Main Bus Stand","18.4991","73.8583","VIT College","18.4635","73.8682","1","PENDING","I will wait at the hub","","28","1990","2026-08-08T01:15:00.000Z","2026-09-20T20:30:00.000Z"
"d4a92867-97ad-441e-990d-a5ffbf9da317","cebf1226-a787-4f79-b686-280e039bf09b","f054fa78-46b9-4920-a246-d949c994ef39","VIT College","18.4635","73.8682","Upper Indira Nagar Bus Depot","18.4682","73.8623","1","REJECTED","Please confirm pickup","No seats available","3","1991","2026-08-06T21:00:00.000Z","2026-09-21T04:30:00.000Z"
"7e16b564-7074-46ab-9eca-481568471c88","7bc3ed98-a013-4f8f-ba30-dafebbec50ec","cf49cf74-3f6e-4709-821d-0f560bf5bf11","Bibwewadi Bus Stop","18.4792","73.8615","VIT College","18.4635","73.8682","1","PENDING","I will wait at the hub","","64","1992","2026-08-08T19:15:00.000Z","2026-09-20T12:30:00.000Z"
"6eb8e587-a146-4176-8814-43c7e20e6465","7558b4c3-cd3c-448e-907f-e4937e5d9c77","f36c8d35-39b1-4fd4-98f7-5ac3c530eab3","VIT College","18.4635","73.8682","Bibwewadi Bus Stop","18.4792","73.8615","1","PENDING","","","28","1993","2026-08-09T00:00:00.000Z","2026-09-20T21:30:00.000Z"
"ffd903ad-8fdc-4ec2-99f9-6a3bfdd6f721","1b24ad7f-82fe-4482-abe4-dc2d49f3376b","d9f990c4-afb2-4074-8034-6a62f6c93ce4","Upper Indira Nagar Bus Depot","18.4682","73.8623","VIT College","18.4635","73.8682","1","REJECTED","Please confirm pickup","No seats available","30","1994","2026-08-11T00:15:00.000Z","2026-09-21T00:30:00.000Z"
"bd174da2-30ae-43e1-97f8-8f72f0ba4899","595b1b65-1e92-4713-be1c-585cd1fcf629","55511d2e-aa5e-4cf6-ac0c-2f79fd94ad59","VIT College","18.4635","73.8682","KK Market BRTS","18.4683","73.8579","1","COMPLETED","","","45","1995","2026-08-11T12:00:00.000Z","2026-09-20T22:30:00.000Z"
"360ad3bf-09a9-4e88-a81f-9fdac54287d0","9e9a4e21-b4ed-41bf-89e4-d737b3072366","be3f8ff0-be2c-4cc2-bb19-b7c7caedba70","Panchami BRTS","18.4902","73.8586","VIT College","18.4635","73.8682","1","ACCEPTED","Please confirm pickup","","0","1996","2026-08-13T08:15:00.000Z","2026-09-21T00:30:00.000Z"
"cf540cd2-dca3-441a-a110-c54e1f91ef04","9f380028-a07d-4fcc-a93d-1cdfe76e3f75","f6f5aab6-7eb0-41b3-a1ab-500ca62c77fa","VIT College","18.4635","73.8682","Upper Indira Nagar Bus Depot","18.4682","73.8623","1","CANCELLED","","","1","1997","2026-08-15T09:00:00.000Z","2026-09-20T23:30:00.000Z"
"9538c68e-2a5f-4687-b9c6-9ae57cefec87","cbab3ff1-e1e7-416c-b6c4-fadc3636d525","21dd28b5-e343-467c-9b41-b7f373986e3d","Lower Indira Nagar Stop","18.4718","73.8618","VIT College","18.4635","73.8682","1","ACCEPTED","","","52","1998","2026-08-15T05:15:00.000Z","2026-09-21T05:30:00.000Z"
"a6c051f0-fe72-4e33-a9c8-d7fad7a865f7","53475675-923c-4297-9c83-889d539d5dde","96f0bff7-4a51-45fe-924a-7fd40bd96af0","VIT College","18.4635","73.8682","Market Yard Corner","18.4792","73.8581","1","CANCELLED","","","27","1999","2026-08-14T17:00:00.000Z","2026-09-21T02:30:00.000Z"
"0f115c58-8c36-44a7-8619-67512cc6e700","2160327c-0a56-458c-8e3a-b0a653bb488a","a78892d9-93b0-4a78-9a2f-2fad3db5becb","Lower Indira Nagar Stop","18.4718","73.8618","VIT College","18.4635","73.8682","1","REJECTED","","No seats available","19","2000","2026-08-06T13:15:00.000Z","2026-09-21T02:30:00.000Z"
"a9b3e5ab-0e5d-442d-a816-e5bc747884d5","a3e970e9-75ee-4f20-9165-255a51a84ca8","f256e949-f4e4-4ba3-8ea9-d6a3d0ba8526","VIT College","18.4635","73.8682","Shankar Maharaj Math","18.4735","73.8579","1","PENDING","","","11","2001","2026-08-06T12:00:00.000Z","2026-09-20T10:30:00.000Z"
"408e1cd6-9f80-41d0-9bb4-da297c89a7a0","2c93da10-5ccc-4b4f-b9be-663dbc43be74","a85fce63-b4a4-4d71-9d87-2fb5e4653681","Market Yard Corner","18.4792","73.8581","VIT College","18.4635","73.8682","1","REJECTED","I will wait at the hub","No seats available","50","2002","2026-08-09T18:15:00.000Z","2026-09-20T15:30:00.000Z"
"d6effb8d-c321-437d-9128-4e1bb146ee0e","12b7724e-5d38-4e12-a9c5-92b757d48e24","fc8036f4-d3bf-49ee-baff-431b84d612ea","VIT College","18.4635","73.8682","KK Market BRTS","18.4683","73.8579","1","CANCELLED","I will wait at the hub","","8","2003","2026-08-10T22:00:00.000Z","2026-09-21T01:30:00.000Z"
"c65944fd-bf59-4294-8ab0-c979a019f8bd","c94642e2-10f3-48f6-badb-f7cb639224cd","6c3f7adf-4f2a-4914-ba78-8b1548f14a1a","Kashinath Patil Nagar Stop","18.4745","73.8631","VIT College","18.4635","73.8682","1","COMPLETED","Please confirm pickup","","3","2004","2026-08-10T05:15:00.000Z","2026-09-20T10:30:00.000Z"
"99b19a1a-de94-4cff-8223-a47d5923a66b","bb34fe76-14af-4ae5-9f5c-603285cfbd25","7833fb03-c858-4574-92d0-cb72030a18eb","VIT College","18.4635","73.8682","Shankar Maharaj Math","18.4735","73.8579","1","ACCEPTED","Please confirm pickup","","12","2005","2026-08-12T19:00:00.000Z","2026-09-20T14:30:00.000Z"
"02d93054-1e55-4cce-bd12-c9b83e62bfde","ac13c8ae-3f73-4440-bc4f-791d0d7630f4","2e0f5d10-9fa3-4578-9046-adc52e9f52d6","Panchami BRTS","18.4902","73.8586","VIT College","18.4635","73.8682","1","REJECTED","Please confirm pickup","No seats available","2","2006","2026-08-13T02:15:00.000Z","2026-09-20T19:30:00.000Z"
"4a43df4a-ec9f-4c82-a69e-6f592edc98de","2b9eb664-e252-4eb4-aaf1-0330d9b229fb","b94bb3da-92c3-4ecf-b576-f9dbbce590b5","VIT College","18.4635","73.8682","Balaji Nagar BRTS","18.4628","73.8577","1","CANCELLED","","","7","2007","2026-08-14T16:00:00.000Z","2026-09-20T22:30:00.000Z"
"7b06386c-1b47-4057-bd67-0f6a493cf27a","6373477b-6351-4807-9c1f-290fbf1561ef","b4419d49-c195-4f67-8a68-1e38418429ef","Kashinath Patil Nagar Stop","18.4745","73.8631","VIT College","18.4635","73.8682","1","PENDING","","","59","2008","2026-08-14T02:15:00.000Z","2026-09-21T00:30:00.000Z"
"fa96b7ac-78ad-44e1-b1ed-1ac335ca34b3","e4faf1af-7b41-4c8f-bb4e-2647ba612763","f50ed78b-09ac-4340-b6dd-86ae124a356e","VIT College","18.4635","73.8682","Balaji Nagar BRTS","18.4628","73.8577","1","PENDING","I will wait at the hub","","32","2009","2026-08-15T17:00:00.000Z","2026-09-20T10:30:00.000Z"
"a22e2011-b8c7-4e2a-b3e5-a45fe1efe22d","5cef133f-2e32-48e4-a7eb-2811979c2847","f996d0d8-1d3e-4780-bb40-a3c76aeca0fe","Swargate BRTS Stop","18.4982","73.8588","VIT College","18.4635","73.8682","1","REJECTED","I will wait at the hub","No seats available","20","2010","2026-08-16T04:15:00.000Z","2026-09-20T12:30:00.000Z"
"78e656fb-22c6-40e8-848d-2eaf844e7647","76179ba1-30e0-477b-ae29-d600f715e9ee","a61af15b-11ce-4c02-a80b-bdf8f24338bc","VIT College","18.4635","73.8682","Chintamani Nagar","18.4651","73.864","1","COMPLETED","","","72","2011","2026-08-18T12:00:00.000Z","2026-09-20T22:30:00.000Z"
"81df8a1c-6b7c-45ad-af3c-c5392bc2bb80","7ecc5433-f388-49c8-89a7-e6af39dbbed2","a49cc7a3-0beb-4fbf-8d54-c676dfe72f4b","Panchami BRTS","18.4902","73.8586","VIT College","18.4635","73.8682","1","REJECTED","I will wait at the hub","No seats available","19","2012","2026-08-18T18:15:00.000Z","2026-09-20T10:30:00.000Z"
"ea02ce19-e090-46d6-b900-80b25b98bcef","8c70b215-94c9-4465-96d0-72dafdb7fecb","df718002-b68d-406f-af02-b7ebdc19dfaa","VIT College","18.4635","73.8682","KK Market BRTS","18.4683","73.8579","1","PENDING","I will wait at the hub","","24","2013","2026-08-20T13:00:00.000Z","2026-09-21T06:30:00.000Z"
"6d4810ce-ffee-4c36-bf48-9eae10dc120f","26196210-9e3e-4195-bc14-5659986c1e39","665f2a26-5d69-41bd-bd37-5d34e2366453","Chintamani Nagar","18.4651","73.864","VIT College","18.4635","73.8682","1","REJECTED","Please confirm pickup","No seats available","25","2014","2026-08-19T02:15:00.000Z","2026-09-21T06:30:00.000Z"
"bc670217-f7a0-4ea3-b703-e8433159c56d","7b014dba-0df2-4338-9833-b2ad08eea006","36ffa906-e6db-4e16-8e9b-e3f24ede715c","VIT College","18.4635","73.8682","Kashinath Patil Nagar Stop","18.4745","73.8631","1","REJECTED","I will wait at the hub","No seats available","7","2015","2026-08-20T16:00:00.000Z","2026-09-20T10:30:00.000Z"
"ea6b5d13-6cd8-4c1e-a605-18bb15c416c4","e740fbe6-08b2-48ab-9ea5-fdea46ba33a2","61b7de30-6ccf-41d6-881f-85e56e865717","Market Yard Corner","18.4792","73.8581","VIT College","18.4635","73.8682","1","REJECTED","Please confirm pickup","No seats available","26","2016","2026-08-22T07:15:00.000Z","2026-09-20T16:30:00.000Z"
"da7b487f-01d2-4edf-b97a-80a55f55bcc5","5f011875-d174-456e-8e7f-72ee59c5e164","acb16d87-c821-4f83-a7a0-8733496f99be","VIT College","18.4635","73.8682","Shankar Maharaj Math","18.4735","73.8579","1","REJECTED","Please confirm pickup","No seats available","5","2017","2026-08-25T07:00:00.000Z","2026-09-20T18:30:00.000Z"
"d3bec701-b41d-4efb-b993-b62e8c0c64aa","6464cd59-ff68-4a0e-9445-5c85c2202968","dc034266-a00f-4347-8cd9-5799da807274","Upper Indira Nagar Bus Depot","18.4682","73.8623","VIT College","18.4635","73.8682","1","PENDING","Please confirm pickup","","31","2018","2026-08-24T01:15:00.000Z","2026-09-21T02:30:00.000Z"
"7acb9369-1162-4235-beb4-3b23940cb923","edc119e1-9174-402e-b23c-6da190e38c4c","7a49978a-5b30-4a61-89ea-d655c3a89110","VIT College","18.4635","73.8682","Lower Indira Nagar Stop","18.4718","73.8618","1","PENDING","Please confirm pickup","","6","2019","2026-08-27T04:00:00.000Z","2026-09-21T00:30:00.000Z"
"e84cd55b-5eea-4245-baa1-d255b5faca95","409dc43c-6d61-425a-9ad3-6cf9f3497009","53329683-b608-43d8-93dd-40f75fc7d319","Chintamani Nagar","18.4651","73.864","VIT College","18.4635","73.8682","1","REJECTED","","No seats available","26","2020","2026-08-26T08:15:00.000Z","2026-09-20T16:30:00.000Z"
"a38caed7-739f-489c-9f1d-0b48adb4802b","358dcfdc-19d7-46c5-9792-db4cafb39e25","1d69f9fe-09f6-4a0a-8dc1-753c6b3015e6","VIT College","18.4635","73.8682","Market Yard Corner","18.4792","73.8581","1","REJECTED","","No seats available","2","2021","2026-08-29T10:00:00.000Z","2026-09-20T21:30:00.000Z"
"abda1a40-397d-44bf-a636-7ffb39393f2a","a9f57098-6b56-47c2-a905-943792856563","c366b16a-709a-4bd5-99f4-4d48e2a64d10","Market Yard Corner","18.4792","73.8581","VIT College","18.4635","73.8682","1","PENDING","","","23","2022","2026-08-28T23:15:00.000Z","2026-09-21T05:30:00.000Z"
"b00b6c0f-b8dd-4e46-bfd5-47cd8e22e718","9acaa625-8ac9-4eb2-b657-e5fefadadb13","399cdebc-51c2-422b-87a5-220f8cc2d7ac","VIT College","18.4635","73.8682","Shankar Maharaj Math","18.4735","73.8579","1","CANCELLED","Please confirm pickup","","23","2023","2026-08-30T04:00:00.000Z","2026-09-21T05:30:00.000Z"
"5816f6e3-f85f-4a60-a6bc-9fab2a7036bc","bb68714e-cc99-4298-a0ab-f0964a1a3277","32c9560a-e267-4d5f-85c7-ca585ac3975e","Kashinath Patil Nagar Stop","18.4745","73.8631","VIT College","18.4635","73.8682","1","PENDING","","","65","2024","2026-08-29T17:15:00.000Z","2026-09-20T12:30:00.000Z"
"07dc5a08-9c70-4f31-b4e7-d7761d8edbe5","07f12c9d-b137-490c-bc05-6847b466144c","65caf2f5-0b5e-452f-a096-f7f73ba694f9","VIT College","18.4635","73.8682","KK Market BRTS","18.4683","73.8579","1","REJECTED","I will wait at the hub","No seats available","74","2025","2026-08-30T19:00:00.000Z","2026-09-21T03:30:00.000Z"
"2faa8e1a-efab-4c14-b667-996853978b79","b054dae5-6749-4f45-bd70-90a5261bb3cb","5a240b3c-f182-4a30-82d1-ae0f6586bff3","Upper Indira Nagar Bus Depot","18.4682","73.8623","VIT College","18.4635","73.8682","1","PENDING","Please confirm pickup","","13","2026","2026-09-02T11:15:00.000Z","2026-09-20T14:30:00.000Z"
"8c258b37-0f66-4501-a927-b3dee7105f2c","f519bf84-2469-4645-94a5-4b64c74736be","e16a421d-031b-47d3-936b-9d6bed68b285","VIT College","18.4635","73.8682","Lower Indira Nagar Stop","18.4718","73.8618","1","ACCEPTED","","","45","2027","2026-09-04T07:00:00.000Z","2026-09-21T04:30:00.000Z"
"77e4b2a4-a526-4451-a864-5f720ce7d353","ca529453-1096-4d6d-b73c-844960b24c84","d04ea078-3e78-494d-83a0-92fee39d6bb7","Bibwewadi Bus Stop","18.4792","73.8615","VIT College","18.4635","73.8682","1","CANCELLED","","","1","2028","2026-09-03T04:15:00.000Z","2026-09-21T00:30:00.000Z"
"399b04e6-4186-43e1-b574-2a4bd205470f","2c44cc2e-2b1a-407b-b6f4-6d379c613876","b0ac27cd-c785-4a92-96f7-125faca0aafd","VIT College","18.4635","73.8682","Shankar Maharaj Math","18.4735","73.8579","1","ACCEPTED","Please confirm pickup","","29","2029","2026-09-06T07:00:00.000Z","2026-09-20T13:30:00.000Z"
"4d945316-335b-4ad0-bbe0-cf1f39d808d2","9bd7e7cc-c3b8-44a4-bb94-071ae012af07","f599bc96-4841-492f-a111-bec5b3b961ae","Panchami BRTS","18.4902","73.8586","VIT College","18.4635","73.8682","1","ACCEPTED","","","22","2030","2026-09-04T13:15:00.000Z","2026-09-20T16:30:00.000Z"
"e3c02f6b-c3a9-4c76-aee2-2dacba52d400","6cbc24c9-997a-4575-8f50-74a63c8817db","20b672de-a2b7-4ee4-8a1e-2dd98d7a3278","VIT College","18.4635","73.8682","Bharati Vidyapeeth","18.456","73.8574","1","CANCELLED","Please confirm pickup","","17","2031","2026-09-06T00:00:00.000Z","2026-09-20T21:30:00.000Z"
"c152bafc-05a1-4fae-b60e-2533bf37df9a","d4d9d3bf-e1ec-4b6c-8fd1-77e5c98c2dfc","e0a60ad9-cc73-4c06-a3f4-008b5f55a00b","Bibwewadi Bus Stop","18.4792","73.8615","VIT College","18.4635","73.8682","1","PENDING","I will wait at the hub","","5","2032","2026-09-07T12:15:00.000Z","2026-09-21T01:30:00.000Z"
"ffb78fe0-ad22-4216-ad14-efe37772884b","78c3715a-e0d6-4e72-8e78-0812a9f0dc30","aa992245-dc20-4688-8711-279522417636","VIT College","18.4635","73.8682","Lower Indira Nagar Stop","18.4718","73.8618","1","CANCELLED","I will wait at the hub","","26","2033","2026-09-08T19:00:00.000Z","2026-09-21T03:30:00.000Z"
"98a2f597-bab2-48b3-88fd-2ab235547795","080c0231-8db6-4bf8-af7e-18f1897059cb","3a674059-212e-43b5-bfeb-fc6ed59e20f7","Laxmi Narayan Theatre","18.4965","73.8584","VIT College","18.4635","73.8682","1","PENDING","Please confirm pickup","","14","2034","2026-09-09T14:15:00.000Z","2026-09-21T03:30:00.000Z"
"352d5875-ce6b-4218-bea2-e21b8fc22101","545281f3-0f0e-4257-b59e-65b48e3321bc","e49978a2-3a3c-40a9-aa44-f434bfa66b81","VIT College","18.4635","73.8682","Balaji Nagar BRTS","18.4628","73.8577","1","CANCELLED","I will wait at the hub","","35","2035","2026-09-11T17:00:00.000Z","2026-09-20T14:30:00.000Z"
"fdcfd026-4ea7-4fe2-b324-2bf87a4ec2f1","e014b291-f580-4258-b975-b7b590db113d","e338d25f-f71d-4949-82c9-72ff79bd50e0","Lower Indira Nagar Stop","18.4718","73.8618","VIT College","18.4635","73.8682","1","PENDING","","","29","2036","2026-09-10T02:15:00.000Z","2026-09-20T10:30:00.000Z"
"cecbf0b2-32dc-4a60-820a-2654287cea07","0989abd2-b57c-4ede-a394-bb7842c14348","fd00b702-8bbe-4108-ab3e-1e21ba029f40","VIT College","18.4635","73.8682","Chintamani Nagar","18.4651","73.864","1","CANCELLED","","","62","2037","2026-09-13T21:00:00.000Z","2026-09-20T10:30:00.000Z"
"c856d727-7b10-4b86-8db1-f1aabe415677","80d22281-505f-4704-b42a-1fb05dcf59f6","b4c86de6-995d-4335-a3bb-265de522aecf","Lower Indira Nagar Stop","18.4718","73.8618","VIT College","18.4635","73.8682","1","PENDING","","","9","2038","2026-09-14T23:15:00.000Z","2026-09-20T23:30:00.000Z"
"e7c51dec-fb7c-46cf-bb57-89192afe2a5d","95daa436-49ea-4a26-ae45-05b68c07a3c6","c9ab0de5-362b-43a7-9367-b620469096dd","VIT College","18.4635","73.8682","Kashinath Patil Nagar Stop","18.4745","73.8631","1","REJECTED","","No seats available","5","2039","2026-09-14T12:00:00.000Z","2026-09-20T18:30:00.000Z"
"24ab9bd2-ddf3-4bb5-8277-a8b76308d509","64d9b517-5a5e-48f8-9ce7-d05be280f5a0","ec928319-dcb1-4ffc-9713-393fac2f402a","Swargate BRTS Stop","18.4982","73.8588","VIT College","18.4635","73.8682","1","REJECTED","I will wait at the hub","No seats available","20","2040","2026-09-14T18:15:00.000Z","2026-09-21T00:30:00.000Z"
"9698599b-0b3a-483a-8247-a39df8e287a7","392cb2f8-d9df-427a-8ec9-95de2ae3799e","4fee29cb-0687-44a2-9f09-3ba85cef33d1","VIT College","18.4635","73.8682","Lower Indira Nagar Stop","18.4718","73.8618","1","REJECTED","I will wait at the hub","No seats available","18","2041","2026-09-16T18:00:00.000Z","2026-09-21T00:30:00.000Z"
"b11f82cb-3642-4f12-83d8-2fb0fc161e07","8f639569-9d2b-4e19-9a44-45d0f3118bac","9e5cb7c9-7ef5-48c4-9a63-9e419dbc1b10","Swargate PMPML Main Bus Stand","18.4991","73.8583","VIT College","18.4635","73.8682","1","ACCEPTED","I will wait at the hub","","17","2042","2026-09-18T23:15:00.000Z","2026-09-21T02:30:00.000Z"
"43822e83-5ee7-4d69-9809-bd38afb23fda","505a1ac1-40b5-4652-8fbf-67b3a88f1740","8e8cd61b-b7bc-4aca-9fce-e812388f43cc","VIT College","18.4635","73.8682","Chintamani Nagar","18.4651","73.864","1","REJECTED","Please confirm pickup","No seats available","4","2043","2026-09-19T19:00:00.000Z","2026-09-20T14:30:00.000Z"
"b1719252-604f-4bfc-9c28-211c288cd928","d7357d00-84c1-4e53-8ca5-9ac52c5a58f5","286cf4ab-43ca-4259-b0fc-da25195d0244","Chintamani Nagar","18.4651","73.864","VIT College","18.4635","73.8682","1","REJECTED","I will wait at the hub","No seats available","34","2044","2026-09-18T15:15:00.000Z","2026-09-20T14:30:00.000Z"
"b622528a-6dee-43be-8dbe-bbfd00334f65","78ab243a-4567-42f8-baa5-d6fb3f981e4f","8574ead2-c80a-462a-8ad9-5f880cff1bd5","VIT College","18.4635","73.8682","Katraj Terminal","18.4471","73.8562","1","CANCELLED","","","10","2045","2026-09-21T23:00:00.000Z","2026-09-20T10:30:00.000Z"
"341d250e-30b8-4e5c-91d3-ca86e0ab162a","3f5dbb31-a588-4482-8a07-b0ec50fbd83f","97e2c868-d328-4e04-a87f-cdd9bf32f321","Bibwewadi Bus Stop","18.4792","73.8615","VIT College","18.4635","73.8682","1","PENDING","","","25","2046","2026-09-20T12:15:00.000Z","2026-09-20T10:30:00.000Z"
"f2c6dab7-bacc-49e9-854b-a6dcc1b48361","9470df63-a388-477a-ab7c-5c3d550c74ed","6dbaac16-eca9-4619-9461-cf1f791691ff","VIT College","18.4635","73.8682","Katraj Terminal","18.4471","73.8562","1","REJECTED","Please confirm pickup","No seats available","11","2047","2026-09-24T09:00:00.000Z","2026-09-20T17:30:00.000Z"
"d69c0a56-4117-485d-bfbd-e6255a6df18e","636ac1e5-e8b4-4cbf-afec-60e548a2c3dd","a0c0f44b-0991-4b2f-8eac-5c0f929d5d9a","Bibwewadi Bus Stop","18.4792","73.8615","VIT College","18.4635","73.8682","1","REJECTED","Please confirm pickup","No seats available","54","2048","2026-09-24T00:15:00.000Z","2026-09-21T00:30:00.000Z"
"f8e8f596-8918-4578-bbbe-1ab484eca09e","f49031a7-61f3-4710-8dca-29a16eb403d0","93fc6c87-52d4-41ea-a349-e5ddc835fe35","VIT College","18.4635","73.8682","Kashinath Patil Nagar Stop","18.4745","73.8631","1","COMPLETED","I will wait at the hub","","68","2049","2026-09-25T04:00:00.000Z","2026-09-20T19:30:00.000Z"
"b9925cbf-1ea7-43d3-bee1-8c99e37f27e8","2c6ab345-9777-45b4-a794-95db08ae07c2","cba87ecd-54b1-4aae-9469-fa73c5a1965e","Upper Indira Nagar Bus Depot","18.4682","73.8623","VIT College","18.4635","73.8682","1","COMPLETED","","","26","2050","2026-09-25T03:15:00.000Z","2026-09-21T00:30:00.000Z"
"af19d57f-7ab5-4a40-af66-a47ad60b4439","e3355ceb-b08d-4951-a32a-8d52582985af","7bb61148-2622-4c7a-a643-c561dfafb01a","VIT College","18.4635","73.8682","Upper Indira Nagar Bus Depot","18.4682","73.8623","1","REJECTED","Please confirm pickup","No seats available","27","2051","2026-09-28T05:00:00.000Z","2026-09-20T21:30:00.000Z"
"6803b783-5e62-4225-a31b-5968e1af5147","7d02b32f-7429-403a-8b78-9abb2743d54c","c1485f8d-0ff6-4d51-a3fe-b9cc726fcca1","Panchami BRTS","18.4902","73.8586","VIT College","18.4635","73.8682","1","REJECTED","","No seats available","6","2052","2026-09-29T01:15:00.000Z","2026-09-20T12:30:00.000Z"
"c960e992-7eba-45b6-bc68-960323854c11","a46b8abb-7f58-4ce7-8fbe-c3a9393eb841","52587ca0-dfe6-482f-bcac-5efecd9cb9c3","VIT College","18.4635","73.8682","Katraj Dairy BRTS","18.4508","73.8569","1","CANCELLED","Please confirm pickup","","16","2053","2026-09-28T03:00:00.000Z","2026-09-21T05:30:00.000Z"
"15b39b23-40e3-44e8-ab05-0c1c984db439","1b3f6749-f0ae-4234-8f8a-04caf7f11e60","adfaa168-2d4e-439d-b336-2a1e0b068a71","Lower Indira Nagar Stop","18.4718","73.8618","VIT College","18.4635","73.8682","1","ACCEPTED","","","33","2054","2026-09-29T15:15:00.000Z","2026-09-20T11:30:00.000Z"
"b58fde89-b87d-4ee2-be88-0b0741d86efe","36b2c460-a1cd-457c-92fe-8f2b55f34de3","bc632420-5e50-4e7f-82f8-381b3e8cb729","VIT College","18.4635","73.8682","Balaji Nagar BRTS","18.4628","73.8577","1","CANCELLED","I will wait at the hub","","77","2055","2026-09-30T23:00:00.000Z","2026-09-20T20:30:00.000Z"
"3a531308-624f-47bd-a3c6-bb0b02f84b94","c95c3cbe-06de-4f02-8209-d537672df89e","c352d64d-d07b-4edc-951e-c01334524a56","Swargate BRTS Stop","18.4982","73.8588","VIT College","18.4635","73.8682","1","PENDING","Please confirm pickup","","2","2056","2026-09-30T16:15:00.000Z","2026-09-20T19:30:00.000Z"
"1a15c55b-52c2-4550-abaa-2250bd3dd6bd","7af251b1-c357-4a1b-bd99-dcc1d92cebaf","4a67ecba-b514-4d87-beb3-0515635ecc2e","VIT College","18.4635","73.8682","Katraj Terminal","18.4471","73.8562","1","REJECTED","","No seats available","20","2057","2026-10-02T09:00:00.000Z","2026-09-20T11:30:00.000Z"
"b1872c3d-4bb4-48d6-a085-3fbcd26b971b","93704f8f-9b3d-4658-9df9-7297a09efb6d","5a542579-2130-44d7-a1c7-dde5ad030d85","Laxmi Narayan Theatre","18.4965","73.8584","VIT College","18.4635","73.8682","1","CANCELLED","","","28","2058","2026-10-04T00:15:00.000Z","2026-09-20T22:30:00.000Z"
"4f304537-e1c3-42b8-9858-5f846b119031","49077169-77dd-4c65-bdc5-b78766d672c2","48157b16-b775-431a-954d-8b033f391056","VIT College","18.4635","73.8682","Katraj Terminal","18.4471","73.8562","1","PENDING","Please confirm pickup","","28","2059","2026-10-05T04:00:00.000Z","2026-09-20T14:30:00.000Z"
"daa02c80-8b39-4eea-bf43-e684454b018b","5b4c231d-27bf-408c-951f-fddd27a7e9e0","83beeb25-e5a8-4d3e-aab1-07e4280fae11","Lower Indira Nagar Stop","18.4718","73.8618","VIT College","18.4635","73.8682","1","REJECTED","I will wait at the hub","No seats available","11","2060","2026-10-06T08:15:00.000Z","2026-09-21T02:30:00.000Z"
"071fc42b-c66f-4320-8d6d-1855a6253d4b","096bba8c-0116-411d-9f14-1c96839712fc","f16b2296-c08c-4229-b1cd-9d4425b7954a","VIT College","18.4635","73.8682","Bibwewadi Bus Stop","18.4792","73.8615","1","PENDING","Please confirm pickup","","3","2061","2026-10-06T02:00:00.000Z","2026-09-20T15:30:00.000Z"
"f708ac1d-fa68-4e77-91f1-19387a28a1c9","50e7e7af-1469-4648-8b4e-455511038b4b","2f39eb16-ab4f-4c25-a572-9a7be1ef7dcd","Market Yard Corner","18.4792","73.8581","VIT College","18.4635","73.8682","1","PENDING","","","20","2062","2026-10-08T02:15:00.000Z","2026-09-21T06:30:00.000Z"
"c57012a3-e817-4778-8360-0b5b6b226969","aced7d47-d250-420a-9774-e2988bf4185a","b9a94dba-cbdd-4dab-b668-c38541a542df","VIT College","18.4635","73.8682","Shankar Maharaj Math","18.4735","73.8579","1","CANCELLED","I will wait at the hub","","22","2063","2026-10-09T20:00:00.000Z","2026-09-20T14:30:00.000Z"
"e254b3b9-665f-4cc4-bfa1-23e21123f96b","3e84b24e-d459-4a5c-ab02-b23b20357c43","91b6dba8-c5ee-49b6-8e0e-cdb6deb6d498","Chintamani Nagar","18.4651","73.864","VIT College","18.4635","73.8682","1","ACCEPTED","I will wait at the hub","","36","2064","2026-10-09T19:15:00.000Z","2026-09-21T00:30:00.000Z"
"1b5064a2-d71b-47e5-9f1d-be57b5af4c9b","51804ff0-732e-4f33-9d16-ce45d3f78ad0","5bfe2107-4596-4e4b-8e28-b4761607f7e9","VIT College","18.4635","73.8682","Kashinath Patil Nagar Stop","18.4745","73.8631","1","COMPLETED","I will wait at the hub","","63","2065","2026-10-09T19:00:00.000Z","2026-09-20T12:30:00.000Z"
"644a544d-8489-4248-8091-fe71dcfd274b","b329300e-ced4-4596-85e2-2463a21ba4f9","eb966ee8-6300-4734-85a3-fe051d2fa003","Market Yard Corner","18.4792","73.8581","VIT College","18.4635","73.8682","1","PENDING","","","4","2066","2026-10-11T14:15:00.000Z","2026-09-20T16:30:00.000Z"
"8505cec0-7940-4893-95ec-7921a3f1eedc","2e26e5e6-8a2c-49a0-9e59-effa2baf3812","b3149c9d-7e24-49af-9af5-ce51be3f88b9","VIT College","18.4635","73.8682","Upper Indira Nagar Bus Depot","18.4682","73.8623","1","COMPLETED","","","71","2067","2026-10-13T09:00:00.000Z","2026-09-20T22:30:00.000Z"
"cfa68603-e5ab-4023-a395-a4931dd9e72e","a7379bc1-41fc-4653-9c0b-b1912b205e68","5b200900-fdec-42f4-bd7a-10e50182556a","City Pride BRTS","18.4845","73.8583","VIT College","18.4635","73.8682","1","REJECTED","","No seats available","9","2068","2026-10-12T03:15:00.000Z","2026-09-20T14:30:00.000Z"
"00159ffa-7fbc-4b8b-904a-6d366aa33a30","39f52ca3-2357-46c5-a98e-8b35ad97689d","ff4be7d8-c958-42da-b75f-f3df6987f079","VIT College","18.4635","73.8682","Katraj Terminal","18.4471","73.8562","1","CANCELLED","I will wait at the hub","","30","2069","2026-10-16T09:00:00.000Z","2026-09-20T17:30:00.000Z"
"b5046db2-31fc-4c47-a372-bf592ba66063","6cfcfb66-bb8d-4fd1-8063-a7710b4de356","abc3a47b-8ad1-4b85-9c68-7d9ca2c6091e","Lower Indira Nagar Stop","18.4718","73.8618","VIT College","18.4635","73.8682","1","REJECTED","I will wait at the hub","No seats available","9","2070","2026-10-16T18:15:00.000Z","2026-09-20T18:30:00.000Z"
"885c9303-87c5-43e0-b9a9-fdf3d7d8624a","29639fe3-fba9-4ec1-8c2a-beeec3698b93","a4e13249-216e-49cd-8abf-6f5bd9c3fe4c","VIT College","18.4635","73.8682","Lower Indira Nagar Stop","18.4718","73.8618","1","ACCEPTED","","","6","2071","2026-10-16T05:00:00.000Z","2026-09-20T15:30:00.000Z"
"a5246776-e2f1-42ed-b049-b813f26c5fcd","b4f0bd24-29c0-49cf-8011-acbec3fd9ef2","9449171f-669b-4ae3-8a11-85c2698005b4","Swargate BRTS Stop","18.4982","73.8588","VIT College","18.4635","73.8682","1","COMPLETED","","","38","2072","2026-10-18T04:15:00.000Z","2026-09-20T14:30:00.000Z"
"b58a8a39-44b7-4577-a979-0a88bb946a32","09678e7e-77d5-401a-a91f-fb0664afca57","7b50af0a-e87a-4600-b547-06ff9da50ada","VIT College","18.4635","73.8682","Bibwewadi Bus Stop","18.4792","73.8615","1","PENDING","","","24","2073","2026-10-18T16:00:00.000Z","2026-09-20T13:30:00.000Z"
"d8ef6415-b3fb-461f-9894-bd8210ae9769","95d59f60-f6b4-44df-aad2-9883ffe95be1","49e5dc79-ab6d-4188-9d10-62c1b84c7f5c","Upper Indira Nagar Bus Depot","18.4682","73.8623","VIT College","18.4635","73.8682","1","COMPLETED","I will wait at the hub","","23","2074","2026-10-19T04:15:00.000Z","2026-09-20T10:30:00.000Z"
"92882c4d-e7c6-406c-b9ae-0b4b7e52c21d","b7ff1174-56c9-45b7-b1b5-f94890f4a440","b9d9e60d-de32-4732-8eb8-480e0e81bcbf","VIT College","18.4635","73.8682","Upper Indira Nagar Bus Depot","18.4682","73.8623","1","REJECTED","","No seats available","25","2075","2026-10-20T21:00:00.000Z","2026-09-20T14:30:00.000Z"
"1cb3b16c-4b50-4e1c-a953-8494f64d5838","40cdaa64-0cc4-4366-91b4-6ad064592b70","15d12fa2-5285-4e19-a290-344ead002d9f","Laxmi Narayan Theatre","18.4965","73.8584","VIT College","18.4635","73.8682","1","REJECTED","I will wait at the hub","No seats available","22","2076","2026-10-21T19:15:00.000Z","2026-09-20T19:30:00.000Z"
"fbe2f8de-0dcf-4e87-b8f8-13fdb16e01e2","446815d8-3895-4b64-a9a5-7699f549864d","772a4089-be1c-415b-9115-5af745dcbd7e","VIT College","18.4635","73.8682","Market Yard Corner","18.4792","73.8581","1","REJECTED","Please confirm pickup","No seats available","73","2077","2026-10-23T13:00:00.000Z","2026-09-20T16:30:00.000Z"
"18ce0cee-d8c3-4663-8cd8-2edb47173e21","0535125f-5e07-41b4-8183-c0bc955d24ff","dae29690-62f3-4202-8961-05b05ec7dcc6","Panchami BRTS","18.4902","73.8586","VIT College","18.4635","73.8682","1","COMPLETED","","","29","2078","2026-10-22T17:15:00.000Z","2026-09-21T01:30:00.000Z"
"6d2121a9-e49d-4eb3-8ec6-703a2d8c8d61","8e053454-b287-451b-a1c0-86dc06f9f919","b53fb963-29ea-4299-915f-2cf34647fe2b","VIT College","18.4635","73.8682","Shankar Maharaj Math","18.4735","73.8579","1","ACCEPTED","Please confirm pickup","","72","2079","2026-10-25T14:00:00.000Z","2026-09-20T22:30:00.000Z"
"537a00ff-b3a4-419e-b416-9adffa82fa2e","c8978e26-ad18-49dd-bb87-9c0ea1a29e0c","02927b89-ffa8-40e0-963e-2651a35e576d","Kashinath Patil Nagar Stop","18.4745","73.8631","VIT College","18.4635","73.8682","1","REJECTED","I will wait at the hub","No seats available","18","2080","2026-10-26T06:15:00.000Z","2026-09-21T03:30:00.000Z"
"7763ff59-fcf1-428f-ae92-bd63ddbd168e","cdfa824a-f854-4855-a964-448c5420caed","aa3e3c66-ecde-4e1f-9ce3-1617c0ecdcef","VIT College","18.4635","73.8682","Shankar Maharaj Math","18.4735","73.8579","1","COMPLETED","Please confirm pickup","","79","2081","2026-10-27T08:00:00.000Z","2026-09-20T18:30:00.000Z"
"33f25dbe-2d18-46de-b32f-7f4b25e86a79","bf7e7173-707d-409a-bb59-ec2ffaf87c16","e0ad93ac-7350-43c7-be63-6b8925810342","Swargate PMPML Main Bus Stand","18.4991","73.8583","VIT College","18.4635","73.8682","1","REJECTED","I will wait at the hub","No seats available","0","2082","2026-10-27T05:15:00.000Z","2026-09-20T20:30:00.000Z"
"08aadf8d-af61-4645-84bf-0339d1b85283","169fc2f0-d836-43d1-83b1-ae1763e64fbe","1734859f-c79f-4dfa-95dd-e252c5d669fc","VIT College","18.4635","73.8682","Kashinath Patil Nagar Stop","18.4745","73.8631","1","REJECTED","Please confirm pickup","No seats available","6","2083","2026-10-30T06:00:00.000Z","2026-09-20T10:30:00.000Z"
"fd2d093a-8399-4bbe-b715-c55679c0d104","e9bf46ef-8967-4464-94e3-2bb4e3e3b2e4","3a8f1c12-2394-4eb5-8694-7152af59c7d0","City Pride BRTS","18.4845","73.8583","VIT College","18.4635","73.8682","1","PENDING","I will wait at the hub","","8","2084","2026-10-29T09:15:00.000Z","2026-09-20T23:30:00.000Z"
"7c3997cd-6f7b-4493-bf64-fd16508ffab6","bc79fdd2-1cc0-4c64-be42-1c9072fc1859","443d0a1a-c4da-4cf7-9517-4c02de0dff9c","VIT College","18.4635","73.8682","Balaji Nagar BRTS","18.4628","73.8577","1","CANCELLED","Please confirm pickup","","22","2085","2026-10-31T01:00:00.000Z","2026-09-20T10:30:00.000Z"
"b3ce4ff6-f5e3-41bc-87ae-cfaf2451f778","3bfcbbe5-ec10-4944-a9dd-ba509007b715","5c76a658-080e-4482-b7f5-3c04ef99ff4f","Swargate BRTS Stop","18.4982","73.8588","VIT College","18.4635","73.8682","1","COMPLETED","Please confirm pickup","","22","2086","2026-10-31T07:15:00.000Z","2026-09-20T23:30:00.000Z"
"34998bf2-8395-4d9d-9ddb-16e7f25fba3e","4c1da699-4a95-4e14-9e46-fd8dcda4c5d3","fa4b13bc-6768-4b5d-843e-2b8836ed9113","VIT College","18.4635","73.8682","Lower Indira Nagar Stop","18.4718","73.8618","1","REJECTED","I will wait at the hub","No seats available","27","2087","2026-11-02T02:00:00.000Z","2026-09-20T22:30:00.000Z"
"6769bb27-0ebf-4ace-a405-34e9462e5a46","c000e5c3-2f7b-4545-b8f0-e0043eb13933","2139d70e-ad87-4ff0-985d-00ddaa9d1f33","Kashinath Patil Nagar Stop","18.4745","73.8631","VIT College","18.4635","73.8682","1","ACCEPTED","Please confirm pickup","","37","2088","2026-11-01T05:15:00.000Z","2026-09-20T20:30:00.000Z"
"71482573-226b-4d1f-98eb-9b936c39eea9","10dd458e-25b6-43e5-92b7-c13023c64c59","916eed74-db65-4e11-bce1-ffc16e674a10","VIT College","18.4635","73.8682","Upper Indira Nagar Bus Depot","18.4682","73.8623","1","CANCELLED","Please confirm pickup","","57","2089","2026-11-02T22:00:00.000Z","2026-09-21T06:30:00.000Z"
"85af3c7e-32f3-4921-98f7-32d29faa8715","bf613fbf-71a6-43c2-b744-db05e823fdf8","bab50b6c-7a07-4417-adaf-0a3f199ba726","Upper Indira Nagar Bus Depot","18.4682","73.8623","VIT College","18.4635","73.8682","1","CANCELLED","I will wait at the hub","","27","2090","2026-08-06T08:15:00.000Z","2026-09-20T12:30:00.000Z"
"613c633d-cd49-4183-8b3b-4a7f834a16a0","65fc0765-171e-4768-8f13-83aa789737e0","7f819a59-7908-47e3-8d88-f31823ce6b9f","VIT College","18.4635","73.8682","KK Market BRTS","18.4683","73.8579","1","CANCELLED","","","78","2091","2026-08-07T13:00:00.000Z","2026-09-20T14:30:00.000Z"
"bcb52485-71a5-475c-943f-fe65a3ad36aa","237da348-7907-4718-866e-335cde0139c1","fa8313a6-d0cd-4c89-ac5a-1bcf559767e4","Bibwewadi Bus Stop","18.4792","73.8615","VIT College","18.4635","73.8682","1","PENDING","I will wait at the hub","","27","2092","2026-08-09T17:15:00.000Z","2026-09-21T05:30:00.000Z"
"c4770efe-38b9-417b-985c-16b3bc171bb9","60ea93c4-68ee-45c3-989b-ed8b3a08e7cc","25e86fcd-e6f3-4cae-abe5-69da8dc4879a","VIT College","18.4635","73.8682","KK Market BRTS","18.4683","73.8579","1","REJECTED","Please confirm pickup","No seats available","22","2093","2026-08-10T08:00:00.000Z","2026-09-20T15:30:00.000Z"
"7c4a1fd6-a161-4c0b-9a64-ddfd1eff2236","2f2c5365-84d3-4d5c-b8d1-6f264b5f4215","7ecb9a58-e71e-47e3-b199-1b14f78ab1cd","Swargate PMPML Main Bus Stand","18.4991","73.8583","VIT College","18.4635","73.8682","1","COMPLETED","","","14","2094","2026-08-12T00:15:00.000Z","2026-09-20T22:30:00.000Z"
"feea1b59-af12-40d3-9a83-070fe97481bc","c1eebeb2-db41-4cb7-a3b5-691292698f91","61a5fb10-8cc3-48db-a009-2fdb4eb9c378","VIT College","18.4635","73.8682","Upper Indira Nagar Bus Depot","18.4682","73.8623","1","ACCEPTED","","","10","2095","2026-08-12T03:00:00.000Z","2026-09-21T02:30:00.000Z"
"86767351-3c3d-4481-a809-d741d4a3a6d1","51a9e42c-d1f6-478c-b886-b626dcbd18f3","11e76d6b-888c-4c86-a3f2-2d4bab255598","Market Yard Corner","18.4792","73.8581","VIT College","18.4635","73.8682","1","REJECTED","","No seats available","10","2096","2026-08-11T21:15:00.000Z","2026-09-20T12:30:00.000Z"
"34ebaf74-8831-444a-9af0-5a8fe993184f","7ae097cf-045e-409a-bfb2-c726c8bc06e4","38d92c3f-f6e4-4c90-add9-6f5ecbcd5bde","VIT College","18.4635","73.8682","Lower Indira Nagar Stop","18.4718","73.8618","1","CANCELLED","","","23","2097","2026-08-13T15:00:00.000Z","2026-09-20T23:30:00.000Z"
"246e0dc3-fc07-4620-939f-11474e869685","3bee09b2-95a6-498d-b915-d3ee887867aa","5b9101ca-8247-4c12-bf7c-68abf2b98166","Panchami BRTS","18.4902","73.8586","VIT College","18.4635","73.8682","1","REJECTED","I will wait at the hub","No seats available","0","2098","2026-08-13T10:15:00.000Z","2026-09-21T02:30:00.000Z"
"aae9c894-aaa4-49a3-8fdd-97aa6a011f78","8515b1ea-25b5-4b79-a405-967ef14578af","95204930-6f62-4024-8493-801a30e46f1a","VIT College","18.4635","73.8682","Katraj Terminal","18.4471","73.8562","1","REJECTED","","No seats available","15","2099","2026-08-16T04:00:00.000Z","2026-09-20T16:30:00.000Z"
"91ac1b07-7190-4378-a9b5-b091f7a0b7d0","c49264b1-69a1-495c-9e81-1661b261b3a1","ce05a8a6-09ab-4705-92d1-3f61a51fd69d","Chintamani Nagar","18.4651","73.864","VIT College","18.4635","73.8682","1","REJECTED","","No seats available","13","2100","2026-08-16T06:15:00.000Z","2026-09-20T20:30:00.000Z"
"b2f6c2e9-22d6-4305-a8ca-983c9849a76d","69ee0216-5020-4028-b822-cf3a10cc01dc","2f12a413-553c-4203-bffb-955e3123875f","VIT College","18.4635","73.8682","Balaji Nagar BRTS","18.4628","73.8577","1","REJECTED","","No seats available","14","2101","2026-08-16T20:00:00.000Z","2026-09-20T21:30:00.000Z"
"15e22e20-fbc3-4df6-82e5-b9ba46e66a9b","61279771-2695-403c-bef6-29837a8ac5cd","7a6f894d-c3ee-4aa4-a5c8-b62bdfa18164","City Pride BRTS","18.4845","73.8583","VIT College","18.4635","73.8682","1","CANCELLED","I will wait at the hub","","26","2102","2026-08-17T14:15:00.000Z","2026-09-20T19:30:00.000Z"
"71c5129a-f56e-4f21-ba93-c61a296c77f3","da00e29b-5b94-4c48-9058-fdc14b347db5","f0be6e7d-be56-4dae-a215-ca68d901c731","VIT College","18.4635","73.8682","Balaji Nagar BRTS","18.4628","73.8577","1","CANCELLED","","","27","2103","2026-08-18T16:00:00.000Z","2026-09-20T12:30:00.000Z"
"389271cc-0fe8-45a3-91f0-48a10eb2298a","9f0f2b67-68d7-468f-af8a-6e7eacc996bd","6afa4784-41a5-471b-8dbf-dcd4ef8d1af1","Market Yard Corner","18.4792","73.8581","VIT College","18.4635","73.8682","1","PENDING","Please confirm pickup","","15","2104","2026-08-19T22:15:00.000Z","2026-09-20T23:30:00.000Z"
"8764bc66-d011-4fbf-9e89-a5cfd8fc6df9","6cd39986-2957-4c10-aeb1-988bf7f9c642","ef881127-bf53-4e44-ac88-4d08e32ca7a0","VIT College","18.4635","73.8682","Katraj Terminal","18.4471","73.8562","1","REJECTED","I will wait at the hub","No seats available","17","2105","2026-08-22T14:00:00.000Z","2026-09-20T14:30:00.000Z"
"a3cc525c-2027-42df-9499-62a5cba7d192","81a7f5ab-2161-41ba-9b2a-461a7e131be7","b2a75502-d4ef-429e-8b73-61e440e0983f","Swargate PMPML Main Bus Stand","18.4991","73.8583","VIT College","18.4635","73.8682","1","REJECTED","","No seats available","23","2106","2026-08-23T13:15:00.000Z","2026-09-21T04:30:00.000Z"
"b4c35dff-e2e0-4f07-8e5d-85302cd02fdf","02b9654f-0b9c-4c0f-8d0b-7ee75d69869b","b3d23434-7107-4dee-ad1b-eebdb7958392","VIT College","18.4635","73.8682","Bibwewadi Bus Stop","18.4792","73.8615","1","REJECTED","Please confirm pickup","No seats available","4","2107","2026-08-25T02:00:00.000Z","2026-09-20T12:30:00.000Z"
"8acfa9e2-8459-4297-9ac7-03eff9fea795","219a9f81-23af-4a87-82c9-00103d3c4c10","24d2a11e-ee6c-4f5b-80ff-7fb9eb39ac32","Panchami BRTS","18.4902","73.8586","VIT College","18.4635","73.8682","1","COMPLETED","Please confirm pickup","","24","2108","2026-08-25T04:15:00.000Z","2026-09-20T23:30:00.000Z"
"8ab65274-36c2-4390-a6ad-a931726ad803","d8a7cd4b-6991-4356-b70c-0812f3a06a17","37b52895-1597-4763-836c-78a8301f11b4","VIT College","18.4635","73.8682","Bharati Vidyapeeth","18.456","73.8574","1","ACCEPTED","Please confirm pickup","","22","2109","2026-08-24T21:00:00.000Z","2026-09-20T12:30:00.000Z"
"09b58cfe-0a65-4fe0-94bc-201c78c60ae6","eab07b26-75e6-4d60-b37d-b2672ac13f7b","5adcb3aa-a473-41ba-8a29-2fa570db158b","Kashinath Patil Nagar Stop","18.4745","73.8631","VIT College","18.4635","73.8682","1","COMPLETED","Please confirm pickup","","59","2110","2026-08-27T22:15:00.000Z","2026-09-21T00:30:00.000Z"
"770a7df2-6b23-48b6-a8b5-a89262ea7e2d","b95d44b1-a000-4708-a130-d08780d6485d","3e9526f5-f65f-4da1-a2b1-553ce23973f7","VIT College","18.4635","73.8682","Shankar Maharaj Math","18.4735","73.8579","1","PENDING","I will wait at the hub","","14","2111","2026-08-29T03:00:00.000Z","2026-09-21T02:30:00.000Z"
"6f9b3f76-6316-4a6e-859f-92e27e44e775","4b1e205a-ed42-48bd-b784-7fbcff6779c6","fbb85f19-6812-469a-9a7e-c060b8e1330e","Upper Indira Nagar Bus Depot","18.4682","73.8623","VIT College","18.4635","73.8682","1","REJECTED","Please confirm pickup","No seats available","21","2112","2026-08-27T12:15:00.000Z","2026-09-20T13:30:00.000Z"
"999baa93-fec1-4521-a920-818e15a30ae8","68e11ca0-3e59-47eb-8235-9af12559df44","4e00ed27-5fe2-4835-b43b-aad7700f4e90","VIT College","18.4635","73.8682","Bharati Vidyapeeth","18.456","73.8574","1","CANCELLED","I will wait at the hub","","21","2113","2026-08-29T21:00:00.000Z","2026-09-21T06:30:00.000Z"
"3e1137c6-59c4-4aba-8f18-692d34961188","2c00669e-dc0c-456d-ba1d-8920b4c821fc","85802130-aece-4a5c-b091-be9de76fa62e","Panchami BRTS","18.4902","73.8586","VIT College","18.4635","73.8682","1","PENDING","","","24","2114","2026-08-30T23:15:00.000Z","2026-09-20T18:30:00.000Z"
"a87cdf24-f245-42a2-85ef-95e7a5bf4e5d","78e46e6e-9c6f-4b0f-b064-7d4e9460e632","1e8f38cb-b0ae-4701-9268-3c8e55456ef9","VIT College","18.4635","73.8682","KK Market BRTS","18.4683","73.8579","1","CANCELLED","Please confirm pickup","","26","2115","2026-08-30T16:00:00.000Z","2026-09-20T23:30:00.000Z"
"c4a43cec-2959-401f-9f4a-38c98d7bc419","aef59bda-2e4a-4d2a-a535-36263ae82a38","033a0415-353b-46da-a08f-1e6fb661c073","Kashinath Patil Nagar Stop","18.4745","73.8631","VIT College","18.4635","73.8682","1","REJECTED","I will wait at the hub","No seats available","1","2116","2026-09-02T08:15:00.000Z","2026-09-21T00:30:00.000Z"
"62d6e890-84cf-4e26-a9ef-0e836fe695e9","f64767c4-af3a-47be-acc7-3ea11da42274","09fad991-eb28-483c-a92f-412d005f86e1","VIT College","18.4635","73.8682","Katraj Terminal","18.4471","73.8562","1","CANCELLED","Please confirm pickup","","11","2117","2026-09-03T17:00:00.000Z","2026-09-20T12:30:00.000Z"
"bbde7a83-271a-4318-87e5-31cb29416f12","2237f2ca-1d00-4f56-814d-2c6c92751071","47cbbcf7-3a62-4033-9a9b-5d2ebe48617b","Bibwewadi Bus Stop","18.4792","73.8615","VIT College","18.4635","73.8682","1","PENDING","Please confirm pickup","","66","2118","2026-09-02T04:15:00.000Z","2026-09-20T16:30:00.000Z"
"343ac068-2773-4f37-bc1e-ac29540427e7","ec18becf-f762-45c6-859c-32b7cb0f07d6","ab1c3a5c-50fe-4a26-b80d-4cd36938d001","VIT College","18.4635","73.8682","Katraj Dairy BRTS","18.4508","73.8569","1","REJECTED","I will wait at the hub","No seats available","22","2119","2026-09-04T09:00:00.000Z","2026-09-20T15:30:00.000Z"
"eed2ff7e-da0c-4309-983c-7e6380960eb2","70f69ca4-d226-4e06-8c3f-95690772183e","c2109785-34d1-4db4-83fd-a38a96ff6385","Swargate BRTS Stop","18.4982","73.8588","VIT College","18.4635","73.8682","1","PENDING","Please confirm pickup","","28","2120","2026-09-04T18:15:00.000Z","2026-09-21T00:30:00.000Z"
"22ce5352-ebc7-4242-bff5-aec740bc7063","461e5561-1342-4de9-9f6e-44c7fdcf8d5d","3f9c3912-4b7f-4630-8ee8-ef4328f8653a","VIT College","18.4635","73.8682","Upper Indira Nagar Bus Depot","18.4682","73.8623","1","ACCEPTED","I will wait at the hub","","29","2121","2026-09-08T11:00:00.000Z","2026-09-20T16:30:00.000Z"
"3f3d686c-3872-4066-9693-2354d2482bea","cb373836-670c-4979-b437-20673338636b","d6e02938-24dd-495b-9cf8-9fdde224b304","Panchami BRTS","18.4902","73.8586","VIT College","18.4635","73.8682","1","ACCEPTED","I will wait at the hub","","11","2122","2026-09-07T04:15:00.000Z","2026-09-21T04:30:00.000Z"
"2a06ef5d-64af-4896-986b-2aa6026e7873","9580a374-62b1-4eae-bcd0-ac7f6a06f671","165aff37-2b73-412f-8558-09a275acac4f","VIT College","18.4635","73.8682","Chintamani Nagar","18.4651","73.864","1","PENDING","Please confirm pickup","","8","2123","2026-09-08T17:00:00.000Z","2026-09-20T18:30:00.000Z"
"589b0f54-1573-42fc-a9b6-42521bb2d5b7","c5afd19e-a176-4f40-a45b-6f111ad868a9","921d32f1-c9a7-43cd-89fc-af62a5d8d609","Chintamani Nagar","18.4651","73.864","VIT College","18.4635","73.8682","1","COMPLETED","Please confirm pickup","","18","2124","2026-09-10T08:15:00.000Z","2026-09-21T05:30:00.000Z"
"40b956ee-1fb4-4eda-be04-102390b6a70a","8e78585e-3cca-4d71-ae2d-e3ad9e95dc8b","cd22228b-a880-42a9-b5b5-fa0701f9c386","VIT College","18.4635","73.8682","Shankar Maharaj Math","18.4735","73.8579","1","REJECTED","I will wait at the hub","No seats available","7","2125","2026-09-09T16:00:00.000Z","2026-09-20T19:30:00.000Z"
"685e55b7-8523-47c0-9a9e-5075dd1d3ebe","9545e0e9-642e-4404-a573-e92a596150aa","46c4f251-86ea-4605-9b4a-0a7b31ba73c3","Swargate PMPML Main Bus Stand","18.4991","73.8583","VIT College","18.4635","73.8682","1","CANCELLED","","","75","2126","2026-09-12T14:15:00.000Z","2026-09-21T03:30:00.000Z"
"ad5a50c1-f65c-4ef2-8574-907d82a26bef","71ad94f4-57f7-4fac-817a-5a2a1cb72cad","e3132854-383b-4d80-b4f9-344261841ff2","VIT College","18.4635","73.8682","KK Market BRTS","18.4683","73.8579","1","REJECTED","","No seats available","13","2127","2026-09-11T16:00:00.000Z","2026-09-20T16:30:00.000Z"
"13fdc15a-b035-4a0f-9841-79956007bdb3","04d4075a-882a-44da-a10d-859151f3b47c","4f582076-f405-4dad-b185-9ae556fcc905","City Pride BRTS","18.4845","73.8583","VIT College","18.4635","73.8682","1","REJECTED","I will wait at the hub","No seats available","72","2128","2026-09-12T05:15:00.000Z","2026-09-20T18:30:00.000Z"
"1b1fe528-cbd1-4622-9d3a-13156864f659","d27e67f4-e6a7-4cab-9dd0-1692b1b0a82a","df141c8b-23ed-41b3-b69d-5959a4d5207e","VIT College","18.4635","73.8682","Shankar Maharaj Math","18.4735","73.8579","1","REJECTED","Please confirm pickup","No seats available","27","2129","2026-09-15T09:00:00.000Z","2026-09-20T14:30:00.000Z"
"434da937-a487-4459-9de0-efa5c7dd5f31","afd4311b-966f-4fc9-9674-d1effabc820f","c69150f8-4df1-4f92-9ee7-62209c9db1a6","Lower Indira Nagar Stop","18.4718","73.8618","VIT College","18.4635","73.8682","1","CANCELLED","I will wait at the hub","","28","2130","2026-09-15T20:15:00.000Z","2026-09-20T17:30:00.000Z"
"947b8f79-81c2-42fa-b7ec-f4bc07ff8a36","beb44845-453e-4d94-bb99-749e6b27cb1e","e03cedeb-5d97-4486-a7eb-252b7e1f718a","VIT College","18.4635","73.8682","Bharati Vidyapeeth","18.456","73.8574","1","PENDING","I will wait at the hub","","68","2131","2026-09-17T12:00:00.000Z","2026-09-21T06:30:00.000Z"
"2da13289-8363-4947-8dc1-b4e20df7a7da","14e7ccea-1a48-4de5-984c-54c7fd2a09f4","efd497f5-8ba1-4dd5-bcea-20a21ad4b890","Market Yard Corner","18.4792","73.8581","VIT College","18.4635","73.8682","1","REJECTED","I will wait at the hub","No seats available","12","2132","2026-09-16T12:15:00.000Z","2026-09-21T02:30:00.000Z"
"f541ffdb-5e40-4df8-9e22-155e3d20bdf7","04f91d61-b13b-4d4c-9c9c-e6b2cef78c12","30545805-3fe4-4f18-a8a2-8dccf5ff02fd","VIT College","18.4635","73.8682","Shankar Maharaj Math","18.4735","73.8579","1","REJECTED","","No seats available","24","2133","2026-09-17T22:00:00.000Z","2026-09-21T02:30:00.000Z"
"2b8f71e1-91d6-4cd3-b45c-3ddb860708a2","8ab28b94-da4a-47a7-856e-bb3f911a092f","0ab4c678-1df8-414b-9f8b-66facfcdbc01","Chintamani Nagar","18.4651","73.864","VIT College","18.4635","73.8682","1","PENDING","Please confirm pickup","","24","2134","2026-09-19T19:15:00.000Z","2026-09-20T17:30:00.000Z"
"647c533d-82e7-48a1-aa46-3e5cef96ad82","e9d984c5-4020-4da0-80d0-e3c032d9fb7a","0be154a0-2b93-4226-ac8a-ca86dcf33409","VIT College","18.4635","73.8682","Bharati Vidyapeeth","18.456","73.8574","1","PENDING","","","51","2135","2026-09-20T18:00:00.000Z","2026-09-20T11:30:00.000Z"
"68182840-e5ad-4365-b866-54a2fe147c47","28fd002f-07f7-4e68-9dad-d29d9248e218","8c232265-ccb7-492a-b875-50ee8bc45208","Swargate PMPML Main Bus Stand","18.4991","73.8583","VIT College","18.4635","73.8682","1","REJECTED","Please confirm pickup","No seats available","26","2136","2026-09-21T09:15:00.000Z","2026-09-20T19:30:00.000Z"
"9f6a1b76-bc2b-44f5-aad2-e25cc775be3f","713cddf2-c3b7-4289-8da9-84c9aec1d256","cb1a579d-c56d-40e0-b768-2d2229dc4a47","VIT College","18.4635","73.8682","Katraj Terminal","18.4471","73.8562","1","ACCEPTED","I will wait at the hub","","46","2137","2026-09-23T13:00:00.000Z","2026-09-20T22:30:00.000Z"
"4d9349f7-133a-4628-816d-efaa4dbf549e","994d541c-a0d6-4253-adf5-dee93277ee0d","4bc51cf7-3d71-496c-b2e9-01f1fd8c725a","Laxmi Narayan Theatre","18.4965","73.8584","VIT College","18.4635","73.8682","1","CANCELLED","I will wait at the hub","","4","2138","2026-09-23T19:15:00.000Z","2026-09-20T21:30:00.000Z"
"4a8a88dd-477d-4f6b-81cd-57c9b29b54f5","97c6b31c-5466-45f4-874b-ec58b23010e4","87c9b6ae-2c7c-4de8-9450-1bd9d4cd713c","VIT College","18.4635","73.8682","Upper Indira Nagar Bus Depot","18.4682","73.8623","1","CANCELLED","","","21","2139","2026-09-23T19:00:00.000Z","2026-09-20T18:30:00.000Z"
"438f81d2-4c6e-42c0-8945-e62a2d399147","c6b6ec8c-fa82-4bc7-811e-2d6a2e654539","4cc1b8ef-4224-4c25-a72f-a96bb3963a45","Market Yard Corner","18.4792","73.8581","VIT College","18.4635","73.8682","1","REJECTED","I will wait at the hub","No seats available","28","2140","2026-09-25T19:15:00.000Z","2026-09-21T00:30:00.000Z"
"59a00ef5-8bb0-455b-966d-d5abddf23246","ea4686ae-04a6-4e3c-bf15-6aad0dee5c58","d2298097-598d-4264-8db3-a0e927ab6ed1","VIT College","18.4635","73.8682","Balaji Nagar BRTS","18.4628","73.8577","1","CANCELLED","","","70","2141","2026-09-25T14:00:00.000Z","2026-09-21T00:30:00.000Z"
"edbbd1a6-bb24-4b3b-8ed8-4efcb65236c4","5a2df2dd-cc6c-4a73-b584-fd67715f78e0","856c5003-10e0-491c-b001-245c65a8fb4b","Swargate PMPML Main Bus Stand","18.4991","73.8583","VIT College","18.4635","73.8682","1","REJECTED","Please confirm pickup","No seats available","16","2142","2026-09-26T10:15:00.000Z","2026-09-20T22:30:00.000Z"
"ff0af4ec-c573-4d73-901e-7755511af777","b706d681-5745-448b-a469-ef6a7454950f","613365a0-56e0-41a2-a7c9-48b35ec746a1","VIT College","18.4635","73.8682","Lower Indira Nagar Stop","18.4718","73.8618","1","PENDING","Please confirm pickup","","69","2143","2026-09-27T21:00:00.000Z","2026-09-21T05:30:00.000Z"
"b9ed5fda-2462-41a7-9210-531af9cda9c7","4b43287c-b8d6-4144-801f-8fc738d1f660","ce3592dc-d951-4134-a2cd-52dbc233a3f4","Chintamani Nagar","18.4651","73.864","VIT College","18.4635","73.8682","1","CANCELLED","","","9","2144","2026-09-29T07:15:00.000Z","2026-09-20T10:30:00.000Z"
"468fc3c3-e57b-43a9-9fd5-ad826c1e33c7","2663d3af-98fe-4997-a9a5-c2079a3eb8e3","a6724b4c-1f36-4019-9072-772bbdeeca30","VIT College","18.4635","73.8682","Shankar Maharaj Math","18.4735","73.8579","1","CANCELLED","","","16","2145","2026-09-30T21:00:00.000Z","2026-09-21T06:30:00.000Z"
"fb1d6a47-d05a-478e-820e-ad7eded962ea","60c3d7e5-9d4d-4553-87ac-9b1142f3ef9f","2d02ada0-aefc-4d76-9f2f-c57bee3201ac","Kashinath Patil Nagar Stop","18.4745","73.8631","VIT College","18.4635","73.8682","1","ACCEPTED","I will wait at the hub","","7","2146","2026-10-01T05:15:00.000Z","2026-09-20T20:30:00.000Z"
"3820a315-eff0-4d94-af49-86e44d34a1ae","ed757b00-7bf5-43f0-a726-ba6bc7a83108","81dfda4a-3ec9-4eae-a7f1-0692e03bb1d0","VIT College","18.4635","73.8682","Balaji Nagar BRTS","18.4628","73.8577","1","COMPLETED","I will wait at the hub","","4","2147","2026-10-02T19:00:00.000Z","2026-09-21T06:30:00.000Z"
"506f6a9e-c5dc-4e20-a01c-11a28ea3a134","abd4cbef-dd87-4896-8b4d-0e1f2563b91f","71cd4f7b-3e01-44d7-9657-d28c4544f992","Lower Indira Nagar Stop","18.4718","73.8618","VIT College","18.4635","73.8682","1","REJECTED","","No seats available","16","2148","2026-10-04T21:15:00.000Z","2026-09-20T13:30:00.000Z"
"092e54b1-48e1-45b7-bc8b-7f1e65b600cf","07b55c01-5682-4721-8b66-2b08d0c5c419","29bb8b65-a83a-4f6b-b7c4-0a86fd9b82a1","VIT College","18.4635","73.8682","Shankar Maharaj Math","18.4735","73.8579","1","REJECTED","","No seats available","3","2149","2026-10-05T20:00:00.000Z","2026-09-20T18:30:00.000Z"
"98885a55-33d8-4c92-8a7f-31911464b92f","6b14a4fc-2f9f-4e6e-b23d-4e2689cc7ef0","db6d13c6-50ea-4ee7-98cb-daab8b877783","City Pride BRTS","18.4845","73.8583","VIT College","18.4635","73.8682","1","REJECTED","","No seats available","11","2150","2026-10-04T11:15:00.000Z","2026-09-20T23:30:00.000Z"
"c39e046c-cfa6-4b4d-86fa-49984edc6ffb","c982b386-100e-4b39-9d32-15aa2528aadb","ada304c3-1114-48bb-bacb-69446eecee2a","VIT College","18.4635","73.8682","Kashinath Patil Nagar Stop","18.4745","73.8631","1","REJECTED","Please confirm pickup","No seats available","26","2151","2026-10-06T17:00:00.000Z","2026-09-20T20:30:00.000Z"
"7ed0c5c7-75fe-40f6-a364-720a4e9acebf","8d0dd793-8e37-43a1-bac8-aa697bd633ce","3857e3b0-5efa-484e-a045-2777f41b2610","Swargate BRTS Stop","18.4982","73.8588","VIT College","18.4635","73.8682","1","REJECTED","","No seats available","58","2152","2026-10-06T18:15:00.000Z","2026-09-20T18:30:00.000Z"
"2e5d7aed-8cc7-4f08-a10c-25fb311a1f92","61f52e72-52a3-4b0e-b0a2-2ea7ccf1e263","24be40cc-fd8a-4efb-95f0-6ec1a107c563","VIT College","18.4635","73.8682","Balaji Nagar BRTS","18.4628","73.8577","1","PENDING","","","20","2153","2026-10-08T03:00:00.000Z","2026-09-21T05:30:00.000Z"
"71239973-9134-4f19-a678-60804bf63880","8b3cee6b-4a19-4c8d-b82f-21d325d81f9b","6aa130d0-4c4b-48c2-bc80-80079a81385f","Bibwewadi Bus Stop","18.4792","73.8615","VIT College","18.4635","73.8682","1","COMPLETED","I will wait at the hub","","17","2154","2026-10-10T07:15:00.000Z","2026-09-20T10:30:00.000Z"
"3536b311-cea7-4c17-8320-42bbc8de12c2","60e51d1c-4db6-41cc-a466-d71fa743e3a1","998a2999-5be3-435d-8015-2a973a6e97cc","VIT College","18.4635","73.8682","Market Yard Corner","18.4792","73.8581","1","PENDING","Please confirm pickup","","26","2155","2026-10-12T02:00:00.000Z","2026-09-20T14:30:00.000Z"
"260be45a-c2e6-4275-bf55-456e2b2dcf61","e1833241-4414-40fa-b50b-490641907094","5d577020-68d2-4a61-b36d-861bf1486666","Lower Indira Nagar Stop","18.4718","73.8618","VIT College","18.4635","73.8682","1","CANCELLED","","","23","2156","2026-10-11T05:15:00.000Z","2026-09-21T01:30:00.000Z"
"9e728c80-10eb-4bbf-a653-81a1ffb66391","3ac9de7e-bec1-42f7-8fa9-65df107e439c","c4023d4b-7895-4d6b-ba0a-7cbce21340b7","VIT College","18.4635","73.8682","KK Market BRTS","18.4683","73.8579","1","PENDING","","","15","2157","2026-10-12T16:00:00.000Z","2026-09-20T10:30:00.000Z"
"eb301d9e-8a33-491f-a79a-914951577fa1","e18ffa39-51b9-4c89-87c6-2375d3dfec8a","e163653a-9bbe-4e9d-81ab-acf5fb7c4166","Laxmi Narayan Theatre","18.4965","73.8584","VIT College","18.4635","73.8682","1","CANCELLED","Please confirm pickup","","31","2158","2026-10-15T01:15:00.000Z","2026-09-20T16:30:00.000Z"
"126fd0c2-516d-4d4a-b5d3-f0fb0f4df0f2","ebf383f1-6041-477c-8b39-eb74e9f66ff1","b3224a72-ff85-487a-a6c9-b6a1e3beb8dc","VIT College","18.4635","73.8682","Katraj Dairy BRTS","18.4508","73.8569","1","PENDING","Please confirm pickup","","21","2159","2026-10-16T08:00:00.000Z","2026-09-21T03:30:00.000Z"
"25e7c29d-0ef9-407e-a2b2-dde9d452c01f","d54bc263-6d96-4e23-9154-7242e74a758b","d4a58744-1f9c-4554-9321-1fd9d20b1035","Kashinath Patil Nagar Stop","18.4745","73.8631","VIT College","18.4635","73.8682","1","CANCELLED","Please confirm pickup","","8","2160","2026-10-15T07:15:00.000Z","2026-09-21T05:30:00.000Z"
"4fe4c2ff-dbc4-442f-b735-5bc9f827a8a7","dae7abf9-1dea-47a8-a3e3-3baccf480ef5","917b003b-c912-4ed9-afb7-f7eba33fcb14","VIT College","18.4635","73.8682","Market Yard Corner","18.4792","73.8581","1","REJECTED","Please confirm pickup","No seats available","11","2161","2026-10-16T04:00:00.000Z","2026-09-20T22:30:00.000Z"
"ba5ebdac-7570-454c-b463-0e14562bb1d7","8f6f07bc-40b3-4d20-ad36-f204245382be","08fe57ab-1152-4527-a359-68c4e78e68d5","Swargate PMPML Main Bus Stand","18.4991","73.8583","VIT College","18.4635","73.8682","1","COMPLETED","","","41","2162","2026-10-16T13:15:00.000Z","2026-09-20T16:30:00.000Z"
"58195564-0a6f-4d12-b41f-b7defbc4af75","9332f881-ccfc-4094-9dc8-c4d5cd07b1b1","984e14a4-a27e-416c-9397-0cf2fb53101f","VIT College","18.4635","73.8682","Balaji Nagar BRTS","18.4628","73.8577","1","REJECTED","","No seats available","19","2163","2026-10-17T18:00:00.000Z","2026-09-20T11:30:00.000Z"
"5f5d5905-15e3-4ba9-b935-fed90d6973e7","ba1e12e2-9eb9-4b6c-a607-fc906828f215","0c422408-fcb3-49ec-919b-15b6c943586f","Kashinath Patil Nagar Stop","18.4745","73.8631","VIT College","18.4635","73.8682","1","REJECTED","","No seats available","0","2164","2026-10-18T20:15:00.000Z","2026-09-21T05:30:00.000Z"
"d09887f1-bb55-4c0e-9a1f-07ef64b0c299","e15c187d-7956-4a3e-9360-b632c088ec79","b1b24393-ed6c-4074-a261-01b7aa240011","VIT College","18.4635","73.8682","Shankar Maharaj Math","18.4735","73.8579","1","COMPLETED","I will wait at the hub","","32","2165","2026-10-22T04:00:00.000Z","2026-09-20T18:30:00.000Z"
"476490bd-337d-4258-8f7b-44c733e708df","0c045a71-d9cc-43be-9b09-97b1a3968080","ff933861-ecae-470a-9ee4-3663e749fdbc","Bibwewadi Bus Stop","18.4792","73.8615","VIT College","18.4635","73.8682","1","ACCEPTED","I will wait at the hub","","1","2166","2026-10-22T12:15:00.000Z","2026-09-21T03:30:00.000Z"
"34d33979-22a3-42ef-a026-977707f4b051","1b8626db-a68f-476b-bda8-b29605dcd776","15ef891e-746f-4219-8638-297ada541a3a","VIT College","18.4635","73.8682","Katraj Terminal","18.4471","73.8562","1","COMPLETED","","","22","2167","2026-10-24T07:00:00.000Z","2026-09-20T12:30:00.000Z"
"f626f4f2-975a-4a16-aa36-226192692c62","f41ffac4-95e0-499c-9b01-ae2b4bc42c21","e1b6b10d-5653-452d-a57d-24e8752b2f52","Kashinath Patil Nagar Stop","18.4745","73.8631","VIT College","18.4635","73.8682","1","PENDING","Please confirm pickup","","45","2168","2026-10-24T02:15:00.000Z","2026-09-21T05:30:00.000Z"
"b676ed8e-9310-46e6-86f5-608b7bc41eed","d6ebd3f4-914a-4517-9eef-f1d87a4c2492","9beabcea-410e-43e0-9c0e-c32f2476c785","VIT College","18.4635","73.8682","Upper Indira Nagar Bus Depot","18.4682","73.8623","1","REJECTED","I will wait at the hub","No seats available","18","2169","2026-10-25T17:00:00.000Z","2026-09-20T11:30:00.000Z"
"107ac683-d146-4fae-b954-7807336db2d6","48e9d49e-e4c1-48af-887f-45f8af95b056","2cb66b98-63d0-4a21-a9ed-c884d238b71c","Upper Indira Nagar Bus Depot","18.4682","73.8623","VIT College","18.4635","73.8682","1","REJECTED","I will wait at the hub","No seats available","66","2170","2026-10-26T16:15:00.000Z","2026-09-20T13:30:00.000Z"
"35d83c15-b282-4765-9237-f1660df36455","fde6ff47-b7a0-4c75-9ca8-424f0aea8b8a","d022c9ae-ee6b-4085-b2c1-11a5c9e6c784","VIT College","18.4635","73.8682","Upper Indira Nagar Bus Depot","18.4682","73.8623","1","CANCELLED","Please confirm pickup","","57","2171","2026-10-26T09:00:00.000Z","2026-09-20T23:30:00.000Z"
"300a2f2f-7e36-47fc-a338-6d15f2115871","973aa5ca-1a17-4a55-bc64-48aa4f3d91d9","7cbb830b-c6bc-4fec-a09b-14b8c825bef8","Market Yard Corner","18.4792","73.8581","VIT College","18.4635","73.8682","1","REJECTED","I will wait at the hub","No seats available","10","2172","2026-10-26T14:15:00.000Z","2026-09-20T20:30:00.000Z"
"5fbf5306-cc08-4bd6-a7ab-45f831a923b9","e5ab4d78-27aa-4a41-9db3-993370985546","523365f0-54d7-48ce-b828-50e1b0a2737e","VIT College","18.4635","73.8682","Balaji Nagar BRTS","18.4628","73.8577","1","CANCELLED","Please confirm pickup","","72","2173","2026-10-28T06:00:00.000Z","2026-09-20T16:30:00.000Z"
"194e761d-21fb-41ea-bbf7-d14901bcb498","a9e80342-6cec-42ba-b981-0e229d2d5046","1386d7bb-79eb-4e36-b78d-7ac74357b589","Panchami BRTS","18.4902","73.8586","VIT College","18.4635","73.8682","1","ACCEPTED","I will wait at the hub","","66","2174","2026-10-29T10:15:00.000Z","2026-09-20T11:30:00.000Z"
"1c6183e9-5448-4f4c-b009-f1a5cf828f5f","acf93cf4-9e54-4569-887d-4289bedf6b9c","bf4c6c59-6b96-40c9-9575-8528b27b985c","VIT College","18.4635","73.8682","Shankar Maharaj Math","18.4735","73.8579","1","CANCELLED","","","19","2175","2026-10-29T16:00:00.000Z","2026-09-20T10:30:00.000Z"
"9d0ff44b-c4fc-4725-aa6d-cdd7a1281e86","e8667c4f-2d5f-42ec-8e58-87839a8d1747","b5e29269-7643-45b9-ac7a-a2ccd2b93983","Upper Indira Nagar Bus Depot","18.4682","73.8623","VIT College","18.4635","73.8682","1","ACCEPTED","I will wait at the hub","","22","2176","2026-11-02T01:15:00.000Z","2026-09-21T03:30:00.000Z"
"70cc3bfc-0ef9-4c94-9807-87c9f3b3dca6","dc4f1378-fa9d-491f-989b-2adebf496cbc","0d570a75-885b-4a1d-a33c-3705d1a1e89a","VIT College","18.4635","73.8682","Balaji Nagar BRTS","18.4628","73.8577","1","COMPLETED","I will wait at the hub","","10","2177","2026-11-03T11:00:00.000Z","2026-09-20T13:30:00.000Z"
"478b6aaa-7b59-4184-998f-5e6bdbcca6d0","99f441eb-bb0f-43c9-9137-0a1796ac06ca","91bce675-58bc-4bd2-b962-52dc6f401671","Lower Indira Nagar Stop","18.4718","73.8618","VIT College","18.4635","73.8682","1","ACCEPTED","Please confirm pickup","","25","2178","2026-11-03T14:15:00.000Z","2026-09-20T10:30:00.000Z"
"1f00acc4-dd1e-4e67-9a95-e5927d78c1ae","3ef932f8-9b79-48ff-abbc-2273cdb6085b","edb3c65f-3d50-40e9-9a77-b8be3c596e3d","VIT College","18.4635","73.8682","Shankar Maharaj Math","18.4735","73.8579","1","COMPLETED","","","2","2179","2026-11-02T23:00:00.000Z","2026-09-20T20:30:00.000Z"
"7fb2bbd3-08f0-4ab4-b8b8-498e02660119","7f6f7c81-be98-40f5-aa11-509328ce383f","36032724-576b-47c8-a7f3-a44c9abca1ae","City Pride BRTS","18.4845","73.8583","VIT College","18.4635","73.8682","1","PENDING","","","23","2180","2026-08-08T00:15:00.000Z","2026-09-21T06:30:00.000Z"
"6776c253-d066-4a22-9c69-1c42dc1399af","214b642e-0f38-471f-a2f5-2ef1c70c23dc","d52bd72b-f975-4a9d-a394-ead49b80912b","VIT College","18.4635","73.8682","Katraj Dairy BRTS","18.4508","73.8569","1","CANCELLED","I will wait at the hub","","75","2181","2026-08-07T22:00:00.000Z","2026-09-20T13:30:00.000Z"
"a08398bf-80f4-427d-bc04-af9d5dad7036","892e5adb-bb66-43ba-b497-55611d3ffa6e","2611b03a-dd3f-4f47-9599-e17430f77e92","Panchami BRTS","18.4902","73.8586","VIT College","18.4635","73.8682","1","ACCEPTED","Please confirm pickup","","54","2182","2026-08-08T11:15:00.000Z","2026-09-20T17:30:00.000Z"
"8f090f66-24c7-4389-a9ba-82d2191a2b37","f8b3b161-489a-47e1-97f1-0478054aa733","fe0b23a7-80b0-4776-aec0-0e53d369acc1","VIT College","18.4635","73.8682","Katraj Terminal","18.4471","73.8562","1","REJECTED","","No seats available","71","2183","2026-08-09T22:00:00.000Z","2026-09-20T17:30:00.000Z"
"327f1932-7d64-407b-853e-3feadd2d9e55","ab7c2a2d-d1ea-446d-bdd8-99f2f29b6db6","8db40dff-f7cd-4508-9c85-9ffd35177784","Laxmi Narayan Theatre","18.4965","73.8584","VIT College","18.4635","73.8682","1","REJECTED","I will wait at the hub","No seats available","30","2184","2026-08-10T18:15:00.000Z","2026-09-20T11:30:00.000Z"
"d1b9325c-80eb-4b9d-9ef4-f85987db3cb4","2436d6b5-ff6c-4acd-a0a3-cb8dee6af77e","18da61b6-4b5b-4090-ae04-48fad27b6a3d","VIT College","18.4635","73.8682","Market Yard Corner","18.4792","73.8581","1","REJECTED","","No seats available","6","2185","2026-08-11T01:00:00.000Z","2026-09-20T20:30:00.000Z"
"163bd1cc-19dd-42fc-95b5-a5b80fcdd7be","c9abd69a-95fb-4047-88aa-1a4f0b89e684","5b1a8339-482f-4cfd-adca-c91175dce9e8","Swargate PMPML Main Bus Stand","18.4991","73.8583","VIT College","18.4635","73.8682","1","COMPLETED","","","35","2186","2026-08-13T08:15:00.000Z","2026-09-21T00:30:00.000Z"
"4c666b79-daaa-479d-9840-3b63ac0cdb4d","02a9338d-3033-411e-9890-d4215b1f489e","71828ca0-ebd4-4211-ba24-a16f7159e15d","VIT College","18.4635","73.8682","Upper Indira Nagar Bus Depot","18.4682","73.8623","1","REJECTED","","No seats available","4","2187","2026-08-14T23:00:00.000Z","2026-09-20T15:30:00.000Z"
"0cda66f9-c988-4bd4-852a-c8d4901ae8e9","843d409e-ee28-4db1-8b51-6f0676ff96f8","52467296-cc1a-4959-869c-83e18fa9c89e","Panchami BRTS","18.4902","73.8586","VIT College","18.4635","73.8682","1","REJECTED","Please confirm pickup","No seats available","3","2188","2026-08-15T05:15:00.000Z","2026-09-20T14:30:00.000Z"
"a151f835-b2eb-404f-95ae-92604b7b8c0a","5dd3314d-5acc-49a3-b1f7-a4223ac2c922","53476aa4-9daa-46aa-9332-69d4a4566a3d","VIT College","18.4635","73.8682","Kashinath Patil Nagar Stop","18.4745","73.8631","1","REJECTED","Please confirm pickup","No seats available","17","2189","2026-08-15T23:00:00.000Z","2026-09-20T15:30:00.000Z"
"a4407e6f-4fb1-4664-8c9a-97f136633f32","dab37055-85ba-475d-b0f7-35641b127e7e","219ae89a-62d9-41de-a1e7-1597cd661ca8","Kashinath Patil Nagar Stop","18.4745","73.8631","VIT College","18.4635","73.8682","1","CANCELLED","Please confirm pickup","","11","2190","2026-08-15T15:15:00.000Z","2026-09-21T00:30:00.000Z"
"2a8c8498-55a1-4119-b6bc-e6c7622d5e61","88d1d342-cfe3-469a-b549-4361d99d2379","97169492-6066-4681-a1f9-9a132e78bbd1","VIT College","18.4635","73.8682","Lower Indira Nagar Stop","18.4718","73.8618","1","PENDING","I will wait at the hub","","17","2191","2026-08-18T23:00:00.000Z","2026-09-20T16:30:00.000Z"
"ffd70061-00b6-4169-b7d5-9b4254b55255","03036283-52a2-43ac-8f47-2960e7def183","2e418ffb-eadd-4fa8-bcec-343dbb54e803","Upper Indira Nagar Bus Depot","18.4682","73.8623","VIT College","18.4635","73.8682","1","CANCELLED","","","16","2192","2026-08-19T14:15:00.000Z","2026-09-20T12:30:00.000Z"
"ffaf7d59-efcf-40c0-87b2-14e10554a6bc","ead236c5-2b28-4552-9ef6-7359bc6cebe2","4aeb0ba0-1769-494f-8568-1d022bba57f2","VIT College","18.4635","73.8682","KK Market BRTS","18.4683","73.8579","1","ACCEPTED","","","19","2193","2026-08-20T02:00:00.000Z","2026-09-20T21:30:00.000Z"
"94c6926d-6d3f-4f54-863f-9a8e6bcca845","985b307c-1207-41da-bd03-297623770ad0","67279c91-e351-4505-a0ca-11fce52988a2","Laxmi Narayan Theatre","18.4965","73.8584","VIT College","18.4635","73.8682","1","REJECTED","","No seats available","8","2194","2026-08-19T07:15:00.000Z","2026-09-20T23:30:00.000Z"
"4e99f02f-eb13-465d-b9b5-dae4e90c97f1","e85c32ab-28e2-49d3-b6b5-8164b3e2d9b1","3abf2f35-867e-4d12-a3c6-7fad053953bd","VIT College","18.4635","73.8682","Kashinath Patil Nagar Stop","18.4745","73.8631","1","PENDING","Please confirm pickup","","36","2195","2026-08-23T05:00:00.000Z","2026-09-20T12:30:00.000Z"
"a7c37196-7251-4327-b065-bf9e9d5806f9","c37d81f7-cada-4bb7-96c0-550745d2d5c2","0c83d7c7-d302-4b47-8f0b-a78f47b02764","Kashinath Patil Nagar Stop","18.4745","73.8631","VIT College","18.4635","73.8682","1","ACCEPTED","I will wait at the hub","","70","2196","2026-08-23T05:15:00.000Z","2026-09-21T05:30:00.000Z"
"d65f370f-6e5f-4d0f-b08b-4a35a39faffc","e72019a5-1885-454c-ae6a-1db99599b533","689f14ae-a33d-4e68-bcf5-198a44130c16","VIT College","18.4635","73.8682","Chintamani Nagar","18.4651","73.864","1","COMPLETED","Please confirm pickup","","19","2197","2026-08-23T05:00:00.000Z","2026-09-21T00:30:00.000Z"
"2d5e1fc0-00df-4558-b271-0c01a8f943fd","4129545e-a9da-496b-8833-fe612ba9d51d","6749e4f8-e2cb-4c58-93fc-57494a89bdad","Laxmi Narayan Theatre","18.4965","73.8584","VIT College","18.4635","73.8682","1","REJECTED","","No seats available","33","2198","2026-08-25T01:15:00.000Z","2026-09-20T20:30:00.000Z"
"f995be95-e637-4aae-88b8-33b0638b15f5","851a8b7d-f37d-4d07-9a56-8af7bdfa64a6","c483836d-7edf-44cf-a968-8b0306198075","VIT College","18.4635","73.8682","Balaji Nagar BRTS","18.4628","73.8577","1","COMPLETED","Please confirm pickup","","5","2199","2026-08-25T04:00:00.000Z","2026-09-20T16:30:00.000Z"
"de4456fa-1144-4c2d-9b60-7a69543df1ba","7c840af6-4171-4bcd-bcfb-daf55b13aa67","12ddd1f5-2725-4446-9809-0de923c60573","Kashinath Patil Nagar Stop","18.4745","73.8631","VIT College","18.4635","73.8682","1","REJECTED","","No seats available","4","2200","2026-08-26T12:15:00.000Z","2026-09-20T21:30:00.000Z"
"c80dfb38-109c-4150-9854-dd2beadffac5","0b37b0e9-5d02-4741-96d2-c7256cb5a0c5","8f953396-84b2-41a6-a56b-cbfd7dc18157","VIT College","18.4635","73.8682","Katraj Terminal","18.4471","73.8562","1","REJECTED","Please confirm pickup","No seats available","3","2201","2026-08-27T03:00:00.000Z","2026-09-20T19:30:00.000Z"
"f3b31f1b-06b8-4e57-b846-90e50abe7cb3","b2ad7e38-3eaf-4e1f-bd3a-207f163f0991","cfec5b2a-0d9d-4378-b72b-26a6872f2b3a","Upper Indira Nagar Bus Depot","18.4682","73.8623","VIT College","18.4635","73.8682","1","COMPLETED","","","30","2202","2026-08-29T21:15:00.000Z","2026-09-21T05:30:00.000Z"
"f93a3521-59f5-4089-b7c1-ff2bd8327e26","282d040b-e458-4f43-87ce-6e90e60a984e","1f4600a9-443c-419b-9d1a-685629408e0a","VIT College","18.4635","73.8682","Katraj Terminal","18.4471","73.8562","1","CANCELLED","I will wait at the hub","","14","2203","2026-08-30T04:00:00.000Z","2026-09-20T17:30:00.000Z"
"78e12d86-4150-4fa6-a8b0-52499dfa3522","dfec08f0-d98e-4253-9921-8a8d2f0a104f","f293731d-64c9-4dc8-a30d-f5172ef2ce1e","Market Yard Corner","18.4792","73.8581","VIT College","18.4635","73.8682","1","PENDING","Please confirm pickup","","24","2204","2026-08-30T14:15:00.000Z","2026-09-21T05:30:00.000Z"
"bd69d34e-83b2-4b36-b82d-196d7478e6f2","4793818c-9038-444e-9a31-d8ccf26be3c5","229ca7a7-5513-4f42-9ef4-2390c8285215","VIT College","18.4635","73.8682","Upper Indira Nagar Bus Depot","18.4682","73.8623","1","REJECTED","I will wait at the hub","No seats available","21","2205","2026-09-01T13:00:00.000Z","2026-09-20T16:30:00.000Z"
"c7a827bd-0abc-430f-9059-84c453460ac0","93f7539a-51b9-4ec8-a0d5-6e9b125e2c9d","d10309b4-cd0a-44fb-b502-63090cb23495","Panchami BRTS","18.4902","73.8586","VIT College","18.4635","73.8682","1","REJECTED","","No seats available","56","2206","2026-09-02T02:15:00.000Z","2026-09-21T02:30:00.000Z"
"42fd10a0-53d6-453a-b40d-542d6b85aedc","a779d34a-da11-45ce-b862-8cb194d96518","59fd1ae0-7135-47e3-b51b-37d92557542d","VIT College","18.4635","73.8682","Bharati Vidyapeeth","18.456","73.8574","1","ACCEPTED","Please confirm pickup","","17","2207","2026-09-02T09:00:00.000Z","2026-09-20T12:30:00.000Z"
"f2f10eb3-fe1f-43fc-8d6c-44a1e0db4cd4","630d16a7-18c7-422e-b6ef-712ff998edf2","05e3c6c3-c662-4d71-a22e-2f6abe452e90","Market Yard Corner","18.4792","73.8581","VIT College","18.4635","73.8682","1","PENDING","","","14","2208","2026-09-03T05:15:00.000Z","2026-09-21T06:30:00.000Z"
"6d4f9e28-761d-4ed9-9747-e6a04cfd67df","0760b464-4565-493d-a922-94ca9e91fc6e","fd0ae9bd-2b4a-4bdb-b003-728318b36973","VIT College","18.4635","73.8682","Lower Indira Nagar Stop","18.4718","73.8618","1","ACCEPTED","I will wait at the hub","","16","2209","2026-09-04T17:00:00.000Z","2026-09-20T16:30:00.000Z"
"8aa453f3-b4e7-4a91-bdc3-c5c70d8a2b0c","86d85086-7769-434c-94ed-99cb9e53e17f","3f9fca15-c0f0-4b4b-b617-dfdcac65c8ed","Market Yard Corner","18.4792","73.8581","VIT College","18.4635","73.8682","1","COMPLETED","","","24","2210","2026-09-04T21:15:00.000Z","2026-09-20T10:30:00.000Z"
"214c84e3-748e-4be1-bd59-52a82e037b7d","42d0dc10-3ea3-455f-b23d-3388179c0489","4edeb0bf-7259-4a78-a36d-e652c8861873","VIT College","18.4635","73.8682","Bharati Vidyapeeth","18.456","73.8574","1","REJECTED","","No seats available","30","2211","2026-09-06T13:00:00.000Z","2026-09-21T00:30:00.000Z"
"d9e91558-38d6-4430-9d7d-ca48d53e8c6b","6a6e2627-f884-4cca-8c1d-82b75cc700a8","bffb4bf3-10a3-4ff1-bb55-ffc7725007e9","City Pride BRTS","18.4845","73.8583","VIT College","18.4635","73.8682","1","PENDING","Please confirm pickup","","38","2212","2026-09-08T15:15:00.000Z","2026-09-20T11:30:00.000Z"
"a4a3b891-a3e1-4d29-af43-84ce76e415cf","83792133-906a-4a54-925e-9cf2ffbbd04c","0195616c-ec89-4a4d-8990-b9d0d41435fa","VIT College","18.4635","73.8682","Shankar Maharaj Math","18.4735","73.8579","1","PENDING","","","55","2213","2026-09-09T14:00:00.000Z","2026-09-21T01:30:00.000Z"
"6b71c353-6634-4652-aede-ba110c0529c1","d565f92d-9cc8-45c7-8ae3-6c26ad5485ce","1137a11d-2e66-45ed-b840-8d12e6722bfa","Swargate PMPML Main Bus Stand","18.4991","73.8583","VIT College","18.4635","73.8682","1","REJECTED","","No seats available","12","2214","2026-09-10T08:15:00.000Z","2026-09-20T12:30:00.000Z"
"c8ab3c53-a888-4c96-84e4-424a1cf57e11","32064162-b31e-4d34-8d16-0b054cd4c9f3","8005e16b-eaf8-45be-b4d8-a5fcd5431201","VIT College","18.4635","73.8682","Chintamani Nagar","18.4651","73.864","1","REJECTED","Please confirm pickup","No seats available","3","2215","2026-09-09T21:00:00.000Z","2026-09-21T03:30:00.000Z"
"30977814-4629-4e5d-b0ee-9e326dc6ebaa","1bb0ca9f-7ac2-480a-abe5-64665cad0575","0b95ee62-3f26-4837-bdb3-8120bae0deda","Lower Indira Nagar Stop","18.4718","73.8618","VIT College","18.4635","73.8682","1","REJECTED","I will wait at the hub","No seats available","26","2216","2026-09-12T05:15:00.000Z","2026-09-20T10:30:00.000Z"
"c82f9578-0145-456f-b116-e1cc1c1b76f2","156cd93a-db1d-418b-a796-dc3c5cb50b91","c2483f77-a251-4434-8d94-6a2c53e2d38e","VIT College","18.4635","73.8682","Shankar Maharaj Math","18.4735","73.8579","1","COMPLETED","Please confirm pickup","","66","2217","2026-09-12T07:00:00.000Z","2026-09-21T04:30:00.000Z"
"214c0af0-504d-463d-b105-bc6297334de1","a19cd6f6-71fe-46ad-95dd-c6c8c35314ca","442efbff-6f39-436d-bf7a-2cbb6404a6ed","Laxmi Narayan Theatre","18.4965","73.8584","VIT College","18.4635","73.8682","1","PENDING","Please confirm pickup","","10","2218","2026-09-14T03:15:00.000Z","2026-09-20T10:30:00.000Z"
"081a0b24-7e2e-49b0-88e3-6ac3d18b005e","adea95bf-9fe1-4684-ad59-00188f08489f","687e3195-2599-427f-a4e3-990ead4c2985","VIT College","18.4635","73.8682","Bibwewadi Bus Stop","18.4792","73.8615","1","ACCEPTED","Please confirm pickup","","65","2219","2026-09-14T17:00:00.000Z","2026-09-20T10:30:00.000Z"
"e7644031-936f-4725-b628-8bcfb83bffcb","4c716616-f7ba-45a6-b4d7-12f375280467","04bfe73e-1142-4d3f-8bbf-57dbee041dd2","Kashinath Patil Nagar Stop","18.4745","73.8631","VIT College","18.4635","73.8682","1","ACCEPTED","","","8","2220","2026-09-16T10:15:00.000Z","2026-09-20T16:30:00.000Z"
"e91e4433-64c4-4299-92e9-8a857f0d2539","0dbe9480-abd0-4b2b-8f43-4565b347cd43","856b4feb-c8f1-4731-b41e-d21be114be5d","VIT College","18.4635","73.8682","Kashinath Patil Nagar Stop","18.4745","73.8631","1","PENDING","Please confirm pickup","","23","2221","2026-09-16T02:00:00.000Z","2026-09-20T20:30:00.000Z"
"0bf36c85-ad34-48bb-ac8c-139ad8cc4ad5","9cc2d8f9-1876-4ae4-98af-98018dcd81af","a2cb33f4-0739-4e42-9665-4bae72ebfb2a","Kashinath Patil Nagar Stop","18.4745","73.8631","VIT College","18.4635","73.8682","1","COMPLETED","","","74","2222","2026-09-16T12:15:00.000Z","2026-09-20T22:30:00.000Z"
"ede76733-5626-43ac-87f7-413d6af18ccf","64d96317-728b-4d23-a13f-6ae10f4f1329","e9ac0d57-c267-41a2-84aa-846e6f118304","VIT College","18.4635","73.8682","Lower Indira Nagar Stop","18.4718","73.8618","1","ACCEPTED","Please confirm pickup","","5","2223","2026-09-18T10:00:00.000Z","2026-09-21T02:30:00.000Z"
"f15820ca-52c2-470e-86fd-ea76357e6d8f","315ddd6c-622c-4ebe-a3eb-f9b6ad14e648","fa7fbc07-c93a-4085-a4f5-6f1e0fc83121","Chintamani Nagar","18.4651","73.864","VIT College","18.4635","73.8682","1","ACCEPTED","","","45","2224","2026-09-20T13:15:00.000Z","2026-09-20T17:30:00.000Z"
"26b58e11-42c7-4d5e-8348-ef87b94473a2","7c834078-49c1-4e0a-8841-5baac9295798","40ae73ca-67b2-4b5e-97c1-474a92b2d8d3","VIT College","18.4635","73.8682","Lower Indira Nagar Stop","18.4718","73.8618","1","CANCELLED","Please confirm pickup","","27","2225","2026-09-22T06:00:00.000Z","2026-09-21T03:30:00.000Z"
"e068dfce-3179-45b8-8a41-5595a0063ce9","798cea49-a3f2-47da-a394-f1df78ffd48b","f03cb019-ecb8-42fc-ad8b-4be7116d9966","Swargate PMPML Main Bus Stand","18.4991","73.8583","VIT College","18.4635","73.8682","1","REJECTED","I will wait at the hub","No seats available","11","2226","2026-09-21T19:15:00.000Z","2026-09-20T22:30:00.000Z"
"6dbe0e5e-a1d0-4053-9dc1-3af794dd6247","4234d333-5e7a-4777-a843-8cd872cc0bfc","73c6ef3d-a748-4db3-bd54-68c614823c0d","VIT College","18.4635","73.8682","KK Market BRTS","18.4683","73.8579","1","REJECTED","Please confirm pickup","No seats available","22","2227","2026-09-22T07:00:00.000Z","2026-09-20T23:30:00.000Z"
"301ff92f-d385-480a-97cf-e638edcf460e","a406a9d2-3472-429f-8408-867383a9a8b2","e7cc1cf8-531c-4ba4-ae07-b3b8c7ed12b4","Lower Indira Nagar Stop","18.4718","73.8618","VIT College","18.4635","73.8682","1","PENDING","Please confirm pickup","","43","2228","2026-09-23T15:15:00.000Z","2026-09-20T22:30:00.000Z"
"b198a48a-285e-4bc9-8979-cd71e471586f","7e620c50-e782-40ce-ac1b-b7e8d5025931","2df45663-f8d0-4308-b79d-fd6c1ff852c9","VIT College","18.4635","73.8682","Katraj Dairy BRTS","18.4508","73.8569","1","ACCEPTED","Please confirm pickup","","2","2229","2026-09-23T16:00:00.000Z","2026-09-21T04:30:00.000Z"
"08573a92-4d7b-4704-8da6-4669c5772d93","81918c19-9464-4372-9030-04ffda40efb8","8190565d-9fb1-4428-a386-4bb1b2f4fdee","City Pride BRTS","18.4845","73.8583","VIT College","18.4635","73.8682","1","COMPLETED","Please confirm pickup","","22","2230","2026-09-26T13:15:00.000Z","2026-09-21T06:30:00.000Z"
"fdccb3e6-3a53-4ee7-9f96-bc7902e0de09","754bfc2b-64ca-4525-b5de-492ae2b6d51f","b13dc47d-8a9c-45eb-9dee-0cc214bf6ab4","VIT College","18.4635","73.8682","Bharati Vidyapeeth","18.456","73.8574","1","CANCELLED","I will wait at the hub","","22","2231","2026-09-28T04:00:00.000Z","2026-09-20T22:30:00.000Z"
"08a42d03-2a85-4db6-a7b2-da1248155321","e579d5f0-50ee-4f65-900e-fe3953746e2b","f64e308c-4a0b-433f-bebb-09536f52d5f4","Kashinath Patil Nagar Stop","18.4745","73.8631","VIT College","18.4635","73.8682","1","CANCELLED","I will wait at the hub","","17","2232","2026-09-27T02:15:00.000Z","2026-09-21T00:30:00.000Z"
"eb982f03-aa36-4985-9a0f-2ee7e890291f","fc8084d7-fb94-493e-ad46-839c3772664f","aada7730-4500-49e3-9240-e7ca2f69db98","VIT College","18.4635","73.8682","Balaji Nagar BRTS","18.4628","73.8577","1","COMPLETED","","","68","2233","2026-09-28T23:00:00.000Z","2026-09-20T21:30:00.000Z"
"c5be0348-3204-487a-9b39-ec185f3fd444","baa74fca-c5e2-4b4c-bc70-07c5daf25c80","08cf7a8e-ecd3-4df0-8139-226218b0981a","Panchami BRTS","18.4902","73.8586","VIT College","18.4635","73.8682","1","PENDING","","","52","2234","2026-09-28T04:15:00.000Z","2026-09-21T05:30:00.000Z"
"2d990a68-1b11-4f0c-b002-89686c5e2f68","6313d76a-6e12-474b-b22e-51493289f629","26f04940-3483-4462-a324-84a3c523c941","VIT College","18.4635","73.8682","Bibwewadi Bus Stop","18.4792","73.8615","1","REJECTED","Please confirm pickup","No seats available","29","2235","2026-10-02T11:00:00.000Z","2026-09-20T11:30:00.000Z"
"f53e3042-30cf-4e37-b224-9176e6e1a384","54a4f39a-97cf-453f-a124-b59b4e6629a1","a78816e2-8aae-4e54-8410-968bc321f082","Chintamani Nagar","18.4651","73.864","VIT College","18.4635","73.8682","1","CANCELLED","Please confirm pickup","","20","2236","2026-10-01T17:15:00.000Z","2026-09-21T04:30:00.000Z"
"050c74f7-d634-4e8b-a3b6-7b0b646dc238","5053d06e-fd46-4fda-be75-b06eadee4d35","50ca192e-d3dc-40d0-996b-6eea924c44d8","VIT College","18.4635","73.8682","Katraj Terminal","18.4471","73.8562","1","REJECTED","","No seats available","21","2237","2026-10-01T23:00:00.000Z","2026-09-21T04:30:00.000Z"
"697e0c81-2cc0-4495-9bc6-59ab3b3e672d","a405d83e-943e-4c22-a878-6d593f4ecb07","aa4ac675-15bc-49db-b7fa-84335d28cdc7","Kashinath Patil Nagar Stop","18.4745","73.8631","VIT College","18.4635","73.8682","1","COMPLETED","I will wait at the hub","","27","2238","2026-10-03T17:15:00.000Z","2026-09-20T16:30:00.000Z"
"0fffa7f5-107f-4266-8555-24a47b267657","294c18ad-4603-47a3-b97a-5dd9489da0fc","12e82429-ecad-4a76-bc1b-fddf73c8c117","VIT College","18.4635","73.8682","Balaji Nagar BRTS","18.4628","73.8577","1","REJECTED","Please confirm pickup","No seats available","17","2239","2026-10-04T19:00:00.000Z","2026-09-20T15:30:00.000Z"
"356790d0-931c-4e93-af18-a923847aaac4","534008bb-bb9d-4d43-a19c-55954eca4d94","a7b7dfcb-b36f-4cfc-abf8-afd48e896a75","Market Yard Corner","18.4792","73.8581","VIT College","18.4635","73.8682","1","COMPLETED","","","18","2240","2026-10-04T08:15:00.000Z","2026-09-21T04:30:00.000Z"
"cb63a0c9-f35d-4d6b-a299-b26c2f25f1c3","8ce4f130-c051-4df3-a29d-391d2149aac5","5468079d-9fdf-4eb9-9b29-ed8a7c650d7c","VIT College","18.4635","73.8682","Kashinath Patil Nagar Stop","18.4745","73.8631","1","PENDING","I will wait at the hub","","25","2241","2026-10-05T18:00:00.000Z","2026-09-20T14:30:00.000Z"
"c7b74550-9175-4797-8044-435e8726b9a3","4c74c905-796e-4af0-a90e-10a8fbd87d68","037ed347-fb73-4043-a8e2-c7edc58d6dac","Bibwewadi Bus Stop","18.4792","73.8615","VIT College","18.4635","73.8682","1","REJECTED","I will wait at the hub","No seats available","28","2242","2026-10-08T19:15:00.000Z","2026-09-21T00:30:00.000Z"
"03641271-ba82-4f29-b105-3bb9b4b739f2","26fbe6a5-a5f4-4bc6-a39c-3e9c413b447f","be4d340c-e4ae-41d8-a1a2-337d84d2bfc1","VIT College","18.4635","73.8682","Balaji Nagar BRTS","18.4628","73.8577","1","ACCEPTED","Please confirm pickup","","20","2243","2026-10-07T22:00:00.000Z","2026-09-20T13:30:00.000Z"
"ba64731c-b150-437b-8094-7ee5e06846dd","6fb95ba1-a6fd-4716-ab7a-245bb3d2b8ef","666980bd-8e4f-4f8c-8b8f-e0c3b08af505","Upper Indira Nagar Bus Depot","18.4682","73.8623","VIT College","18.4635","73.8682","1","PENDING","","","17","2244","2026-10-09T19:15:00.000Z","2026-09-20T16:30:00.000Z"
"a579871a-7bff-4279-af83-43a25edf61e2","92f1deee-31f9-435c-92e3-0788db8a5791","fcfaa482-6492-469b-ba42-8abf44531f61","VIT College","18.4635","73.8682","Market Yard Corner","18.4792","73.8581","1","PENDING","I will wait at the hub","","14","2245","2026-10-10T11:00:00.000Z","2026-09-20T17:30:00.000Z"
"67992f66-ebce-46bb-bf96-eacac816d891","c4a2525b-0825-4968-85f6-dff63273b533","be4ef771-c8b1-4464-b4f7-41e3ea277c87","Chintamani Nagar","18.4651","73.864","VIT College","18.4635","73.8682","1","PENDING","I will wait at the hub","","23","2246","2026-10-12T07:15:00.000Z","2026-09-20T20:30:00.000Z"
"e0e2c843-b132-42bb-8203-3801a8080870","e85f858f-3e89-47d7-b09d-2bdd21c63625","9907b9e1-2eaf-4019-b6c3-d17953880b08","VIT College","18.4635","73.8682","Chintamani Nagar","18.4651","73.864","1","REJECTED","","No seats available","13","2247","2026-10-14T10:00:00.000Z","2026-09-21T06:30:00.000Z"
"e515fb65-229c-406c-af1b-b37540f52340","b9d2d5c9-7180-4967-80f3-6fb3fe576965","694401c9-b4fa-4309-b22d-16609d61782c","Lower Indira Nagar Stop","18.4718","73.8618","VIT College","18.4635","73.8682","1","CANCELLED","","","53","2248","2026-10-12T14:15:00.000Z","2026-09-21T00:30:00.000Z"
"c5f8b156-758e-429a-853a-e6ab5718bf70","dc2c56c2-eb8a-4210-8e60-bcede454c7a4","0da0c5dd-c04a-461b-bdd7-3d9daceaa0ff","VIT College","18.4635","73.8682","Bharati Vidyapeeth","18.456","73.8574","1","REJECTED","I will wait at the hub","No seats available","8","2249","2026-10-15T23:00:00.000Z","2026-09-21T03:30:00.000Z"
"34a90c5d-bf2a-458c-99f3-b4e487c65e9e","9d994eef-e6f9-4dbb-b1db-39cf4b47f848","8dcbd23c-4a1c-425e-b9e1-56d690d064a1","Panchami BRTS","18.4902","73.8586","VIT College","18.4635","73.8682","1","ACCEPTED","Please confirm pickup","","23","2250","2026-10-16T08:15:00.000Z","2026-09-20T14:30:00.000Z"
"e59842b9-34a1-435f-b008-3b14c29557c8","af797ae8-5cf3-4024-ab53-aef9bc4e8ec7","d4ebe4da-1cf5-41e9-a052-ad2e992e76f1","VIT College","18.4635","73.8682","Balaji Nagar BRTS","18.4628","73.8577","1","REJECTED","I will wait at the hub","No seats available","25","2251","2026-10-17T16:00:00.000Z","2026-09-20T11:30:00.000Z"
"e7e3a56d-baf2-4e47-8d8e-96aa43415459","5c77f55a-aaf8-4425-862a-2294834228a2","d731dccd-0e69-472d-8310-13e8f5708fe5","Kashinath Patil Nagar Stop","18.4745","73.8631","VIT College","18.4635","73.8682","1","PENDING","","","6","2252","2026-10-17T17:15:00.000Z","2026-09-21T04:30:00.000Z"
"00e03afd-7a77-4529-9202-e2474fb12191","c2c38f5d-0d9e-4585-bac4-525d9033ec76","0c95fe70-a0ca-4d73-8f55-0b0e62001fb9","VIT College","18.4635","73.8682","Bharati Vidyapeeth","18.456","73.8574","1","CANCELLED","I will wait at the hub","","16","2253","2026-10-18T17:00:00.000Z","2026-09-21T06:30:00.000Z"
"33b95043-f260-4d39-bcfd-3d2ef55c2436","3a7eab18-4ccb-4f40-8d3a-92b7140502e0","e1692737-3062-4352-86d9-10ad597efff1","Market Yard Corner","18.4792","73.8581","VIT College","18.4635","73.8682","1","ACCEPTED","I will wait at the hub","","4","2254","2026-10-19T22:15:00.000Z","2026-09-21T01:30:00.000Z"
"1c9bb339-b48e-4b20-83d1-2c55c7e28627","3ce5026b-7ab8-40ba-8766-ef2004cc5179","6fc4cb33-0af8-44b4-af29-e2f5e70c3ca5","VIT College","18.4635","73.8682","Katraj Dairy BRTS","18.4508","73.8569","1","ACCEPTED","Please confirm pickup","","10","2255","2026-10-19T13:00:00.000Z","2026-09-20T16:30:00.000Z"
"9704ac6b-9711-4c9c-8208-b0eb77b78580","8435501f-1d0d-44b9-8f9f-d03a191d583d","8d1d180b-18bc-4087-9270-19ce1583e574","Kashinath Patil Nagar Stop","18.4745","73.8631","VIT College","18.4635","73.8682","1","COMPLETED","","","5","2256","2026-10-22T16:15:00.000Z","2026-09-20T10:30:00.000Z"
"10a404e1-ae29-4167-a63e-ce316c4dcc34","20492f19-9cf0-4a4b-b9f9-0a047f712444","a8d214fd-de07-4ea1-bae5-557d146f9b27","VIT College","18.4635","73.8682","Katraj Dairy BRTS","18.4508","73.8569","1","COMPLETED","","","78","2257","2026-10-23T17:00:00.000Z","2026-09-20T15:30:00.000Z"
"365ee184-cd53-47a7-80fe-438539e4434b","f353b960-f67d-460d-b194-3900c9230d39","fe668d59-83f5-4167-b303-948c22591f60","Laxmi Narayan Theatre","18.4965","73.8584","VIT College","18.4635","73.8682","1","ACCEPTED","","","79","2258","2026-10-24T19:15:00.000Z","2026-09-20T16:30:00.000Z"
"4c8fa763-e5aa-4258-a4d0-3016dacaa7a9","e908adf9-8739-455d-a325-21cdee725a50","4eb4654f-b132-4610-b82a-80fd5aa524c0","VIT College","18.4635","73.8682","Katraj Terminal","18.4471","73.8562","1","PENDING","I will wait at the hub","","21","2259","2026-10-24T06:00:00.000Z","2026-09-20T14:30:00.000Z"
"73f76947-e58b-41e9-98f9-5b4ab0e40b58","885d9b68-9f62-4504-b320-cd39df00b196","4ca5fb96-60cc-461f-9950-c00386ae3d0d","Market Yard Corner","18.4792","73.8581","VIT College","18.4635","73.8682","1","REJECTED","","No seats available","38","2260","2026-10-26T01:15:00.000Z","2026-09-21T03:30:00.000Z"
"fc48d76b-036f-4416-9804-7e08d92d170b","2882f12e-3f35-4b3b-ad04-f163fe5380b7","f6bd0cb8-14b6-4983-84a7-6090b75c1bf2","VIT College","18.4635","73.8682","Kashinath Patil Nagar Stop","18.4745","73.8631","1","CANCELLED","I will wait at the hub","","64","2261","2026-10-26T03:00:00.000Z","2026-09-20T14:30:00.000Z"
"241a8f77-5087-44ed-8c49-f32b5cd0e3bf","3a23c523-f2fb-4842-a328-7d147d8d9ca2","89d25526-5e75-4c71-a504-7c0e208f52ae","Chintamani Nagar","18.4651","73.864","VIT College","18.4635","73.8682","1","CANCELLED","Please confirm pickup","","33","2262","2026-10-26T08:15:00.000Z","2026-09-21T05:30:00.000Z"
"a77d0740-05a5-4f85-9692-780285f44fad","f82dfe7d-38e0-4ebc-acc5-6d7288963e93","8bcc5330-6b50-4950-bdbf-e5f3a9b775ee","VIT College","18.4635","73.8682","Upper Indira Nagar Bus Depot","18.4682","73.8623","1","REJECTED","I will wait at the hub","No seats available","15","2263","2026-10-29T05:00:00.000Z","2026-09-20T11:30:00.000Z"
"fadb3a56-3d72-4f52-bca3-7d26357d5083","88007d2e-42ba-4e61-9e3a-f9f344086c3a","1cb6adeb-9163-4fbb-b53f-65f5505df0b2","Swargate PMPML Main Bus Stand","18.4991","73.8583","VIT College","18.4635","73.8682","1","COMPLETED","Please confirm pickup","","7","2264","2026-10-30T08:15:00.000Z","2026-09-21T02:30:00.000Z"
"0820b30c-5da6-4350-9b8f-f6231cecb99a","2b488433-1028-4b11-ae93-c76b4784ee5a","fa0d30d3-0506-4b72-a9d6-ba7158bfd0a0","VIT College","18.4635","73.8682","Katraj Terminal","18.4471","73.8562","1","REJECTED","","No seats available","0","2265","2026-11-01T06:00:00.000Z","2026-09-20T10:30:00.000Z"
"aa0b00fb-5c01-4124-8137-507be99e658c","a0a52b3c-f29e-4edc-8ade-c6a73ea4d624","a68aae4c-c9bd-4227-aac3-87e0cce8704c","Bibwewadi Bus Stop","18.4792","73.8615","VIT College","18.4635","73.8682","1","PENDING","","","65","2266","2026-10-31T06:15:00.000Z","2026-09-20T17:30:00.000Z"
"5f2ae732-a97a-4030-ac53-ad16ed549118","3305a0cb-6348-4dfd-a984-9180665c5bad","d774693a-f4b2-48d7-9848-a02f48110bad","VIT College","18.4635","73.8682","Katraj Dairy BRTS","18.4508","73.8569","1","PENDING","Please confirm pickup","","54","2267","2026-11-02T17:00:00.000Z","2026-09-20T16:30:00.000Z"
"099c7bfe-4c26-456f-acff-34f6381273c3","73b567d9-c873-4524-86d9-de9cad1f211c","f7a3a9b0-d919-4111-a000-2b91381aa324","Bibwewadi Bus Stop","18.4792","73.8615","VIT College","18.4635","73.8682","1","COMPLETED","Please confirm pickup","","25","2268","2026-11-01T23:15:00.000Z","2026-09-20T16:30:00.000Z"
"eab2ba63-c4ad-4da0-87fd-4cc12c15e022","14e8bb6c-b0b8-466e-b65f-13c23ea52937","5c96563c-848e-485c-acbe-fea45d06506b","VIT College","18.4635","73.8682","Bibwewadi Bus Stop","18.4792","73.8615","1","PENDING","Please confirm pickup","","11","2269","2026-11-04T04:00:00.000Z","2026-09-20T16:30:00.000Z"
"58f234c0-4a9b-4e8a-9e73-6003a47f1919","4e6c4d4d-4bd5-4eb8-856e-04ee3c8512da","dabcd5c1-0261-4275-a50f-86ba21a7fb38","Lower Indira Nagar Stop","18.4718","73.8618","VIT College","18.4635","73.8682","1","CANCELLED","I will wait at the hub","","6","2270","2026-08-07T12:15:00.000Z","2026-09-20T18:30:00.000Z"
"93e60785-7da6-45ca-9e84-72d2c59088a1","777d2dd9-907d-4036-9bf8-794e94c6b55d","5d37ae3a-9fca-401b-81cc-2761fb12b96e","VIT College","18.4635","73.8682","Shankar Maharaj Math","18.4735","73.8579","1","CANCELLED","","","70","2271","2026-08-06T20:00:00.000Z","2026-09-20T18:30:00.000Z"
"ddfeaaee-dd08-49c8-bc59-07873a6981f3","082a036b-5dff-41ff-97d7-2c4c01385db0","c6e7cd17-8a26-4b21-bcff-24bc73443535","City Pride BRTS","18.4845","73.8583","VIT College","18.4635","73.8682","1","REJECTED","","No seats available","29","2272","2026-08-08T21:15:00.000Z","2026-09-21T05:30:00.000Z"
"d0b28287-69dd-43b9-b074-b0918d8b36d6","62a2a1ea-fd3d-4a56-af2d-8a4b5cc2f660","181765e4-8d59-4d44-860f-b05bf3bda2f4","VIT College","18.4635","73.8682","Bharati Vidyapeeth","18.456","73.8574","1","COMPLETED","","","67","2273","2026-08-09T17:00:00.000Z","2026-09-20T22:30:00.000Z"
"6be32486-f56d-431b-b93e-1c4b35862049","1947e8c9-ff88-4af2-b502-e17983fea62d","e967b8e3-6e99-4788-bb76-597c964a0c6a","Swargate BRTS Stop","18.4982","73.8588","VIT College","18.4635","73.8682","1","REJECTED","Please confirm pickup","No seats available","12","2274","2026-08-12T01:15:00.000Z","2026-09-20T14:30:00.000Z"
"013e22d5-2801-417c-8c0a-2b80d934d84b","aa73ed93-d74c-4151-8d2e-53a9a8b20405","ef122acc-af59-49f1-86de-5dc9fd3e25e3","VIT College","18.4635","73.8682","Shankar Maharaj Math","18.4735","73.8579","1","CANCELLED","Please confirm pickup","","30","2275","2026-08-12T09:00:00.000Z","2026-09-20T18:30:00.000Z"
"1fbd0941-e15e-4fae-b217-13134729a38f","07cb54f9-402e-439c-ba9b-69a50f85b1ef","e774b584-0014-4dc8-bc95-1bb5f69d20a3","Chintamani Nagar","18.4651","73.864","VIT College","18.4635","73.8682","1","REJECTED","I will wait at the hub","No seats available","27","2276","2026-08-11T11:15:00.000Z","2026-09-20T21:30:00.000Z"
"f0239765-04ab-468b-83f4-8706bf5d414d","e692f83e-6602-4c3b-a3db-621f127f10f1","dbaeea46-2585-4546-82df-3945b9be2cbd","VIT College","18.4635","73.8682","Lower Indira Nagar Stop","18.4718","73.8618","1","CANCELLED","Please confirm pickup","","56","2277","2026-08-13T04:00:00.000Z","2026-09-20T16:30:00.000Z"
"5d888280-c9f9-49e8-80a1-4753554ebdb3","64113ad8-c1b9-410f-9e05-efd756ba2ffc","2b4fe7a0-6432-4448-993d-7b559d10ec1a","Market Yard Corner","18.4792","73.8581","VIT College","18.4635","73.8682","1","CANCELLED","","","6","2278","2026-08-13T15:15:00.000Z","2026-09-20T13:30:00.000Z"
"459c3d90-81f6-4d24-9372-cdbd3817c812","e7032ada-8a95-4784-82c5-56fc02ed54f9","2e717694-7d6b-49e8-baf4-53cf8f4fbac3","VIT College","18.4635","73.8682","Kashinath Patil Nagar Stop","18.4745","73.8631","1","COMPLETED","I will wait at the hub","","25","2279","2026-08-16T10:00:00.000Z","2026-09-21T02:30:00.000Z"
"6957b38d-3a76-46fa-b047-f03b7505971c","a67cb91a-08d8-4bd2-9481-d3c540607fc0","9c7182f6-1906-4c8c-b228-eca6a245931d","Chintamani Nagar","18.4651","73.864","VIT College","18.4635","73.8682","1","PENDING","I will wait at the hub","","13","2280","2026-08-16T08:15:00.000Z","2026-09-20T20:30:00.000Z"
"d473bb88-d068-43cf-bbeb-064fc4743a0c","8c621c96-730c-4739-bdf6-5be6a4b9b611","03b1388a-04d6-4ee8-b7ee-b8541ca330f1","VIT College","18.4635","73.8682","Market Yard Corner","18.4792","73.8581","1","PENDING","I will wait at the hub","","80","2281","2026-08-17T03:00:00.000Z","2026-09-20T12:30:00.000Z"
"d199b5f8-8819-4577-96d3-d64a0ffef519","1a4e863f-c031-4524-bb27-2963abd60f5a","82251b7c-39c1-4612-9777-0028617b08fc","Chintamani Nagar","18.4651","73.864","VIT College","18.4635","73.8682","1","COMPLETED","Please confirm pickup","","20","2282","2026-08-17T17:15:00.000Z","2026-09-20T18:30:00.000Z"
"3cd93b61-a352-4fe8-9233-4183346c9d06","0ce13de0-220c-4e27-836d-2f6fe71d9845","90fbd646-a8a0-4f77-af4f-4746feda3a10","VIT College","18.4635","73.8682","Upper Indira Nagar Bus Depot","18.4682","73.8623","1","CANCELLED","I will wait at the hub","","28","2283","2026-08-21T05:00:00.000Z","2026-09-21T03:30:00.000Z"
"f618f859-c404-43ac-a947-ac761087528e","6ad9dd1f-a784-4ac0-a90b-9344e16aa0ef","3cba72c9-ac53-4442-8d16-3fa4f75f696d","Swargate BRTS Stop","18.4982","73.8588","VIT College","18.4635","73.8682","1","PENDING","","","3","2284","2026-08-19T04:15:00.000Z","2026-09-21T04:30:00.000Z"
"3f07f1ef-f90f-4b52-b299-29fd7368ca86","1356c62d-7cd1-4bf7-b4d8-9c54a1d3abad","dbffce9e-93ca-460b-a2e6-fec327ae8a6e","VIT College","18.4635","73.8682","Katraj Terminal","18.4471","73.8562","1","COMPLETED","Please confirm pickup","","2","2285","2026-08-23T10:00:00.000Z","2026-09-21T06:30:00.000Z"
"8c509d6a-9ff1-4184-9bb1-3af361f99669","d5596f61-fb1d-4690-b26e-861d6f0a258f","6767d864-c164-421c-8b90-0f29abc5af41","Chintamani Nagar","18.4651","73.864","VIT College","18.4635","73.8682","1","PENDING","I will wait at the hub","","25","2286","2026-08-22T03:15:00.000Z","2026-09-21T00:30:00.000Z"
"6a72e49d-9e91-4ff7-803f-6766075eb8f2","925257e1-2ca6-4281-948d-3104b0b4425b","b8ece9b4-d515-405a-952d-1ccdc242c410","VIT College","18.4635","73.8682","Lower Indira Nagar Stop","18.4718","73.8618","1","COMPLETED","","","29","2287","2026-08-24T05:00:00.000Z","2026-09-21T04:30:00.000Z"
"179d5169-d5da-428d-97a4-28eb197bef94","fe0ff35c-e4d8-43eb-bb66-8adef99679f5","e443e68b-7cb4-4260-8ec6-64c485de79d5","Kashinath Patil Nagar Stop","18.4745","73.8631","VIT College","18.4635","73.8682","1","CANCELLED","","","23","2288","2026-08-24T11:15:00.000Z","2026-09-20T21:30:00.000Z"
"d26b9c5e-0439-4bb0-8551-f2cb02e7a337","6f8f22e3-a3d5-4b96-a2c2-2971f613d884","ed6b366d-9f31-4216-84e6-747030d98fda","VIT College","18.4635","73.8682","Chintamani Nagar","18.4651","73.864","1","CANCELLED","","","38","2289","2026-08-25T15:00:00.000Z","2026-09-20T21:30:00.000Z"
"e81536c1-6722-425b-b527-40631b08cd1c","b6423514-73e1-4c71-9429-9bd1c2b0b703","b049f74f-7dd1-454b-91ad-b27eeaeed095","Bibwewadi Bus Stop","18.4792","73.8615","VIT College","18.4635","73.8682","1","COMPLETED","","","6","2290","2026-08-26T00:15:00.000Z","2026-09-21T05:30:00.000Z"
"c27524e5-20d4-49f1-86ff-b1239d922042","23389bf4-6bd0-4c6b-a0a6-8c5a5893aea4","bfe5c77b-945d-47a5-81f7-7ae8e1ff5d5b","VIT College","18.4635","73.8682","Bibwewadi Bus Stop","18.4792","73.8615","1","COMPLETED","I will wait at the hub","","19","2291","2026-08-26T13:00:00.000Z","2026-09-20T15:30:00.000Z"
"8e71890c-d302-4f16-9cec-d6042d59eb8f","d5de26f2-8389-44c1-a190-3f405251c404","c283b8d4-e85f-4f55-a686-461ce166d95c","Upper Indira Nagar Bus Depot","18.4682","73.8623","VIT College","18.4635","73.8682","1","COMPLETED","I will wait at the hub","","11","2292","2026-08-27T10:15:00.000Z","2026-09-20T21:30:00.000Z"
"93ae46fd-5d04-40bb-9a93-6b60e95522ed","a2df8bae-b220-43a5-90b8-2522bc66f739","aba3000b-d3fe-45b0-93f8-1eb12fe76121","VIT College","18.4635","73.8682","Chintamani Nagar","18.4651","73.864","1","COMPLETED","Please confirm pickup","","1","2293","2026-08-30T05:00:00.000Z","2026-09-20T11:30:00.000Z"
"111fe5f7-b6a4-4ce0-b078-b9b0f3396e89","77ace4c3-e753-4f9e-a70e-81645ffd8890","fbade199-d957-41f1-9c4b-bef677c6f400","Bibwewadi Bus Stop","18.4792","73.8615","VIT College","18.4635","73.8682","1","CANCELLED","I will wait at the hub","","32","2294","2026-08-29T13:15:00.000Z","2026-09-20T10:30:00.000Z"
"5262592b-c3cd-46d0-9b1b-fa61d0a73b71","80c8daa3-c3ab-448f-8b97-7d9be6874353","ac0cf495-0f8e-40d8-b476-4ac4d53bdc5b","VIT College","18.4635","73.8682","Lower Indira Nagar Stop","18.4718","73.8618","1","CANCELLED","","","27","2295","2026-09-02T03:00:00.000Z","2026-09-21T01:30:00.000Z"
"c6e5ce54-2066-449b-a2ac-a8b8bda0b6a5","e7435db3-63b3-4fba-a0ed-be3066168d9f","bbd2b08c-34a8-4439-a7fa-b253b6a9fe04","Swargate BRTS Stop","18.4982","73.8588","VIT College","18.4635","73.8682","1","PENDING","Please confirm pickup","","49","2296","2026-08-31T18:15:00.000Z","2026-09-20T13:30:00.000Z"
"e6d91de4-0579-445c-babb-5a1a8d462981","1692bbe8-0371-4f8b-95b0-433c7915274f","9c9999da-6c7c-4b0f-ba28-7f852899325d","VIT College","18.4635","73.8682","Kashinath Patil Nagar Stop","18.4745","73.8631","1","PENDING","I will wait at the hub","","35","2297","2026-09-04T03:00:00.000Z","2026-09-21T01:30:00.000Z"
"acf044f3-d76b-4bb4-82c1-65c929843453","083c0a94-bab3-4647-9069-9fee74ab732b","856fb0bc-3ae4-454f-9f56-312a33995404","Swargate BRTS Stop","18.4982","73.8588","VIT College","18.4635","73.8682","1","ACCEPTED","","","15","2298","2026-09-02T20:15:00.000Z","2026-09-20T16:30:00.000Z"
"8b2d193d-2292-4e24-bbd5-746935872801","4069fcd3-a0ed-4717-a44e-5fe45894ac1a","f7676189-9518-498b-a982-6c245aff61a1","VIT College","18.4635","73.8682","Bharati Vidyapeeth","18.456","73.8574","1","PENDING","","","30","2299","2026-09-06T04:00:00.000Z","2026-09-20T21:30:00.000Z"
"8884cb66-31f4-480c-aee0-d91de4984f07","68cc07d1-b0a5-4160-b161-3ebe9ae829b4","03dfc805-e814-4e5f-a637-8a041faf9ad7","Swargate BRTS Stop","18.4982","73.8588","VIT College","18.4635","73.8682","1","CANCELLED","Please confirm pickup","","5","2300","2026-09-06T08:15:00.000Z","2026-09-20T11:30:00.000Z"
"42a53dfb-b6c6-45c6-b4d9-27c43e20aa19","7f608994-54fa-49cd-ad44-ba63a9b8f945","508e57b4-544e-4392-bbd1-17b3a4e613c3","VIT College","18.4635","73.8682","Kashinath Patil Nagar Stop","18.4745","73.8631","1","COMPLETED","Please confirm pickup","","30","2301","2026-09-07T18:00:00.000Z","2026-09-21T05:30:00.000Z"
"c5ca9045-b8f6-45fb-b17d-37e5a7b36a37","71ecd16c-73ec-46bc-9ff5-28862574cbe0","81213212-6e43-4b70-96e8-51e59fb5e735","Lower Indira Nagar Stop","18.4718","73.8618","VIT College","18.4635","73.8682","1","REJECTED","I will wait at the hub","No seats available","17","2302","2026-09-06T16:15:00.000Z","2026-09-21T00:30:00.000Z"
"a251dde5-7dab-4041-8279-2c412929b079","6987b167-7709-46d8-b12b-b7ee6d98235b","5118be9b-6811-4a52-9a62-a0ced3f60e27","VIT College","18.4635","73.8682","Lower Indira Nagar Stop","18.4718","73.8618","1","ACCEPTED","","","24","2303","2026-09-10T08:00:00.000Z","2026-09-20T23:30:00.000Z"
"6c613f3f-f8a5-46c1-8356-62fd5cd2e402","02364f96-9af8-47cb-83df-f07d5045526f","17983e48-5904-4312-9f6c-9d6f749c8539","Lower Indira Nagar Stop","18.4718","73.8618","VIT College","18.4635","73.8682","1","REJECTED","Please confirm pickup","No seats available","21","2304","2026-09-09T07:15:00.000Z","2026-09-20T21:30:00.000Z"
"96ab2e18-9bc8-4eab-b647-03d6652dda13","7a356257-b76e-4261-a3ee-d3a7d1782078","669af901-6937-4b2d-a11b-46de7e09eced","VIT College","18.4635","73.8682","Upper Indira Nagar Bus Depot","18.4682","73.8623","1","ACCEPTED","I will wait at the hub","","21","2305","2026-09-11T15:00:00.000Z","2026-09-20T15:30:00.000Z"
"023c043e-8605-445b-ac3d-99b02349a0c6","f266d8db-f4f8-493b-9dc6-a27deba9e0eb","08c75e3d-df80-427a-b942-864b9136eb2a","City Pride BRTS","18.4845","73.8583","VIT College","18.4635","73.8682","1","ACCEPTED","","","10","2306","2026-09-12T09:15:00.000Z","2026-09-21T00:30:00.000Z"
"078bc409-b15c-466b-94c4-9f186aef65d9","58d3c330-aa1f-4a79-92e6-38a7f94481f8","8583b128-6eef-4c56-a566-5dc44a8d0a70","VIT College","18.4635","73.8682","Kashinath Patil Nagar Stop","18.4745","73.8631","1","ACCEPTED","","","29","2307","2026-09-14T08:00:00.000Z","2026-09-21T05:30:00.000Z"
"95f417f8-b9c5-4dcd-8283-af722b0e2dc1","60c4d276-ee79-4edf-bcdd-fdc356d37b8f","f2ff9e67-5a69-4146-a543-f1fed27fb87a","Upper Indira Nagar Bus Depot","18.4682","73.8623","VIT College","18.4635","73.8682","1","REJECTED","I will wait at the hub","No seats available","12","2308","2026-09-13T14:15:00.000Z","2026-09-21T01:30:00.000Z"
"7680aac4-b33d-457e-8a37-deb555be15ba","f4c827fd-4aaa-4675-9e5a-07fcfe74bca1","f34b84c7-eb95-4dff-958a-ef69c608f272","VIT College","18.4635","73.8682","KK Market BRTS","18.4683","73.8579","1","ACCEPTED","Please confirm pickup","","29","2309","2026-09-14T06:00:00.000Z","2026-09-21T03:30:00.000Z"
"02444253-2fd8-4726-92cd-9d300e2de277","46fe3db0-a3ea-47af-b853-382e4b9795c6","c4608e10-532e-42df-b9ca-6399d157bc77","City Pride BRTS","18.4845","73.8583","VIT College","18.4635","73.8682","1","PENDING","","","65","2310","2026-09-16T13:15:00.000Z","2026-09-21T03:30:00.000Z"
"d51b2b72-804d-4a37-a850-699e2ffc096c","06c84b3c-865a-458d-b963-35b8b8e145b7","a53ad219-be12-4a6b-9852-64dfe8aa6236","VIT College","18.4635","73.8682","KK Market BRTS","18.4683","73.8579","1","REJECTED","","No seats available","12","2311","2026-09-17T16:00:00.000Z","2026-09-20T16:30:00.000Z"
"0c8e1caf-b2b9-4996-b6ea-0366f697d1cb","b56f8db3-a5ea-4a98-8fd2-6eae9e7c7a64","30e63cfd-4d4a-41f2-9c08-fe7bb0c7d4b0","Kashinath Patil Nagar Stop","18.4745","73.8631","VIT College","18.4635","73.8682","1","REJECTED","I will wait at the hub","No seats available","21","2312","2026-09-18T23:15:00.000Z","2026-09-21T03:30:00.000Z"
"2cb817aa-6fa9-44fe-a557-6ee76ab6dd09","140474d4-92ac-41bc-ae19-6fb4cc891c2f","61caa1f5-7dee-45a4-964a-8e5ed8b6a158","VIT College","18.4635","73.8682","Lower Indira Nagar Stop","18.4718","73.8618","1","PENDING","","","20","2313","2026-09-19T23:00:00.000Z","2026-09-20T19:30:00.000Z"
"d55772e6-19f3-4537-b6a6-920fcec98680","80791095-ce9c-4a9e-8e12-08e482c12297","be9c6ca4-6ee9-481b-8039-dcc0a742224e","Kashinath Patil Nagar Stop","18.4745","73.8631","VIT College","18.4635","73.8682","1","COMPLETED","","","16","2314","2026-09-18T23:15:00.000Z","2026-09-21T00:30:00.000Z"
"6532bd61-f941-4964-bb06-ea2edc6b8dc9","9157f9dd-1e77-4590-9528-19f14d6dee73","fbd59ae5-86aa-4b7c-b82b-b7c0b9d357a3","VIT College","18.4635","73.8682","KK Market BRTS","18.4683","73.8579","1","ACCEPTED","","","71","2315","2026-09-19T17:00:00.000Z","2026-09-21T05:30:00.000Z"
"01f7fabf-556c-4cd2-8ff1-f297ecdc2829","5ba5f76c-fa67-48f4-89ed-6861d02e466c","228adcc3-430e-4eba-ba35-403a9eae4ae6","Swargate BRTS Stop","18.4982","73.8588","VIT College","18.4635","73.8682","1","COMPLETED","Please confirm pickup","","26","2316","2026-09-20T17:15:00.000Z","2026-09-20T12:30:00.000Z"
"6adebd6f-3946-4d0e-930e-c18555d3608a","8180a3b0-aae4-4caf-bdfb-e0995738cee7","db21b52b-86e1-49c0-82fe-f5d33db4323f","VIT College","18.4635","73.8682","Chintamani Nagar","18.4651","73.864","1","CANCELLED","Please confirm pickup","","20","2317","2026-09-23T19:00:00.000Z","2026-09-21T02:30:00.000Z"
"fe2d007c-2cb1-4e48-8863-bd8cc1e95492","e7c7fac0-f7a5-499b-b364-4d432538e656","a1ef1ce8-9cb0-499a-bca0-636d395b8e27","Kashinath Patil Nagar Stop","18.4745","73.8631","VIT College","18.4635","73.8682","1","PENDING","I will wait at the hub","","80","2318","2026-09-22T08:15:00.000Z","2026-09-20T13:30:00.000Z"
"d6338c9a-1997-45e6-8f39-1cd2753928da","40d408d2-a75b-437a-b0eb-c0763539e0d8","5bed2f04-01f9-4e95-995a-1a0c306ae9c3","VIT College","18.4635","73.8682","Katraj Terminal","18.4471","73.8562","1","ACCEPTED","I will wait at the hub","","22","2319","2026-09-25T06:00:00.000Z","2026-09-20T21:30:00.000Z"
"c73b9a98-beb1-4129-a689-1ba382a426aa","17bbd8d2-9f98-4560-84a0-cd720c21c507","b351304c-33e4-4dfa-bbfe-0e46f5cda915","Swargate PMPML Main Bus Stand","18.4991","73.8583","VIT College","18.4635","73.8682","1","COMPLETED","","","42","2320","2026-09-24T09:15:00.000Z","2026-09-20T16:30:00.000Z"
"e944c16e-78b5-4d87-95a7-8b26d0917c09","b7c5c67f-b349-4ca1-90e1-f85f51629ab9","f69ef11d-7551-4545-967a-f045a72ebb93","VIT College","18.4635","73.8682","Lower Indira Nagar Stop","18.4718","73.8618","1","ACCEPTED","I will wait at the hub","","14","2321","2026-09-26T02:00:00.000Z","2026-09-20T21:30:00.000Z"
"b53c05bf-aac6-4129-b2a4-1ba1db800f71","a14352a7-dd09-485a-93f4-cc9ed1f83047","76b965ae-22a7-4a52-a8af-e41b3fbabb12","Market Yard Corner","18.4792","73.8581","VIT College","18.4635","73.8682","1","PENDING","","","27","2322","2026-09-26T03:15:00.000Z","2026-09-20T21:30:00.000Z"
"49f0cf3b-efe3-477e-9d89-b67dca9c2d24","3b3e2f78-4eb4-42f0-bf47-8f5fe96cff72","47fb716c-faad-411e-a3e5-d13e542643c1","VIT College","18.4635","73.8682","Katraj Dairy BRTS","18.4508","73.8569","1","PENDING","Please confirm pickup","","46","2323","2026-09-29T12:00:00.000Z","2026-09-20T17:30:00.000Z"
"2ed4576a-50e8-443f-9672-31db3c9f80f7","26e698f3-a297-4a6d-831d-1054ef5fbe8e","4c3a0823-a2f6-449e-a285-51b92ef1ef89","Market Yard Corner","18.4792","73.8581","VIT College","18.4635","73.8682","1","REJECTED","Please confirm pickup","No seats available","3","2324","2026-09-30T19:15:00.000Z","2026-09-21T00:30:00.000Z"
"a1a0c24b-77c6-41dd-8fb6-d34ff3099a57","721903fb-06fd-4816-8fe4-1410457eef3c","6d4eadbe-2e7e-4907-9dac-2e7ca825fe4f","VIT College","18.4635","73.8682","Lower Indira Nagar Stop","18.4718","73.8618","1","REJECTED","","No seats available","23","2325","2026-10-02T11:00:00.000Z","2026-09-20T23:30:00.000Z"
"2c3adb13-6f7d-4214-875a-59244478f58a","a2135296-612a-4c7e-b11d-c34a3d788adb","cdec7465-1f6a-4948-bdff-48b43a5e174c","Chintamani Nagar","18.4651","73.864","VIT College","18.4635","73.8682","1","COMPLETED","","","11","2326","2026-10-02T10:15:00.000Z","2026-09-21T04:30:00.000Z"
"3b0bb1c3-dbaa-4a6f-8864-68ce43145ef8","d82fb1b7-633b-492e-a897-fb6a329c723f","287a280f-3e96-473f-a98b-7fea3a6ff244","VIT College","18.4635","73.8682","Market Yard Corner","18.4792","73.8581","1","COMPLETED","I will wait at the hub","","47","2327","2026-10-02T17:00:00.000Z","2026-09-20T22:30:00.000Z"
"9990572a-c269-4feb-8c21-f9ce985d2951","d496eed9-0f73-4a18-b29c-43436e627d88","cb3f3ef2-5ef7-449a-8f63-2d283dcb08cf","Bibwewadi Bus Stop","18.4792","73.8615","VIT College","18.4635","73.8682","1","CANCELLED","Please confirm pickup","","51","2328","2026-10-02T18:15:00.000Z","2026-09-20T15:30:00.000Z"
"5ebeb14f-42ca-4129-b3e6-110685761c71","608a1b41-f4f4-4ffa-b129-e9c87a3b0578","b407e420-bc95-44d7-9048-179efe644dba","VIT College","18.4635","73.8682","Bharati Vidyapeeth","18.456","73.8574","1","COMPLETED","Please confirm pickup","","38","2329","2026-10-05T17:00:00.000Z","2026-09-20T19:30:00.000Z"
"3ea37889-fa2f-4c21-95ff-3e9873b63c8b","a3d7f628-948b-4ed8-b220-4933b8bc251d","22cd2c32-c447-4e38-8e94-504aa1dee620","Lower Indira Nagar Stop","18.4718","73.8618","VIT College","18.4635","73.8682","1","PENDING","Please confirm pickup","","24","2330","2026-10-06T16:15:00.000Z","2026-09-21T06:30:00.000Z"
"23acbfcb-6e91-45e6-b331-037365bdeae0","9105cdb4-1781-44d8-8505-ddf60de543ff","8a8524b8-3506-433a-9249-833aa24fb089","VIT College","18.4635","73.8682","Katraj Terminal","18.4471","73.8562","1","PENDING","","","3","2331","2026-10-07T06:00:00.000Z","2026-09-20T17:30:00.000Z"
"820202ea-2862-439e-b0db-afa9cd83df27","38b44d57-b7d1-4977-b3a5-8c22e66d679a","86105958-87be-4dcd-b670-bf501ca8dcdd","Swargate PMPML Main Bus Stand","18.4991","73.8583","VIT College","18.4635","73.8682","1","PENDING","","","55","2332","2026-10-08T18:15:00.000Z","2026-09-20T10:30:00.000Z"
"378e9f66-c94c-4f63-a8af-4de76400df68","233e3fe2-c2d8-4e69-b6e1-8863bf84ea51","6f3fcde3-7927-4673-8e83-5d19997e04eb","VIT College","18.4635","73.8682","Kashinath Patil Nagar Stop","18.4745","73.8631","1","CANCELLED","Please confirm pickup","","26","2333","2026-10-09T08:00:00.000Z","2026-09-21T06:30:00.000Z"
"f9737631-270d-493e-82a5-9915eb048e48","ce558404-d67a-4366-8a39-c7d343a60edb","3934e51d-f7fc-439d-a64b-1e11c068f9b5","Swargate BRTS Stop","18.4982","73.8588","VIT College","18.4635","73.8682","1","CANCELLED","I will wait at the hub","","24","2334","2026-10-09T11:15:00.000Z","2026-09-21T01:30:00.000Z"
"67161027-b44d-445f-9bcb-00fa903b66c8","64248799-ea70-49df-9f1b-105a25fe31be","fac65e5b-f1a5-4896-b38a-74849ccdc168","VIT College","18.4635","73.8682","KK Market BRTS","18.4683","73.8579","1","COMPLETED","Please confirm pickup","","25","2335","2026-10-11T04:00:00.000Z","2026-09-21T06:30:00.000Z"
"b9889e13-888e-4e4f-b34f-6642f6691c19","7b87c305-59f3-4fd8-a861-c8ab5ded409e","29b6b79c-7351-4ba6-a9ad-66967f535c3c","Swargate PMPML Main Bus Stand","18.4991","73.8583","VIT College","18.4635","73.8682","1","CANCELLED","Please confirm pickup","","47","2336","2026-10-13T01:15:00.000Z","2026-09-20T11:30:00.000Z"
"064ca6d2-f70b-4362-8a37-891d3c09b160","746b8ee1-8873-421c-baa5-10176fa1cfb9","5b47c5b4-ec85-43dd-9c75-f074a7d568d2","VIT College","18.4635","73.8682","Lower Indira Nagar Stop","18.4718","73.8618","1","CANCELLED","I will wait at the hub","","2","2337","2026-10-12T15:00:00.000Z","2026-09-21T06:30:00.000Z"
"4eaccfea-208e-419a-b9d6-01230708049f","06663373-1e24-4ffb-ba01-aa810fb5c054","edf92a9c-96cf-4fe7-b02c-abdaad634737","Upper Indira Nagar Bus Depot","18.4682","73.8623","VIT College","18.4635","73.8682","1","REJECTED","","No seats available","17","2338","2026-10-13T12:15:00.000Z","2026-09-20T15:30:00.000Z"
"f2dffc17-23af-4c6f-b0e6-8fa5ca7a0a26","6fa49c8f-921a-4914-a10d-b105a8f2ea6f","877fcad2-68c5-48bf-942c-586c3d86867f","VIT College","18.4635","73.8682","Upper Indira Nagar Bus Depot","18.4682","73.8623","1","REJECTED","Please confirm pickup","No seats available","16","2339","2026-10-14T02:00:00.000Z","2026-09-20T15:30:00.000Z"
"affaf9e1-8144-4c2e-82c1-c8b6313c8356","2647b6a0-2031-43c0-906c-792292a85840","926e6fcc-8a51-46f5-85e4-e8eefbfe9ddc","City Pride BRTS","18.4845","73.8583","VIT College","18.4635","73.8682","1","PENDING","I will wait at the hub","","24","2340","2026-10-16T04:15:00.000Z","2026-09-21T02:30:00.000Z"
"ec768ace-9a2d-4422-84a7-fe195076a109","15c43573-9026-4514-96b2-386aa2b78dd8","750f9bd3-e937-4388-a25a-3cc6be098aa7","VIT College","18.4635","73.8682","Shankar Maharaj Math","18.4735","73.8579","1","CANCELLED","Please confirm pickup","","62","2341","2026-10-16T08:00:00.000Z","2026-09-20T15:30:00.000Z"
"fe7168dd-c3f0-492b-b8c0-f2198884a8f2","3e53cd37-6ad0-48fa-bfdb-fe5ff1db5eec","9310e53a-bd9e-441e-911c-031aa1551243","Laxmi Narayan Theatre","18.4965","73.8584","VIT College","18.4635","73.8682","1","REJECTED","","No seats available","22","2342","2026-10-17T06:15:00.000Z","2026-09-20T11:30:00.000Z"
"2ec2ba36-9987-454f-8161-1a68885c51cc","8c3f9541-cd27-4e9e-9080-5d388e3dacd8","5ce9e64f-f50b-4da1-9486-37f9f09551ed","VIT College","18.4635","73.8682","KK Market BRTS","18.4683","73.8579","1","PENDING","","","32","2343","2026-10-20T02:00:00.000Z","2026-09-20T21:30:00.000Z"
"44438cf5-e188-4a5a-83ba-e6f1ba89f448","f82a46bb-988d-4b31-ab14-17e83991a52b","eb5a4f04-4ebf-43f6-a099-11c15b1dfbe5","Kashinath Patil Nagar Stop","18.4745","73.8631","VIT College","18.4635","73.8682","1","REJECTED","I will wait at the hub","No seats available","17","2344","2026-10-18T23:15:00.000Z","2026-09-20T11:30:00.000Z"
"3a937845-82c2-435b-b29b-51c70a210fc5","5d8e823c-adde-43a3-b70a-4a96ebf53f8d","461b5690-97cf-4151-95af-7899c536787b","VIT College","18.4635","73.8682","Bharati Vidyapeeth","18.456","73.8574","1","COMPLETED","I will wait at the hub","","25","2345","2026-10-19T13:00:00.000Z","2026-09-21T00:30:00.000Z"
"9a8118b2-093e-48fa-86e4-8df910691232","8e33a30a-a606-40e3-b90d-d88a9a9afca9","91d3e190-f0bb-4908-a504-df3c03c7e6a6","Swargate BRTS Stop","18.4982","73.8588","VIT College","18.4635","73.8682","1","COMPLETED","","","11","2346","2026-10-20T19:15:00.000Z","2026-09-20T16:30:00.000Z"
"2afdc9b9-69e1-40d2-a1db-418834d06fc0","5016b04d-54b7-4df8-9aea-d96dc510bda5","8a7e159e-c7d0-49fb-9915-996ec39b4c3f","VIT College","18.4635","73.8682","Upper Indira Nagar Bus Depot","18.4682","73.8623","1","REJECTED","Please confirm pickup","No seats available","26","2347","2026-10-22T11:00:00.000Z","2026-09-21T03:30:00.000Z"
"7973cfaf-6e25-46cd-b564-a09f8c068b05","345a6260-5564-4211-b0ce-12b0b4a4d09c","33e24ac2-b991-402e-96fe-a60f7d88716b","Kashinath Patil Nagar Stop","18.4745","73.8631","VIT College","18.4635","73.8682","1","COMPLETED","I will wait at the hub","","0","2348","2026-10-22T07:15:00.000Z","2026-09-20T21:30:00.000Z"
"93f522df-820c-4167-9fa4-09a48650ac48","e0cfee26-22ca-46fd-9681-a98cb9b7694a","cce669d0-24ee-4095-8136-3ddc6f61da10","VIT College","18.4635","73.8682","Market Yard Corner","18.4792","73.8581","1","COMPLETED","Please confirm pickup","","54","2349","2026-10-25T10:00:00.000Z","2026-09-20T23:30:00.000Z"
"1f1c0d06-a509-4fd1-80d7-a8246cd391c0","2b96b839-ef3d-4b88-898d-96ad74b9e8d1","b08272f1-2eae-461f-9382-c184fe741279","Bibwewadi Bus Stop","18.4792","73.8615","VIT College","18.4635","73.8682","1","PENDING","I will wait at the hub","","12","2350","2026-10-25T18:15:00.000Z","2026-09-21T02:30:00.000Z"
"a55d9b9b-c263-4aac-94f0-05f7ebc6c949","f58d712b-7078-477a-b43f-fed9d0ed3ccb","7f81c4c3-c234-4bd0-80d1-215c711a0283","VIT College","18.4635","73.8682","Katraj Terminal","18.4471","73.8562","1","PENDING","I will wait at the hub","","8","2351","2026-10-27T13:00:00.000Z","2026-09-20T16:30:00.000Z"
"226d51ea-0390-4706-ae40-a3c6ffdb2f65","a2bdc5e3-efbd-4b73-a3ac-deb12dae33eb","80ca3ea6-d467-4f49-97eb-b6dc6f476676","Bibwewadi Bus Stop","18.4792","73.8615","VIT College","18.4635","73.8682","1","CANCELLED","","","77","2352","2026-10-26T21:15:00.000Z","2026-09-21T01:30:00.000Z"
"ba63083d-ebd3-45a2-8ead-b261eb122d8e","639b8dab-868e-46c8-9985-2b24c67e426f","90d5fa4d-50ca-4080-ae76-6f8158f4c9a5","VIT College","18.4635","73.8682","Market Yard Corner","18.4792","73.8581","1","REJECTED","Please confirm pickup","No seats available","28","2353","2026-10-29T03:00:00.000Z","2026-09-21T05:30:00.000Z"
"bba65c5e-6e1e-4b12-bbc4-fb38193adb59","d5d03f89-3122-4eef-93db-48240a7c078c","34887a09-84f2-49c3-97c8-eaa9e671e141","City Pride BRTS","18.4845","73.8583","VIT College","18.4635","73.8682","1","REJECTED","Please confirm pickup","No seats available","11","2354","2026-10-28T22:15:00.000Z","2026-09-20T18:30:00.000Z"
"cead4f63-da23-4571-b2dc-5afb0da48e01","80c739c0-028a-4aeb-bb97-4a8b74e9b783","70d0f859-149d-4503-9629-7e2b03c67a3f","VIT College","18.4635","73.8682","Chintamani Nagar","18.4651","73.864","1","PENDING","","","16","2355","2026-10-30T10:00:00.000Z","2026-09-20T11:30:00.000Z"
"f7864eaf-a33f-4203-b02a-30d2f773577c","4278af89-7ca1-422c-b386-0688986e3bc7","4bb40fa4-b428-432e-aca2-1a954ebd5186","Market Yard Corner","18.4792","73.8581","VIT College","18.4635","73.8682","1","CANCELLED","","","65","2356","2026-10-30T02:15:00.000Z","2026-09-20T12:30:00.000Z"
"c6dd2fe4-1d2b-4e0a-ad28-270e7da00a28","17fa5741-b7f9-4a82-b0d6-00329164d053","d3b6bef4-14dc-43ee-b1ea-5df640bff3ea","VIT College","18.4635","73.8682","Bharati Vidyapeeth","18.456","73.8574","1","CANCELLED","I will wait at the hub","","18","2357","2026-11-01T13:00:00.000Z","2026-09-20T14:30:00.000Z"
"97a4e8e9-21d2-439e-b031-2a62c4dfb2ba","c0ef7bdf-89cb-4b88-a736-93e509b4d96c","e0bd240d-0573-4a8a-830a-c46264dbd855","Laxmi Narayan Theatre","18.4965","73.8584","VIT College","18.4635","73.8682","1","COMPLETED","I will wait at the hub","","2","2358","2026-11-03T06:15:00.000Z","2026-09-20T13:30:00.000Z"
"c24b2270-4796-411e-bc0c-3639af959e8f","62e27b61-872d-44c5-8c1c-cbb7242572e6","8100f2b8-79e0-4059-be98-ced465000a2e","VIT College","18.4635","73.8682","Balaji Nagar BRTS","18.4628","73.8577","1","PENDING","Please confirm pickup","","18","2359","2026-11-04T22:00:00.000Z","2026-09-21T00:30:00.000Z"
"c4dfad98-8b76-4ef5-a10c-5dedb0189e2b","a430118d-8cb5-4b44-85cd-cdf9977b103b","b2f0c20b-d66e-41c9-b60f-6562ae71b956","Swargate PMPML Main Bus Stand","18.4991","73.8583","VIT College","18.4635","73.8682","1","CANCELLED","I will wait at the hub","","22","2360","2026-08-05T20:15:00.000Z","2026-09-20T20:30:00.000Z"
"5dbbba6f-e492-40ac-848d-50f15fc83670","fda53875-8de3-4343-95dc-4bd627b41573","afabde80-8412-4536-8a7d-443441b6329d","VIT College","18.4635","73.8682","Katraj Dairy BRTS","18.4508","73.8569","1","REJECTED","Please confirm pickup","No seats available","63","2361","2026-08-09T01:00:00.000Z","2026-09-21T05:30:00.000Z"
"e8487df9-57e1-4b96-9724-128aed1603f1","5c55ad94-091b-4dbe-a90e-a6c42aec12c8","e977337e-9b7d-4b79-9851-7a31a276eaf5","Kashinath Patil Nagar Stop","18.4745","73.8631","VIT College","18.4635","73.8682","1","ACCEPTED","Please confirm pickup","","24","2362","2026-08-08T11:15:00.000Z","2026-09-20T20:30:00.000Z"
"75603802-5d7f-4b27-8c7e-9660ce1b71c1","9ddfc12d-47f7-4408-abc6-123d3cbebe36","0234ea7e-b8a5-4a4f-8b12-eb48fefff06e","VIT College","18.4635","73.8682","Kashinath Patil Nagar Stop","18.4745","73.8631","1","CANCELLED","","","33","2363","2026-08-11T07:00:00.000Z","2026-09-20T15:30:00.000Z"
"c08f172d-f6d7-4610-bdfc-ab96ddc7fa43","08c3a1d6-e243-4a53-b251-a83bde67a85b","8d2bb992-3062-4ae3-b2ae-9d47074dec68","Laxmi Narayan Theatre","18.4965","73.8584","VIT College","18.4635","73.8682","1","PENDING","","","10","2364","2026-08-11T06:15:00.000Z","2026-09-20T13:30:00.000Z"
"bc13f1ff-bc4d-4e23-b343-d01f9eb0d93f","c5fe6c7b-15ea-41e0-833c-774eb1cb567a","95e5d040-6f8f-43de-b101-0a1abbfde269","VIT College","18.4635","73.8682","Bibwewadi Bus Stop","18.4792","73.8615","1","CANCELLED","Please confirm pickup","","27","2365","2026-08-13T11:00:00.000Z","2026-09-21T00:30:00.000Z"
"433ff56f-8510-4413-8bcd-53f522693e9e","3730edf5-ca9b-413a-95bb-067c438692c2","d138941d-1b44-42fe-975d-1a4eb78e7f92","Kashinath Patil Nagar Stop","18.4745","73.8631","VIT College","18.4635","73.8682","1","CANCELLED","","","21","2366","2026-08-12T02:15:00.000Z","2026-09-20T16:30:00.000Z"
"2ddc3412-7684-4c65-bd4b-d9454beb31cc","f117153d-b75c-47d1-947e-f27607f3057a","dbb7296e-eb2b-4e18-9aed-9b61128e1b95","VIT College","18.4635","73.8682","Market Yard Corner","18.4792","73.8581","1","PENDING","Please confirm pickup","","19","2367","2026-08-14T03:00:00.000Z","2026-09-20T19:30:00.000Z"
"6ba90adf-53d9-45fc-b50a-b7994f0e60ee","911a32ff-755c-43b4-922c-c51c050bf8e0","c3c94b51-2803-4c25-9e1e-bbe1eb6386cc","Swargate PMPML Main Bus Stand","18.4991","73.8583","VIT College","18.4635","73.8682","1","COMPLETED","I will wait at the hub","","24","2368","2026-08-15T15:15:00.000Z","2026-09-21T05:30:00.000Z"
"3c30ea9f-f74a-4be6-a250-8e185843f252","cc98cbb9-08a3-45c7-b8a5-e280f4b53054","6cc8d264-2c05-4a80-90d4-2b29b4ccd802","VIT College","18.4635","73.8682","KK Market BRTS","18.4683","73.8579","1","PENDING","I will wait at the hub","","0","2369","2026-08-16T19:00:00.000Z","2026-09-20T21:30:00.000Z"
"fefa2a92-5f0e-4116-b659-48fce0c0d754","1aa98afc-f3ae-4d22-84ab-8cf9d8b0ba8c","6a3f9cb7-ea70-4c12-87b0-f7ee4a38b313","Panchami BRTS","18.4902","73.8586","VIT College","18.4635","73.8682","1","CANCELLED","I will wait at the hub","","59","2370","2026-08-16T04:15:00.000Z","2026-09-20T12:30:00.000Z"
"6bd06cd9-70fd-452d-a0a8-41ea90428964","d965a0a0-ff46-45b2-8e29-70e0218009fd","105772de-3e2e-4525-873d-28205793d14f","VIT College","18.4635","73.8682","Market Yard Corner","18.4792","73.8581","1","REJECTED","I will wait at the hub","No seats available","4","2371","2026-08-18T00:00:00.000Z","2026-09-21T06:30:00.000Z"
"b29c5c85-1f1c-4dd5-b4a0-0d2ae38d2e3a","7587378b-5f55-48cb-b882-7cfb86c63877","b5eb2319-5923-4823-9cfb-fa0ca41f597b","Upper Indira Nagar Bus Depot","18.4682","73.8623","VIT College","18.4635","73.8682","1","PENDING","Please confirm pickup","","3","2372","2026-08-19T04:15:00.000Z","2026-09-20T21:30:00.000Z"
"02c773a6-33e7-4231-88ff-ed1d8b320b1e","dba407b5-fbba-4861-9f88-6ba37756fbdf","e4b9e33a-9380-46ad-8b5f-37aca78f2d78","VIT College","18.4635","73.8682","Upper Indira Nagar Bus Depot","18.4682","73.8623","1","CANCELLED","Please confirm pickup","","14","2373","2026-08-19T01:00:00.000Z","2026-09-21T02:30:00.000Z"
"3fb51d38-a609-40f2-9796-8bb7c0e33dc5","6190e8cb-ea61-4828-b3cf-4b3599c9cc1a","f1320520-f547-4abc-be6f-66bd5f323eb5","Upper Indira Nagar Bus Depot","18.4682","73.8623","VIT College","18.4635","73.8682","1","REJECTED","","No seats available","7","2374","2026-08-20T23:15:00.000Z","2026-09-20T22:30:00.000Z"
"89cead1a-6057-41be-ad9b-ef0af9dc56ed","2064366f-bdb4-4956-a2de-33b98bfbf9dc","c36606d7-b032-4936-8403-b0f1a43f756a","VIT College","18.4635","73.8682","Bibwewadi Bus Stop","18.4792","73.8615","1","REJECTED","","No seats available","17","2375","2026-08-22T12:00:00.000Z","2026-09-20T20:30:00.000Z"
"ccf1361c-8462-4c71-8cc6-0bc9c9106abf","d1875620-c234-42fa-959e-3c604b96cdcc","f10fac1a-d7f2-4f4e-a8f2-d72fd48b371a","Kashinath Patil Nagar Stop","18.4745","73.8631","VIT College","18.4635","73.8682","1","REJECTED","","No seats available","59","2376","2026-08-23T19:15:00.000Z","2026-09-20T23:30:00.000Z"
"3906bdcd-8387-459b-9924-a782a73b5d62","a1630283-894c-4a39-856e-c89470bedb88","5ab9a35e-6ac7-4156-95ae-cc1e59bb9fa7","VIT College","18.4635","73.8682","Shankar Maharaj Math","18.4735","73.8579","1","ACCEPTED","I will wait at the hub","","49","2377","2026-08-22T23:00:00.000Z","2026-09-20T22:30:00.000Z"
"43573b4e-ffe6-4d7e-a472-d2988061abe7","3c8643cd-cd89-40ef-89a0-a73f4387d15c","364c0441-918b-402a-a77c-fc9446ad8d71","Swargate BRTS Stop","18.4982","73.8588","VIT College","18.4635","73.8682","1","ACCEPTED","","","8","2378","2026-08-24T00:15:00.000Z","2026-09-20T16:30:00.000Z"
"b63a0b15-c7a2-4a53-8e97-e1f96bb5c133","ccff349f-403c-4b6c-9e06-9c56b1f665f4","1de804a1-1c04-4d9b-88a6-03aa475b2f23","VIT College","18.4635","73.8682","Upper Indira Nagar Bus Depot","18.4682","73.8623","1","CANCELLED","","","14","2379","2026-08-26T21:00:00.000Z","2026-09-20T12:30:00.000Z"
"b8ee03f4-c500-4397-b03f-8c6a9b901690","1b5a74ec-7181-4008-adee-2fea688239c4","8fcb293d-bce3-4068-b448-c15533882e86","Kashinath Patil Nagar Stop","18.4745","73.8631","VIT College","18.4635","73.8682","1","REJECTED","I will wait at the hub","No seats available","27","2380","2026-08-26T22:15:00.000Z","2026-09-20T11:30:00.000Z"
"f4eccdd5-9317-40c0-9f11-064108b3d6f6","b65a297f-80ed-487e-8d43-fb5cbc1de73c","6b38852c-3199-4130-9bef-739d2cbf98cd","VIT College","18.4635","73.8682","Bibwewadi Bus Stop","18.4792","73.8615","1","ACCEPTED","Please confirm pickup","","14","2381","2026-08-27T23:00:00.000Z","2026-09-21T03:30:00.000Z"
"0958c0ea-cc0c-4d52-9aa7-5c5b030723aa","5c388faa-23cb-4c2b-9581-221eb4d2f9db","ac87c729-c400-43ff-9619-cd867435a982","Upper Indira Nagar Bus Depot","18.4682","73.8623","VIT College","18.4635","73.8682","1","COMPLETED","Please confirm pickup","","28","2382","2026-08-28T16:15:00.000Z","2026-09-20T13:30:00.000Z"
"3becf89a-5b81-487d-8535-067a93300314","5663e112-eabf-49eb-ab35-ec5082302f65","2b79909a-3fc7-4286-93ba-521d9aa64a8f","VIT College","18.4635","73.8682","Chintamani Nagar","18.4651","73.864","1","ACCEPTED","I will wait at the hub","","25","2383","2026-08-29T21:00:00.000Z","2026-09-20T14:30:00.000Z"
"09a782fc-bcc8-495d-b16a-1b20fbeea0ea","6c883375-f532-4a65-9710-278143c39f97","2cabb8ae-b3d7-4c51-8207-1b8fc7300e2c","Upper Indira Nagar Bus Depot","18.4682","73.8623","VIT College","18.4635","73.8682","1","PENDING","","","5","2384","2026-08-30T10:15:00.000Z","2026-09-20T13:30:00.000Z"
"3533869a-9a9f-4c8f-aca2-65cf788903d6","826db2db-593b-4193-a5ef-2c473e13d1f5","843078cc-2ea7-483f-83b3-cc8bae6695c6","VIT College","18.4635","73.8682","Kashinath Patil Nagar Stop","18.4745","73.8631","1","ACCEPTED","Please confirm pickup","","77","2385","2026-09-01T23:00:00.000Z","2026-09-20T22:30:00.000Z"
"a850e811-27a0-4dd9-bc61-f8b6156f8888","ad795069-7baf-4a04-a5f9-628dd6a9fa79","d79a63da-78e9-4b42-a5b3-c04b428ae1c7","City Pride BRTS","18.4845","73.8583","VIT College","18.4635","73.8682","1","PENDING","","","12","2386","2026-09-01T03:15:00.000Z","2026-09-20T21:30:00.000Z"
"3632288a-795d-46a0-ac57-01a1fe09c098","5a627008-6213-4d82-a416-c3848627168a","ced6df1d-3ee8-4c76-8610-955b666d02b6","VIT College","18.4635","73.8682","Upper Indira Nagar Bus Depot","18.4682","73.8623","1","REJECTED","","No seats available","27","2387","2026-09-01T16:00:00.000Z","2026-09-21T04:30:00.000Z"
"9f7804ac-fcb8-431d-9ab1-80e083c52843","cb0261b9-ca17-42fa-aa13-259055b48769","2a786db0-f79e-4a08-a45d-7143a56be137","Lower Indira Nagar Stop","18.4718","73.8618","VIT College","18.4635","73.8682","1","PENDING","I will wait at the hub","","20","2388","2026-09-03T07:15:00.000Z","2026-09-21T00:30:00.000Z"
"775adee2-bbca-4f32-8fb9-fdfd4db1b859","606a433e-0f40-4d84-ad55-6406defd9620","2c463203-2185-4bb6-ac9c-dbf4b358d3f9","VIT College","18.4635","73.8682","Balaji Nagar BRTS","18.4628","73.8577","1","REJECTED","I will wait at the hub","No seats available","8","2389","2026-09-05T00:00:00.000Z","2026-09-20T11:30:00.000Z"
"d5ac664a-f81a-457e-ab67-14f10aa81dc3","65637234-30d3-41cb-9ace-a4af79b5b756","50b52ef7-937a-4ad7-a6ea-5df63741b351","Lower Indira Nagar Stop","18.4718","73.8618","VIT College","18.4635","73.8682","1","PENDING","","","30","2390","2026-09-06T05:15:00.000Z","2026-09-20T21:30:00.000Z"
"23f71dc2-1011-4e58-a140-a8985f03788b","b20fb978-9a31-40bf-9dfd-0f828b064938","23cdcd88-f49b-408a-af81-20c714c4290b","VIT College","18.4635","73.8682","Upper Indira Nagar Bus Depot","18.4682","73.8623","1","CANCELLED","I will wait at the hub","","12","2391","2026-09-07T12:00:00.000Z","2026-09-20T11:30:00.000Z"
"92a90b86-db43-4fd2-b074-4e90e0eb96c4","d235edcd-33ca-481d-8cc6-1dd53cfa02ef","8fe8486d-63f9-47dc-b19e-cee4aa0ac9c0","Panchami BRTS","18.4902","73.8586","VIT College","18.4635","73.8682","1","REJECTED","I will wait at the hub","No seats available","1","2392","2026-09-08T12:15:00.000Z","2026-09-20T15:30:00.000Z"
"58cdbdf1-85ae-4618-a24f-58afbf1371c5","a725442f-24b5-4f29-891d-13311ca8d1d8","e448284e-7dcf-4d42-b0eb-1d902bcd1366","VIT College","18.4635","73.8682","Balaji Nagar BRTS","18.4628","73.8577","1","COMPLETED","I will wait at the hub","","43","2393","2026-09-09T07:00:00.000Z","2026-09-21T05:30:00.000Z"
"06f1a797-0826-439d-994a-901104456dd5","c98fdecc-4a7d-4a8c-8b10-ffec818c340b","10da92ee-210d-4710-88f2-423a285dd142","City Pride BRTS","18.4845","73.8583","VIT College","18.4635","73.8682","1","REJECTED","","No seats available","31","2394","2026-09-08T23:15:00.000Z","2026-09-20T10:30:00.000Z"
"a40843e7-9f67-4f13-ad83-6ba53293c4a7","109e4886-aa35-4003-a347-74c1aae4e1a4","420b1194-1446-4c01-a90b-9ad6313738f8","VIT College","18.4635","73.8682","Bibwewadi Bus Stop","18.4792","73.8615","1","PENDING","Please confirm pickup","","4","2395","2026-09-09T15:00:00.000Z","2026-09-21T01:30:00.000Z"
"5e95da67-9fe8-4b36-907a-f87e295a053d","e6938160-cc66-41d1-947e-88a4491a2bf1","542484e9-c9f4-48df-8789-a3dffda2107d","Kashinath Patil Nagar Stop","18.4745","73.8631","VIT College","18.4635","73.8682","1","PENDING","I will wait at the hub","","25","2396","2026-09-10T19:15:00.000Z","2026-09-20T16:30:00.000Z"
"56319e4b-2e64-4d83-a184-b1d3e2b0e58e","f1f60433-ebf5-471d-8e6e-71e21191073c","b478ed02-c175-49c9-846a-0e9a7f6aa6be","VIT College","18.4635","73.8682","Balaji Nagar BRTS","18.4628","73.8577","1","ACCEPTED","","","7","2397","2026-09-13T19:00:00.000Z","2026-09-20T18:30:00.000Z"
"e89056c4-a59d-4087-a320-fa57e2630f0f","a3bee6ea-b2d0-41a3-91c0-6ba053669cc1","1c8d0824-69a8-4346-9507-05d4a6013c68","Bibwewadi Bus Stop","18.4792","73.8615","VIT College","18.4635","73.8682","1","COMPLETED","I will wait at the hub","","12","2398","2026-09-13T19:15:00.000Z","2026-09-21T05:30:00.000Z"
"80f7e506-414d-4282-bfe4-adb5c2120797","6da7b5ac-9420-43e8-af06-b77d7cb23a0e","5f049c18-2f70-4261-b271-889d9956d23d","VIT College","18.4635","73.8682","Bharati Vidyapeeth","18.456","73.8574","1","COMPLETED","Please confirm pickup","","22","2399","2026-09-15T02:00:00.000Z","2026-09-20T10:30:00.000Z"
"7307da2e-a694-4cbb-b9a2-049f6e4ad9d2","b29d5853-3fca-44ba-ac92-f2a4f29d3e99","f6c03d6c-620f-48f6-af10-83f362b1c35a","Laxmi Narayan Theatre","18.4965","73.8584","VIT College","18.4635","73.8682","1","CANCELLED","Please confirm pickup","","23","2400","2026-09-15T13:15:00.000Z","2026-09-20T21:30:00.000Z"
"cde3ac0c-5e77-428b-ac20-806584126d31","217449f2-0e98-4a0a-981a-b6bdcea2b520","72a2f2bb-d751-41f3-8634-e09d45e07917","VIT College","18.4635","73.8682","KK Market BRTS","18.4683","73.8579","1","COMPLETED","Please confirm pickup","","75","2401","2026-09-16T07:00:00.000Z","2026-09-21T00:30:00.000Z"
"a35ed364-88e0-4864-9ef8-a5d5937110bc","db46069d-df86-4207-b715-0059285e73cd","1712b652-bce4-4309-8027-92304c9fed8f","Upper Indira Nagar Bus Depot","18.4682","73.8623","VIT College","18.4635","73.8682","1","REJECTED","","No seats available","21","2402","2026-09-18T02:15:00.000Z","2026-09-20T18:30:00.000Z"
"0d53b2a3-22b0-464b-8103-59a399f9f566","598d8fe4-1151-4bfa-b95c-94c6f23b5e76","22829531-9959-4ca6-a928-9f36eb4703e1","VIT College","18.4635","73.8682","Lower Indira Nagar Stop","18.4718","73.8618","1","COMPLETED","I will wait at the hub","","26","2403","2026-09-20T11:00:00.000Z","2026-09-20T20:30:00.000Z"
"1162e098-edbf-4348-8722-f9158b2e212f","f12a3aca-116d-4cbd-ab1a-32cf815b1071","81e5312b-7123-490f-977b-7f79504efcd6","Chintamani Nagar","18.4651","73.864","VIT College","18.4635","73.8682","1","PENDING","I will wait at the hub","","19","2404","2026-09-19T14:15:00.000Z","2026-09-21T05:30:00.000Z"
"15d30a3d-b97a-4672-a3c4-b05b6032dba0","0fcd948a-4a2f-4957-94a5-e7311856dff2","e57ff715-25a1-426c-97cf-87015c1bf680","VIT College","18.4635","73.8682","KK Market BRTS","18.4683","73.8579","1","REJECTED","I will wait at the hub","No seats available","3","2405","2026-09-21T22:00:00.000Z","2026-09-21T01:30:00.000Z"
"febf3d1d-43ff-436d-aab8-b849068ff1f9","975699cc-0b0f-44a0-a6d5-dcc77d7d78c4","5493fbc0-789f-4b10-8644-f8ec21cd0b14","Bibwewadi Bus Stop","18.4792","73.8615","VIT College","18.4635","73.8682","1","CANCELLED","Please confirm pickup","","19","2406","2026-09-20T23:15:00.000Z","2026-09-20T10:30:00.000Z"
"7dfa991c-5709-4772-a0cf-b28bcf595442","a45c3567-3df1-48f9-ac25-b6adb65479b1","ef8bce94-feeb-4e53-b72f-1a7c2e5bddf1","VIT College","18.4635","73.8682","Katraj Dairy BRTS","18.4508","73.8569","1","CANCELLED","Please confirm pickup","","24","2407","2026-09-23T19:00:00.000Z","2026-09-20T15:30:00.000Z"
"2e71026f-c21e-4ff0-a10b-26baf5962c1a","1ab7f7f6-61ff-4e96-944c-3e74331a7714","4f4e35d9-739c-4f3d-b0b4-2067faa30741","Kashinath Patil Nagar Stop","18.4745","73.8631","VIT College","18.4635","73.8682","1","REJECTED","","No seats available","10","2408","2026-09-22T22:15:00.000Z","2026-09-21T04:30:00.000Z"
"ad2d264a-1c7e-4de8-baa2-7ff6b8dda261","70f42fa3-7d35-498a-8102-aad618602372","9d0ef4fe-a576-4770-9ab1-5eafc46b6be0","VIT College","18.4635","73.8682","Katraj Dairy BRTS","18.4508","73.8569","1","PENDING","","","73","2409","2026-09-25T07:00:00.000Z","2026-09-21T04:30:00.000Z"
"031eea12-769a-4477-b939-9efa7e82790d","6742e1d6-251a-4342-af46-3ea267847fe9","4056717c-9798-4214-8fbd-07c4e3a98b6b","Swargate BRTS Stop","18.4982","73.8588","VIT College","18.4635","73.8682","1","ACCEPTED","","","19","2410","2026-09-26T06:15:00.000Z","2026-09-21T04:30:00.000Z"
"34ef9383-090e-4d9c-b93d-fdc11a0104c8","e62c64fb-47f1-4303-b22d-9145aa897d78","3a33f6e7-07ab-4e3d-a721-814ac739de5e","VIT College","18.4635","73.8682","Market Yard Corner","18.4792","73.8581","1","ACCEPTED","","","14","2411","2026-09-27T06:00:00.000Z","2026-09-20T14:30:00.000Z"
"1a2cbe3a-fe27-4cff-948f-e31f1da69392","1e255d12-24ab-4935-972d-9c25b0e3e0ff","3009cc84-1259-4bbc-a108-8462919b7c19","City Pride BRTS","18.4845","73.8583","VIT College","18.4635","73.8682","1","PENDING","Please confirm pickup","","18","2412","2026-09-28T14:15:00.000Z","2026-09-20T22:30:00.000Z"
"8ffaf870-256d-431a-8f34-515dc8278ae2","d120ccf0-a286-49dc-97be-4e1b88604163","7e9c129c-4156-4ca9-af99-d00fb8d1aadd","VIT College","18.4635","73.8682","Market Yard Corner","18.4792","73.8581","1","CANCELLED","I will wait at the hub","","7","2413","2026-09-28T00:00:00.000Z","2026-09-20T23:30:00.000Z"
"32a98a39-4797-44bb-9e0e-58e9b6cc5a3f","cff84e6c-216b-40df-bfbc-a1c588ec8d75","21c63f77-2d39-4f11-9e0c-1c7312653c75","Swargate BRTS Stop","18.4982","73.8588","VIT College","18.4635","73.8682","1","PENDING","","","5","2414","2026-09-30T05:15:00.000Z","2026-09-21T06:30:00.000Z"
"183c155c-490b-43e8-9107-8b70a5a6a4c6","63f14e9a-34ab-4413-9774-48d5cfb74128","657e344f-90aa-4e48-a3e5-9a6235100f2e","VIT College","18.4635","73.8682","Kashinath Patil Nagar Stop","18.4745","73.8631","1","COMPLETED","","","25","2415","2026-10-01T04:00:00.000Z","2026-09-20T14:30:00.000Z"
"dafa842f-8040-45cb-b2d9-b53ffb2f5fab","02c305a4-eaec-4b0b-b035-315d57b846b8","b69aeeb6-95cd-4c93-b1fd-e8588a274731","Swargate PMPML Main Bus Stand","18.4991","73.8583","VIT College","18.4635","73.8682","1","CANCELLED","I will wait at the hub","","20","2416","2026-09-30T13:15:00.000Z","2026-09-20T11:30:00.000Z"
"b41f8460-730f-46e6-be6a-5eb143abcc3d","fa5e39b7-28f9-4d0f-8253-5cd2e220e39f","896d4da2-8fa8-41c5-b3c6-164a6ce57775","VIT College","18.4635","73.8682","Market Yard Corner","18.4792","73.8581","1","PENDING","Please confirm pickup","","0","2417","2026-10-02T15:00:00.000Z","2026-09-20T14:30:00.000Z"
"430e9f25-e3b0-4280-9c70-caf09f8d00d0","eb5a4db3-c7f8-4c69-8793-f457bcf42d93","c64460b2-879f-4506-882f-92adfc9e63ac","Panchami BRTS","18.4902","73.8586","VIT College","18.4635","73.8682","1","CANCELLED","I will wait at the hub","","13","2418","2026-10-03T11:15:00.000Z","2026-09-20T14:30:00.000Z"
"9402229c-38bd-43ce-abed-f808b1a97081","997271e6-d097-4602-a6ff-57a38cd3f70d","cd9196d9-a849-4e71-b98a-4e48a614e104","VIT College","18.4635","73.8682","Katraj Terminal","18.4471","73.8562","1","REJECTED","I will wait at the hub","No seats available","71","2419","2026-10-03T15:00:00.000Z","2026-09-20T16:30:00.000Z"
"a32a2316-9e2d-4440-a390-10e5343078cf","023e3ba1-cc31-40e1-be46-c65dd5bd31bb","ed18db93-5780-4297-ae97-bbe311886b02","Laxmi Narayan Theatre","18.4965","73.8584","VIT College","18.4635","73.8682","1","COMPLETED","I will wait at the hub","","20","2420","2026-10-04T10:15:00.000Z","2026-09-20T17:30:00.000Z"
"9454e159-31a0-48ff-adea-60267bac7903","917d00e5-0906-4ba0-812c-55bab65705d3","43dd383b-7c2d-4840-8095-5e3518602750","VIT College","18.4635","73.8682","Bibwewadi Bus Stop","18.4792","73.8615","1","REJECTED","I will wait at the hub","No seats available","20","2421","2026-10-06T12:00:00.000Z","2026-09-20T19:30:00.000Z"
"cad39407-a64b-4a66-ab14-7af5fe82a523","adab8f23-d616-4b20-a168-54930c1ddd09","2e0cc7b0-3544-40fe-910b-e573a7d33c9a","Panchami BRTS","18.4902","73.8586","VIT College","18.4635","73.8682","1","REJECTED","Please confirm pickup","No seats available","57","2422","2026-10-07T12:15:00.000Z","2026-09-20T23:30:00.000Z"
"8d13953a-36e5-464f-a609-f946fe0678da","e2088c59-d6e0-4c38-b376-d2a2315d7cad","715c6bfc-3ccb-48eb-9e74-b58e93075303","VIT College","18.4635","73.8682","Katraj Terminal","18.4471","73.8562","1","PENDING","Please confirm pickup","","69","2423","2026-10-09T09:00:00.000Z","2026-09-21T01:30:00.000Z"
"69a678d9-a945-451f-91dc-80e43ef374bb","e2114b2f-0b12-414d-96d4-5d5c6cb40480","3916a068-e6a5-4012-812a-fbcd946203e9","Laxmi Narayan Theatre","18.4965","73.8584","VIT College","18.4635","73.8682","1","PENDING","","","30","2424","2026-10-09T05:15:00.000Z","2026-09-21T04:30:00.000Z"
"a509b11e-b0a1-4b1c-8602-fe302cccb8fc","0800a880-40ea-4828-a4f2-3019129efa7a","6884857e-84bf-44a3-a6b7-57ffce28a733","VIT College","18.4635","73.8682","Upper Indira Nagar Bus Depot","18.4682","73.8623","1","ACCEPTED","Please confirm pickup","","59","2425","2026-10-10T12:00:00.000Z","2026-09-20T14:30:00.000Z"
"9924c1ca-5367-43fe-a55f-1eb9b7785f8b","949a90c6-6e5a-479a-b0ca-4fe5faf16eef","b25e6ea6-d736-435b-aead-e9d0d69b728d","Swargate PMPML Main Bus Stand","18.4991","73.8583","VIT College","18.4635","73.8682","1","PENDING","Please confirm pickup","","23","2426","2026-10-11T21:15:00.000Z","2026-09-21T00:30:00.000Z"
"b30c0dc3-9897-4f7e-bbf7-835d31a26922","342be07a-afa0-4324-8032-276c3227e194","29ba1c6f-943a-462e-a307-a6c327c39a57","VIT College","18.4635","73.8682","Bharati Vidyapeeth","18.456","73.8574","1","PENDING","","","16","2427","2026-10-11T16:00:00.000Z","2026-09-20T17:30:00.000Z"
"14a6a040-9cc0-43f6-b729-2fa58a3bf6f7","595a469b-af0f-4bb7-a2eb-7acffb31737b","20bdc7ae-7082-421e-b675-6c4002d0295b","Laxmi Narayan Theatre","18.4965","73.8584","VIT College","18.4635","73.8682","1","ACCEPTED","Please confirm pickup","","31","2428","2026-10-13T08:15:00.000Z","2026-09-20T18:30:00.000Z"
"d461f664-e8cf-49b4-8686-2a6715278429","8be7a3a6-1b6c-4a10-860d-c488a8945fb8","62390621-3521-47ba-869a-f822874bb453","VIT College","18.4635","73.8682","Lower Indira Nagar Stop","18.4718","73.8618","1","CANCELLED","Please confirm pickup","","79","2429","2026-10-15T22:00:00.000Z","2026-09-20T18:30:00.000Z"
"147ee919-80a8-4eff-8149-c25dda300de8","fbb6ff31-de42-4e7a-b295-d0017fc3294b","08eb06b4-7805-4b0c-998b-d919358e8b0f","Panchami BRTS","18.4902","73.8586","VIT College","18.4635","73.8682","1","REJECTED","","No seats available","10","2430","2026-10-16T19:15:00.000Z","2026-09-20T17:30:00.000Z"
"e530ce42-840b-487d-8456-a18f66dce93b","9735aa85-b20d-4aef-b039-e79e9425bf91","697c28b3-7690-4ffd-bfa8-c30e27f63214","VIT College","18.4635","73.8682","Market Yard Corner","18.4792","73.8581","1","CANCELLED","Please confirm pickup","","25","2431","2026-10-15T22:00:00.000Z","2026-09-21T02:30:00.000Z"
"03510adc-5de7-4476-9ec5-8f83bc20bbc2","66f53980-d2b8-410a-aaeb-581a79317e1c","1f726f94-16aa-417d-8d05-1b3dd96d0827","Upper Indira Nagar Bus Depot","18.4682","73.8623","VIT College","18.4635","73.8682","1","PENDING","Please confirm pickup","","19","2432","2026-10-17T06:15:00.000Z","2026-09-20T16:30:00.000Z"
"ae907da8-4832-41f1-b67f-6350574ad833","0148214e-dddd-4bce-9940-d013463e8bb4","ea3fd43b-e1e5-4d62-a163-dae19fc740bd","VIT College","18.4635","73.8682","Chintamani Nagar","18.4651","73.864","1","PENDING","","","4","2433","2026-10-18T03:00:00.000Z","2026-09-20T14:30:00.000Z"
"7d960817-fc02-4071-9844-41012bb72f01","cf13160f-876f-40e5-aafc-efcd67d33b21","5def974b-b8b4-4ef7-8825-5a50ee6710cd","City Pride BRTS","18.4845","73.8583","VIT College","18.4635","73.8682","1","CANCELLED","I will wait at the hub","","28","2434","2026-10-19T23:15:00.000Z","2026-09-20T14:30:00.000Z"
"6bcc8e6e-4779-4d26-bef9-75bba9799035","ecaae8d7-3946-46c9-8b92-542fa9ac70d3","a7ff8669-7d2a-4462-beb0-0d9e874f1dc8","VIT College","18.4635","73.8682","Upper Indira Nagar Bus Depot","18.4682","73.8623","1","COMPLETED","I will wait at the hub","","59","2435","2026-10-21T19:00:00.000Z","2026-09-20T18:30:00.000Z"
"7de5c92b-09d1-47ef-969b-9c126487baff","d9a9637e-9975-4f9c-8798-385ca4f4a516","0f35346d-5638-4de0-b685-b0f5e42ff331","Swargate PMPML Main Bus Stand","18.4991","73.8583","VIT College","18.4635","73.8682","1","PENDING","Please confirm pickup","","45","2436","2026-10-20T09:15:00.000Z","2026-09-21T04:30:00.000Z"
"ffbde3e0-2d0d-42e5-b1a3-27482cc48809","1cf68af5-401f-4e97-b9d5-708eb59a4e98","ffe56b11-38f8-4fa2-936c-d19021b522b8","VIT College","18.4635","73.8682","KK Market BRTS","18.4683","73.8579","1","REJECTED","Please confirm pickup","No seats available","78","2437","2026-10-21T15:00:00.000Z","2026-09-20T18:30:00.000Z"
"327a7926-128a-4747-8f49-af79a9014f3f","cce5a8bf-efbb-499f-9802-95a44f72296a","93c44edd-bbc5-4ac3-9dba-63f636b8ed0b","Upper Indira Nagar Bus Depot","18.4682","73.8623","VIT College","18.4635","73.8682","1","REJECTED","Please confirm pickup","No seats available","19","2438","2026-10-22T10:15:00.000Z","2026-09-21T06:30:00.000Z"
"a2824e6b-12ce-4862-8138-a8fc5b22a933","4c7daa33-62d3-4a43-ade7-e966545f3bdb","7d4898cc-54f3-4bd1-b9da-b31ff1cb26c3","VIT College","18.4635","73.8682","Market Yard Corner","18.4792","73.8581","1","ACCEPTED","","","26","2439","2026-10-25T18:00:00.000Z","2026-09-21T03:30:00.000Z"
"2152a69c-2ed3-4d40-8d9f-8aea95b28a8e","b49c1fa4-56ce-470d-8c3e-53fe619e49d1","1f497524-0e6c-424a-94f9-93905b5a9755","Panchami BRTS","18.4902","73.8586","VIT College","18.4635","73.8682","1","ACCEPTED","Please confirm pickup","","48","2440","2026-10-26T20:15:00.000Z","2026-09-20T16:30:00.000Z"
"cba6d98a-a4cc-4568-8ff2-b0dd2202a460","584413f9-ded1-478d-b62a-6047efa1abbe","609a5aa2-e576-472b-ae03-3d339a90c45c","VIT College","18.4635","73.8682","Kashinath Patil Nagar Stop","18.4745","73.8631","1","REJECTED","","No seats available","25","2441","2026-10-27T16:00:00.000Z","2026-09-20T17:30:00.000Z"
"e1f932d2-12af-41e9-9399-0f412eb698d0","6b0159f7-6a47-46fd-b74b-cc1e6a1499f8","829e7fa5-0c38-47a9-a715-877dada17b24","Market Yard Corner","18.4792","73.8581","VIT College","18.4635","73.8682","1","ACCEPTED","I will wait at the hub","","7","2442","2026-10-28T07:15:00.000Z","2026-09-20T13:30:00.000Z"
"bef5e522-706e-4bf9-ba9e-687a17141193","41626340-8b7b-4851-969a-1bbb40f30350","2fd77d02-9eed-432b-bc2b-69984e53b256","VIT College","18.4635","73.8682","Chintamani Nagar","18.4651","73.864","1","REJECTED","","No seats available","33","2443","2026-10-30T00:00:00.000Z","2026-09-21T01:30:00.000Z"
"ed207b59-c7e7-456f-b96a-b4576a587692","098ba033-2ec9-4018-a6cf-05c7521ae234","2e269fc9-9682-468b-b756-d02e46a395d8","Panchami BRTS","18.4902","73.8586","VIT College","18.4635","73.8682","1","COMPLETED","Please confirm pickup","","49","2444","2026-10-30T06:15:00.000Z","2026-09-21T06:30:00.000Z"
"c9508bc8-d45c-4c81-8434-0d7a68e1f620","8b8e37b7-6d64-4ebf-a0bd-e10deee98eeb","ae43995b-0b10-49a4-a37e-36a29c7b89fa","VIT College","18.4635","73.8682","Kashinath Patil Nagar Stop","18.4745","73.8631","1","CANCELLED","","","21","2445","2026-10-31T02:00:00.000Z","2026-09-20T16:30:00.000Z"
"899d9de4-c143-4012-bd30-baeb686ebc25","aab6574f-7c7e-44ee-bb48-8475a970f318","ccfa0157-3dc7-4140-84a7-8283ed55f1e4","Laxmi Narayan Theatre","18.4965","73.8584","VIT College","18.4635","73.8682","1","PENDING","","","6","2446","2026-11-01T17:15:00.000Z","2026-09-21T04:30:00.000Z"
"bc3651d0-fc2b-4f93-a3ad-4807fb35cadf","9c96ad51-775d-41b3-95be-15ebf7d1c28d","fb85cd08-9134-4e91-ad82-1bf40b5e18fe","VIT College","18.4635","73.8682","Market Yard Corner","18.4792","73.8581","1","REJECTED","I will wait at the hub","No seats available","46","2447","2026-11-02T06:00:00.000Z","2026-09-20T19:30:00.000Z"
"b5ea8454-85fe-4fe0-baed-31628d8edb71","3617f41d-0051-4001-bf6b-5d8f0407c4c9","797bc6e5-c2a2-497c-bf6e-087c71a1d8b5","City Pride BRTS","18.4845","73.8583","VIT College","18.4635","73.8682","1","REJECTED","Please confirm pickup","No seats available","11","2448","2026-11-03T17:15:00.000Z","2026-09-21T02:30:00.000Z"
"af196d85-ee9f-47f3-8cc3-05a9bc7a415c","02e5d488-9570-4e13-b9e9-4c76b813fbc6","77d7f815-239b-4019-bf1b-76b62751a21d","VIT College","18.4635","73.8682","Shankar Maharaj Math","18.4735","73.8579","1","PENDING","I will wait at the hub","","63","2449","2026-11-04T05:00:00.000Z","2026-09-20T22:30:00.000Z"
"23cb4ad1-d436-43ce-8243-536c643414c4","81bf55e0-625f-4ef0-aae8-59f19b21a6fa","481621b5-ffcf-4751-b9e2-151c0182f97a","Lower Indira Nagar Stop","18.4718","73.8618","VIT College","18.4635","73.8682","1","CANCELLED","I will wait at the hub","","22","2450","2026-08-07T15:15:00.000Z","2026-09-20T20:30:00.000Z"
"9051f8fd-132d-4b41-8641-9d8d3f1880ca","2a373865-6714-4035-877e-edc70025de85","fc17bde9-8039-463a-b2df-6dd060d08969","VIT College","18.4635","73.8682","Bibwewadi Bus Stop","18.4792","73.8615","1","REJECTED","I will wait at the hub","No seats available","27","2451","2026-08-07T16:00:00.000Z","2026-09-21T03:30:00.000Z"
"fbd28765-98eb-423b-bd87-42d2dde71757","0f47fa9f-0307-43ec-a906-f835bfd4f323","6279cde7-2c2c-4986-a9a4-55039693b818","Chintamani Nagar","18.4651","73.864","VIT College","18.4635","73.8682","1","COMPLETED","","","20","2452","2026-08-07T09:15:00.000Z","2026-09-20T10:30:00.000Z"
"17c1d088-1ecd-4824-80bd-6d7d56156b17","f88afde2-cf10-4261-b116-232dc7e75088","9c577260-815e-4814-ae42-db071f0604b0","VIT College","18.4635","73.8682","Chintamani Nagar","18.4651","73.864","1","CANCELLED","I will wait at the hub","","21","2453","2026-08-10T14:00:00.000Z","2026-09-21T00:30:00.000Z"
"16cde136-910f-4625-b21a-d2e5d09711be","197c1866-2696-43cf-b4a6-f904274b3341","969131e9-4cc6-483d-82f8-990f056d6c5a","Chintamani Nagar","18.4651","73.864","VIT College","18.4635","73.8682","1","CANCELLED","","","28","2454","2026-08-11T10:15:00.000Z","2026-09-20T12:30:00.000Z"
"8a62d418-1e6d-48c5-b995-cd9345d92d7e","5d6abd1d-f8f2-46ed-b03a-82724c37791d","85bed899-042e-4b82-a6ac-e7f8e8652524","VIT College","18.4635","73.8682","Katraj Terminal","18.4471","73.8562","1","COMPLETED","Please confirm pickup","","55","2455","2026-08-11T09:00:00.000Z","2026-09-21T00:30:00.000Z"
"f571c6d5-7260-41be-a98f-0e5179ca4be7","4ef08299-7504-4dce-97ff-759066a69dde","dd95ce1d-b76e-4f1f-9a03-108aea02d0d2","Swargate BRTS Stop","18.4982","73.8588","VIT College","18.4635","73.8682","1","REJECTED","","No seats available","23","2456","2026-08-12T10:15:00.000Z","2026-09-21T04:30:00.000Z"
"86e29552-aef0-43d6-84ef-347a11dcb3fc","3221d101-4df9-47aa-99cd-67e16a015384","39147f90-fbda-49de-88ec-5fe656c0d7b4","VIT College","18.4635","73.8682","Katraj Terminal","18.4471","73.8562","1","CANCELLED","","","20","2457","2026-08-13T20:00:00.000Z","2026-09-20T22:30:00.000Z"
"5d76f72f-4802-471e-9e05-19bc9ba6f570","686e426c-7cba-46f8-9b6a-bfc136e8d03b","51e576cc-ab7a-49bd-ad0b-21fda7d2bda2","Swargate BRTS Stop","18.4982","73.8588","VIT College","18.4635","73.8682","1","REJECTED","Please confirm pickup","No seats available","21","2458","2026-08-14T23:15:00.000Z","2026-09-21T00:30:00.000Z"
"8cccc1be-89b0-4e56-97a1-db6d4f3fe3ea","362666a9-c96a-4ea8-b499-517c45fe66aa","9ef8f4fa-8101-4ff2-80ff-91a966e3bab8","VIT College","18.4635","73.8682","Chintamani Nagar","18.4651","73.864","1","CANCELLED","Please confirm pickup","","16","2459","2026-08-14T16:00:00.000Z","2026-09-20T23:30:00.000Z"
"bf5060d5-c44c-4f8e-b72c-196cd0719927","28f9cbf9-f4d1-4f7d-8b2a-3682fc031c0d","f0c7e0ed-5ec8-43e2-aabe-d0c93c5234e3","Swargate BRTS Stop","18.4982","73.8588","VIT College","18.4635","73.8682","1","REJECTED","Please confirm pickup","No seats available","4","2460","2026-08-15T20:15:00.000Z","2026-09-20T16:30:00.000Z"
"c5702a83-3b31-4f24-aa65-b68cc79dac27","202a344e-a474-466c-8cdd-25dfba8624f2","39d3794d-33e3-4ffe-b495-fbaa9d28a26b","VIT College","18.4635","73.8682","Lower Indira Nagar Stop","18.4718","73.8618","1","REJECTED","","No seats available","34","2461","2026-08-19T10:00:00.000Z","2026-09-21T04:30:00.000Z"
"aadb12f3-32a3-4b2a-b448-a2317c2ccb1e","f11504b1-4597-4dee-84f4-e6664fc6a9d1","d96dc164-dffd-4bcb-bc7b-ca59b2d88379","Swargate PMPML Main Bus Stand","18.4991","73.8583","VIT College","18.4635","73.8682","1","REJECTED","","No seats available","13","2462","2026-08-17T08:15:00.000Z","2026-09-20T13:30:00.000Z"
"921c614f-6c8f-457e-9146-e13bb626fe17","c2486bdd-4146-45d8-b812-7d292ff9e3a0","6871daa5-011a-4255-a4bd-29f490afb889","VIT College","18.4635","73.8682","Upper Indira Nagar Bus Depot","18.4682","73.8623","1","CANCELLED","Please confirm pickup","","6","2463","2026-08-21T11:00:00.000Z","2026-09-21T01:30:00.000Z"
"2ab58e05-0754-4963-83eb-63ca8a287f9f","d188b88e-3642-44a2-b4b8-3b58020f5d47","72cddc2e-6ec2-4e48-aa1a-fc6654d24fab","Market Yard Corner","18.4792","73.8581","VIT College","18.4635","73.8682","1","ACCEPTED","","","43","2464","2026-08-19T05:15:00.000Z","2026-09-20T23:30:00.000Z"
"bd3476aa-ddb5-4551-b89e-3d9269259a11","129d59fe-cab7-48bd-bc70-5a1b03d912e9","26dcafa5-e28f-4c96-bd7f-75ca1113e108","VIT College","18.4635","73.8682","KK Market BRTS","18.4683","73.8579","1","ACCEPTED","I will wait at the hub","","3","2465","2026-08-20T12:00:00.000Z","2026-09-21T04:30:00.000Z"
"27770b65-46e6-4f2c-b911-9ef2350c724a","4f8bed90-203d-4ef1-945f-25017000cd45","5ac71c5e-4117-49f2-9551-e2487ee014ca","Swargate PMPML Main Bus Stand","18.4991","73.8583","VIT College","18.4635","73.8682","1","ACCEPTED","Please confirm pickup","","1","2466","2026-08-22T14:15:00.000Z","2026-09-21T02:30:00.000Z"
"bd29655a-efb8-431f-827e-73b3216e67b4","9b14c880-e7ad-499c-a804-9b0a77b3e835","2bf63d4b-4be8-4a3d-b079-2a7b714b0da3","VIT College","18.4635","73.8682","Katraj Dairy BRTS","18.4508","73.8569","1","COMPLETED","I will wait at the hub","","75","2467","2026-08-25T08:00:00.000Z","2026-09-20T15:30:00.000Z"
"afd1d9d5-f17c-42a9-9af1-e71e7fa98d4a","7eb367fe-8939-4eb0-a0f5-af3c7d1995b6","f24e7e05-582d-47da-aa31-e435fb66bfa2","Lower Indira Nagar Stop","18.4718","73.8618","VIT College","18.4635","73.8682","1","COMPLETED","I will wait at the hub","","2","2468","2026-08-24T12:15:00.000Z","2026-09-20T14:30:00.000Z"
"80567d26-e8cd-4bc2-8166-90a3b11645b0","e1a6c223-e656-45b4-933e-163628291322","e36d6950-fda1-4e0a-b9a4-3109c1ef3afd","VIT College","18.4635","73.8682","Kashinath Patil Nagar Stop","18.4745","73.8631","1","COMPLETED","Please confirm pickup","","7","2469","2026-08-26T18:00:00.000Z","2026-09-20T10:30:00.000Z"
"c6dd0413-6678-4c51-a7a4-deef04260b67","c54f67d2-8838-480d-9009-7e3680c8044b","8dc944aa-aca1-45be-a9af-21bd271602d1","Kashinath Patil Nagar Stop","18.4745","73.8631","VIT College","18.4635","73.8682","1","REJECTED","Please confirm pickup","No seats available","30","2470","2026-08-27T13:15:00.000Z","2026-09-20T12:30:00.000Z"
"f2c5bdcd-a9d5-4392-a486-571b11a31547","2af6d5fc-ec15-4cb7-9a97-50151e3f9103","69158428-13ec-44bc-be1b-661be60211b1","VIT College","18.4635","73.8682","Shankar Maharaj Math","18.4735","73.8579","1","CANCELLED","I will wait at the hub","","21","2471","2026-08-27T06:00:00.000Z","2026-09-20T13:30:00.000Z"
"cbcd7ff7-4f26-45d2-857f-57bf2efa9739","625c9e48-1153-4aa0-ba83-3d3ebb0d2d35","17be73c9-0769-4965-981b-a5457dd33ba5","Laxmi Narayan Theatre","18.4965","73.8584","VIT College","18.4635","73.8682","1","REJECTED","Please confirm pickup","No seats available","63","2472","2026-08-27T23:15:00.000Z","2026-09-20T13:30:00.000Z"
"14a74e17-acd0-4400-99da-ab7c7c3ba49c","ff354b32-1f2a-4307-9e7e-27b6a506a765","049a400b-5043-4cc0-8f0c-a2000b0bc7c2","VIT College","18.4635","73.8682","Bibwewadi Bus Stop","18.4792","73.8615","1","ACCEPTED","I will wait at the hub","","7","2473","2026-08-31T05:00:00.000Z","2026-09-21T03:30:00.000Z"
"7ebe54a7-95fb-47cb-bca4-563bf752b1c6","74c7c6cc-1212-4f67-8647-f4f8965dbb34","8ea08f3a-4be1-4f97-9251-d633e633dc41","Kashinath Patil Nagar Stop","18.4745","73.8631","VIT College","18.4635","73.8682","1","REJECTED","I will wait at the hub","No seats available","7","2474","2026-08-30T20:15:00.000Z","2026-09-20T17:30:00.000Z"
"2af0339d-7c40-4dea-9499-cdc55663e402","c3698a33-ca0c-4693-a489-9adb2fd56bc2","d318afa9-113f-46e4-bd9a-1ae0cbe4cec9","VIT College","18.4635","73.8682","Shankar Maharaj Math","18.4735","73.8579","1","COMPLETED","","","5","2475","2026-09-01T09:00:00.000Z","2026-09-20T13:30:00.000Z"
"41a99a91-6687-425a-90d0-c7fc6d37fcd3","f1f00b1e-9947-4f6f-8688-bfa455d4625b","2bba79b1-7549-484e-89e1-bf3b93c66b88","Swargate PMPML Main Bus Stand","18.4991","73.8583","VIT College","18.4635","73.8682","1","COMPLETED","","","33","2476","2026-08-31T21:15:00.000Z","2026-09-20T13:30:00.000Z"
"3c4cf48d-d24f-4978-ad67-72d93f83645e","878e52d7-2def-40b6-a913-df1a54047a34","17982a72-f4c8-4037-9da7-01d2b81b4f51","VIT College","18.4635","73.8682","Kashinath Patil Nagar Stop","18.4745","73.8631","1","COMPLETED","Please confirm pickup","","16","2477","2026-09-02T21:00:00.000Z","2026-09-20T13:30:00.000Z"
"7a99b95c-961e-47c0-a4d1-6ebce1de15d9","37e2d96a-3816-4e9b-8e05-8d351c01286f","a33b3b67-373b-4a19-ab84-94afce2d3cf6","Lower Indira Nagar Stop","18.4718","73.8618","VIT College","18.4635","73.8682","1","PENDING","Please confirm pickup","","23","2478","2026-09-04T08:15:00.000Z","2026-09-20T21:30:00.000Z"
"45d74b51-719f-4bd8-a6b3-6049091812ef","2ad705d0-f96b-4878-af7c-cfca956fcabd","b03a0f23-2e1f-438e-b34e-47d7681219f2","VIT College","18.4635","73.8682","Lower Indira Nagar Stop","18.4718","73.8618","1","PENDING","I will wait at the hub","","60","2479","2026-09-04T00:00:00.000Z","2026-09-21T04:30:00.000Z"
"04869c2b-b9b1-4645-8d0c-6e18fc628ed9","ec16c9b1-7c47-4c4d-a652-dd0724b84e3c","f49a7a5a-e945-4e5c-9e00-e0e22be3b1cd","Swargate PMPML Main Bus Stand","18.4991","73.8583","VIT College","18.4635","73.8682","1","PENDING","I will wait at the hub","","26","2480","2026-09-04T08:15:00.000Z","2026-09-21T01:30:00.000Z"
"d983a252-d2ef-4c28-ad6e-12f08e6656bb","baa2df2c-bc9c-4de0-8703-f981605afd42","3e48df00-372b-4e64-9ef2-a432d0530793","VIT College","18.4635","73.8682","Kashinath Patil Nagar Stop","18.4745","73.8631","1","REJECTED","","No seats available","20","2481","2026-09-07T21:00:00.000Z","2026-09-20T20:30:00.000Z"
"3485f1e2-3597-401e-ab0d-f2c9f11cc6cd","1c29c569-ab1a-4551-a88a-59b2652c7357","feff947d-b17e-452e-8f42-3a47e3538dae","Chintamani Nagar","18.4651","73.864","VIT College","18.4635","73.8682","1","ACCEPTED","","","53","2482","2026-09-08T08:15:00.000Z","2026-09-20T22:30:00.000Z"
"2ba00bba-fe65-490f-9c87-04a49ee62870","b9e526a3-a25c-41b3-8e83-5c8ad96c48a7","3514e5d2-6b02-4d6b-ac2b-59caf1561997","VIT College","18.4635","73.8682","Katraj Dairy BRTS","18.4508","73.8569","1","CANCELLED","Please confirm pickup","","19","2483","2026-09-08T02:00:00.000Z","2026-09-20T11:30:00.000Z"
"f25b65e1-686b-4a8a-b583-06b73804a93c","cf384b4a-daf7-4010-b2fa-70f880318ea2","1f869515-a5a9-4eb5-955d-cc39b514d6d4","Laxmi Narayan Theatre","18.4965","73.8584","VIT College","18.4635","73.8682","1","PENDING","I will wait at the hub","","24","2484","2026-09-09T04:15:00.000Z","2026-09-20T22:30:00.000Z"
"a5aca453-8049-43f7-91b8-fa6d70cd057a","24726f7e-d370-44f4-b661-389e47aa84da","de3ce989-9f1f-4440-bace-a75a4256201a","VIT College","18.4635","73.8682","Lower Indira Nagar Stop","18.4718","73.8618","1","COMPLETED","","","36","2485","2026-09-10T21:00:00.000Z","2026-09-20T10:30:00.000Z"
"ebad17ff-599a-41bf-9ad1-080a098da127","8bcdf3ec-1525-4f90-b62c-388075b37e73","ea497014-e432-4e85-93b4-c928f4928526","Chintamani Nagar","18.4651","73.864","VIT College","18.4635","73.8682","1","CANCELLED","I will wait at the hub","","4","2486","2026-09-11T03:15:00.000Z","2026-09-20T22:30:00.000Z"
"612b8c74-e114-447b-a5d3-67217c0c2bb9","83364ef7-750b-40e9-b1d7-e75c1acf2f12","f3823776-2961-40e6-9f5b-0eb8213276b9","VIT College","18.4635","73.8682","Katraj Terminal","18.4471","73.8562","1","REJECTED","","No seats available","22","2487","2026-09-12T09:00:00.000Z","2026-09-21T05:30:00.000Z"
"22f1f7e9-7a72-47a6-8649-7c95b2e59e2f","4e552f13-553d-493a-bdb4-e8a4726a7d50","2aa9eabe-95db-4ea2-bb38-66742013ed82","Bibwewadi Bus Stop","18.4792","73.8615","VIT College","18.4635","73.8682","1","REJECTED","Please confirm pickup","No seats available","12","2488","2026-09-13T16:15:00.000Z","2026-09-20T21:30:00.000Z"
"bf32f191-7844-4665-acc6-0cce9b5285db","4ab9b0e6-d621-48bc-b910-02b25ebb37f1","91a6f354-971a-42d5-907b-b61d60bd2863","VIT College","18.4635","73.8682","Balaji Nagar BRTS","18.4628","73.8577","1","CANCELLED","I will wait at the hub","","12","2489","2026-09-14T08:00:00.000Z","2026-09-21T03:30:00.000Z"
"569102fc-a435-4558-8917-7ecd84843b66","c72ac630-2128-4bb0-aba8-84e716557c9a","ddde26f0-a657-4cc5-8ef1-1171caad0347","Chintamani Nagar","18.4651","73.864","VIT College","18.4635","73.8682","1","REJECTED","Please confirm pickup","No seats available","6","2490","2026-09-15T22:15:00.000Z","2026-09-20T12:30:00.000Z"
"ce750b90-2c09-47f9-867c-a5d26e9831dc","57aebe55-c7db-4635-9fb4-d015eebc0c2d","f054fa78-46b9-4920-a246-d949c994ef39","VIT College","18.4635","73.8682","Chintamani Nagar","18.4651","73.864","1","REJECTED","","No seats available","10","2491","2026-09-16T01:00:00.000Z","2026-09-20T11:30:00.000Z"
"1a2fc6c3-af29-46d3-a0ca-c46add9ad56b","a7fda605-6fbf-46ed-bf6b-e9b5e96c34a4","cf49cf74-3f6e-4709-821d-0f560bf5bf11","Market Yard Corner","18.4792","73.8581","VIT College","18.4635","73.8682","1","CANCELLED","I will wait at the hub","","62","2492","2026-09-18T08:15:00.000Z","2026-09-21T06:30:00.000Z"
"6ea2a465-5f02-49c9-8a7c-5bfddfebe371","3ccc7a59-3f11-4228-8299-bdbd9ccffc36","f36c8d35-39b1-4fd4-98f7-5ac3c530eab3","VIT College","18.4635","73.8682","Upper Indira Nagar Bus Depot","18.4682","73.8623","1","COMPLETED","Please confirm pickup","","65","2493","2026-09-17T21:00:00.000Z","2026-09-20T13:30:00.000Z"
"62dad8cf-3269-4c87-8e1d-607237ef8057","ca81712f-ae45-4555-b159-71839b6f96f3","d9f990c4-afb2-4074-8034-6a62f6c93ce4","Panchami BRTS","18.4902","73.8586","VIT College","18.4635","73.8682","1","CANCELLED","Please confirm pickup","","75","2494","2026-09-20T15:15:00.000Z","2026-09-20T11:30:00.000Z"
"0bbcd0fe-c4fe-449b-a9c1-797a091492e4","0c167933-9224-46e7-84ea-7afe5ed2a269","55511d2e-aa5e-4cf6-ac0c-2f79fd94ad59","VIT College","18.4635","73.8682","Shankar Maharaj Math","18.4735","73.8579","1","COMPLETED","I will wait at the hub","","30","2495","2026-09-21T13:00:00.000Z","2026-09-21T04:30:00.000Z"
"8cd38939-bedb-40d5-b47b-a7b91228ad8f","4b05f836-ad03-4097-90c1-298e8d0a852a","be3f8ff0-be2c-4cc2-bb19-b7c7caedba70","Lower Indira Nagar Stop","18.4718","73.8618","VIT College","18.4635","73.8682","1","CANCELLED","Please confirm pickup","","11","2496","2026-09-22T22:15:00.000Z","2026-09-21T03:30:00.000Z"
"22330b58-d9d2-41fd-abe7-885722ab71ff","5c88d7ba-ff8e-4b56-b2be-8cb40ca3c867","f6f5aab6-7eb0-41b3-a1ab-500ca62c77fa","VIT College","18.4635","73.8682","Kashinath Patil Nagar Stop","18.4745","73.8631","1","REJECTED","Please confirm pickup","No seats available","14","2497","2026-09-24T11:00:00.000Z","2026-09-20T20:30:00.000Z"
"cdb7d413-7a27-4d41-b8e5-d9fecb05bbec","f3ebf2c3-9778-49de-9d49-3dc10f94c3f9","21dd28b5-e343-467c-9b41-b7f373986e3d","Upper Indira Nagar Bus Depot","18.4682","73.8623","VIT College","18.4635","73.8682","1","CANCELLED","Please confirm pickup","","66","2498","2026-09-23T15:15:00.000Z","2026-09-20T13:30:00.000Z"
"ba6030ce-7a86-4b85-a5e2-19071df6ba7a","727ed4f1-19c6-4f72-a309-afda240e2867","96f0bff7-4a51-45fe-924a-7fd40bd96af0","VIT College","18.4635","73.8682","Lower Indira Nagar Stop","18.4718","73.8618","1","COMPLETED","","","7","2499","2026-09-25T11:00:00.000Z","2026-09-20T21:30:00.000Z"
"533e4ef6-c2b9-4f0c-8f95-6654c237b455","74f4dd31-a309-400c-aee2-f91f7ac85193","a78892d9-93b0-4a78-9a2f-2fad3db5becb","City Pride BRTS","18.4845","73.8583","VIT College","18.4635","73.8682","1","REJECTED","Please confirm pickup","No seats available","25","2500","2026-09-26T00:15:00.000Z","2026-09-21T05:30:00.000Z"
"bcc4e061-0ae5-4a79-883c-cc6aaf11535d","7faa0492-12e5-4a9e-b31b-76e3d7fef397","f256e949-f4e4-4ba3-8ea9-d6a3d0ba8526","VIT College","18.4635","73.8682","Kashinath Patil Nagar Stop","18.4745","73.8631","1","ACCEPTED","I will wait at the hub","","79","2501","2026-09-27T22:00:00.000Z","2026-09-21T04:30:00.000Z"
"eaa0a118-09e5-4c9d-9ac4-bdc77a592e0e","30e4ddae-66c9-4866-b68f-48b04d139cac","a85fce63-b4a4-4d71-9d87-2fb5e4653681","City Pride BRTS","18.4845","73.8583","VIT College","18.4635","73.8682","1","REJECTED","","No seats available","15","2502","2026-09-26T16:15:00.000Z","2026-09-20T12:30:00.000Z"
"00d50ff6-dfbc-4fde-a837-84d797c089ab","3de38902-f24c-4296-8974-79ab136dd31e","fc8036f4-d3bf-49ee-baff-431b84d612ea","VIT College","18.4635","73.8682","Chintamani Nagar","18.4651","73.864","1","PENDING","","","60","2503","2026-09-30T04:00:00.000Z","2026-09-20T17:30:00.000Z"
"9a671178-7e1d-42e2-b7c0-56a45c38964c","77a42f38-3664-4bba-a2a5-288e9759124c","6c3f7adf-4f2a-4914-ba78-8b1548f14a1a","Chintamani Nagar","18.4651","73.864","VIT College","18.4635","73.8682","1","COMPLETED","I will wait at the hub","","23","2504","2026-09-30T21:15:00.000Z","2026-09-21T06:30:00.000Z"
"ad24eed8-04c6-4b38-b2d9-663e75cd6711","3030c4fc-f717-4545-9a5c-be4c04749c81","7833fb03-c858-4574-92d0-cb72030a18eb","VIT College","18.4635","73.8682","Katraj Terminal","18.4471","73.8562","1","PENDING","","","7","2505","2026-09-30T23:00:00.000Z","2026-09-20T10:30:00.000Z"
"8cde69d1-ee2b-414b-93fb-33887ce969a4","843db221-cbb4-4277-b5aa-442f03f5b602","2e0f5d10-9fa3-4578-9046-adc52e9f52d6","Laxmi Narayan Theatre","18.4965","73.8584","VIT College","18.4635","73.8682","1","REJECTED","Please confirm pickup","No seats available","10","2506","2026-10-01T15:15:00.000Z","2026-09-20T21:30:00.000Z"
"6324a6b5-03d1-4d66-8f6b-1423d519cbc8","2ff5e51f-2fc9-439d-8c7f-d9b9ad74eda4","b94bb3da-92c3-4ecf-b576-f9dbbce590b5","VIT College","18.4635","73.8682","KK Market BRTS","18.4683","73.8579","1","PENDING","","","30","2507","2026-10-01T20:00:00.000Z","2026-09-20T10:30:00.000Z"
"3561d351-9877-4d74-ba06-afe82e15d90a","a60e247e-fbac-41a7-9eff-f6a02bc41929","b4419d49-c195-4f67-8a68-1e38418429ef","Swargate BRTS Stop","18.4982","73.8588","VIT College","18.4635","73.8682","1","REJECTED","","No seats available","9","2508","2026-10-03T11:15:00.000Z","2026-09-20T10:30:00.000Z"
"824f83ed-03a2-44f1-abd6-0fc1ab8f106a","b702184a-dc69-4598-a58b-f13f923f328c","f50ed78b-09ac-4340-b6dd-86ae124a356e","VIT College","18.4635","73.8682","Bibwewadi Bus Stop","18.4792","73.8615","1","ACCEPTED","","","17","2509","2026-10-05T23:00:00.000Z","2026-09-20T19:30:00.000Z"
"a36240a2-56d6-4f43-aff0-9528fa4e0300","32ca6a58-6f35-445f-8f40-785e66838476","f996d0d8-1d3e-4780-bb40-a3c76aeca0fe","Bibwewadi Bus Stop","18.4792","73.8615","VIT College","18.4635","73.8682","1","REJECTED","Please confirm pickup","No seats available","36","2510","2026-10-04T08:15:00.000Z","2026-09-20T21:30:00.000Z"
"0f696b80-630a-4ae7-9fb2-8f953a3d9c34","8f24f628-f076-4a48-8fae-f133471c0490","a61af15b-11ce-4c02-a80b-bdf8f24338bc","VIT College","18.4635","73.8682","Shankar Maharaj Math","18.4735","73.8579","1","ACCEPTED","Please confirm pickup","","8","2511","2026-10-08T04:00:00.000Z","2026-09-20T20:30:00.000Z"
"172227c6-04b9-492a-a0b2-9f1d6535c154","b87eed91-78e3-4bcf-af59-1b0a98afab9a","a49cc7a3-0beb-4fbf-8d54-c676dfe72f4b","Laxmi Narayan Theatre","18.4965","73.8584","VIT College","18.4635","73.8682","1","ACCEPTED","","","17","2512","2026-10-06T23:15:00.000Z","2026-09-20T17:30:00.000Z"
"cbc8682b-bd3e-4eb9-b232-65852ced76e8","5e23b2a3-8939-47b8-8ab7-543b143b14e8","df718002-b68d-406f-af02-b7ebdc19dfaa","VIT College","18.4635","73.8682","Bharati Vidyapeeth","18.456","73.8574","1","CANCELLED","Please confirm pickup","","56","2513","2026-10-08T15:00:00.000Z","2026-09-21T01:30:00.000Z"
"a886217c-e356-402b-8362-c849382d7ef1","17fc828a-dc45-4e59-88e8-05df14dae365","665f2a26-5d69-41bd-bd37-5d34e2366453","Swargate BRTS Stop","18.4982","73.8588","VIT College","18.4635","73.8682","1","COMPLETED","I will wait at the hub","","67","2514","2026-10-09T09:15:00.000Z","2026-09-20T22:30:00.000Z"
"fece8748-88e9-4ae9-8734-eb1311a7dfbe","fe3980ab-6681-4aaa-b6b7-f88c7f736dc4","36ffa906-e6db-4e16-8e9b-e3f24ede715c","VIT College","18.4635","73.8682","Kashinath Patil Nagar Stop","18.4745","73.8631","1","ACCEPTED","I will wait at the hub","","69","2515","2026-10-11T06:00:00.000Z","2026-09-20T20:30:00.000Z"
"0d25c046-3a19-469f-b492-da3a555b2283","9ae7df25-367f-42df-bfbd-788443428f8c","61b7de30-6ccf-41d6-881f-85e56e865717","Kashinath Patil Nagar Stop","18.4745","73.8631","VIT College","18.4635","73.8682","1","PENDING","Please confirm pickup","","26","2516","2026-10-12T19:15:00.000Z","2026-09-21T04:30:00.000Z"
"2236b33b-700c-42cf-bba4-9d7f60b04267","f92e45d3-3dcd-4da4-9336-6d6bc5eafdf2","acb16d87-c821-4f83-a7a0-8733496f99be","VIT College","18.4635","73.8682","KK Market BRTS","18.4683","73.8579","1","COMPLETED","Please confirm pickup","","58","2517","2026-10-13T00:00:00.000Z","2026-09-21T01:30:00.000Z"
"358c60f7-62d7-49d1-9a09-5f5fb23ad40e","dec379fd-f1e9-4f2f-a79b-ba1513b320c6","dc034266-a00f-4347-8cd9-5799da807274","Market Yard Corner","18.4792","73.8581","VIT College","18.4635","73.8682","1","REJECTED","Please confirm pickup","No seats available","17","2518","2026-10-14T22:15:00.000Z","2026-09-21T02:30:00.000Z"
"4a7d4e5d-e8e8-4f42-99b3-bf8e898c41f7","3d41d947-5b7e-4b24-89c8-0a0b168fa8f3","7a49978a-5b30-4a61-89ea-d655c3a89110","VIT College","18.4635","73.8682","Balaji Nagar BRTS","18.4628","73.8577","1","PENDING","","","64","2519","2026-10-14T04:00:00.000Z","2026-09-20T22:30:00.000Z"
"8aa5874c-7678-4aa6-b406-560529145909","c7b24a15-2300-43ef-8511-4d5e4039cf9c","53329683-b608-43d8-93dd-40f75fc7d319","Chintamani Nagar","18.4651","73.864","VIT College","18.4635","73.8682","1","PENDING","","","53","2520","2026-10-14T08:15:00.000Z","2026-09-20T16:30:00.000Z"
"1a2ae339-ef06-4eb3-aaa0-5fad29cbb96e","bcb302ed-b8e1-4e7a-b9d9-9711e6345a1a","1d69f9fe-09f6-4a0a-8dc1-753c6b3015e6","VIT College","18.4635","73.8682","Lower Indira Nagar Stop","18.4718","73.8618","1","COMPLETED","","","13","2521","2026-10-16T03:00:00.000Z","2026-09-21T00:30:00.000Z"
"8dc38250-d038-4abd-9d84-7c58023f78b6","13ac3ac3-ca9a-4de6-a758-d65826cd9c6b","c366b16a-709a-4bd5-99f4-4d48e2a64d10","City Pride BRTS","18.4845","73.8583","VIT College","18.4635","73.8682","1","CANCELLED","","","12","2522","2026-10-18T12:15:00.000Z","2026-09-20T12:30:00.000Z"
"5b11dca8-357f-4699-8f05-b9bcddf32872","33bdd8b0-270a-4643-9f36-75481d848392","399cdebc-51c2-422b-87a5-220f8cc2d7ac","VIT College","18.4635","73.8682","Market Yard Corner","18.4792","73.8581","1","COMPLETED","","","63","2523","2026-10-19T04:00:00.000Z","2026-09-20T15:30:00.000Z"
"5e7ee9c6-bf58-41b7-b58f-c7958c582a46","2569287c-15b2-40a3-b5e8-0dafa32939b9","32c9560a-e267-4d5f-85c7-ca585ac3975e","City Pride BRTS","18.4845","73.8583","VIT College","18.4635","73.8682","1","ACCEPTED","Please confirm pickup","","11","2524","2026-10-20T18:15:00.000Z","2026-09-20T15:30:00.000Z"
"54a4fa15-68e5-4716-a831-0285af068cf0","9ecfe2b0-5e2d-4e84-a5cd-6839f27bdeaf","65caf2f5-0b5e-452f-a096-f7f73ba694f9","VIT College","18.4635","73.8682","Market Yard Corner","18.4792","73.8581","1","REJECTED","Please confirm pickup","No seats available","8","2525","2026-10-19T23:00:00.000Z","2026-09-20T20:30:00.000Z"
"9c441d8a-4afe-462e-8610-c1ef18eb041a","2195a3b0-f61c-4a52-8a25-6a6ed093f294","5a240b3c-f182-4a30-82d1-ae0f6586bff3","Laxmi Narayan Theatre","18.4965","73.8584","VIT College","18.4635","73.8682","1","REJECTED","I will wait at the hub","No seats available","21","2526","2026-10-22T21:15:00.000Z","2026-09-20T23:30:00.000Z"
"c0cfd38a-deb7-4263-9444-28eb3f8076fb","6b4dac4b-18f4-4c19-a299-aa891d88d0ef","e16a421d-031b-47d3-936b-9d6bed68b285","VIT College","18.4635","73.8682","Bibwewadi Bus Stop","18.4792","73.8615","1","CANCELLED","I will wait at the hub","","22","2527","2026-10-24T02:00:00.000Z","2026-09-20T15:30:00.000Z"
"34b86ad6-5048-4629-a4c7-e59d81bddd0a","a56af269-ecfc-444d-ae56-6f7c48cdc314","d04ea078-3e78-494d-83a0-92fee39d6bb7","Bibwewadi Bus Stop","18.4792","73.8615","VIT College","18.4635","73.8682","1","ACCEPTED","I will wait at the hub","","6","2528","2026-10-23T20:15:00.000Z","2026-09-20T18:30:00.000Z"
"e429f561-7f71-4245-885c-10f24cd5067b","e02c7b5c-d598-4cca-987c-7e5eeab092fd","b0ac27cd-c785-4a92-96f7-125faca0aafd","VIT College","18.4635","73.8682","Chintamani Nagar","18.4651","73.864","1","COMPLETED","I will wait at the hub","","19","2529","2026-10-25T02:00:00.000Z","2026-09-21T02:30:00.000Z"
"d77574a6-d01b-43b6-86ff-4e2aa35a4837","06ff1ac1-1cdd-4882-a3d4-05e2586953d8","f599bc96-4841-492f-a111-bec5b3b961ae","City Pride BRTS","18.4845","73.8583","VIT College","18.4635","73.8682","1","COMPLETED","","","36","2530","2026-10-26T19:15:00.000Z","2026-09-20T22:30:00.000Z"
"692ee66d-c33b-4c17-b1d3-971013af164d","d0ec488d-7f75-4ee0-8089-7004c1751aa4","20b672de-a2b7-4ee4-8a1e-2dd98d7a3278","VIT College","18.4635","73.8682","Katraj Dairy BRTS","18.4508","73.8569","1","PENDING","Please confirm pickup","","18","2531","2026-10-25T12:00:00.000Z","2026-09-21T01:30:00.000Z"
"e2357e08-9467-49f4-89cb-b15c75c79a9f","84212ac4-5d8a-494b-9283-1b20b1a76cbd","e0a60ad9-cc73-4c06-a3f4-008b5f55a00b","Market Yard Corner","18.4792","73.8581","VIT College","18.4635","73.8682","1","COMPLETED","I will wait at the hub","","11","2532","2026-10-27T18:15:00.000Z","2026-09-21T03:30:00.000Z"
"58764f7b-5e1b-4747-9a12-ccd6d15aaf8d","65de9618-15bc-453c-955c-fd27adf9016d","aa992245-dc20-4688-8711-279522417636","VIT College","18.4635","73.8682","Upper Indira Nagar Bus Depot","18.4682","73.8623","1","REJECTED","","No seats available","23","2533","2026-10-27T16:00:00.000Z","2026-09-20T15:30:00.000Z"
"c66c6f37-ef60-4835-a209-11d0df50e3e3","7f26a95b-2271-4604-96f8-020cce5b4e5a","3a674059-212e-43b5-bfeb-fc6ed59e20f7","Swargate BRTS Stop","18.4982","73.8588","VIT College","18.4635","73.8682","1","COMPLETED","","","11","2534","2026-10-30T22:15:00.000Z","2026-09-20T22:30:00.000Z"
"3aa5cd05-55c8-4625-a364-236d30cff88e","19cf44e4-1c4e-447c-8642-a6400160c5f6","e49978a2-3a3c-40a9-aa44-f434bfa66b81","VIT College","18.4635","73.8682","Bibwewadi Bus Stop","18.4792","73.8615","1","REJECTED","","No seats available","25","2535","2026-10-30T08:00:00.000Z","2026-09-20T19:30:00.000Z"
"bb6eb2f5-92c6-4a86-a8da-cb70487c69cf","d5f8b7ff-1ca7-4515-845e-2a47b27ebb3d","e338d25f-f71d-4949-82c9-72ff79bd50e0","Lower Indira Nagar Stop","18.4718","73.8618","VIT College","18.4635","73.8682","1","REJECTED","","No seats available","13","2536","2026-10-31T00:15:00.000Z","2026-09-20T12:30:00.000Z"
"a2eef420-60a4-41b9-9eab-a916de4e7a13","72bb384d-a783-4648-9d05-e14a47cf3d8f","fd00b702-8bbe-4108-ab3e-1e21ba029f40","VIT College","18.4635","73.8682","Balaji Nagar BRTS","18.4628","73.8577","1","REJECTED","","No seats available","29","2537","2026-11-03T02:00:00.000Z","2026-09-21T01:30:00.000Z"
"a88afd3c-00fe-4694-a953-0dac7b35e71e","b2daa0a6-5836-4cf0-b8f5-5bde896f302b","b4c86de6-995d-4335-a3bb-265de522aecf","Swargate PMPML Main Bus Stand","18.4991","73.8583","VIT College","18.4635","73.8682","1","COMPLETED","","","71","2538","2026-11-03T09:15:00.000Z","2026-09-21T05:30:00.000Z"
"4f396c13-ca64-43c9-ae02-56b05b824a7e","7492c402-6884-42d7-b59a-744d9e152f50","c9ab0de5-362b-43a7-9367-b620469096dd","VIT College","18.4635","73.8682","Lower Indira Nagar Stop","18.4718","73.8618","1","REJECTED","","No seats available","5","2539","2026-11-03T16:00:00.000Z","2026-09-21T03:30:00.000Z"
"081f9a13-890e-4cb7-bf1d-62dfe573a3c8","69749b31-ab8f-465d-aeed-75509f596ee2","ec928319-dcb1-4ffc-9713-393fac2f402a","Bibwewadi Bus Stop","18.4792","73.8615","VIT College","18.4635","73.8682","1","CANCELLED","I will wait at the hub","","68","2540","2026-08-05T23:15:00.000Z","2026-09-20T19:30:00.000Z"
"9320a4fc-ee6f-4e63-bd1f-1aab36485519","613ba694-3e7c-43c2-85d9-8c48e3915e08","4fee29cb-0687-44a2-9f09-3ba85cef33d1","VIT College","18.4635","73.8682","Bharati Vidyapeeth","18.456","73.8574","1","COMPLETED","I will wait at the hub","","8","2541","2026-08-07T22:00:00.000Z","2026-09-20T18:30:00.000Z"
"b453b339-5658-44e6-80c7-3dc63535c3a4","ee8ac974-e22a-48eb-886a-1e97cec25f9b","9e5cb7c9-7ef5-48c4-9a63-9e419dbc1b10","Laxmi Narayan Theatre","18.4965","73.8584","VIT College","18.4635","73.8682","1","REJECTED","","No seats available","8","2542","2026-08-08T22:15:00.000Z","2026-09-20T23:30:00.000Z"
"0a0f1dd4-c1a3-4064-8b5c-3a85c8a82dc8","60be6092-85d6-46cb-86d2-64c2d92b96a5","8e8cd61b-b7bc-4aca-9fce-e812388f43cc","VIT College","18.4635","73.8682","Kashinath Patil Nagar Stop","18.4745","73.8631","1","ACCEPTED","I will wait at the hub","","37","2543","2026-08-09T18:00:00.000Z","2026-09-20T18:30:00.000Z"
"43b2defb-6671-45e7-81c0-4497a344fa19","21801c4b-5ec6-48d9-859b-744725bb4c6b","286cf4ab-43ca-4259-b0fc-da25195d0244","Panchami BRTS","18.4902","73.8586","VIT College","18.4635","73.8682","1","PENDING","","","29","2544","2026-08-12T01:15:00.000Z","2026-09-21T06:30:00.000Z"
"634071a6-fa74-4d47-9766-80fa93fbe4c6","f8ef6e23-d0a7-498e-9054-ac248c942867","8574ead2-c80a-462a-8ad9-5f880cff1bd5","VIT College","18.4635","73.8682","Katraj Terminal","18.4471","73.8562","1","CANCELLED","I will wait at the hub","","36","2545","2026-08-12T16:00:00.000Z","2026-09-20T10:30:00.000Z"
"5d25db69-acc3-4c8f-a7f6-029b1193a13d","1f515b63-70bd-43ce-b2b6-42af637e7a4a","97e2c868-d328-4e04-a87f-cdd9bf32f321","Laxmi Narayan Theatre","18.4965","73.8584","VIT College","18.4635","73.8682","1","REJECTED","I will wait at the hub","No seats available","27","2546","2026-08-11T10:15:00.000Z","2026-09-21T00:30:00.000Z"
"21313532-6ec9-4036-8d46-88c6f716720c","62a6ad9d-040a-46b9-86a4-98e88b3b4478","6dbaac16-eca9-4619-9461-cf1f791691ff","VIT College","18.4635","73.8682","Bibwewadi Bus Stop","18.4792","73.8615","1","CANCELLED","I will wait at the hub","","25","2547","2026-08-14T12:00:00.000Z","2026-09-20T23:30:00.000Z"
"049eac99-3009-4995-8ccd-f044753c0411","6fc8d650-22f8-42f1-b4c9-bdcadd3364d9","a0c0f44b-0991-4b2f-8eac-5c0f929d5d9a","Market Yard Corner","18.4792","73.8581","VIT College","18.4635","73.8682","1","PENDING","I will wait at the hub","","15","2548","2026-08-15T06:15:00.000Z","2026-09-21T04:30:00.000Z"
"d996a7e7-e78a-49a8-adc2-9f8abd198b71","e93b9a72-7b21-49b6-bce7-658180d0c954","93fc6c87-52d4-41ea-a349-e5ddc835fe35","VIT College","18.4635","73.8682","Bibwewadi Bus Stop","18.4792","73.8615","1","PENDING","Please confirm pickup","","53","2549","2026-08-16T13:00:00.000Z","2026-09-20T11:30:00.000Z"
"ff04cb49-2f47-40f9-a275-43cc36758bc6","31c4e25f-857a-4921-b0e3-4b44ed68b09f","cba87ecd-54b1-4aae-9469-fa73c5a1965e","Bibwewadi Bus Stop","18.4792","73.8615","VIT College","18.4635","73.8682","1","ACCEPTED","Please confirm pickup","","29","2550","2026-08-15T23:15:00.000Z","2026-09-20T15:30:00.000Z"
"0971c8c0-912f-4570-a4a7-fabafabd5009","4ac163ce-436a-4798-8087-7007c8533bb9","7bb61148-2622-4c7a-a643-c561dfafb01a","VIT College","18.4635","73.8682","Kashinath Patil Nagar Stop","18.4745","73.8631","1","ACCEPTED","","","12","2551","2026-08-18T16:00:00.000Z","2026-09-20T22:30:00.000Z"
"23ebb77b-864c-41dc-80bb-bdbe8769690a","fbb01cb7-ffcc-4c55-bcb6-a3649322d9f7","c1485f8d-0ff6-4d51-a3fe-b9cc726fcca1","Lower Indira Nagar Stop","18.4718","73.8618","VIT College","18.4635","73.8682","1","CANCELLED","","","26","2552","2026-08-19T00:15:00.000Z","2026-09-20T23:30:00.000Z"
"036afac0-aa72-4575-8dee-0c6778e0ac4c","4e0d44dd-4e24-4759-80f9-aa605a9da707","52587ca0-dfe6-482f-bcac-5efecd9cb9c3","VIT College","18.4635","73.8682","Bibwewadi Bus Stop","18.4792","73.8615","1","REJECTED","","No seats available","9","2553","2026-08-20T08:00:00.000Z","2026-09-21T05:30:00.000Z"
"461e29f4-675e-4fac-9eed-e757b9b47f34","df163bed-b810-40fd-a447-881153897bef","adfaa168-2d4e-439d-b336-2a1e0b068a71","Swargate PMPML Main Bus Stand","18.4991","73.8583","VIT College","18.4635","73.8682","1","CANCELLED","I will wait at the hub","","3","2554","2026-08-20T09:15:00.000Z","2026-09-21T04:30:00.000Z"
"45806cf6-b3f7-4a0e-8872-d17d7f1bdde3","6c7c1fe1-6540-4e1a-9e85-46a542e5a84b","bc632420-5e50-4e7f-82f8-381b3e8cb729","VIT College","18.4635","73.8682","Bharati Vidyapeeth","18.456","73.8574","1","ACCEPTED","","","23","2555","2026-08-21T08:00:00.000Z","2026-09-20T22:30:00.000Z"
"ed3b33c3-4780-4ec0-a70c-765d6852316a","ca344930-0efc-4f26-bc6f-a9006900db8e","c352d64d-d07b-4edc-951e-c01334524a56","Panchami BRTS","18.4902","73.8586","VIT College","18.4635","73.8682","1","CANCELLED","I will wait at the hub","","9","2556","2026-08-23T02:15:00.000Z","2026-09-20T11:30:00.000Z"
"b0a01ffd-2ed4-4cc9-a1cd-d6a6fe439a32","123e508f-3ea8-4690-9d05-50b9c726385e","4a67ecba-b514-4d87-beb3-0515635ecc2e","VIT College","18.4635","73.8682","KK Market BRTS","18.4683","73.8579","1","CANCELLED","I will wait at the hub","","44","2557","2026-08-25T05:00:00.000Z","2026-09-20T13:30:00.000Z"
"24a03495-4f0f-4d5c-9d00-8411503878b4","2be199f1-236b-4c4c-95d5-07a1a637ba28","5a542579-2130-44d7-a1c7-dde5ad030d85","Chintamani Nagar","18.4651","73.864","VIT College","18.4635","73.8682","1","COMPLETED","I will wait at the hub","","24","2558","2026-08-23T08:15:00.000Z","2026-09-20T22:30:00.000Z"
"dbebe2c3-2033-4280-9e76-86458cb75673","4f28a994-b09c-4eb8-a485-90791a66b290","48157b16-b775-431a-954d-8b033f391056","VIT College","18.4635","73.8682","Katraj Terminal","18.4471","73.8562","1","CANCELLED","I will wait at the hub","","37","2559","2026-08-24T21:00:00.000Z","2026-09-21T04:30:00.000Z"
"74402f5e-5194-48c7-b249-f57271987ae6","486c7829-8841-4380-a7f0-e36a01eeca68","83beeb25-e5a8-4d3e-aab1-07e4280fae11","Market Yard Corner","18.4792","73.8581","VIT College","18.4635","73.8682","1","COMPLETED","Please confirm pickup","","8","2560","2026-08-26T11:15:00.000Z","2026-09-21T00:30:00.000Z"
"b9c7ed9b-af4c-4105-9105-65d9880e8199","779af6dc-6f98-41d7-ab09-ee759fac0e2f","f16b2296-c08c-4229-b1cd-9d4425b7954a","VIT College","18.4635","73.8682","Kashinath Patil Nagar Stop","18.4745","73.8631","1","REJECTED","Please confirm pickup","No seats available","18","2561","2026-08-26T13:00:00.000Z","2026-09-20T21:30:00.000Z"
"5c5d31f2-f3a2-497c-897d-fc27066436c3","5c8a72b3-0e4a-4109-b60b-3bbd846479c9","2f39eb16-ab4f-4c25-a572-9a7be1ef7dcd","Kashinath Patil Nagar Stop","18.4745","73.8631","VIT College","18.4635","73.8682","1","PENDING","I will wait at the hub","","14","2562","2026-08-29T22:15:00.000Z","2026-09-20T13:30:00.000Z"
"09b7cf05-5ea2-4875-a20a-ea34c10ec616","6c723a3b-9cf7-4c29-acea-b8e91eac6037","b9a94dba-cbdd-4dab-b668-c38541a542df","VIT College","18.4635","73.8682","Upper Indira Nagar Bus Depot","18.4682","73.8623","1","COMPLETED","Please confirm pickup","","32","2563","2026-08-28T20:00:00.000Z","2026-09-20T19:30:00.000Z"
"cbbccca2-18d8-428e-bd2d-d74d22287333","9ea78b52-e13e-41aa-b6e6-c6fb804b9d6a","91b6dba8-c5ee-49b6-8e0e-cdb6deb6d498","Kashinath Patil Nagar Stop","18.4745","73.8631","VIT College","18.4635","73.8682","1","CANCELLED","Please confirm pickup","","73","2564","2026-08-29T20:15:00.000Z","2026-09-21T04:30:00.000Z"
"93884845-f5a3-4bc5-b385-41971402eba0","c66dd1ed-18b4-4685-afa4-ba930d2ec6ae","5bfe2107-4596-4e4b-8e28-b4761607f7e9","VIT College","18.4635","73.8682","Upper Indira Nagar Bus Depot","18.4682","73.8623","1","REJECTED","I will wait at the hub","No seats available","29","2565","2026-08-31T15:00:00.000Z","2026-09-20T19:30:00.000Z"
"fc49ce75-2143-46df-996a-bbd9423eb794","4b422e98-d5a6-4579-aa76-42b78890e429","eb966ee8-6300-4734-85a3-fe051d2fa003","Swargate BRTS Stop","18.4982","73.8588","VIT College","18.4635","73.8682","1","COMPLETED","Please confirm pickup","","5","2566","2026-09-02T13:15:00.000Z","2026-09-20T14:30:00.000Z"
"d0afbad8-d185-4e33-a05e-54ddd3d406bd","ba00c892-2844-4ab3-879b-9a9dc2b0af3f","b3149c9d-7e24-49af-9af5-ce51be3f88b9","VIT College","18.4635","73.8682","Shankar Maharaj Math","18.4735","73.8579","1","COMPLETED","Please confirm pickup","","27","2567","2026-09-01T14:00:00.000Z","2026-09-20T18:30:00.000Z"
"7578749f-83bb-4191-a3ec-dae46073d881","3b1db765-fbbb-466f-a731-bc05630e3858","5b200900-fdec-42f4-bd7a-10e50182556a","City Pride BRTS","18.4845","73.8583","VIT College","18.4635","73.8682","1","REJECTED","","No seats available","28","2568","2026-09-04T19:15:00.000Z","2026-09-21T05:30:00.000Z"
"31c8c187-88de-4906-b908-3988e3ecedec","1b8a5b75-d5a5-49f6-a51f-892105a811d8","ff4be7d8-c958-42da-b75f-f3df6987f079","VIT College","18.4635","73.8682","Balaji Nagar BRTS","18.4628","73.8577","1","CANCELLED","I will wait at the hub","","18","2569","2026-09-04T15:00:00.000Z","2026-09-21T01:30:00.000Z"
"b058c830-0a34-4caf-b3a6-4c7b7652c2d6","5b9cb057-d1d3-4cf0-ad40-f0f71cabc014","abc3a47b-8ad1-4b85-9c68-7d9ca2c6091e","Laxmi Narayan Theatre","18.4965","73.8584","VIT College","18.4635","73.8682","1","REJECTED","I will wait at the hub","No seats available","21","2570","2026-09-05T20:15:00.000Z","2026-09-20T22:30:00.000Z"
"ad1d2010-2999-4815-9b46-69006df586d3","45ab89bc-1712-4465-8ccc-7655a5de55f9","a4e13249-216e-49cd-8abf-6f5bd9c3fe4c","VIT College","18.4635","73.8682","Market Yard Corner","18.4792","73.8581","1","CANCELLED","I will wait at the hub","","15","2571","2026-09-07T06:00:00.000Z","2026-09-20T13:30:00.000Z"
"f88cd94e-2baa-485c-8f30-dfa120b34968","6db03bbb-4d28-4aa6-ab41-981cd5606957","9449171f-669b-4ae3-8a11-85c2698005b4","Market Yard Corner","18.4792","73.8581","VIT College","18.4635","73.8682","1","REJECTED","Please confirm pickup","No seats available","26","2572","2026-09-08T09:15:00.000Z","2026-09-20T17:30:00.000Z"
"d7e7e0fb-a407-49ac-b1ff-cba4df46d451","60ddfbc2-dcb5-4b92-a7c4-51c191b4a376","7b50af0a-e87a-4600-b547-06ff9da50ada","VIT College","18.4635","73.8682","Katraj Dairy BRTS","18.4508","73.8569","1","CANCELLED","Please confirm pickup","","24","2573","2026-09-08T09:00:00.000Z","2026-09-20T18:30:00.000Z"
"107fc5c4-1930-4fca-8af8-8e350078a2c0","c9a57223-aeb8-4e50-9854-0070f3c536ba","49e5dc79-ab6d-4188-9d10-62c1b84c7f5c","Panchami BRTS","18.4902","73.8586","VIT College","18.4635","73.8682","1","CANCELLED","","","2","2574","2026-09-08T07:15:00.000Z","2026-09-20T17:30:00.000Z"
"25cfb5ef-608a-4a16-b3f1-719beb789840","9ee59e35-056b-4d71-ac1c-341202fb26ed","b9d9e60d-de32-4732-8eb8-480e0e81bcbf","VIT College","18.4635","73.8682","Chintamani Nagar","18.4651","73.864","1","ACCEPTED","I will wait at the hub","","1","2575","2026-09-10T11:00:00.000Z","2026-09-20T21:30:00.000Z"
"a38802a6-ff06-4f5b-a5f7-4f62998f6265","95e93a87-27ee-4ca0-b3cd-8695eb53eb78","15d12fa2-5285-4e19-a290-344ead002d9f","City Pride BRTS","18.4845","73.8583","VIT College","18.4635","73.8682","1","REJECTED","Please confirm pickup","No seats available","15","2576","2026-09-12T02:15:00.000Z","2026-09-20T10:30:00.000Z"
"741857f3-365d-433f-bff4-9e09e51cd552","0065da03-c4a0-463b-bbce-a338e78a7abd","772a4089-be1c-415b-9115-5af745dcbd7e","VIT College","18.4635","73.8682","Bibwewadi Bus Stop","18.4792","73.8615","1","REJECTED","I will wait at the hub","No seats available","9","2577","2026-09-12T01:00:00.000Z","2026-09-20T14:30:00.000Z"
"482e4c5b-aae1-448d-b9af-0f5d4f8a1bf5","f2388f06-651a-4bbc-844e-a18f213c7c17","dae29690-62f3-4202-8961-05b05ec7dcc6","Kashinath Patil Nagar Stop","18.4745","73.8631","VIT College","18.4635","73.8682","1","REJECTED","Please confirm pickup","No seats available","3","2578","2026-09-12T05:15:00.000Z","2026-09-21T06:30:00.000Z"
"5f30e42e-13c6-44d5-a6f7-126df87af5ff","9ccd89c5-9b93-4a5e-94b7-69b12d8c1962","b53fb963-29ea-4299-915f-2cf34647fe2b","VIT College","18.4635","73.8682","Chintamani Nagar","18.4651","73.864","1","REJECTED","I will wait at the hub","No seats available","18","2579","2026-09-15T06:00:00.000Z","2026-09-20T10:30:00.000Z"
"7304f9b6-120c-409a-a61f-e8f025cec946","80f4cb7d-0003-407e-aa9f-5d4d85dac997","02927b89-ffa8-40e0-963e-2651a35e576d","Chintamani Nagar","18.4651","73.864","VIT College","18.4635","73.8682","1","PENDING","I will wait at the hub","","56","2580","2026-09-16T10:15:00.000Z","2026-09-20T19:30:00.000Z"
"13251c14-9446-4acc-a817-3b23110490df","79b43ff4-87f4-4ace-8679-16b42cb33ad5","aa3e3c66-ecde-4e1f-9ce3-1617c0ecdcef","VIT College","18.4635","73.8682","Katraj Dairy BRTS","18.4508","73.8569","1","PENDING","Please confirm pickup","","6","2581","2026-09-18T02:00:00.000Z","2026-09-20T17:30:00.000Z"
"221abe8a-c975-49cd-ac03-01cc6d1062a1","6f535cbb-80e2-4968-bcd9-f7016b177cae","e0ad93ac-7350-43c7-be63-6b8925810342","Laxmi Narayan Theatre","18.4965","73.8584","VIT College","18.4635","73.8682","1","REJECTED","I will wait at the hub","No seats available","22","2582","2026-09-16T12:15:00.000Z","2026-09-21T00:30:00.000Z"
"98bd6a12-6296-4f42-98a9-413177b766c4","23626a72-9385-46f6-a839-c14d118dd91b","1734859f-c79f-4dfa-95dd-e252c5d669fc","VIT College","18.4635","73.8682","Lower Indira Nagar Stop","18.4718","73.8618","1","PENDING","Please confirm pickup","","28","2583","2026-09-18T16:00:00.000Z","2026-09-21T06:30:00.000Z"
"5ebe3d79-7e8d-4310-9ae0-d295432a2bd8","ba7bfc1b-25ba-4a42-a0a3-a144d7ec29ae","3a8f1c12-2394-4eb5-8694-7152af59c7d0","Upper Indira Nagar Bus Depot","18.4682","73.8623","VIT College","18.4635","73.8682","1","REJECTED","Please confirm pickup","No seats available","39","2584","2026-09-20T01:15:00.000Z","2026-09-21T03:30:00.000Z"
"7aa29c2c-643d-42d5-b3d4-ebd247be466e","f7c3edde-8d74-4490-afc2-6830ce3be3e9","443d0a1a-c4da-4cf7-9517-4c02de0dff9c","VIT College","18.4635","73.8682","Balaji Nagar BRTS","18.4628","73.8577","1","CANCELLED","Please confirm pickup","","37","2585","2026-09-22T01:00:00.000Z","2026-09-20T18:30:00.000Z"
"9742fe1b-139f-46ac-9f5d-cd154c5ef3a0","383334eb-8e6f-45e0-a74f-f27d7923a853","5c76a658-080e-4482-b7f5-3c04ef99ff4f","Swargate PMPML Main Bus Stand","18.4991","73.8583","VIT College","18.4635","73.8682","1","CANCELLED","","","6","2586","2026-09-22T08:15:00.000Z","2026-09-20T21:30:00.000Z"
"9177a940-667d-4e3a-b8b3-01d312da53f1","f7b6f59b-ebce-4ea1-a91a-c0ed82b55535","fa4b13bc-6768-4b5d-843e-2b8836ed9113","VIT College","18.4635","73.8682","Kashinath Patil Nagar Stop","18.4745","73.8631","1","COMPLETED","I will wait at the hub","","26","2587","2026-09-22T21:00:00.000Z","2026-09-21T01:30:00.000Z"
"7bd119c5-20c7-4a4b-9ecc-3ef628c1b856","77248a4c-1d18-46aa-bda2-50badfa9a128","2139d70e-ad87-4ff0-985d-00ddaa9d1f33","Swargate BRTS Stop","18.4982","73.8588","VIT College","18.4635","73.8682","1","CANCELLED","I will wait at the hub","","12","2588","2026-09-22T08:15:00.000Z","2026-09-20T16:30:00.000Z"
"3d68e6cd-8a1b-4dcd-a6a5-cede718bf084","0e23714a-8fc8-4516-913a-d61ce96d2f6c","916eed74-db65-4e11-bce1-ffc16e674a10","VIT College","18.4635","73.8682","Katraj Terminal","18.4471","73.8562","1","CANCELLED","Please confirm pickup","","30","2589","2026-09-24T06:00:00.000Z","2026-09-20T19:30:00.000Z"
"cdf7e400-8bc0-4bf1-9daf-dcef8007bfbe","659bb4cc-28f2-40ec-9aa2-12bca3d2f4c6","bab50b6c-7a07-4417-adaf-0a3f199ba726","Swargate PMPML Main Bus Stand","18.4991","73.8583","VIT College","18.4635","73.8682","1","ACCEPTED","","","28","2590","2026-09-24T05:15:00.000Z","2026-09-20T21:30:00.000Z"
"bbf455e2-d533-4482-8f89-5dc17bb1548d","a040ab92-a6d6-4fa4-8342-cb29cac3e2b3","7f819a59-7908-47e3-8d88-f31823ce6b9f","VIT College","18.4635","73.8682","Upper Indira Nagar Bus Depot","18.4682","73.8623","1","PENDING","Please confirm pickup","","4","2591","2026-09-25T19:00:00.000Z","2026-09-21T02:30:00.000Z"
"8dff8cdc-23e2-4730-8911-29cd53704d7b","797003c1-bbcb-4d03-8990-1644062bd768","fa8313a6-d0cd-4c89-ac5a-1bcf559767e4","Swargate BRTS Stop","18.4982","73.8588","VIT College","18.4635","73.8682","1","REJECTED","","No seats available","28","2592","2026-09-26T05:15:00.000Z","2026-09-20T12:30:00.000Z"
"a219b004-cc04-4f36-8b3b-b50cb2d2703a","efbb5164-3247-4ace-bf91-60acbfeffdd1","25e86fcd-e6f3-4cae-abe5-69da8dc4879a","VIT College","18.4635","73.8682","KK Market BRTS","18.4683","73.8579","1","COMPLETED","I will wait at the hub","","27","2593","2026-09-29T21:00:00.000Z","2026-09-20T21:30:00.000Z"
"b4da192d-7fa7-4dfd-b4cd-c42012f5dc34","26051dbe-7196-4480-9f96-304a9a97e6a6","7ecb9a58-e71e-47e3-b199-1b14f78ab1cd","City Pride BRTS","18.4845","73.8583","VIT College","18.4635","73.8682","1","ACCEPTED","Please confirm pickup","","25","2594","2026-09-30T14:15:00.000Z","2026-09-20T10:30:00.000Z"
"f7b46583-67a5-4416-8a7f-46615ac464e8","9b0536cc-3796-4542-a244-927ad576e6cb","61a5fb10-8cc3-48db-a009-2fdb4eb9c378","VIT College","18.4635","73.8682","Market Yard Corner","18.4792","73.8581","1","REJECTED","Please confirm pickup","No seats available","28","2595","2026-09-29T19:00:00.000Z","2026-09-20T13:30:00.000Z"
"2771005f-fedc-42e0-af96-4cd12b4edd52","b8e91512-a362-4886-a19a-d3890cbb5545","11e76d6b-888c-4c86-a3f2-2d4bab255598","Swargate PMPML Main Bus Stand","18.4991","73.8583","VIT College","18.4635","73.8682","1","CANCELLED","Please confirm pickup","","6","2596","2026-10-02T04:15:00.000Z","2026-09-21T06:30:00.000Z"
"a92a5fda-ff04-4d3f-9924-c0c2b7c41490","84e3ef14-da9e-426d-9e7d-2c0ac184c535","38d92c3f-f6e4-4c90-add9-6f5ecbcd5bde","VIT College","18.4635","73.8682","Katraj Dairy BRTS","18.4508","73.8569","1","CANCELLED","Please confirm pickup","","68","2597","2026-10-03T10:00:00.000Z","2026-09-20T23:30:00.000Z"
"d1caa6c9-7f5c-4d65-8f48-017a12383a2c","0b5519b2-104f-4bca-b458-64f4400b8d97","5b9101ca-8247-4c12-bf7c-68abf2b98166","Kashinath Patil Nagar Stop","18.4745","73.8631","VIT College","18.4635","73.8682","1","ACCEPTED","Please confirm pickup","","34","2598","2026-10-03T19:15:00.000Z","2026-09-20T23:30:00.000Z"
"e03ae937-9bbe-4fdf-b070-16a5c18efa6e","8032cd99-e12f-4ec2-9569-017e1ae509a9","95204930-6f62-4024-8493-801a30e46f1a","VIT College","18.4635","73.8682","Market Yard Corner","18.4792","73.8581","1","PENDING","","","79","2599","2026-10-05T19:00:00.000Z","2026-09-20T15:30:00.000Z"
"33b000cb-f57d-49c7-992b-052ca4a01a46","56b7d79f-522f-4f5a-8729-1e0fc9091cab","ce05a8a6-09ab-4705-92d1-3f61a51fd69d","Panchami BRTS","18.4902","73.8586","VIT College","18.4635","73.8682","1","ACCEPTED","Please confirm pickup","","24","2600","2026-10-04T18:15:00.000Z","2026-09-21T03:30:00.000Z"
"6d8026bb-ec8b-400a-8a16-599111213338","f15d4dc8-30c1-4d57-b9f7-d956cd6d67cb","2f12a413-553c-4203-bffb-955e3123875f","VIT College","18.4635","73.8682","Lower Indira Nagar Stop","18.4718","73.8618","1","REJECTED","","No seats available","23","2601","2026-10-06T18:00:00.000Z","2026-09-21T03:30:00.000Z"
"1baee5cc-0815-49a8-95f0-35b5527e10a0","61821a7c-59ee-49c4-9f97-33222e7a3e05","7a6f894d-c3ee-4aa4-a5c8-b62bdfa18164","Panchami BRTS","18.4902","73.8586","VIT College","18.4635","73.8682","1","CANCELLED","I will wait at the hub","","47","2602","2026-10-06T17:15:00.000Z","2026-09-21T02:30:00.000Z"
"6e15a0ec-9edb-4b61-ab0a-eb83a93258eb","56c03a0f-fed6-4ca7-82c5-f3d96fb219b8","f0be6e7d-be56-4dae-a215-ca68d901c731","VIT College","18.4635","73.8682","Kashinath Patil Nagar Stop","18.4745","73.8631","1","REJECTED","","No seats available","14","2603","2026-10-09T22:00:00.000Z","2026-09-20T19:30:00.000Z"
"428980e3-1c01-488d-85c5-e59735fc0ce1","ae5704d3-79c1-48bf-b46d-1a276feed183","6afa4784-41a5-471b-8dbf-dcd4ef8d1af1","Swargate PMPML Main Bus Stand","18.4991","73.8583","VIT College","18.4635","73.8682","1","REJECTED","I will wait at the hub","No seats available","13","2604","2026-10-10T16:15:00.000Z","2026-09-20T23:30:00.000Z"
"1f803cb9-8a31-4942-94f0-5a1727ebbdea","9b4e14f4-6393-478e-9967-9ba1024e5111","ef881127-bf53-4e44-ac88-4d08e32ca7a0","VIT College","18.4635","73.8682","Balaji Nagar BRTS","18.4628","73.8577","1","REJECTED","I will wait at the hub","No seats available","20","2605","2026-10-09T22:00:00.000Z","2026-09-20T22:30:00.000Z"
"83e34e00-fe6f-42e4-8c6b-92663c4501e6","9ee17578-577a-4d17-91ea-a1862a7bb957","b2a75502-d4ef-429e-8b73-61e440e0983f","Upper Indira Nagar Bus Depot","18.4682","73.8623","VIT College","18.4635","73.8682","1","REJECTED","Please confirm pickup","No seats available","16","2606","2026-10-10T17:15:00.000Z","2026-09-20T19:30:00.000Z"
"4528ab5d-0d8e-425c-9a71-5ccc97d52c57","cc7a7726-535c-4056-bf4a-94ef2b88d03d","b3d23434-7107-4dee-ad1b-eebdb7958392","VIT College","18.4635","73.8682","Shankar Maharaj Math","18.4735","73.8579","1","CANCELLED","Please confirm pickup","","19","2607","2026-10-12T06:00:00.000Z","2026-09-21T06:30:00.000Z"
"c16490cf-dcfd-43ea-8140-4f63e557e9bf","72bf91fc-d001-4a56-82a4-d1eb501ba250","24d2a11e-ee6c-4f5b-80ff-7fb9eb39ac32","Market Yard Corner","18.4792","73.8581","VIT College","18.4635","73.8682","1","COMPLETED","I will wait at the hub","","20","2608","2026-10-14T12:15:00.000Z","2026-09-21T05:30:00.000Z"
"0b378783-dae2-414a-b3a9-eb066cf9fd65","b57bb7d4-6e87-4871-8a6a-4e0c24c47d5e","37b52895-1597-4763-836c-78a8301f11b4","VIT College","18.4635","73.8682","Bharati Vidyapeeth","18.456","73.8574","1","ACCEPTED","Please confirm pickup","","71","2609","2026-10-13T21:00:00.000Z","2026-09-20T10:30:00.000Z"
"25deaf34-bfc8-475c-a1d6-5879ca66d22f","de3d37bf-00e4-47d1-a5dc-f06a4ad52cc9","5adcb3aa-a473-41ba-8a29-2fa570db158b","Market Yard Corner","18.4792","73.8581","VIT College","18.4635","73.8682","1","ACCEPTED","","","18","2610","2026-10-15T12:15:00.000Z","2026-09-21T00:30:00.000Z"
"caf39f16-960b-4299-b8c7-d813da4e751a","f411ea9b-73d0-472c-95c5-b62213b7b36a","3e9526f5-f65f-4da1-a2b1-553ce23973f7","VIT College","18.4635","73.8682","Lower Indira Nagar Stop","18.4718","73.8618","1","COMPLETED","I will wait at the hub","","20","2611","2026-10-16T18:00:00.000Z","2026-09-20T13:30:00.000Z"
"7adbd68b-ecbf-4b1a-b7c3-76fbdce1de80","b8d59a45-5514-4c99-8110-80bd75766604","fbb85f19-6812-469a-9a7e-c060b8e1330e","Market Yard Corner","18.4792","73.8581","VIT College","18.4635","73.8682","1","CANCELLED","","","21","2612","2026-10-16T09:15:00.000Z","2026-09-20T20:30:00.000Z"
"24d53e38-8fda-4bd0-944c-e278e1857c21","aeda5618-e936-41db-9c78-baceabe60e7c","4e00ed27-5fe2-4835-b43b-aad7700f4e90","VIT College","18.4635","73.8682","Lower Indira Nagar Stop","18.4718","73.8618","1","ACCEPTED","","","6","2613","2026-10-20T06:00:00.000Z","2026-09-21T03:30:00.000Z"
"675141c3-3322-425b-b9b6-d558e9faa000","94cdd2bb-0863-4cd7-88f6-01b233e9a98e","85802130-aece-4a5c-b091-be9de76fa62e","Market Yard Corner","18.4792","73.8581","VIT College","18.4635","73.8682","1","PENDING","","","16","2614","2026-10-18T18:15:00.000Z","2026-09-21T02:30:00.000Z"
"0f85c349-f310-4562-96c6-3754e898fac9","7c208ee0-ee1a-43cd-8991-2b2d1517daa1","1e8f38cb-b0ae-4701-9268-3c8e55456ef9","VIT College","18.4635","73.8682","KK Market BRTS","18.4683","73.8579","1","ACCEPTED","I will wait at the hub","","30","2615","2026-10-22T02:00:00.000Z","2026-09-21T03:30:00.000Z"
"073a6477-7a2b-4992-a078-33e9884e08ad","9e62d7b8-e849-4ca3-a5d9-64e5775dbaee","033a0415-353b-46da-a08f-1e6fb661c073","Kashinath Patil Nagar Stop","18.4745","73.8631","VIT College","18.4635","73.8682","1","REJECTED","I will wait at the hub","No seats available","43","2616","2026-10-22T01:15:00.000Z","2026-09-20T16:30:00.000Z"
"0542cc1c-4340-411e-9e9d-0b2033896aa6","b5eb8212-e82e-482e-ad38-6ab2bbb79976","09fad991-eb28-483c-a92f-412d005f86e1","VIT College","18.4635","73.8682","Market Yard Corner","18.4792","73.8581","1","ACCEPTED","","","18","2617","2026-10-22T08:00:00.000Z","2026-09-21T02:30:00.000Z"
"eeb7d111-f3d1-4798-94e1-f61e2f1db830","468c8426-089c-4852-8bb4-b6e8e1d9b359","47cbbcf7-3a62-4033-9a9b-5d2ebe48617b","Market Yard Corner","18.4792","73.8581","VIT College","18.4635","73.8682","1","ACCEPTED","I will wait at the hub","","21","2618","2026-10-25T01:15:00.000Z","2026-09-20T14:30:00.000Z"
"97792d0b-c906-4c00-aa1f-a8378ec20322","763a762e-7137-41f7-965b-987915935713","ab1c3a5c-50fe-4a26-b80d-4cd36938d001","VIT College","18.4635","73.8682","Katraj Dairy BRTS","18.4508","73.8569","1","REJECTED","","No seats available","79","2619","2026-10-24T06:00:00.000Z","2026-09-20T12:30:00.000Z"
"e1a3babe-e18b-469c-8099-8783cf3d8da1","3f85d0fe-d505-450d-8f11-ecd7bded9f18","c2109785-34d1-4db4-83fd-a38a96ff6385","Market Yard Corner","18.4792","73.8581","VIT College","18.4635","73.8682","1","REJECTED","Please confirm pickup","No seats available","26","2620","2026-10-24T10:15:00.000Z","2026-09-21T03:30:00.000Z"
"a02d53f3-9317-4d78-9b3f-a708d1a09dfa","18534323-4c1a-42b5-a4dc-3c856f3ec8fb","3f9c3912-4b7f-4630-8ee8-ef4328f8653a","VIT College","18.4635","73.8682","Katraj Terminal","18.4471","73.8562","1","REJECTED","Please confirm pickup","No seats available","26","2621","2026-10-25T17:00:00.000Z","2026-09-20T23:30:00.000Z"
"471b9494-463b-4805-b5b1-a896cd74fc62","3c834951-4aec-45a4-8748-bd87d62f01f9","d6e02938-24dd-495b-9cf8-9fdde224b304","Bibwewadi Bus Stop","18.4792","73.8615","VIT College","18.4635","73.8682","1","CANCELLED","I will wait at the hub","","21","2622","2026-10-27T18:15:00.000Z","2026-09-20T12:30:00.000Z"
"a9755ed7-ec7a-4ca2-a914-6d12169c193c","e95fdd7d-c8c4-4511-847f-3c16f8ef073a","165aff37-2b73-412f-8558-09a275acac4f","VIT College","18.4635","73.8682","Market Yard Corner","18.4792","73.8581","1","PENDING","I will wait at the hub","","25","2623","2026-10-28T16:00:00.000Z","2026-09-20T10:30:00.000Z"
"380b8a7c-e5c1-4d25-97b5-cb9946c1756c","96d05428-1969-43da-b74a-ede422582c45","921d32f1-c9a7-43cd-89fc-af62a5d8d609","Swargate PMPML Main Bus Stand","18.4991","73.8583","VIT College","18.4635","73.8682","1","REJECTED","","No seats available","8","2624","2026-10-30T16:15:00.000Z","2026-09-20T11:30:00.000Z"
"d138dd8c-08e0-4092-bee3-1cfb05768e8a","fb4759b7-dc26-4c49-ba24-4223ea1311a3","cd22228b-a880-42a9-b5b5-fa0701f9c386","VIT College","18.4635","73.8682","Kashinath Patil Nagar Stop","18.4745","73.8631","1","REJECTED","","No seats available","12","2625","2026-10-30T05:00:00.000Z","2026-09-20T22:30:00.000Z"
"11cdac55-79dc-4aca-b2fc-a850457bd09e","024a0e49-d344-43eb-bb9a-842b30d830b2","46c4f251-86ea-4605-9b4a-0a7b31ba73c3","Swargate BRTS Stop","18.4982","73.8588","VIT College","18.4635","73.8682","1","COMPLETED","Please confirm pickup","","23","2626","2026-11-01T15:15:00.000Z","2026-09-20T16:30:00.000Z"
"51846741-993f-43bc-95c4-9e5c42f3b14c","9406b3b7-8f8c-46b1-8a1d-31da7b01ed0f","e3132854-383b-4d80-b4f9-344261841ff2","VIT College","18.4635","73.8682","Bibwewadi Bus Stop","18.4792","73.8615","1","PENDING","","","17","2627","2026-10-31T17:00:00.000Z","2026-09-20T17:30:00.000Z"
"c1b579e2-95f3-4c50-8bf9-06a1491e1b56","84be5a55-e829-48c8-ab27-ca6cdff57bb7","4f582076-f405-4dad-b185-9ae556fcc905","Swargate BRTS Stop","18.4982","73.8588","VIT College","18.4635","73.8682","1","ACCEPTED","I will wait at the hub","","18","2628","2026-11-03T17:15:00.000Z","2026-09-21T05:30:00.000Z"
"4ac4b62d-26c4-4d0a-9aa2-ecc1a23b2932","dd8a93a1-6a2b-4e4a-8bad-33c62546942a","df141c8b-23ed-41b3-b69d-5959a4d5207e","VIT College","18.4635","73.8682","Shankar Maharaj Math","18.4735","73.8579","1","ACCEPTED","Please confirm pickup","","48","2629","2026-11-04T14:00:00.000Z","2026-09-20T13:30:00.000Z"
"4b62f946-2d3d-44b9-bbc6-1352f98d04a1","a67ab61c-bb46-417e-9943-dabd0408943b","c69150f8-4df1-4f92-9ee7-62209c9db1a6","Lower Indira Nagar Stop","18.4718","73.8618","VIT College","18.4635","73.8682","1","COMPLETED","","","36","2630","2026-08-07T21:15:00.000Z","2026-09-20T20:30:00.000Z"
"be998239-62f7-4072-bc6e-a5ceab760f35","8a209adb-8837-4493-aae6-9a4974952f22","e03cedeb-5d97-4486-a7eb-252b7e1f718a","VIT College","18.4635","73.8682","Shankar Maharaj Math","18.4735","73.8579","1","CANCELLED","Please confirm pickup","","25","2631","2026-08-06T20:00:00.000Z","2026-09-20T11:30:00.000Z"
"3fded16a-7573-4a88-9b11-9be3135eefdb","3b08269e-3c34-4c2b-83dd-f90ea857bc90","efd497f5-8ba1-4dd5-bcea-20a21ad4b890","Laxmi Narayan Theatre","18.4965","73.8584","VIT College","18.4635","73.8682","1","PENDING","I will wait at the hub","","28","2632","2026-08-09T08:15:00.000Z","2026-09-20T15:30:00.000Z"
"0151b745-5ac5-4ad1-b06b-8d14e499508c","f95b602c-ebc1-4afa-93cb-c23b4f87d0c4","30545805-3fe4-4f18-a8a2-8dccf5ff02fd","VIT College","18.4635","73.8682","Balaji Nagar BRTS","18.4628","73.8577","1","ACCEPTED","I will wait at the hub","","2","2633","2026-08-09T12:00:00.000Z","2026-09-21T01:30:00.000Z"
"8c4e1201-4880-403b-b376-63abb742679e","f78ce3e9-cfc3-4da4-856f-bd789a920ba8","0ab4c678-1df8-414b-9f8b-66facfcdbc01","Swargate BRTS Stop","18.4982","73.8588","VIT College","18.4635","73.8682","1","ACCEPTED","I will wait at the hub","","79","2634","2026-08-11T17:15:00.000Z","2026-09-20T21:30:00.000Z"
"6c685419-c6e9-4e56-abba-9f61d3d83f4c","f3c80668-b5bc-4b28-8409-aa52172c2319","0be154a0-2b93-4226-ac8a-ca86dcf33409","VIT College","18.4635","73.8682","Lower Indira Nagar Stop","18.4718","73.8618","1","REJECTED","Please confirm pickup","No seats available","29","2635","2026-08-11T01:00:00.000Z","2026-09-20T16:30:00.000Z"
"6dd158a9-10af-4f58-9fbc-838bf562805f","6a1e5e22-9695-41fc-a0b5-73377192b276","8c232265-ccb7-492a-b875-50ee8bc45208","Chintamani Nagar","18.4651","73.864","VIT College","18.4635","73.8682","1","REJECTED","Please confirm pickup","No seats available","20","2636","2026-08-12T20:15:00.000Z","2026-09-20T13:30:00.000Z"
"0eb635a1-3f01-4590-b522-c31b06b40cde","47daf1e2-49a7-4733-bda8-1503d592742f","cb1a579d-c56d-40e0-b768-2d2229dc4a47","VIT College","18.4635","73.8682","Market Yard Corner","18.4792","73.8581","1","COMPLETED","Please confirm pickup","","57","2637","2026-08-15T04:00:00.000Z","2026-09-20T16:30:00.000Z"
"840544ce-0f0d-4da6-a2d7-c54846557718","11a65f74-bb06-4b9e-b312-7fa0c89dd3f6","4bc51cf7-3d71-496c-b2e9-01f1fd8c725a","Swargate BRTS Stop","18.4982","73.8588","VIT College","18.4635","73.8682","1","REJECTED","","No seats available","57","2638","2026-08-15T10:15:00.000Z","2026-09-20T19:30:00.000Z"
"f7371c89-f020-4686-8a1e-258a958b8321","899f027c-f213-466b-8a98-1687b4746bca","87c9b6ae-2c7c-4de8-9450-1bd9d4cd713c","VIT College","18.4635","73.8682","KK Market BRTS","18.4683","73.8579","1","PENDING","","","76","2639","2026-08-16T22:00:00.000Z","2026-09-21T01:30:00.000Z"
"60b6ebc9-6c4a-4a3b-bccb-790785c5b362","5109e657-8a30-45b3-9ea4-35ee109c2708","4cc1b8ef-4224-4c25-a72f-a96bb3963a45","City Pride BRTS","18.4845","73.8583","VIT College","18.4635","73.8682","1","CANCELLED","Please confirm pickup","","19","2640","2026-08-17T19:15:00.000Z","2026-09-20T10:30:00.000Z"
"6d8be330-cce9-48e3-bcf2-8971652524e6","ec16c5ca-3405-49a3-ad78-f1f074513ee9","d2298097-598d-4264-8db3-a0e927ab6ed1","VIT College","18.4635","73.8682","Katraj Dairy BRTS","18.4508","73.8569","1","REJECTED","","No seats available","68","2641","2026-08-19T06:00:00.000Z","2026-09-20T14:30:00.000Z"
"ec77bafa-c652-4165-99db-0fe72002a772","1e39df68-34c9-4d9c-bcf7-0a13e977d751","856c5003-10e0-491c-b001-245c65a8fb4b","Bibwewadi Bus Stop","18.4792","73.8615","VIT College","18.4635","73.8682","1","ACCEPTED","","","8","2642","2026-08-19T00:15:00.000Z","2026-09-21T05:30:00.000Z"
"ab64a303-f4c4-43fc-8523-1b101fabd49e","7eb746e6-367d-42d6-a42d-bef110f307cf","613365a0-56e0-41a2-a7c9-48b35ec746a1","VIT College","18.4635","73.8682","Bharati Vidyapeeth","18.456","73.8574","1","REJECTED","I will wait at the hub","No seats available","25","2643","2026-08-19T11:00:00.000Z","2026-09-20T23:30:00.000Z"
"2f02903f-9633-4622-95d7-ad31b8ca6eeb","3bec7c23-4114-4d6d-a2a8-0d9bb3bf20ad","ce3592dc-d951-4134-a2cd-52dbc233a3f4","Laxmi Narayan Theatre","18.4965","73.8584","VIT College","18.4635","73.8682","1","PENDING","Please confirm pickup","","2","2644","2026-08-21T01:15:00.000Z","2026-09-21T05:30:00.000Z"
"c4cd1d78-a2e2-41ac-b4e6-e52c7901e93b","47a9d685-3ee4-4c75-a812-d1b50858bd9d","a6724b4c-1f36-4019-9072-772bbdeeca30","VIT College","18.4635","73.8682","Lower Indira Nagar Stop","18.4718","73.8618","1","PENDING","I will wait at the hub","","24","2645","2026-08-22T15:00:00.000Z","2026-09-21T02:30:00.000Z"
"41ef4b6a-a923-4291-a961-0d52336414cd","61abd12f-67f8-4d49-a1fc-8dba24a42604","2d02ada0-aefc-4d76-9f2f-c57bee3201ac","Kashinath Patil Nagar Stop","18.4745","73.8631","VIT College","18.4635","73.8682","1","COMPLETED","","","48","2646","2026-08-21T23:15:00.000Z","2026-09-20T12:30:00.000Z"
"c3d2b668-d5eb-446a-a7d4-213e957a3e4f","3eda466b-bfae-4cb7-b413-2599e536b7b7","81dfda4a-3ec9-4eae-a7f1-0692e03bb1d0","VIT College","18.4635","73.8682","Lower Indira Nagar Stop","18.4718","73.8618","1","REJECTED","","No seats available","5","2647","2026-08-24T17:00:00.000Z","2026-09-20T12:30:00.000Z"
"78ab3351-9d92-4686-88b6-7220343bc828","c0301d26-daa4-4399-9270-dc6177aab1b6","71cd4f7b-3e01-44d7-9657-d28c4544f992","Market Yard Corner","18.4792","73.8581","VIT College","18.4635","73.8682","1","REJECTED","I will wait at the hub","No seats available","26","2648","2026-08-23T09:15:00.000Z","2026-09-20T21:30:00.000Z"
"5b9bc78b-03d4-4b9c-86de-86921ce56c0b","793bea38-1f4c-456f-9990-b9f065e182bc","29bb8b65-a83a-4f6b-b7c4-0a86fd9b82a1","VIT College","18.4635","73.8682","Market Yard Corner","18.4792","73.8581","1","ACCEPTED","I will wait at the hub","","20","2649","2026-08-25T08:00:00.000Z","2026-09-21T04:30:00.000Z"
"943f2dfb-75d2-4e69-ad14-a29592f8b0c5","ca7305d3-a75d-450e-ae5b-5f0014793ce5","db6d13c6-50ea-4ee7-98cb-daab8b877783","Lower Indira Nagar Stop","18.4718","73.8618","VIT College","18.4635","73.8682","1","PENDING","","","25","2650","2026-08-26T07:15:00.000Z","2026-09-20T12:30:00.000Z"
"34329716-b35f-47ce-9014-f208be091ad3","4128e4e5-ee69-4513-9798-384bd7040a26","ada304c3-1114-48bb-bacb-69446eecee2a","VIT College","18.4635","73.8682","Bharati Vidyapeeth","18.456","73.8574","1","COMPLETED","I will wait at the hub","","26","2651","2026-08-28T17:00:00.000Z","2026-09-20T16:30:00.000Z"
"e17f22ae-1d04-4f0d-ac44-d0505d93e823","7437b5cf-b16c-4674-b563-f539b54b1fdc","3857e3b0-5efa-484e-a045-2777f41b2610","Panchami BRTS","18.4902","73.8586","VIT College","18.4635","73.8682","1","PENDING","I will wait at the hub","","25","2652","2026-08-29T09:15:00.000Z","2026-09-20T22:30:00.000Z"
"aa9f72cd-540b-46b4-bddf-ab5a1af7e91a","d4cce896-01e7-49b9-94f4-749b28d388f7","24be40cc-fd8a-4efb-95f0-6ec1a107c563","VIT College","18.4635","73.8682","Lower Indira Nagar Stop","18.4718","73.8618","1","REJECTED","","No seats available","27","2653","2026-08-29T04:00:00.000Z","2026-09-20T10:30:00.000Z"
"c4b7d401-e9e4-48aa-84ea-548139a3b53b","2d370a77-728c-4c29-b9e9-705407dbf878","6aa130d0-4c4b-48c2-bc80-80079a81385f","Chintamani Nagar","18.4651","73.864","VIT College","18.4635","73.8682","1","ACCEPTED","Please confirm pickup","","30","2654","2026-08-30T04:15:00.000Z","2026-09-20T10:30:00.000Z"
"f5e02040-a120-45d9-8b26-af0dddd31f30","445347b0-7a06-421e-8abc-0e6b0ca2cda1","998a2999-5be3-435d-8015-2a973a6e97cc","VIT College","18.4635","73.8682","KK Market BRTS","18.4683","73.8579","1","PENDING","I will wait at the hub","","17","2655","2026-09-01T08:00:00.000Z","2026-09-20T22:30:00.000Z"
"dcaee0b5-de9f-4048-ae6c-2e9fcb5df66f","494f77c5-5f85-4e36-bc59-f97e2d7f57aa","5d577020-68d2-4a61-b36d-861bf1486666","Upper Indira Nagar Bus Depot","18.4682","73.8623","VIT College","18.4635","73.8682","1","COMPLETED","","","45","2656","2026-09-01T05:15:00.000Z","2026-09-21T06:30:00.000Z"
"6bb99354-6bf8-4d27-94cd-b41179b76556","480684cd-dae5-4327-b00b-69d3eb097200","c4023d4b-7895-4d6b-ba0a-7cbce21340b7","VIT College","18.4635","73.8682","Kashinath Patil Nagar Stop","18.4745","73.8631","1","CANCELLED","I will wait at the hub","","8","2657","2026-09-03T15:00:00.000Z","2026-09-20T18:30:00.000Z"
"95edf533-44c1-44ac-9d06-42c4136d3154","9da840fd-ef4f-4741-be55-aa89b3798220","e163653a-9bbe-4e9d-81ab-acf5fb7c4166","Lower Indira Nagar Stop","18.4718","73.8618","VIT College","18.4635","73.8682","1","ACCEPTED","I will wait at the hub","","11","2658","2026-09-02T18:15:00.000Z","2026-09-20T15:30:00.000Z"
"58ea4aca-96e2-4ca8-8475-d8b23240988c","2b7f065f-d763-4c8d-81d5-29d53b346904","b3224a72-ff85-487a-a6c9-b6a1e3beb8dc","VIT College","18.4635","73.8682","Market Yard Corner","18.4792","73.8581","1","PENDING","Please confirm pickup","","20","2659","2026-09-04T00:00:00.000Z","2026-09-20T23:30:00.000Z"
"fcaeb786-2d6d-4e19-a03d-c6a671938c05","c47f6ff6-c48b-437f-aa20-f26fe4c69d61","d4a58744-1f9c-4554-9321-1fd9d20b1035","City Pride BRTS","18.4845","73.8583","VIT College","18.4635","73.8682","1","COMPLETED","Please confirm pickup","","45","2660","2026-09-06T12:15:00.000Z","2026-09-21T01:30:00.000Z"
"41b6307a-0a6a-459c-be23-cec6dd1c1cb2","9268a873-7503-443f-bbaa-0c851e3c8710","917b003b-c912-4ed9-afb7-f7eba33fcb14","VIT College","18.4635","73.8682","Katraj Terminal","18.4471","73.8562","1","REJECTED","I will wait at the hub","No seats available","6","2661","2026-09-06T20:00:00.000Z","2026-09-20T17:30:00.000Z"
"66ebab90-b094-4461-a1b9-46a2c41b7c7e","f32b0f87-d50d-47ef-8801-3ef854a3bc8b","08fe57ab-1152-4527-a359-68c4e78e68d5","Upper Indira Nagar Bus Depot","18.4682","73.8623","VIT College","18.4635","73.8682","1","CANCELLED","I will wait at the hub","","25","2662","2026-09-08T01:15:00.000Z","2026-09-20T19:30:00.000Z"
"cb9a25fe-ce56-4cc3-a0a1-b78b3dd10bbe","87201639-8ebc-4525-aa9b-ce9afa61685b","984e14a4-a27e-416c-9397-0cf2fb53101f","VIT College","18.4635","73.8682","Bibwewadi Bus Stop","18.4792","73.8615","1","CANCELLED","I will wait at the hub","","11","2663","2026-09-09T13:00:00.000Z","2026-09-21T03:30:00.000Z"
"77bba4f1-cf12-47cf-87c8-0bb2cbd40426","f57e7154-e4f2-437f-a78f-c51a03797777","0c422408-fcb3-49ec-919b-15b6c943586f","Bibwewadi Bus Stop","18.4792","73.8615","VIT College","18.4635","73.8682","1","COMPLETED","Please confirm pickup","","54","2664","2026-09-08T02:15:00.000Z","2026-09-20T22:30:00.000Z"
"e6f6b349-c4a3-4b47-94ea-e809ddfcb833","6fd7a87f-0aa1-48e0-adaa-d5da43ad6451","b1b24393-ed6c-4074-a261-01b7aa240011","VIT College","18.4635","73.8682","Shankar Maharaj Math","18.4735","73.8579","1","ACCEPTED","I will wait at the hub","","30","2665","2026-09-11T01:00:00.000Z","2026-09-20T14:30:00.000Z"
"a22d36d0-d37b-4f14-8f65-a8d25c71c3d4","3e0e06e4-85e8-4288-8bad-8664a9d67a1c","ff933861-ecae-470a-9ee4-3663e749fdbc","Swargate PMPML Main Bus Stand","18.4991","73.8583","VIT College","18.4635","73.8682","1","REJECTED","","No seats available","2","2666","2026-09-12T15:15:00.000Z","2026-09-20T11:30:00.000Z"
"e96107f0-2dca-46cb-a9ae-ece1594d1d31","c727bebc-b6c3-4381-a2a9-ca3880b69d66","15ef891e-746f-4219-8638-297ada541a3a","VIT College","18.4635","73.8682","Bharati Vidyapeeth","18.456","73.8574","1","REJECTED","I will wait at the hub","No seats available","21","2667","2026-09-13T23:00:00.000Z","2026-09-20T14:30:00.000Z"
"f6f321cc-5d9e-4c40-8297-9bfcfd30ec38","4c964aa8-81a3-4de0-94ef-579a0c5c6534","e1b6b10d-5653-452d-a57d-24e8752b2f52","City Pride BRTS","18.4845","73.8583","VIT College","18.4635","73.8682","1","REJECTED","Please confirm pickup","No seats available","9","2668","2026-09-14T19:15:00.000Z","2026-09-21T04:30:00.000Z"
"e2ff290b-e394-4d38-92e5-250a00f4509b","3598018d-5e4e-4cf8-84e1-59b7ba318250","9beabcea-410e-43e0-9c0e-c32f2476c785","VIT College","18.4635","73.8682","Lower Indira Nagar Stop","18.4718","73.8618","1","PENDING","I will wait at the hub","","19","2669","2026-09-14T17:00:00.000Z","2026-09-21T03:30:00.000Z"
"4a904082-c247-4c9e-b60b-fa24c0e0463a","9bc4bf71-8a47-4617-a4fa-55226b71e106","2cb66b98-63d0-4a21-a9ed-c884d238b71c","Market Yard Corner","18.4792","73.8581","VIT College","18.4635","73.8682","1","ACCEPTED","I will wait at the hub","","21","2670","2026-09-15T15:15:00.000Z","2026-09-20T13:30:00.000Z"
"fe000ded-57b3-4c6a-a29a-1420796c811b","1c60a801-e745-43f1-9be4-4fbe68af7d2e","d022c9ae-ee6b-4085-b2c1-11a5c9e6c784","VIT College","18.4635","73.8682","Lower Indira Nagar Stop","18.4718","73.8618","1","REJECTED","Please confirm pickup","No seats available","12","2671","2026-09-17T09:00:00.000Z","2026-09-21T03:30:00.000Z"
"7be2c61d-6f0e-43eb-9753-2d08d92589e4","78207ebf-2ad0-49ac-929a-37a5983883c9","7cbb830b-c6bc-4fec-a09b-14b8c825bef8","Bibwewadi Bus Stop","18.4792","73.8615","VIT College","18.4635","73.8682","1","COMPLETED","","","22","2672","2026-09-17T11:15:00.000Z","2026-09-21T02:30:00.000Z"
"79e70251-0881-4e64-8e78-9a5aca4e67f2","61ba6f8f-0984-4158-a063-dfb56bdeaf3f","523365f0-54d7-48ce-b828-50e1b0a2737e","VIT College","18.4635","73.8682","Bibwewadi Bus Stop","18.4792","73.8615","1","ACCEPTED","Please confirm pickup","","2","2673","2026-09-20T07:00:00.000Z","2026-09-20T21:30:00.000Z"
"8acb3fd5-0993-4ae7-ab49-dd496c28c451","9f78ead0-be12-4ff7-a015-b4241037f0ee","1386d7bb-79eb-4e36-b78d-7ac74357b589","Bibwewadi Bus Stop","18.4792","73.8615","VIT College","18.4635","73.8682","1","ACCEPTED","","","15","2674","2026-09-20T10:15:00.000Z","2026-09-21T03:30:00.000Z"
"5d82d5c3-798e-4c96-a5c7-95dcf6dd2573","647fbd36-865a-44b2-a6ca-97a8134efdbd","bf4c6c59-6b96-40c9-9575-8528b27b985c","VIT College","18.4635","73.8682","Lower Indira Nagar Stop","18.4718","73.8618","1","COMPLETED","","","42","2675","2026-09-20T16:00:00.000Z","2026-09-21T04:30:00.000Z"
"15aef3cc-c927-4e4e-b02d-05ced2c4d52e","2d1152c7-b18b-447e-b33f-474373a3a54c","b5e29269-7643-45b9-ac7a-a2ccd2b93983","Upper Indira Nagar Bus Depot","18.4682","73.8623","VIT College","18.4635","73.8682","1","CANCELLED","I will wait at the hub","","27","2676","2026-09-21T10:15:00.000Z","2026-09-20T22:30:00.000Z"
"6b29a718-120c-4a9c-ab71-17b27df968ee","321dd256-34c6-426c-a9fb-5330efa1eacb","0d570a75-885b-4a1d-a33c-3705d1a1e89a","VIT College","18.4635","73.8682","KK Market BRTS","18.4683","73.8579","1","COMPLETED","I will wait at the hub","","30","2677","2026-09-21T20:00:00.000Z","2026-09-20T19:30:00.000Z"
"dfd3fd00-235a-4535-856b-e09505e99bca","7e64c46a-fefa-4b79-b67b-e53022d6ee16","91bce675-58bc-4bd2-b962-52dc6f401671","City Pride BRTS","18.4845","73.8583","VIT College","18.4635","73.8682","1","COMPLETED","Please confirm pickup","","26","2678","2026-09-22T08:15:00.000Z","2026-09-20T17:30:00.000Z"
"93a9a685-119d-4f86-a2bc-3fb639ae17f1","8652bdd3-afc3-4084-ac55-bfdba3ec9456","edb3c65f-3d50-40e9-9a77-b8be3c596e3d","VIT College","18.4635","73.8682","Bibwewadi Bus Stop","18.4792","73.8615","1","CANCELLED","Please confirm pickup","","13","2679","2026-09-25T10:00:00.000Z","2026-09-21T03:30:00.000Z"
"ebe3e104-b708-4e49-8516-abb0b270092d","2cf0d245-75fc-4d62-99a4-7dd92de50866","36032724-576b-47c8-a7f3-a44c9abca1ae","Bibwewadi Bus Stop","18.4792","73.8615","VIT College","18.4635","73.8682","1","COMPLETED","Please confirm pickup","","3","2680","2026-09-25T14:15:00.000Z","2026-09-21T03:30:00.000Z"
"9eb0f5bc-d446-47fc-8ebf-a3d25e42e240","bc556f6c-6978-4504-9c39-035c36506fb1","d52bd72b-f975-4a9d-a394-ead49b80912b","VIT College","18.4635","73.8682","Katraj Dairy BRTS","18.4508","73.8569","1","ACCEPTED","","","45","2681","2026-09-26T03:00:00.000Z","2026-09-20T20:30:00.000Z"
"febb6895-b953-4a36-b533-68dd44b97522","47272ea0-551f-40f7-aa8a-a097d4d9f0ef","2611b03a-dd3f-4f47-9599-e17430f77e92","Panchami BRTS","18.4902","73.8586","VIT College","18.4635","73.8682","1","CANCELLED","I will wait at the hub","","15","2682","2026-09-26T19:15:00.000Z","2026-09-20T16:30:00.000Z"
"878b588f-3e67-4921-9009-20dbca4fd049","03049748-8647-4ae0-b12d-9b08d872fc52","fe0b23a7-80b0-4776-aec0-0e53d369acc1","VIT College","18.4635","73.8682","Upper Indira Nagar Bus Depot","18.4682","73.8623","1","PENDING","","","59","2683","2026-09-27T16:00:00.000Z","2026-09-21T02:30:00.000Z"
"53872620-a4b4-4a92-965b-7a242e2de3ce","573dcd31-9475-4757-9b21-d3e643f57981","8db40dff-f7cd-4508-9c85-9ffd35177784","Swargate PMPML Main Bus Stand","18.4991","73.8583","VIT College","18.4635","73.8682","1","COMPLETED","Please confirm pickup","","39","2684","2026-09-28T03:15:00.000Z","2026-09-20T20:30:00.000Z"
"a001014d-28c8-4b6b-8a4e-89f34b53ad25","45e48165-8985-4179-915e-31d805c0a0f3","18da61b6-4b5b-4090-ae04-48fad27b6a3d","VIT College","18.4635","73.8682","Kashinath Patil Nagar Stop","18.4745","73.8631","1","ACCEPTED","I will wait at the hub","","59","2685","2026-10-01T05:00:00.000Z","2026-09-21T02:30:00.000Z"
"b4a0d1d0-62df-4fb9-ade0-e042fce011e0","24dc9163-9ce5-4c0c-8c34-a56d2cc8f211","5b1a8339-482f-4cfd-adca-c91175dce9e8","Chintamani Nagar","18.4651","73.864","VIT College","18.4635","73.8682","1","COMPLETED","","","22","2686","2026-09-30T17:15:00.000Z","2026-09-21T04:30:00.000Z"
"993e1980-e2e0-4c75-9461-8888d50acdca","ea51276c-85f2-4321-8507-f25560305fa6","71828ca0-ebd4-4211-ba24-a16f7159e15d","VIT College","18.4635","73.8682","Chintamani Nagar","18.4651","73.864","1","CANCELLED","","","6","2687","2026-10-02T17:00:00.000Z","2026-09-20T19:30:00.000Z"
"06f4099e-efe5-4506-8023-f99de957ef2c","74092570-9774-4439-804a-1b315983c620","52467296-cc1a-4959-869c-83e18fa9c89e","Bibwewadi Bus Stop","18.4792","73.8615","VIT College","18.4635","73.8682","1","REJECTED","","No seats available","0","2688","2026-10-02T09:15:00.000Z","2026-09-20T13:30:00.000Z"
"74c5db42-fc91-4983-8cbd-f77dbb93aee9","ce465963-95c0-4597-b8d8-0dd28570177e","53476aa4-9daa-46aa-9332-69d4a4566a3d","VIT College","18.4635","73.8682","Market Yard Corner","18.4792","73.8581","1","REJECTED","","No seats available","63","2689","2026-10-05T07:00:00.000Z","2026-09-21T02:30:00.000Z"
"d89f4732-0feb-476d-9289-de17ada07b80","494c8c31-9e2f-4096-b1cf-82afdb419a7d","219ae89a-62d9-41de-a1e7-1597cd661ca8","Lower Indira Nagar Stop","18.4718","73.8618","VIT College","18.4635","73.8682","1","PENDING","I will wait at the hub","","47","2690","2026-10-04T16:15:00.000Z","2026-09-21T05:30:00.000Z"
"8b0478a9-0197-4c7b-958b-52f87b41a5af","f30d5c5e-a395-4da6-bbaf-035e6f0cb35d","97169492-6066-4681-a1f9-9a132e78bbd1","VIT College","18.4635","73.8682","Katraj Dairy BRTS","18.4508","73.8569","1","CANCELLED","Please confirm pickup","","13","2691","2026-10-06T23:00:00.000Z","2026-09-20T20:30:00.000Z"
"d3a42359-c536-48e9-bc4c-63baa2361167","a58e41bc-61fd-4737-a86d-0a92678c3d18","2e418ffb-eadd-4fa8-bcec-343dbb54e803","Upper Indira Nagar Bus Depot","18.4682","73.8623","VIT College","18.4635","73.8682","1","REJECTED","Please confirm pickup","No seats available","0","2692","2026-10-07T11:15:00.000Z","2026-09-20T15:30:00.000Z"
"171e9578-50a1-4f89-8c83-670085516ea9","a437d2bc-a591-44b0-afe5-a063b7c225fb","4aeb0ba0-1769-494f-8568-1d022bba57f2","VIT College","18.4635","73.8682","Upper Indira Nagar Bus Depot","18.4682","73.8623","1","CANCELLED","Please confirm pickup","","9","2693","2026-10-09T16:00:00.000Z","2026-09-20T17:30:00.000Z"
"a52f7fef-d234-456c-8aec-1ffd1995a888","a78d791c-8e7a-42ab-881f-1dc2a831fd6a","67279c91-e351-4505-a0ca-11fce52988a2","Swargate BRTS Stop","18.4982","73.8588","VIT College","18.4635","73.8682","1","ACCEPTED","I will wait at the hub","","32","2694","2026-10-09T11:15:00.000Z","2026-09-20T13:30:00.000Z"
"aa3975d0-a66a-4d93-b54b-1dc959601639","1850d338-37ef-4053-bdfb-d5978c01f00d","3abf2f35-867e-4d12-a3c6-7fad053953bd","VIT College","18.4635","73.8682","Kashinath Patil Nagar Stop","18.4745","73.8631","1","REJECTED","Please confirm pickup","No seats available","22","2695","2026-10-09T17:00:00.000Z","2026-09-20T21:30:00.000Z"
"ce67e2a7-a6f7-4755-a4ab-f0ede8ab3e80","e31fc4bb-cdc8-4e7d-8a43-5bb3d7a7ec05","0c83d7c7-d302-4b47-8f0b-a78f47b02764","Chintamani Nagar","18.4651","73.864","VIT College","18.4635","73.8682","1","ACCEPTED","","","9","2696","2026-10-11T09:15:00.000Z","2026-09-20T15:30:00.000Z"
"bf849f97-73b0-49a0-b8e3-eb98b2379b96","6a22328d-e5e6-42a9-94a8-c0904a2c3cda","689f14ae-a33d-4e68-bcf5-198a44130c16","VIT College","18.4635","73.8682","Chintamani Nagar","18.4651","73.864","1","COMPLETED","I will wait at the hub","","45","2697","2026-10-12T09:00:00.000Z","2026-09-20T12:30:00.000Z"
"2f00e3f1-c5e5-4827-9548-095215877ed2","940a7d89-c63d-4c3b-91b5-37a833ad79d8","6749e4f8-e2cb-4c58-93fc-57494a89bdad","Laxmi Narayan Theatre","18.4965","73.8584","VIT College","18.4635","73.8682","1","ACCEPTED","I will wait at the hub","","65","2698","2026-10-13T03:15:00.000Z","2026-09-20T20:30:00.000Z"
"ab5adc4e-7136-4316-8e3d-f4321a30551c","38ffd950-0f67-4e04-93b7-e980bd273ec8","c483836d-7edf-44cf-a968-8b0306198075","VIT College","18.4635","73.8682","Chintamani Nagar","18.4651","73.864","1","CANCELLED","","","17","2699","2026-10-16T00:00:00.000Z","2026-09-21T00:30:00.000Z"
"9acf1b0d-92ae-4af4-a0f2-ab31958bfcde","c61a8cb1-83b0-4d98-8449-3370b046ab58","12ddd1f5-2725-4446-9809-0de923c60573","Swargate PMPML Main Bus Stand","18.4991","73.8583","VIT College","18.4635","73.8682","1","ACCEPTED","Please confirm pickup","","6","2700","2026-10-16T14:15:00.000Z","2026-09-21T00:30:00.000Z"
"04e97cfa-c8a5-4331-bf7b-1b0c23fa80db","f5b0b1ea-eb7a-4f5d-8aa9-d69957cf7089","8f953396-84b2-41a6-a56b-cbfd7dc18157","VIT College","18.4635","73.8682","Upper Indira Nagar Bus Depot","18.4682","73.8623","1","CANCELLED","","","1","2701","2026-10-17T04:00:00.000Z","2026-09-20T19:30:00.000Z"
"b671e213-ee9d-45bf-b620-88d725a18b47","15d45307-fed3-4bdb-866b-9f6b6a9ba459","cfec5b2a-0d9d-4378-b72b-26a6872f2b3a","City Pride BRTS","18.4845","73.8583","VIT College","18.4635","73.8682","1","REJECTED","","No seats available","64","2702","2026-10-16T13:15:00.000Z","2026-09-20T11:30:00.000Z"
"d53594c1-ab83-49d0-961f-d53e11e2e316","bb58bb6f-adce-444a-a750-290b8a824c31","1f4600a9-443c-419b-9d1a-685629408e0a","VIT College","18.4635","73.8682","Shankar Maharaj Math","18.4735","73.8579","1","ACCEPTED","","","7","2703","2026-10-18T09:00:00.000Z","2026-09-20T15:30:00.000Z"
"81451f90-ff50-414b-917f-96d93083d4a8","7016b242-6649-49e9-a1cc-bf7da9bdc38f","f293731d-64c9-4dc8-a30d-f5172ef2ce1e","Laxmi Narayan Theatre","18.4965","73.8584","VIT College","18.4635","73.8682","1","COMPLETED","I will wait at the hub","","6","2704","2026-10-20T23:15:00.000Z","2026-09-20T21:30:00.000Z"
"f25eae81-2064-45af-8d95-de66b9492ec2","3e8cfa3d-2406-4b8f-9a6d-acad97626e1d","229ca7a7-5513-4f42-9ef4-2390c8285215","VIT College","18.4635","73.8682","Katraj Dairy BRTS","18.4508","73.8569","1","COMPLETED","Please confirm pickup","","34","2705","2026-10-21T01:00:00.000Z","2026-09-21T04:30:00.000Z"
"c1e23129-74a1-409a-9b7c-1d1cd4fd745f","9217ac94-f6b0-43fc-aee4-4cf346eda130","d10309b4-cd0a-44fb-b502-63090cb23495","Swargate BRTS Stop","18.4982","73.8588","VIT College","18.4635","73.8682","1","PENDING","I will wait at the hub","","61","2706","2026-10-20T11:15:00.000Z","2026-09-20T21:30:00.000Z"
"eaeba425-c54f-4382-8f08-eb285a03b808","689c53e4-8aac-4964-9019-81cb42a05b1c","59fd1ae0-7135-47e3-b51b-37d92557542d","VIT College","18.4635","73.8682","KK Market BRTS","18.4683","73.8579","1","CANCELLED","Please confirm pickup","","15","2707","2026-10-23T17:00:00.000Z","2026-09-20T19:30:00.000Z"
"0adc77b3-dae2-42f5-ba3a-81b7add4a201","1aeca1e3-79fa-419b-9cde-f4eaa84962b4","05e3c6c3-c662-4d71-a22e-2f6abe452e90","Lower Indira Nagar Stop","18.4718","73.8618","VIT College","18.4635","73.8682","1","COMPLETED","","","1","2708","2026-10-23T11:15:00.000Z","2026-09-20T19:30:00.000Z"
"565457c1-f5a3-43d0-94cc-c78ca570ff8a","3a859328-7f23-4cfe-9b9f-f6ac03b38c72","fd0ae9bd-2b4a-4bdb-b003-728318b36973","VIT College","18.4635","73.8682","Bibwewadi Bus Stop","18.4792","73.8615","1","PENDING","","","16","2709","2026-10-26T11:00:00.000Z","2026-09-20T12:30:00.000Z"
"e46f3747-e14d-42dc-b169-93839160da45","dda36a99-8f79-486e-a3c8-987bfd597aaf","3f9fca15-c0f0-4b4b-b617-dfdcac65c8ed","Lower Indira Nagar Stop","18.4718","73.8618","VIT College","18.4635","73.8682","1","REJECTED","","No seats available","6","2710","2026-10-25T03:15:00.000Z","2026-09-20T12:30:00.000Z"
"b7a62cd6-0762-4a29-ab78-d74541a55a94","1a6d0ddb-0a21-4e22-a778-feec7593a8ec","4edeb0bf-7259-4a78-a36d-e652c8861873","VIT College","18.4635","73.8682","Market Yard Corner","18.4792","73.8581","1","REJECTED","Please confirm pickup","No seats available","9","2711","2026-10-26T02:00:00.000Z","2026-09-20T11:30:00.000Z"
"60ca2447-7911-4e99-b305-168038a44221","c299be04-b39c-48c8-98e9-4a55c2d28319","bffb4bf3-10a3-4ff1-bb55-ffc7725007e9","Bibwewadi Bus Stop","18.4792","73.8615","VIT College","18.4635","73.8682","1","CANCELLED","I will wait at the hub","","13","2712","2026-10-27T03:15:00.000Z","2026-09-20T23:30:00.000Z"
"97998b9d-a929-41da-9cac-ecf79109ef74","3732b093-70ba-495d-a692-a7697e735853","0195616c-ec89-4a4d-8990-b9d0d41435fa","VIT College","18.4635","73.8682","Lower Indira Nagar Stop","18.4718","73.8618","1","PENDING","I will wait at the hub","","11","2713","2026-10-28T20:00:00.000Z","2026-09-20T17:30:00.000Z"
"425e68eb-5e20-43cb-b181-64bfbd1e62b1","06cf39e4-50a4-4a5a-9542-4ae24fbb9656","1137a11d-2e66-45ed-b840-8d12e6722bfa","Swargate PMPML Main Bus Stand","18.4991","73.8583","VIT College","18.4635","73.8682","1","COMPLETED","Please confirm pickup","","80","2714","2026-10-30T05:15:00.000Z","2026-09-20T10:30:00.000Z"
"ce8c0f1e-7e8f-4e24-9a94-a677b70e9934","42d378f6-d06f-4f67-9f13-7027408cf060","8005e16b-eaf8-45be-b4d8-a5fcd5431201","VIT College","18.4635","73.8682","Upper Indira Nagar Bus Depot","18.4682","73.8623","1","CANCELLED","I will wait at the hub","","79","2715","2026-10-30T10:00:00.000Z","2026-09-20T12:30:00.000Z"
"b44ccbd7-55c0-4934-a413-835b0784994f","14eb1a28-5f82-44af-be8d-6d15951dc525","0b95ee62-3f26-4837-bdb3-8120bae0deda","Market Yard Corner","18.4792","73.8581","VIT College","18.4635","73.8682","1","COMPLETED","Please confirm pickup","","55","2716","2026-11-01T17:15:00.000Z","2026-09-20T18:30:00.000Z"
"fea3b28d-de6d-4ede-8fc9-5f9b55565c07","8e183fad-80e2-48bc-89c9-d67aab15f33a","c2483f77-a251-4434-8d94-6a2c53e2d38e","VIT College","18.4635","73.8682","Chintamani Nagar","18.4651","73.864","1","REJECTED","","No seats available","3","2717","2026-11-03T10:00:00.000Z","2026-09-20T15:30:00.000Z"
"09f4b637-2c56-466b-9b99-00c3e25aec53","8408664b-7bc4-4224-ac8b-ed4156801209","442efbff-6f39-436d-bf7a-2cbb6404a6ed","Chintamani Nagar","18.4651","73.864","VIT College","18.4635","73.8682","1","PENDING","I will wait at the hub","","47","2718","2026-11-03T14:15:00.000Z","2026-09-20T17:30:00.000Z"
"6211ca78-e50e-44c5-b294-0f3da397db3c","2c9e1fdd-08ea-4c4a-a54d-c58e8fd95e8b","687e3195-2599-427f-a4e3-990ead4c2985","VIT College","18.4635","73.8682","Katraj Terminal","18.4471","73.8562","1","ACCEPTED","I will wait at the hub","","67","2719","2026-11-03T15:00:00.000Z","2026-09-21T01:30:00.000Z"
"4a4a975c-eb80-4b41-93a0-fca7de97c940","258d1ca8-d15a-452a-ba4f-c23278b566ce","04bfe73e-1142-4d3f-8bbf-57dbee041dd2","Market Yard Corner","18.4792","73.8581","VIT College","18.4635","73.8682","1","CANCELLED","","","22","2720","2026-08-06T14:15:00.000Z","2026-09-20T12:30:00.000Z"
"c6e90e84-7dde-40db-90f5-9c6c6560282e","e1262640-ccda-40aa-a383-ad2e18be6cad","856b4feb-c8f1-4731-b41e-d21be114be5d","VIT College","18.4635","73.8682","Balaji Nagar BRTS","18.4628","73.8577","1","REJECTED","","No seats available","28","2721","2026-08-07T05:00:00.000Z","2026-09-20T20:30:00.000Z"
"5f7ceb92-c2e2-4eaa-81c6-8dc672f34f1a","21fc868b-ac9d-42be-a214-c167879e7982","a2cb33f4-0739-4e42-9665-4bae72ebfb2a","Upper Indira Nagar Bus Depot","18.4682","73.8623","VIT College","18.4635","73.8682","1","REJECTED","I will wait at the hub","No seats available","17","2722","2026-08-07T02:15:00.000Z","2026-09-20T19:30:00.000Z"
"6c005a7d-e1ab-46ec-b47c-4e22387ec30e","ba7df89c-952c-4176-a7b7-fea11ad2aaa4","e9ac0d57-c267-41a2-84aa-846e6f118304","VIT College","18.4635","73.8682","Bibwewadi Bus Stop","18.4792","73.8615","1","CANCELLED","Please confirm pickup","","17","2723","2026-08-08T23:00:00.000Z","2026-09-20T19:30:00.000Z"
"9eea3f76-5f77-414c-84b3-cd597499b907","26a7eaa0-3a59-4a12-9e36-51785f3959d6","fa7fbc07-c93a-4085-a4f5-6f1e0fc83121","Chintamani Nagar","18.4651","73.864","VIT College","18.4635","73.8682","1","ACCEPTED","I will wait at the hub","","29","2724","2026-08-11T14:15:00.000Z","2026-09-20T19:30:00.000Z"
"acf9c78b-7198-4911-839b-b268bbd019cb","885427c4-99dc-406a-a0a5-d62cca318453","40ae73ca-67b2-4b5e-97c1-474a92b2d8d3","VIT College","18.4635","73.8682","Upper Indira Nagar Bus Depot","18.4682","73.8623","1","REJECTED","I will wait at the hub","No seats available","15","2725","2026-08-11T17:00:00.000Z","2026-09-20T21:30:00.000Z"
"53e0529b-d22d-42b2-aa32-632ce32b703d","ab008c01-0b88-4f94-a86a-934b489d9c8b","f03cb019-ecb8-42fc-ad8b-4be7116d9966","Swargate BRTS Stop","18.4982","73.8588","VIT College","18.4635","73.8682","1","REJECTED","Please confirm pickup","No seats available","80","2726","2026-08-11T10:15:00.000Z","2026-09-20T14:30:00.000Z"
"8fd2421f-aa36-4553-813b-4a54e11d77ca","bf4ced24-626d-4556-bd49-3987a714020a","73c6ef3d-a748-4db3-bd54-68c614823c0d","VIT College","18.4635","73.8682","Katraj Terminal","18.4471","73.8562","1","ACCEPTED","Please confirm pickup","","3","2727","2026-08-15T07:00:00.000Z","2026-09-20T16:30:00.000Z"
"98d3d059-76b3-4fb3-9d80-66d725fa8acf","44eaa27f-cd72-435f-b19a-ce28e3170135","e7cc1cf8-531c-4ba4-ae07-b3b8c7ed12b4","Upper Indira Nagar Bus Depot","18.4682","73.8623","VIT College","18.4635","73.8682","1","ACCEPTED","","","63","2728","2026-08-14T18:15:00.000Z","2026-09-20T22:30:00.000Z"
"0c9e44ef-9b29-4c4c-b7bc-92b1c7e4486c","b498d5b9-1115-4d65-a5d7-87d3092a196c","2df45663-f8d0-4308-b79d-fd6c1ff852c9","VIT College","18.4635","73.8682","Bibwewadi Bus Stop","18.4792","73.8615","1","COMPLETED","I will wait at the hub","","26","2729","2026-08-14T17:00:00.000Z","2026-09-20T13:30:00.000Z"
"095b6435-d065-4fa2-80eb-ee8f67d09061","95589fb2-7e54-4d5c-8cc2-572b515dec6f","8190565d-9fb1-4428-a386-4bb1b2f4fdee","Swargate BRTS Stop","18.4982","73.8588","VIT College","18.4635","73.8682","1","REJECTED","","No seats available","22","2730","2026-08-16T23:15:00.000Z","2026-09-20T10:30:00.000Z"
"21870d86-c9cc-433f-b9e0-b3c5e2749913","bbea2a12-55f1-443a-9154-6523f7edcde5","b13dc47d-8a9c-45eb-9dee-0cc214bf6ab4","VIT College","18.4635","73.8682","Katraj Terminal","18.4471","73.8562","1","PENDING","I will wait at the hub","","10","2731","2026-08-17T14:00:00.000Z","2026-09-20T15:30:00.000Z"
"d7240967-40c4-4243-9ac1-3938449e16fd","c2932f01-3922-4c7d-9417-a5461d138a25","f64e308c-4a0b-433f-bebb-09536f52d5f4","Kashinath Patil Nagar Stop","18.4745","73.8631","VIT College","18.4635","73.8682","1","REJECTED","","No seats available","47","2732","2026-08-18T04:15:00.000Z","2026-09-20T19:30:00.000Z"
"2ff5386f-9262-4155-9265-be021513eea0","8da3f066-90ee-4c27-afed-98c63104f981","aada7730-4500-49e3-9240-e7ca2f69db98","VIT College","18.4635","73.8682","Lower Indira Nagar Stop","18.4718","73.8618","1","REJECTED","I will wait at the hub","No seats available","46","2733","2026-08-19T02:00:00.000Z","2026-09-20T18:30:00.000Z"
"1885562b-d26e-4781-8ffc-ea56f5b6917e","87849372-c80c-4d44-86c7-f2ed613b0e72","08cf7a8e-ecd3-4df0-8139-226218b0981a","Lower Indira Nagar Stop","18.4718","73.8618","VIT College","18.4635","73.8682","1","REJECTED","I will wait at the hub","No seats available","23","2734","2026-08-20T10:15:00.000Z","2026-09-21T06:30:00.000Z"
"0c556afb-b852-41a2-8435-0bd78ea3ef97","5173c86c-0c3b-4bc8-93ac-65882f57e975","26f04940-3483-4462-a324-84a3c523c941","VIT College","18.4635","73.8682","Katraj Dairy BRTS","18.4508","73.8569","1","REJECTED","I will wait at the hub","No seats available","57","2735","2026-08-21T21:00:00.000Z","2026-09-20T12:30:00.000Z"
"c62eebaf-c063-43ff-93d7-adb4f3045f15","9bf095d8-1480-4ee1-bb36-37a9f6611172","a78816e2-8aae-4e54-8410-968bc321f082","Swargate BRTS Stop","18.4982","73.8588","VIT College","18.4635","73.8682","1","CANCELLED","Please confirm pickup","","39","2736","2026-08-23T19:15:00.000Z","2026-09-21T01:30:00.000Z"
"06c37789-5296-4554-8cb9-b46d7d6461e8","c981ec24-a6ef-4675-9bf7-55423df659b2","50ca192e-d3dc-40d0-996b-6eea924c44d8","VIT College","18.4635","73.8682","Lower Indira Nagar Stop","18.4718","73.8618","1","COMPLETED","Please confirm pickup","","7","2737","2026-08-22T17:00:00.000Z","2026-09-21T05:30:00.000Z"
"bb33d2aa-9f66-424a-b3f4-2435c56a52c3","0727db9d-d014-4e6c-9e3f-3a5f71ba98aa","aa4ac675-15bc-49db-b7fa-84335d28cdc7","Upper Indira Nagar Bus Depot","18.4682","73.8623","VIT College","18.4635","73.8682","1","PENDING","Please confirm pickup","","33","2738","2026-08-25T22:15:00.000Z","2026-09-20T14:30:00.000Z"
"55b77739-76c2-4d18-95a5-5c25846a7403","0a23afc5-d7c3-4c46-a2b6-11eea0518cbb","12e82429-ecad-4a76-bc1b-fddf73c8c117","VIT College","18.4635","73.8682","Balaji Nagar BRTS","18.4628","73.8577","1","PENDING","","","58","2739","2026-08-26T00:00:00.000Z","2026-09-21T04:30:00.000Z"
"db398895-24a3-4cc1-bf44-b97c06fb8287","93feacaa-c09f-46b4-a205-40f98f8c58a1","a7b7dfcb-b36f-4cfc-abf8-afd48e896a75","Upper Indira Nagar Bus Depot","18.4682","73.8623","VIT College","18.4635","73.8682","1","REJECTED","Please confirm pickup","No seats available","1","2740","2026-08-27T05:15:00.000Z","2026-09-20T17:30:00.000Z"
"ee075c1f-f17e-4c7b-b666-4ed40257e2b1","c7b9d6b7-de3c-4bbc-b030-53c51ec496b1","5468079d-9fdf-4eb9-9b29-ed8a7c650d7c","VIT College","18.4635","73.8682","Kashinath Patil Nagar Stop","18.4745","73.8631","1","ACCEPTED","","","15","2741","2026-08-27T03:00:00.000Z","2026-09-20T12:30:00.000Z"
"21718d1e-d778-4602-815f-dd0663934079","a5ed1ddf-25cc-4971-b894-fde5d09c4ddb","037ed347-fb73-4043-a8e2-c7edc58d6dac","Upper Indira Nagar Bus Depot","18.4682","73.8623","VIT College","18.4635","73.8682","1","REJECTED","Please confirm pickup","No seats available","1","2742","2026-08-29T14:15:00.000Z","2026-09-20T13:30:00.000Z"
"cf093d84-0600-4b34-90d2-234f06cdd660","aa093dbc-fcc5-49ca-8804-1035426e7e82","be4d340c-e4ae-41d8-a1a2-337d84d2bfc1","VIT College","18.4635","73.8682","Balaji Nagar BRTS","18.4628","73.8577","1","PENDING","","","73","2743","2026-08-28T12:00:00.000Z","2026-09-21T03:30:00.000Z"
"08b10a0b-60f6-4710-9263-12f2976e5d20","90e5fb72-6b73-4a7d-89db-807450802cff","666980bd-8e4f-4f8c-8b8f-e0c3b08af505","Kashinath Patil Nagar Stop","18.4745","73.8631","VIT College","18.4635","73.8682","1","PENDING","I will wait at the hub","","33","2744","2026-08-29T11:15:00.000Z","2026-09-20T17:30:00.000Z"
"d823800b-d9f3-4925-aed8-0b18909fb70c","c8f08fc3-85c4-499c-bb08-e66706f016cc","fcfaa482-6492-469b-ba42-8abf44531f61","VIT College","18.4635","73.8682","Bharati Vidyapeeth","18.456","73.8574","1","PENDING","Please confirm pickup","","6","2745","2026-08-31T13:00:00.000Z","2026-09-20T15:30:00.000Z"
"90f662ef-dab7-48c6-b17f-f7bb53dd0acb","062a50c8-aa8a-4e36-966f-477f8b951151","be4ef771-c8b1-4464-b4f7-41e3ea277c87","Panchami BRTS","18.4902","73.8586","VIT College","18.4635","73.8682","1","ACCEPTED","","","40","2746","2026-08-31T09:15:00.000Z","2026-09-20T17:30:00.000Z"
"ed4b11cf-8f88-4b7c-909b-806f9557438a","39fa3a1d-0a1f-4ef7-858e-ce1a86d7d2d4","9907b9e1-2eaf-4019-b6c3-d17953880b08","VIT College","18.4635","73.8682","Katraj Terminal","18.4471","73.8562","1","ACCEPTED","Please confirm pickup","","32","2747","2026-09-03T09:00:00.000Z","2026-09-21T03:30:00.000Z"
"6690e0c8-0463-497f-8a62-70e737160dde","8a9ed57b-70ff-4e43-a629-53be62651cda","694401c9-b4fa-4309-b22d-16609d61782c","Market Yard Corner","18.4792","73.8581","VIT College","18.4635","73.8682","1","REJECTED","Please confirm pickup","No seats available","27","2748","2026-09-03T01:15:00.000Z","2026-09-20T14:30:00.000Z"
"82b0c6c6-4f9b-465b-9dde-f60b5b1f19c0","cb98608d-b402-4d24-a454-26d35304ad9b","0da0c5dd-c04a-461b-bdd7-3d9daceaa0ff","VIT College","18.4635","73.8682","Lower Indira Nagar Stop","18.4718","73.8618","1","ACCEPTED","I will wait at the hub","","73","2749","2026-09-04T11:00:00.000Z","2026-09-21T01:30:00.000Z"
"a8697440-67b6-4f82-907f-b2280591c455","307ad082-3678-4ce1-b714-bc574a997f63","8dcbd23c-4a1c-425e-b9e1-56d690d064a1","City Pride BRTS","18.4845","73.8583","VIT College","18.4635","73.8682","1","REJECTED","I will wait at the hub","No seats available","4","2750","2026-09-07T00:15:00.000Z","2026-09-20T10:30:00.000Z"
"29a7edf1-1a01-4220-a8bb-079bb6d72d4c","553ee3c5-fb7e-4dfd-8824-5693f54f26bf","d4ebe4da-1cf5-41e9-a052-ad2e992e76f1","VIT College","18.4635","73.8682","Upper Indira Nagar Bus Depot","18.4682","73.8623","1","ACCEPTED","","","22","2751","2026-09-05T21:00:00.000Z","2026-09-20T18:30:00.000Z"
"c28f866f-8a40-4723-837c-452172c7cd79","2419322b-9919-468e-a5ed-4889ec3bba1f","d731dccd-0e69-472d-8310-13e8f5708fe5","Lower Indira Nagar Stop","18.4718","73.8618","VIT College","18.4635","73.8682","1","ACCEPTED","","","13","2752","2026-09-06T09:15:00.000Z","2026-09-20T13:30:00.000Z"
"964144f8-5142-4a92-ba02-8b95e9806f07","42a1981a-e7eb-43d3-b291-980286febec3","0c95fe70-a0ca-4d73-8f55-0b0e62001fb9","VIT College","18.4635","73.8682","Balaji Nagar BRTS","18.4628","73.8577","1","CANCELLED","I will wait at the hub","","2","2753","2026-09-07T14:00:00.000Z","2026-09-20T16:30:00.000Z"
"ba3ff8b4-f263-49d1-933e-3eb5225708b8","c09210db-df91-4535-8213-415977698bdd","e1692737-3062-4352-86d9-10ad597efff1","City Pride BRTS","18.4845","73.8583","VIT College","18.4635","73.8682","1","REJECTED","I will wait at the hub","No seats available","22","2754","2026-09-10T18:15:00.000Z","2026-09-20T11:30:00.000Z"
"bf88fd1d-afca-4933-b78d-afbb76e28a98","a3a39890-4ced-4ab2-96cf-80ca9cde4f59","6fc4cb33-0af8-44b4-af29-e2f5e70c3ca5","VIT College","18.4635","73.8682","Lower Indira Nagar Stop","18.4718","73.8618","1","REJECTED","I will wait at the hub","No seats available","11","2755","2026-09-10T08:00:00.000Z","2026-09-21T06:30:00.000Z"
"5a7d8d77-0883-4225-9647-6dabb4b24e55","f632ea30-4562-42a7-aa57-62b8fcf38cf4","8d1d180b-18bc-4087-9270-19ce1583e574","Laxmi Narayan Theatre","18.4965","73.8584","VIT College","18.4635","73.8682","1","REJECTED","I will wait at the hub","No seats available","22","2756","2026-09-12T21:15:00.000Z","2026-09-20T12:30:00.000Z"
"b6cd4737-3b7a-44eb-abe2-962a0deef2fd","30c83b98-bf06-469c-b074-c979dd771dbb","a8d214fd-de07-4ea1-bae5-557d146f9b27","VIT College","18.4635","73.8682","Katraj Terminal","18.4471","73.8562","1","REJECTED","","No seats available","54","2757","2026-09-12T15:00:00.000Z","2026-09-20T13:30:00.000Z"
"9cd21799-da79-45ed-bb34-63ddcbad2303","c2c268e7-23bf-4f79-9524-472be85437d1","fe668d59-83f5-4167-b303-948c22591f60","Upper Indira Nagar Bus Depot","18.4682","73.8623","VIT College","18.4635","73.8682","1","PENDING","I will wait at the hub","","16","2758","2026-09-13T03:15:00.000Z","2026-09-20T17:30:00.000Z"
"290c07af-90bb-4e0a-9083-36bd118204e7","dba459ff-e61c-49a6-b617-57a0f0a7f879","4eb4654f-b132-4610-b82a-80fd5aa524c0","VIT College","18.4635","73.8682","Market Yard Corner","18.4792","73.8581","1","CANCELLED","","","66","2759","2026-09-16T02:00:00.000Z","2026-09-20T11:30:00.000Z"
"bb79a611-59b9-44bc-96f8-3da88d606a23","3ccbfcdc-f7b8-41f9-9639-ac324535425f","4ca5fb96-60cc-461f-9950-c00386ae3d0d","Kashinath Patil Nagar Stop","18.4745","73.8631","VIT College","18.4635","73.8682","1","REJECTED","","No seats available","67","2760","2026-09-16T17:15:00.000Z","2026-09-20T10:30:00.000Z"
"c8693625-d676-4977-baf0-44467962c076","8260fdc9-307c-4bb9-823f-0379cb8e7484","f6bd0cb8-14b6-4983-84a7-6090b75c1bf2","VIT College","18.4635","73.8682","Katraj Terminal","18.4471","73.8562","1","PENDING","Please confirm pickup","","10","2761","2026-09-16T02:00:00.000Z","2026-09-20T12:30:00.000Z"
"7cec2415-b03f-42b5-bc5d-bbb42df107bf","67d43918-bc6a-431a-aa68-4244b7299882","89d25526-5e75-4c71-a504-7c0e208f52ae","Swargate BRTS Stop","18.4982","73.8588","VIT College","18.4635","73.8682","1","COMPLETED","Please confirm pickup","","64","2762","2026-09-18T20:15:00.000Z","2026-09-21T00:30:00.000Z"
"4e7d7b1e-6708-42d0-970a-aa8aabaa89f7","47200263-42ff-4887-b573-2ff0731c2f7d","8bcc5330-6b50-4950-bdbf-e5f3a9b775ee","VIT College","18.4635","73.8682","Katraj Terminal","18.4471","73.8562","1","REJECTED","Please confirm pickup","No seats available","28","2763","2026-09-19T00:00:00.000Z","2026-09-20T19:30:00.000Z"
"fb249af9-35e4-4f69-b5fa-f3e182f91e90","c462898e-b664-414c-880a-752f2e01ec05","1cb6adeb-9163-4fbb-b53f-65f5505df0b2","City Pride BRTS","18.4845","73.8583","VIT College","18.4635","73.8682","1","REJECTED","Please confirm pickup","No seats available","11","2764","2026-09-19T13:15:00.000Z","2026-09-20T11:30:00.000Z"
"623b4b99-273d-4b5f-b854-40cf114f76c3","672300c6-a131-406d-a51a-411049113f03","fa0d30d3-0506-4b72-a9d6-ba7158bfd0a0","VIT College","18.4635","73.8682","Lower Indira Nagar Stop","18.4718","73.8618","1","PENDING","","","10","2765","2026-09-20T03:00:00.000Z","2026-09-21T06:30:00.000Z"
"668ac449-d579-42c4-bdb3-dd8b3baaf5ba","c5f334a9-d905-4a18-9c76-744aefec8b2c","a68aae4c-c9bd-4227-aac3-87e0cce8704c","Kashinath Patil Nagar Stop","18.4745","73.8631","VIT College","18.4635","73.8682","1","PENDING","Please confirm pickup","","8","2766","2026-09-20T11:15:00.000Z","2026-09-20T18:30:00.000Z"
"260ce1a4-96c9-4c19-8158-5ae83ef45849","3bc86f5c-3099-4f83-9938-d19f28c748a1","d774693a-f4b2-48d7-9848-a02f48110bad","VIT College","18.4635","73.8682","Upper Indira Nagar Bus Depot","18.4682","73.8623","1","PENDING","","","12","2767","2026-09-23T15:00:00.000Z","2026-09-20T17:30:00.000Z"
"da41273c-4aae-4a79-91a3-cca62950c35f","53697bd3-4d5a-4e6f-928e-55d014bea16e","f7a3a9b0-d919-4111-a000-2b91381aa324","Kashinath Patil Nagar Stop","18.4745","73.8631","VIT College","18.4635","73.8682","1","COMPLETED","","","6","2768","2026-09-24T10:15:00.000Z","2026-09-21T02:30:00.000Z"
"d87da1ba-43b1-46fd-93f4-313b9c31cf59","fe797ccb-dcab-4cea-bedc-7dbbfb0e6401","5c96563c-848e-485c-acbe-fea45d06506b","VIT College","18.4635","73.8682","Chintamani Nagar","18.4651","73.864","1","CANCELLED","","","78","2769","2026-09-26T07:00:00.000Z","2026-09-20T20:30:00.000Z"
"5088593b-f27e-45c0-9556-75d1c484e5f4","6880deab-b831-4a52-b582-07c686838a69","dabcd5c1-0261-4275-a50f-86ba21a7fb38","Lower Indira Nagar Stop","18.4718","73.8618","VIT College","18.4635","73.8682","1","REJECTED","I will wait at the hub","No seats available","25","2770","2026-09-25T12:15:00.000Z","2026-09-20T11:30:00.000Z"
"4225d483-9b1c-401d-8bc2-ed757d8803be","e3951f74-d33d-4f94-9091-edb8749b277e","5d37ae3a-9fca-401b-81cc-2761fb12b96e","VIT College","18.4635","73.8682","Market Yard Corner","18.4792","73.8581","1","CANCELLED","","","69","2771","2026-09-27T20:00:00.000Z","2026-09-21T00:30:00.000Z"
"35a6009b-6cdc-4c23-8726-3402b86426d4","ffa07926-8743-4196-b608-ad1488a7638a","c6e7cd17-8a26-4b21-bcff-24bc73443535","Swargate PMPML Main Bus Stand","18.4991","73.8583","VIT College","18.4635","73.8682","1","CANCELLED","Please confirm pickup","","20","2772","2026-09-26T13:15:00.000Z","2026-09-20T15:30:00.000Z"
"113172d4-8452-427c-a0af-463d778a49ab","7dbaad8f-272b-46df-989e-f705b0f08fd3","181765e4-8d59-4d44-860f-b05bf3bda2f4","VIT College","18.4635","73.8682","Katraj Terminal","18.4471","73.8562","1","ACCEPTED","I will wait at the hub","","22","2773","2026-09-29T10:00:00.000Z","2026-09-21T00:30:00.000Z"
"e2b1107e-b4e8-49f6-a88c-1c598693d017","fa2ff6bf-ca28-4f23-9296-bb129099252a","e967b8e3-6e99-4788-bb76-597c964a0c6a","City Pride BRTS","18.4845","73.8583","VIT College","18.4635","73.8682","1","COMPLETED","Please confirm pickup","","68","2774","2026-09-28T20:15:00.000Z","2026-09-20T10:30:00.000Z"
"77420455-1342-40ba-b8c5-66ac0a17c312","61ac25c4-e0bf-4b6e-a241-70eceedba048","ef122acc-af59-49f1-86de-5dc9fd3e25e3","VIT College","18.4635","73.8682","Chintamani Nagar","18.4651","73.864","1","COMPLETED","Please confirm pickup","","10","2775","2026-10-01T14:00:00.000Z","2026-09-20T12:30:00.000Z"
"503488b9-a170-499b-a5fb-a0d264a1c46f","b990766c-e2e8-489f-9a89-641593a37e3b","e774b584-0014-4dc8-bc95-1bb5f69d20a3","Panchami BRTS","18.4902","73.8586","VIT College","18.4635","73.8682","1","CANCELLED","Please confirm pickup","","28","2776","2026-10-01T03:15:00.000Z","2026-09-20T17:30:00.000Z"
"36b5916b-50d7-4394-940b-97eefa03271a","f4587e89-2762-4360-8973-5f60ee052396","dbaeea46-2585-4546-82df-3945b9be2cbd","VIT College","18.4635","73.8682","Balaji Nagar BRTS","18.4628","73.8577","1","ACCEPTED","","","60","2777","2026-10-02T09:00:00.000Z","2026-09-21T06:30:00.000Z"
"919a800e-cc4c-4af2-95fe-c7bb41c651cd","1fb6a133-cfcb-4ff0-ace8-fd749e17ccf0","2b4fe7a0-6432-4448-993d-7b559d10ec1a","City Pride BRTS","18.4845","73.8583","VIT College","18.4635","73.8682","1","ACCEPTED","","","20","2778","2026-10-03T22:15:00.000Z","2026-09-20T19:30:00.000Z"
"2fda43bf-6054-4d96-bc54-11851d766dcd","38282c2a-2ede-4648-aa13-b3310c3b94f0","2e717694-7d6b-49e8-baf4-53cf8f4fbac3","VIT College","18.4635","73.8682","Kashinath Patil Nagar Stop","18.4745","73.8631","1","CANCELLED","Please confirm pickup","","28","2779","2026-10-03T20:00:00.000Z","2026-09-20T19:30:00.000Z"
"81af2d14-752a-418d-9ebd-447b7bc5320d","a0848fe1-7530-48c1-bb1f-27797dc0407a","9c7182f6-1906-4c8c-b228-eca6a245931d","Chintamani Nagar","18.4651","73.864","VIT College","18.4635","73.8682","1","REJECTED","Please confirm pickup","No seats available","9","2780","2026-10-05T03:15:00.000Z","2026-09-21T04:30:00.000Z"
"e7a63307-a39e-4754-a4cc-a4b09215db6b","606bfa56-80b9-4c4f-9b20-9823c64ecd4e","03b1388a-04d6-4ee8-b7ee-b8541ca330f1","VIT College","18.4635","73.8682","Shankar Maharaj Math","18.4735","73.8579","1","ACCEPTED","I will wait at the hub","","20","2781","2026-10-06T21:00:00.000Z","2026-09-20T20:30:00.000Z"
"4bc33bec-266c-4719-9e07-e462569b49ab","489e7212-7651-44f8-9127-cfa5880e0795","82251b7c-39c1-4612-9777-0028617b08fc","Upper Indira Nagar Bus Depot","18.4682","73.8623","VIT College","18.4635","73.8682","1","ACCEPTED","","","36","2782","2026-10-07T05:15:00.000Z","2026-09-20T22:30:00.000Z"
"4db9b51e-d99d-423f-a957-754b27b25e77","7b0d36aa-8237-4d28-9df9-a5482f4deb56","90fbd646-a8a0-4f77-af4f-4746feda3a10","VIT College","18.4635","73.8682","Katraj Terminal","18.4471","73.8562","1","PENDING","I will wait at the hub","","25","2783","2026-10-08T09:00:00.000Z","2026-09-20T20:30:00.000Z"
"acd8e750-5dd2-44f2-bcd9-0d072d3fe101","4f2a34af-d58a-4515-9ad5-f218b4838650","3cba72c9-ac53-4442-8d16-3fa4f75f696d","Swargate PMPML Main Bus Stand","18.4991","73.8583","VIT College","18.4635","73.8682","1","CANCELLED","I will wait at the hub","","22","2784","2026-10-09T04:15:00.000Z","2026-09-21T01:30:00.000Z"
"21d6c442-9bf2-4b17-8133-795c391c2be1","77cf314a-71ba-4db1-b7c2-1340dffd1580","dbffce9e-93ca-460b-a2e6-fec327ae8a6e","VIT College","18.4635","73.8682","Shankar Maharaj Math","18.4735","73.8579","1","REJECTED","I will wait at the hub","No seats available","49","2785","2026-10-10T11:00:00.000Z","2026-09-20T10:30:00.000Z"
"dc2a8e75-5985-4331-a103-c16d50ec3536","4663534b-ba27-41ea-83d3-554aff15c460","6767d864-c164-421c-8b90-0f29abc5af41","Panchami BRTS","18.4902","73.8586","VIT College","18.4635","73.8682","1","ACCEPTED","","","11","2786","2026-10-10T09:15:00.000Z","2026-09-21T04:30:00.000Z"
"92ffe43a-407a-4f4b-b822-5b8146b15f00","79590f44-0967-42fd-b0b2-a39251b5dc46","b8ece9b4-d515-405a-952d-1ccdc242c410","VIT College","18.4635","73.8682","Balaji Nagar BRTS","18.4628","73.8577","1","ACCEPTED","Please confirm pickup","","18","2787","2026-10-11T12:00:00.000Z","2026-09-21T00:30:00.000Z"
"2b8783c0-da4c-43e8-9629-5640f82fe368","f5a29d7e-8658-4fca-8260-746bf71cbc3e","e443e68b-7cb4-4260-8ec6-64c485de79d5","Panchami BRTS","18.4902","73.8586","VIT College","18.4635","73.8682","1","COMPLETED","Please confirm pickup","","30","2788","2026-10-14T07:15:00.000Z","2026-09-20T13:30:00.000Z"
"3d2b4877-8592-43ad-a1e1-16a1789ccf9f","e268d994-28cc-4698-8d36-13bfcfd92c0b","ed6b366d-9f31-4216-84e6-747030d98fda","VIT College","18.4635","73.8682","Lower Indira Nagar Stop","18.4718","73.8618","1","REJECTED","","No seats available","5","2789","2026-10-14T22:00:00.000Z","2026-09-20T19:30:00.000Z"
"6a1baeb4-d209-43f6-b790-92b1c026b958","3a7e4fd8-1932-460e-ab7a-d3cede393e3a","b049f74f-7dd1-454b-91ad-b27eeaeed095","Upper Indira Nagar Bus Depot","18.4682","73.8623","VIT College","18.4635","73.8682","1","COMPLETED","I will wait at the hub","","26","2790","2026-10-16T19:15:00.000Z","2026-09-20T12:30:00.000Z"
"e129e4d0-ee4e-437e-8037-9ea3174b20b5","98ddfa6a-b8dc-480c-ab44-4e18618e574d","bfe5c77b-945d-47a5-81f7-7ae8e1ff5d5b","VIT College","18.4635","73.8682","Bibwewadi Bus Stop","18.4792","73.8615","1","ACCEPTED","I will wait at the hub","","42","2791","2026-10-16T22:00:00.000Z","2026-09-21T04:30:00.000Z"
"76e37f1f-923c-405f-8405-159e0fa9cb42","8eb11c9b-704b-49ef-9705-750658c1b7c6","c283b8d4-e85f-4f55-a686-461ce166d95c","Upper Indira Nagar Bus Depot","18.4682","73.8623","VIT College","18.4635","73.8682","1","COMPLETED","","","13","2792","2026-10-18T16:15:00.000Z","2026-09-21T05:30:00.000Z"
"b81f1b35-1297-4296-b992-2ca17d89611c","838fc599-3923-43de-a423-cab1369604cd","aba3000b-d3fe-45b0-93f8-1eb12fe76121","VIT College","18.4635","73.8682","Katraj Terminal","18.4471","73.8562","1","COMPLETED","I will wait at the hub","","2","2793","2026-10-17T15:00:00.000Z","2026-09-21T02:30:00.000Z"
"d6a01f75-ef0e-40de-8482-02dadf20e583","8199f561-4f70-4b8c-b716-2b3f4bed1b28","fbade199-d957-41f1-9c4b-bef677c6f400","Kashinath Patil Nagar Stop","18.4745","73.8631","VIT College","18.4635","73.8682","1","PENDING","","","20","2794","2026-10-19T11:15:00.000Z","2026-09-21T02:30:00.000Z"
"6dc6c9f4-da67-46d8-a8cf-bb1ae2815e96","c8bf692e-7598-49c5-bbfc-aee094a11115","ac0cf495-0f8e-40d8-b476-4ac4d53bdc5b","VIT College","18.4635","73.8682","Katraj Dairy BRTS","18.4508","73.8569","1","REJECTED","I will wait at the hub","No seats available","18","2795","2026-10-20T15:00:00.000Z","2026-09-21T03:30:00.000Z"
"b2ffcbb1-e021-4fe5-9439-567bae855385","01312676-73a4-4ce7-8860-74087a03f0c6","bbd2b08c-34a8-4439-a7fa-b253b6a9fe04","Chintamani Nagar","18.4651","73.864","VIT College","18.4635","73.8682","1","CANCELLED","","","26","2796","2026-10-20T15:15:00.000Z","2026-09-20T19:30:00.000Z"
"5b4c7d65-1484-4c93-a662-eab524878e40","5c1b3efb-7c50-49a5-b5d1-3d644f237d61","9c9999da-6c7c-4b0f-ba28-7f852899325d","VIT College","18.4635","73.8682","Market Yard Corner","18.4792","73.8581","1","ACCEPTED","","","13","2797","2026-10-22T20:00:00.000Z","2026-09-20T19:30:00.000Z"
"5b8127ea-612b-4f6b-8c85-d44ff1835a01","9033334b-bfa8-423c-8fe1-8590201a5c3d","856fb0bc-3ae4-454f-9f56-312a33995404","City Pride BRTS","18.4845","73.8583","VIT College","18.4635","73.8682","1","REJECTED","","No seats available","12","2798","2026-10-24T22:15:00.000Z","2026-09-20T10:30:00.000Z"
"5975cdf1-48c8-4c4c-824c-d9ec24766e1e","68326949-6fc7-41c0-a02b-5666ac81045d","f7676189-9518-498b-a982-6c245aff61a1","VIT College","18.4635","73.8682","Bibwewadi Bus Stop","18.4792","73.8615","1","ACCEPTED","","","7","2799","2026-10-25T14:00:00.000Z","2026-09-20T11:30:00.000Z"
"c760de78-a04d-45f2-9d5c-15ddf78ce759","478bb025-bace-45fa-8187-1ae9987e5428","03dfc805-e814-4e5f-a637-8a041faf9ad7","City Pride BRTS","18.4845","73.8583","VIT College","18.4635","73.8682","1","ACCEPTED","Please confirm pickup","","3","2800","2026-10-24T07:15:00.000Z","2026-09-21T06:30:00.000Z"
"e25622f3-3178-4f3b-a3d5-bffe78272d2e","c92b4087-a422-4d8c-8e79-26bfac9ca101","508e57b4-544e-4392-bbd1-17b3a4e613c3","VIT College","18.4635","73.8682","Bibwewadi Bus Stop","18.4792","73.8615","1","REJECTED","I will wait at the hub","No seats available","15","2801","2026-10-26T22:00:00.000Z","2026-09-20T16:30:00.000Z"
"de43cd60-2a1d-4262-ac24-2b955f929d87","11bc1a50-2f31-48c5-9c56-1de186423417","81213212-6e43-4b70-96e8-51e59fb5e735","Panchami BRTS","18.4902","73.8586","VIT College","18.4635","73.8682","1","REJECTED","Please confirm pickup","No seats available","47","2802","2026-10-28T21:15:00.000Z","2026-09-20T12:30:00.000Z"
"f6538591-fb22-4cce-84aa-abb07d04ead2","b004db2c-bb58-4659-b373-891c966e24fb","5118be9b-6811-4a52-9a62-a0ced3f60e27","VIT College","18.4635","73.8682","Bibwewadi Bus Stop","18.4792","73.8615","1","COMPLETED","Please confirm pickup","","14","2803","2026-10-29T14:00:00.000Z","2026-09-20T18:30:00.000Z"
"952ef5ed-d0ef-40b6-9e32-fa78e269fa13","e63bc4eb-1cc1-4558-8970-eae47d229ce3","17983e48-5904-4312-9f6c-9d6f749c8539","City Pride BRTS","18.4845","73.8583","VIT College","18.4635","73.8682","1","REJECTED","I will wait at the hub","No seats available","14","2804","2026-10-30T12:15:00.000Z","2026-09-21T06:30:00.000Z"
"a382a8c0-edc6-45ed-b429-107bcb75f900","40ce5803-9ea2-4fde-86be-d19f64893f91","669af901-6937-4b2d-a11b-46de7e09eced","VIT College","18.4635","73.8682","Lower Indira Nagar Stop","18.4718","73.8618","1","ACCEPTED","","","27","2805","2026-10-29T22:00:00.000Z","2026-09-20T11:30:00.000Z"
"954c2fff-8450-4d83-b230-b1e53b18f9d4","07c1f54f-5628-491b-8876-6ea47f6a3a6f","08c75e3d-df80-427a-b942-864b9136eb2a","Laxmi Narayan Theatre","18.4965","73.8584","VIT College","18.4635","73.8682","1","REJECTED","","No seats available","2","2806","2026-10-31T05:15:00.000Z","2026-09-20T18:30:00.000Z"
"f7bb9f8e-b184-4cb5-8389-8890e486c20d","b7e53912-d7ee-4b46-abc7-66df936c9135","8583b128-6eef-4c56-a566-5dc44a8d0a70","VIT College","18.4635","73.8682","Bharati Vidyapeeth","18.456","73.8574","1","REJECTED","I will wait at the hub","No seats available","2","2807","2026-11-03T04:00:00.000Z","2026-09-21T06:30:00.000Z"
"8e76c596-6f49-46bb-92c3-d7d832ca4b51","2a624fa6-6ead-486a-8633-35da388c9345","f2ff9e67-5a69-4146-a543-f1fed27fb87a","Laxmi Narayan Theatre","18.4965","73.8584","VIT College","18.4635","73.8682","1","PENDING","Please confirm pickup","","19","2808","2026-11-02T12:15:00.000Z","2026-09-20T10:30:00.000Z"
"91f7240b-9c07-4793-9719-a8f1d192b3cd","1a5421f5-f61c-4571-90b4-fb8985851bbf","f34b84c7-eb95-4dff-958a-ef69c608f272","VIT College","18.4635","73.8682","Bharati Vidyapeeth","18.456","73.8574","1","PENDING","Please confirm pickup","","19","2809","2026-11-04T09:00:00.000Z","2026-09-20T16:30:00.000Z"
"82a42ea1-0256-4c72-98b9-bf5918a7ec00","eae4c192-f26a-40a5-b957-fdb141661848","c4608e10-532e-42df-b9ca-6399d157bc77","Bibwewadi Bus Stop","18.4792","73.8615","VIT College","18.4635","73.8682","1","COMPLETED","Please confirm pickup","","0","2810","2026-08-06T14:15:00.000Z","2026-09-20T20:30:00.000Z"
"e9c7814d-ff46-48ae-8a9d-a3027f933c6e","1aaa9fc5-7bce-4483-b4fb-c182a69f8ba9","a53ad219-be12-4a6b-9852-64dfe8aa6236","VIT College","18.4635","73.8682","Katraj Terminal","18.4471","73.8562","1","REJECTED","I will wait at the hub","No seats available","34","2811","2026-08-09T05:00:00.000Z","2026-09-20T18:30:00.000Z"
"23b7f0aa-bc9f-4aaf-b232-2ff5ab7d1f2f","193d021d-25af-4656-bf78-26221ef96d4e","30e63cfd-4d4a-41f2-9c08-fe7bb0c7d4b0","Swargate PMPML Main Bus Stand","18.4991","73.8583","VIT College","18.4635","73.8682","1","REJECTED","I will wait at the hub","No seats available","10","2812","2026-08-09T23:15:00.000Z","2026-09-20T14:30:00.000Z"
"accaef8e-db8c-4487-b40a-cff737d71671","cd08e074-68c5-4017-ba6f-50ac68f03372","61caa1f5-7dee-45a4-964a-8e5ed8b6a158","VIT College","18.4635","73.8682","Balaji Nagar BRTS","18.4628","73.8577","1","CANCELLED","I will wait at the hub","","26","2813","2026-08-09T08:00:00.000Z","2026-09-21T01:30:00.000Z"
"2a20bc48-cd47-4625-81f8-41b4a32a9758","b7ce6a32-3f3a-4a2e-a8ed-55d1a2e0e090","be9c6ca4-6ee9-481b-8039-dcc0a742224e","City Pride BRTS","18.4845","73.8583","VIT College","18.4635","73.8682","1","PENDING","Please confirm pickup","","24","2814","2026-08-11T11:15:00.000Z","2026-09-21T01:30:00.000Z"
"33715a77-cc12-4115-b07d-c3fd3ba270e5","ee4251ed-106b-4b49-85cf-fc59e57243b4","fbd59ae5-86aa-4b7c-b82b-b7c0b9d357a3","VIT College","18.4635","73.8682","Upper Indira Nagar Bus Depot","18.4682","73.8623","1","PENDING","","","1","2815","2026-08-11T23:00:00.000Z","2026-09-20T10:30:00.000Z"
"47e0e0bd-7c29-496a-b2c8-e678c74a44e5","2306fa33-a81f-46a1-916c-cb1abe55fcea","228adcc3-430e-4eba-ba35-403a9eae4ae6","Laxmi Narayan Theatre","18.4965","73.8584","VIT College","18.4635","73.8682","1","ACCEPTED","","","15","2816","2026-08-13T12:15:00.000Z","2026-09-20T14:30:00.000Z"
"609d2c9f-08c3-4076-8ce4-ed9ce19a3036","accdbd4b-396d-4079-9176-3ca5c9e76929","db21b52b-86e1-49c0-82fe-f5d33db4323f","VIT College","18.4635","73.8682","KK Market BRTS","18.4683","73.8579","1","REJECTED","I will wait at the hub","No seats available","29","2817","2026-08-13T22:00:00.000Z","2026-09-20T18:30:00.000Z"
"2f3d6c6d-3951-4de5-ab57-b152a938fe79","d6c17434-0d4d-4199-b0bc-f6b9c07bc630","a1ef1ce8-9cb0-499a-bca0-636d395b8e27","Laxmi Narayan Theatre","18.4965","73.8584","VIT College","18.4635","73.8682","1","PENDING","Please confirm pickup","","18","2818","2026-08-15T17:15:00.000Z","2026-09-20T10:30:00.000Z"
"67ea57da-a610-4cd6-a5c5-2d3d8c8cc12e","9e7f8a10-8c34-4309-9abb-26fc9dc0f90f","5bed2f04-01f9-4e95-995a-1a0c306ae9c3","VIT College","18.4635","73.8682","Bibwewadi Bus Stop","18.4792","73.8615","1","CANCELLED","I will wait at the hub","","4","2819","2026-08-15T17:00:00.000Z","2026-09-20T11:30:00.000Z"
"0976179d-f32c-4504-9bdd-329f16246a38","347998d6-1193-4173-aba0-3adf84a035d8","b351304c-33e4-4dfa-bbfe-0e46f5cda915","Laxmi Narayan Theatre","18.4965","73.8584","VIT College","18.4635","73.8682","1","REJECTED","I will wait at the hub","No seats available","6","2820","2026-08-15T18:15:00.000Z","2026-09-20T21:30:00.000Z"
"2ec5ec96-146c-4355-bc11-02a78256e54a","4cb06401-c831-4878-8d3a-0cf284dd9b3a","f69ef11d-7551-4545-967a-f045a72ebb93","VIT College","18.4635","73.8682","Bharati Vidyapeeth","18.456","73.8574","1","CANCELLED","Please confirm pickup","","30","2821","2026-08-18T07:00:00.000Z","2026-09-21T01:30:00.000Z"
"b7daaaa3-e974-4666-9e86-123aa81fbdd1","c2903257-5007-4e17-ae40-b7c8060b32a1","76b965ae-22a7-4a52-a8af-e41b3fbabb12","Swargate PMPML Main Bus Stand","18.4991","73.8583","VIT College","18.4635","73.8682","1","CANCELLED","I will wait at the hub","","9","2822","2026-08-18T16:15:00.000Z","2026-09-20T15:30:00.000Z"
"56056bab-721d-444a-9cd9-78fc2ed21671","b0526699-f3dc-4f5d-9b48-6a8535184646","47fb716c-faad-411e-a3e5-d13e542643c1","VIT College","18.4635","73.8682","KK Market BRTS","18.4683","73.8579","1","COMPLETED","I will wait at the hub","","20","2823","2026-08-19T16:00:00.000Z","2026-09-21T02:30:00.000Z"
"f61c3f0d-d202-44d1-aacf-7d8d5a0e28cb","ca939ded-9104-42cf-a4b3-6843b47783c2","4c3a0823-a2f6-449e-a285-51b92ef1ef89","Lower Indira Nagar Stop","18.4718","73.8618","VIT College","18.4635","73.8682","1","COMPLETED","","","21","2824","2026-08-19T03:15:00.000Z","2026-09-21T01:30:00.000Z"
"cde7b6a6-b988-4cb6-a697-3ae7534e6515","a82b0c1a-886f-4211-a0a9-054ebf2de948","6d4eadbe-2e7e-4907-9dac-2e7ca825fe4f","VIT College","18.4635","73.8682","Katraj Terminal","18.4471","73.8562","1","PENDING","Please confirm pickup","","29","2825","2026-08-23T10:00:00.000Z","2026-09-21T05:30:00.000Z"
"bc5e5407-dcb4-4101-9f61-9c6929024a41","9c4be972-a9b9-40d6-aa1d-6f5408282dac","cdec7465-1f6a-4948-bdff-48b43a5e174c","Lower Indira Nagar Stop","18.4718","73.8618","VIT College","18.4635","73.8682","1","REJECTED","I will wait at the hub","No seats available","5","2826","2026-08-22T15:15:00.000Z","2026-09-20T17:30:00.000Z"
"07934a95-7160-477a-afe1-acf239105020","87db7b35-55db-4c56-99f0-a6ba239c2439","287a280f-3e96-473f-a98b-7fea3a6ff244","VIT College","18.4635","73.8682","KK Market BRTS","18.4683","73.8579","1","ACCEPTED","","","6","2827","2026-08-22T19:00:00.000Z","2026-09-21T03:30:00.000Z"
"f503e2cd-ec13-405b-8a62-bdc4dd5be932","4a54e2bf-6545-4272-ad64-bd47d61df079","cb3f3ef2-5ef7-449a-8f63-2d283dcb08cf","Laxmi Narayan Theatre","18.4965","73.8584","VIT College","18.4635","73.8682","1","REJECTED","I will wait at the hub","No seats available","18","2828","2026-08-24T10:15:00.000Z","2026-09-20T20:30:00.000Z"
"be5c44bc-dee0-4208-ad9c-de1541208953","84595fe1-7158-45b5-867b-e6a74628a5e6","b407e420-bc95-44d7-9048-179efe644dba","VIT College","18.4635","73.8682","Kashinath Patil Nagar Stop","18.4745","73.8631","1","PENDING","I will wait at the hub","","5","2829","2026-08-26T21:00:00.000Z","2026-09-20T11:30:00.000Z"
"271fac64-3bdb-4d17-a894-5845f2d03696","01a4582b-778c-4fd3-9763-2d85857beef3","22cd2c32-c447-4e38-8e94-504aa1dee620","Swargate BRTS Stop","18.4982","73.8588","VIT College","18.4635","73.8682","1","REJECTED","","No seats available","22","2830","2026-08-27T00:15:00.000Z","2026-09-20T21:30:00.000Z"
"96343d63-70a2-454b-8ed9-b78561a12557","91cd9721-950d-4891-95b6-560672d57fde","8a8524b8-3506-433a-9249-833aa24fb089","VIT College","18.4635","73.8682","Balaji Nagar BRTS","18.4628","73.8577","1","REJECTED","","No seats available","17","2831","2026-08-26T12:00:00.000Z","2026-09-20T14:30:00.000Z"
"f9397071-8442-47ca-8edc-27a999e94058","0fe39544-ef36-496d-bd05-d021888a50a5","86105958-87be-4dcd-b670-bf501ca8dcdd","Laxmi Narayan Theatre","18.4965","73.8584","VIT College","18.4635","73.8682","1","COMPLETED","","","47","2832","2026-08-27T22:15:00.000Z","2026-09-21T03:30:00.000Z"
"ff52b6b2-e03c-4637-83b2-c377def5fe39","f30ce3ff-9b76-4031-8fe8-c6dfbcd28cdd","6f3fcde3-7927-4673-8e83-5d19997e04eb","VIT College","18.4635","73.8682","Katraj Terminal","18.4471","73.8562","1","PENDING","","","21","2833","2026-08-28T18:00:00.000Z","2026-09-20T13:30:00.000Z"
"d4fb2215-beb6-4610-8176-65e37ddf81e8","8fc39df0-6017-41f5-afb5-7a113699cf79","3934e51d-f7fc-439d-a64b-1e11c068f9b5","Bibwewadi Bus Stop","18.4792","73.8615","VIT College","18.4635","73.8682","1","REJECTED","","No seats available","47","2834","2026-08-30T21:15:00.000Z","2026-09-20T23:30:00.000Z"
"2b276b00-8fd1-45b0-8d15-d305ace211c3","6ca9283c-c81a-41cb-9262-2b1bee36f6d0","fac65e5b-f1a5-4896-b38a-74849ccdc168","VIT College","18.4635","73.8682","Lower Indira Nagar Stop","18.4718","73.8618","1","REJECTED","Please confirm pickup","No seats available","9","2835","2026-08-31T15:00:00.000Z","2026-09-20T21:30:00.000Z"
"80de0630-b9e4-4402-b3e2-0dacae9f5424","20245922-7f9b-4d65-9cc1-3246fbca71bb","29b6b79c-7351-4ba6-a9ad-66967f535c3c","Swargate PMPML Main Bus Stand","18.4991","73.8583","VIT College","18.4635","73.8682","1","ACCEPTED","Please confirm pickup","","27","2836","2026-09-02T00:15:00.000Z","2026-09-20T20:30:00.000Z"
"f41a974e-d657-49fd-a2d3-ebadc4e25150","f762400f-e44c-4c3b-b9c8-9bfd561b6e20","5b47c5b4-ec85-43dd-9c75-f074a7d568d2","VIT College","18.4635","73.8682","Katraj Terminal","18.4471","73.8562","1","PENDING","I will wait at the hub","","18","2837","2026-09-03T06:00:00.000Z","2026-09-20T21:30:00.000Z"
"0af3aa6c-5206-4f64-aaf1-e188bf86b628","3d9e423d-918c-494a-a8bd-2f6488df70c0","edf92a9c-96cf-4fe7-b02c-abdaad634737","Swargate PMPML Main Bus Stand","18.4991","73.8583","VIT College","18.4635","73.8682","1","REJECTED","Please confirm pickup","No seats available","27","2838","2026-09-04T21:15:00.000Z","2026-09-21T05:30:00.000Z"
"4a1707af-0273-4d33-bf7c-d21755ee65f3","5cc08185-b339-4bb7-814a-7014a409b6b6","877fcad2-68c5-48bf-942c-586c3d86867f","VIT College","18.4635","73.8682","Kashinath Patil Nagar Stop","18.4745","73.8631","1","ACCEPTED","I will wait at the hub","","7","2839","2026-09-04T02:00:00.000Z","2026-09-20T19:30:00.000Z"
"522fd55a-1042-435d-9889-218685ed45ac","d0147f0f-9dff-4ab5-829e-07e2649721a2","926e6fcc-8a51-46f5-85e4-e8eefbfe9ddc","Kashinath Patil Nagar Stop","18.4745","73.8631","VIT College","18.4635","73.8682","1","ACCEPTED","I will wait at the hub","","30","2840","2026-09-04T03:15:00.000Z","2026-09-21T03:30:00.000Z"
"69b23ac5-193d-4b15-ab63-088a71081f5b","ae052ba8-5c1a-4561-9c33-141130e5628f","750f9bd3-e937-4388-a25a-3cc6be098aa7","VIT College","18.4635","73.8682","Bibwewadi Bus Stop","18.4792","73.8615","1","COMPLETED","Please confirm pickup","","19","2841","2026-09-07T17:00:00.000Z","2026-09-21T06:30:00.000Z"
"44990dea-e2bb-486b-bb08-71a2f58fe292","b51b91cf-cfeb-4048-87c0-520d2ff484ab","9310e53a-bd9e-441e-911c-031aa1551243","Kashinath Patil Nagar Stop","18.4745","73.8631","VIT College","18.4635","73.8682","1","PENDING","I will wait at the hub","","41","2842","2026-09-06T04:15:00.000Z","2026-09-20T23:30:00.000Z"
"0cfcddfc-cce4-4528-a4b5-d9ab773d41a3","7b2f6b74-e8ca-4181-bbe7-02b790bc0115","5ce9e64f-f50b-4da1-9486-37f9f09551ed","VIT College","18.4635","73.8682","Bharati Vidyapeeth","18.456","73.8574","1","REJECTED","I will wait at the hub","No seats available","30","2843","2026-09-07T19:00:00.000Z","2026-09-20T17:30:00.000Z"
"013ae804-c007-4ac0-9dc7-c7e11c6646d9","cfffa02c-1431-4c2c-9c09-2884923e9ff6","eb5a4f04-4ebf-43f6-a099-11c15b1dfbe5","Lower Indira Nagar Stop","18.4718","73.8618","VIT College","18.4635","73.8682","1","REJECTED","Please confirm pickup","No seats available","53","2844","2026-09-08T11:15:00.000Z","2026-09-20T14:30:00.000Z"
"6f7a7e83-0f98-46d1-b6e5-65927e8e4115","eda848cc-b22a-4858-8df8-8b63259cb5e6","461b5690-97cf-4151-95af-7899c536787b","VIT College","18.4635","73.8682","Kashinath Patil Nagar Stop","18.4745","73.8631","1","CANCELLED","","","56","2845","2026-09-11T09:00:00.000Z","2026-09-21T02:30:00.000Z"
"59d8d8d8-8323-49aa-857c-54ae980b3f20","43936d16-adac-4c03-80f8-01e6ef744e96","91d3e190-f0bb-4908-a504-df3c03c7e6a6","City Pride BRTS","18.4845","73.8583","VIT College","18.4635","73.8682","1","ACCEPTED","","","24","2846","2026-09-12T22:15:00.000Z","2026-09-20T11:30:00.000Z"
"27a182ef-0e3c-40c8-9666-97787c2d4a39","b8f2df5d-91ef-4966-84e0-982f34d11796","8a7e159e-c7d0-49fb-9915-996ec39b4c3f","VIT College","18.4635","73.8682","Shankar Maharaj Math","18.4735","73.8579","1","REJECTED","I will wait at the hub","No seats available","13","2847","2026-09-12T11:00:00.000Z","2026-09-20T10:30:00.000Z"
"34743f7b-8e30-46ab-afe7-50decb17e16c","ec246858-3b03-4b2a-8b16-9341d9321c78","33e24ac2-b991-402e-96fe-a60f7d88716b","Panchami BRTS","18.4902","73.8586","VIT College","18.4635","73.8682","1","PENDING","Please confirm pickup","","29","2848","2026-09-14T19:15:00.000Z","2026-09-20T10:30:00.000Z"
"add7ae7d-c2c6-4186-9cc2-fd4b79fb1b6f","9e25ce2d-696f-40ba-a21d-adc579773a7e","cce669d0-24ee-4095-8136-3ddc6f61da10","VIT College","18.4635","73.8682","Katraj Terminal","18.4471","73.8562","1","CANCELLED","","","4","2849","2026-09-16T02:00:00.000Z","2026-09-20T13:30:00.000Z"
"28bd73a7-632b-4864-a8ef-9adb849c07fa","e10054d7-019d-4661-8acf-a7c02793c39d","b08272f1-2eae-461f-9382-c184fe741279","Laxmi Narayan Theatre","18.4965","73.8584","VIT College","18.4635","73.8682","1","ACCEPTED","I will wait at the hub","","4","2850","2026-09-15T12:15:00.000Z","2026-09-21T00:30:00.000Z"
"47294b65-c9e2-4578-b6e5-71c3a2ca3ab5","a2ada4c5-5541-46f5-9ba3-ca2738625fbe","7f81c4c3-c234-4bd0-80d1-215c711a0283","VIT College","18.4635","73.8682","Chintamani Nagar","18.4651","73.864","1","REJECTED","Please confirm pickup","No seats available","30","2851","2026-09-17T09:00:00.000Z","2026-09-20T22:30:00.000Z"
"8992140f-7b27-447c-9bad-81e590ffe5f7","1bcbf866-59f4-4ef4-adde-62fce4947855","80ca3ea6-d467-4f49-97eb-b6dc6f476676","Lower Indira Nagar Stop","18.4718","73.8618","VIT College","18.4635","73.8682","1","CANCELLED","I will wait at the hub","","11","2852","2026-09-17T08:15:00.000Z","2026-09-20T13:30:00.000Z"
"a5210342-76b3-4cf9-be1a-b66ff1896704","3db3257f-3d10-4e5f-84eb-67dfbc67f98b","90d5fa4d-50ca-4080-ae76-6f8158f4c9a5","VIT College","18.4635","73.8682","Market Yard Corner","18.4792","73.8581","1","CANCELLED","","","9","2853","2026-09-19T06:00:00.000Z","2026-09-20T15:30:00.000Z"
"658e3f67-4379-43f5-987b-e177d4977d42","58cc2256-2ec1-4cd2-8c61-7a6dfc93ecc3","34887a09-84f2-49c3-97c8-eaa9e671e141","Swargate BRTS Stop","18.4982","73.8588","VIT College","18.4635","73.8682","1","PENDING","Please confirm pickup","","26","2854","2026-09-20T23:15:00.000Z","2026-09-20T17:30:00.000Z"
"930f06c6-0a06-42cf-9cd8-3716f784f2f5","04a66207-3f8e-4650-b19e-1692d8444905","70d0f859-149d-4503-9629-7e2b03c67a3f","VIT College","18.4635","73.8682","Upper Indira Nagar Bus Depot","18.4682","73.8623","1","ACCEPTED","I will wait at the hub","","26","2855","2026-09-20T05:00:00.000Z","2026-09-21T02:30:00.000Z"
"50f75112-46f4-47e6-9544-8cba93c076a1","80ec623e-6857-448c-b901-d80a0141ee25","4bb40fa4-b428-432e-aca2-1a954ebd5186","Market Yard Corner","18.4792","73.8581","VIT College","18.4635","73.8682","1","PENDING","","","4","2856","2026-09-22T13:15:00.000Z","2026-09-21T04:30:00.000Z"
"f3934a5d-9c95-4753-991d-7f4dc48846f4","ce84c9d5-53b0-4049-bef8-2c863c4743f4","d3b6bef4-14dc-43ee-b1ea-5df640bff3ea","VIT College","18.4635","73.8682","Kashinath Patil Nagar Stop","18.4745","73.8631","1","REJECTED","Please confirm pickup","No seats available","13","2857","2026-09-22T13:00:00.000Z","2026-09-20T17:30:00.000Z"
"79c9eae2-2a48-4179-ad38-ef5baca5283f","d31bc2e3-d543-430f-8694-03deef0d03a0","e0bd240d-0573-4a8a-830a-c46264dbd855","Chintamani Nagar","18.4651","73.864","VIT College","18.4635","73.8682","1","COMPLETED","","","8","2858","2026-09-23T01:15:00.000Z","2026-09-20T21:30:00.000Z"
"00294d56-3db0-49ad-bb01-1c2bcf87d52a","98981a53-c80c-4f63-91fb-2b433181ec4e","8100f2b8-79e0-4059-be98-ced465000a2e","VIT College","18.4635","73.8682","Kashinath Patil Nagar Stop","18.4745","73.8631","1","REJECTED","","No seats available","30","2859","2026-09-25T21:00:00.000Z","2026-09-20T11:30:00.000Z"
"9a61375b-8e71-48a7-8df8-845b6effe8fe","785ea47f-a0e2-4e25-8534-f6b42b5194f7","b2f0c20b-d66e-41c9-b60f-6562ae71b956","Swargate BRTS Stop","18.4982","73.8588","VIT College","18.4635","73.8682","1","COMPLETED","I will wait at the hub","","2","2860","2026-09-24T21:15:00.000Z","2026-09-20T11:30:00.000Z"
"d5ea1ae5-63d9-422f-80ca-37c285affac0","b060f8ea-8adb-4269-aac4-410824a6548d","afabde80-8412-4536-8a7d-443441b6329d","VIT College","18.4635","73.8682","Chintamani Nagar","18.4651","73.864","1","REJECTED","","No seats available","15","2861","2026-09-25T20:00:00.000Z","2026-09-20T12:30:00.000Z"
"dbef8b3d-4fbc-4fc0-a75d-7933ba393b59","530061fe-8a66-4f85-8836-dc417f7912f2","e977337e-9b7d-4b79-9851-7a31a276eaf5","Upper Indira Nagar Bus Depot","18.4682","73.8623","VIT College","18.4635","73.8682","1","CANCELLED","Please confirm pickup","","66","2862","2026-09-28T22:15:00.000Z","2026-09-20T22:30:00.000Z"
"fb962e2f-8881-4d1e-941e-c93f23b12686","6d0a333b-623b-499b-9752-7def665d02ff","0234ea7e-b8a5-4a4f-8b12-eb48fefff06e","VIT College","18.4635","73.8682","KK Market BRTS","18.4683","73.8579","1","COMPLETED","","","23","2863","2026-09-28T07:00:00.000Z","2026-09-21T03:30:00.000Z"
"5f9b34b7-c012-4104-a6c9-df5b0d83ccb5","7384de82-d9f3-4a09-b9d7-c1096ae96fe9","8d2bb992-3062-4ae3-b2ae-9d47074dec68","Panchami BRTS","18.4902","73.8586","VIT College","18.4635","73.8682","1","PENDING","I will wait at the hub","","14","2864","2026-09-30T18:15:00.000Z","2026-09-21T01:30:00.000Z"
"d8b178ac-8162-45ab-ad4c-0d595d336b28","54ed5c0b-6bee-488b-8fa0-b18ac7448c5d","95e5d040-6f8f-43de-b101-0a1abbfde269","VIT College","18.4635","73.8682","KK Market BRTS","18.4683","73.8579","1","REJECTED","","No seats available","13","2865","2026-09-29T20:00:00.000Z","2026-09-21T03:30:00.000Z"
"4825d0c8-6246-492f-af0b-1d7cb55b7ddf","5fe68a5e-2b41-450c-9ea7-7a4f1919c026","d138941d-1b44-42fe-975d-1a4eb78e7f92","Chintamani Nagar","18.4651","73.864","VIT College","18.4635","73.8682","1","PENDING","I will wait at the hub","","53","2866","2026-10-02T03:15:00.000Z","2026-09-21T00:30:00.000Z"
"05f35277-8a08-46e8-bb10-ae5361ccd0ba","5ca7ba09-c9d8-4156-94a2-4924d514c253","dbb7296e-eb2b-4e18-9aed-9b61128e1b95","VIT College","18.4635","73.8682","Kashinath Patil Nagar Stop","18.4745","73.8631","1","CANCELLED","Please confirm pickup","","67","2867","2026-10-04T06:00:00.000Z","2026-09-20T23:30:00.000Z"
"f70fdf88-e6ea-4703-9f4d-f19f8ac67a1f","ba9278c7-bf64-4d67-8b6e-d30a5cfedd4f","c3c94b51-2803-4c25-9e1e-bbe1eb6386cc","Swargate BRTS Stop","18.4982","73.8588","VIT College","18.4635","73.8682","1","PENDING","Please confirm pickup","","80","2868","2026-10-04T03:15:00.000Z","2026-09-21T00:30:00.000Z"
"f6fc8464-6650-4eb7-996b-a44ad02af891","2741c327-9739-4f41-b232-e2de2842ce22","6cc8d264-2c05-4a80-90d4-2b29b4ccd802","VIT College","18.4635","73.8682","Balaji Nagar BRTS","18.4628","73.8577","1","COMPLETED","I will wait at the hub","","78","2869","2026-10-06T00:00:00.000Z","2026-09-20T18:30:00.000Z"
"792b7fc5-1dd9-48a6-920e-3ddc11b7d4cb","8f48bc14-eb02-42c5-806b-a120caae63de","6a3f9cb7-ea70-4c12-87b0-f7ee4a38b313","Market Yard Corner","18.4792","73.8581","VIT College","18.4635","73.8682","1","CANCELLED","","","9","2870","2026-10-06T02:15:00.000Z","2026-09-20T15:30:00.000Z"
"00f5f128-a539-4f86-b818-1b7ac1b5125e","7ad8de96-cb66-47b2-8679-79d581a35a38","105772de-3e2e-4525-873d-28205793d14f","VIT College","18.4635","73.8682","Bibwewadi Bus Stop","18.4792","73.8615","1","ACCEPTED","I will wait at the hub","","7","2871","2026-10-06T04:00:00.000Z","2026-09-20T20:30:00.000Z"
"d1e47c99-006e-460b-96e6-8067fcc19f99","556b3dff-8a8f-45c0-ab04-846ea2b3481e","b5eb2319-5923-4823-9cfb-fa0ca41f597b","Laxmi Narayan Theatre","18.4965","73.8584","VIT College","18.4635","73.8682","1","CANCELLED","I will wait at the hub","","17","2872","2026-10-07T12:15:00.000Z","2026-09-20T12:30:00.000Z"
"821c063e-ece9-45cc-9b85-106a88ee7e31","06e4ac6c-d55f-4bb8-a35e-d68c49aa6fe0","e4b9e33a-9380-46ad-8b5f-37aca78f2d78","VIT College","18.4635","73.8682","Lower Indira Nagar Stop","18.4718","73.8618","1","CANCELLED","I will wait at the hub","","22","2873","2026-10-10T11:00:00.000Z","2026-09-21T02:30:00.000Z"
"e4f45682-b99e-49b9-9f04-a31e0a0fc2dd","138e0e96-2ae0-42eb-925a-2efd6cc07f88","f1320520-f547-4abc-be6f-66bd5f323eb5","Market Yard Corner","18.4792","73.8581","VIT College","18.4635","73.8682","1","REJECTED","Please confirm pickup","No seats available","28","2874","2026-10-09T08:15:00.000Z","2026-09-21T06:30:00.000Z"
"9e9bf6b9-521e-49f9-95bf-b57888ec8e53","399c90ae-f9b2-4636-b216-eefe642d5e68","c36606d7-b032-4936-8403-b0f1a43f756a","VIT College","18.4635","73.8682","Upper Indira Nagar Bus Depot","18.4682","73.8623","1","COMPLETED","","","49","2875","2026-10-11T23:00:00.000Z","2026-09-21T01:30:00.000Z"
"7e6f0a22-ae70-4889-a7aa-6ee29271f591","11a1a211-ed80-4b47-832d-744d54e3697a","f10fac1a-d7f2-4f4e-a8f2-d72fd48b371a","Bibwewadi Bus Stop","18.4792","73.8615","VIT College","18.4635","73.8682","1","REJECTED","Please confirm pickup","No seats available","4","2876","2026-10-12T16:15:00.000Z","2026-09-21T00:30:00.000Z"
"7297f201-c8d7-4c39-8651-24746a0cd0a7","ef01b520-394f-42d7-80ea-7c9e4d54ceb9","5ab9a35e-6ac7-4156-95ae-cc1e59bb9fa7","VIT College","18.4635","73.8682","Chintamani Nagar","18.4651","73.864","1","COMPLETED","","","27","2877","2026-10-12T15:00:00.000Z","2026-09-21T05:30:00.000Z"
"c1b2b13a-038a-45c7-b681-97e207e476a4","8dca88da-214d-418a-9950-3820c5a0025c","364c0441-918b-402a-a77c-fc9446ad8d71","Chintamani Nagar","18.4651","73.864","VIT College","18.4635","73.8682","1","COMPLETED","","","53","2878","2026-10-13T21:15:00.000Z","2026-09-20T14:30:00.000Z"
"bde02f0c-9b28-4835-b21f-19b76a93a426","6aab06c3-ca46-4e55-935a-b585c41aaf77","1de804a1-1c04-4d9b-88a6-03aa475b2f23","VIT College","18.4635","73.8682","Katraj Dairy BRTS","18.4508","73.8569","1","CANCELLED","I will wait at the hub","","4","2879","2026-10-14T18:00:00.000Z","2026-09-20T21:30:00.000Z"
"d637e34b-085f-4368-aee5-4300e1424996","97e0576b-a371-4489-a6e6-1050d8cd2b6c","8fcb293d-bce3-4068-b448-c15533882e86","Chintamani Nagar","18.4651","73.864","VIT College","18.4635","73.8682","1","CANCELLED","","","4","2880","2026-10-14T13:15:00.000Z","2026-09-20T21:30:00.000Z"
"96d7c3f0-eeaa-4e55-9883-b94038d4f3e7","0350367a-d053-4acd-8222-3218fa42a97c","6b38852c-3199-4130-9bef-739d2cbf98cd","VIT College","18.4635","73.8682","Katraj Terminal","18.4471","73.8562","1","CANCELLED","","","23","2881","2026-10-18T02:00:00.000Z","2026-09-20T13:30:00.000Z"
"58f427c3-1028-4869-b423-c8fbd897b5f2","5719265d-325a-4a00-9690-103e22dae62e","ac87c729-c400-43ff-9619-cd867435a982","Kashinath Patil Nagar Stop","18.4745","73.8631","VIT College","18.4635","73.8682","1","COMPLETED","I will wait at the hub","","61","2882","2026-10-16T10:15:00.000Z","2026-09-21T06:30:00.000Z"
"e41f0e4f-2bfe-4a6a-98cc-3767e0cb56a3","7b31edae-9abe-4dcc-b7cc-3c3720dc9fb5","2b79909a-3fc7-4286-93ba-521d9aa64a8f","VIT College","18.4635","73.8682","Katraj Terminal","18.4471","73.8562","1","PENDING","Please confirm pickup","","4","2883","2026-10-19T20:00:00.000Z","2026-09-21T04:30:00.000Z"
"46154c9d-89fd-4408-926a-83a1c0f7856e","3934bbc8-793b-4112-8542-53c265426f32","2cabb8ae-b3d7-4c51-8207-1b8fc7300e2c","Kashinath Patil Nagar Stop","18.4745","73.8631","VIT College","18.4635","73.8682","1","REJECTED","","No seats available","4","2884","2026-10-18T23:15:00.000Z","2026-09-21T04:30:00.000Z"
"94f83046-35a5-4110-b230-04c012c78db7","3733cf77-96d4-4dc1-a9ec-da302478c3d5","843078cc-2ea7-483f-83b3-cc8bae6695c6","VIT College","18.4635","73.8682","Lower Indira Nagar Stop","18.4718","73.8618","1","PENDING","","","18","2885","2026-10-20T11:00:00.000Z","2026-09-20T16:30:00.000Z"
"557a4a45-8155-474c-b0ce-881a83eba17b","a89e487d-58b0-4fad-9d7c-706e74dd8e1b","d79a63da-78e9-4b42-a5b3-c04b428ae1c7","Upper Indira Nagar Bus Depot","18.4682","73.8623","VIT College","18.4635","73.8682","1","ACCEPTED","Please confirm pickup","","75","2886","2026-10-22T21:15:00.000Z","2026-09-20T11:30:00.000Z"
"c3ec27a1-01a8-46af-980f-ad7541bec53c","9f828941-9783-46be-bee8-44b76122f777","ced6df1d-3ee8-4c76-8610-955b666d02b6","VIT College","18.4635","73.8682","Market Yard Corner","18.4792","73.8581","1","CANCELLED","","","12","2887","2026-10-23T08:00:00.000Z","2026-09-21T05:30:00.000Z"
"4f20e5c5-3d43-4290-aa0f-c04ceb8166dc","68f26ce5-b4bb-472d-b600-5ea3e62e9c2f","2a786db0-f79e-4a08-a45d-7143a56be137","Bibwewadi Bus Stop","18.4792","73.8615","VIT College","18.4635","73.8682","1","COMPLETED","","","31","2888","2026-10-24T10:15:00.000Z","2026-09-20T23:30:00.000Z"
"d09e3616-97f1-477b-b756-96e15d66b007","ab08ed30-ba47-4fb9-b022-78e8de44f5cf","2c463203-2185-4bb6-ac9c-dbf4b358d3f9","VIT College","18.4635","73.8682","Chintamani Nagar","18.4651","73.864","1","PENDING","I will wait at the hub","","44","2889","2026-10-25T04:00:00.000Z","2026-09-21T01:30:00.000Z"
"579f4e7f-bd4e-4091-9e0e-bffd7a643ded","fbb61ac1-f9d2-4cdf-bf75-96014fa681aa","50b52ef7-937a-4ad7-a6ea-5df63741b351","Swargate PMPML Main Bus Stand","18.4991","73.8583","VIT College","18.4635","73.8682","1","COMPLETED","","","64","2890","2026-10-24T09:15:00.000Z","2026-09-20T22:30:00.000Z"
"22bb6bc4-2abb-438f-b22b-38336a95d7f1","c3a84aea-f9a3-48d9-b74d-9290f38e6112","23cdcd88-f49b-408a-af81-20c714c4290b","VIT College","18.4635","73.8682","Bibwewadi Bus Stop","18.4792","73.8615","1","COMPLETED","I will wait at the hub","","58","2891","2026-10-27T05:00:00.000Z","2026-09-21T06:30:00.000Z"
"beb8fa22-cb88-4583-bb0b-9096daf95ab7","7c15c186-d066-4586-95d9-6c15ab96b1ca","8fe8486d-63f9-47dc-b19e-cee4aa0ac9c0","City Pride BRTS","18.4845","73.8583","VIT College","18.4635","73.8682","1","REJECTED","Please confirm pickup","No seats available","2","2892","2026-10-28T01:15:00.000Z","2026-09-20T13:30:00.000Z"
"8db5befe-b0d8-45f7-9aff-23e5ac8bbd21","f9e07fb2-20a3-41bf-b1a3-a8cd544569d3","e448284e-7dcf-4d42-b0eb-1d902bcd1366","VIT College","18.4635","73.8682","Shankar Maharaj Math","18.4735","73.8579","1","REJECTED","Please confirm pickup","No seats available","13","2893","2026-10-28T07:00:00.000Z","2026-09-21T04:30:00.000Z"
"a9061de3-fbba-4ea3-a4f4-f44c69ba5566","65474831-05b7-4a37-8459-e593b5ec272a","10da92ee-210d-4710-88f2-423a285dd142","Lower Indira Nagar Stop","18.4718","73.8618","VIT College","18.4635","73.8682","1","CANCELLED","I will wait at the hub","","10","2894","2026-10-29T23:15:00.000Z","2026-09-21T02:30:00.000Z"
"cd9f0605-8932-4020-8516-657e99a9c68a","2e038fee-9718-4868-a45b-74849aa62d4e","420b1194-1446-4c01-a90b-9ad6313738f8","VIT College","18.4635","73.8682","Bharati Vidyapeeth","18.456","73.8574","1","COMPLETED","I will wait at the hub","","24","2895","2026-10-29T19:00:00.000Z","2026-09-21T05:30:00.000Z"
"c3e05824-cade-41cb-9e34-3728e41eb3bf","5700c7ad-a661-41ac-8de3-0caa8edd4916","542484e9-c9f4-48df-8789-a3dffda2107d","Laxmi Narayan Theatre","18.4965","73.8584","VIT College","18.4635","73.8682","1","COMPLETED","","","7","2896","2026-10-31T07:15:00.000Z","2026-09-20T10:30:00.000Z"
"a4f26869-e509-4ed4-9282-c71e986ee35a","8a037316-bd88-4f1b-854e-4024f3773942","b478ed02-c175-49c9-846a-0e9a7f6aa6be","VIT College","18.4635","73.8682","Katraj Dairy BRTS","18.4508","73.8569","1","ACCEPTED","","","29","2897","2026-11-03T06:00:00.000Z","2026-09-20T11:30:00.000Z"
"6ad587d2-a5fc-49e4-a7f7-37fe7bdf88ea","d0cab530-3c33-4d4a-ae79-520a75ef8312","1c8d0824-69a8-4346-9507-05d4a6013c68","Market Yard Corner","18.4792","73.8581","VIT College","18.4635","73.8682","1","CANCELLED","","","11","2898","2026-11-02T09:15:00.000Z","2026-09-20T19:30:00.000Z"
"8766e791-c533-42b8-bd51-7ad51da79878","b7ba8e54-92be-434c-ba84-25ccd8366591","5f049c18-2f70-4261-b271-889d9956d23d","VIT College","18.4635","73.8682","Bharati Vidyapeeth","18.456","73.8574","1","CANCELLED","I will wait at the hub","","53","2899","2026-11-03T21:00:00.000Z","2026-09-20T14:30:00.000Z"
"9ac479f2-906f-4027-aa77-1aa6b2c5244f","373e7fa0-1c24-487c-a052-39be59600702","f6c03d6c-620f-48f6-af10-83f362b1c35a","Kashinath Patil Nagar Stop","18.4745","73.8631","VIT College","18.4635","73.8682","1","CANCELLED","I will wait at the hub","","56","2900","2026-08-07T18:15:00.000Z","2026-09-20T18:30:00.000Z"
"1d05c4aa-ec8d-4c04-bb3a-0a87956697d7","82d6e312-ea3e-4afc-80b2-29f1e2db19d2","72a2f2bb-d751-41f3-8634-e09d45e07917","VIT College","18.4635","73.8682","Upper Indira Nagar Bus Depot","18.4682","73.8623","1","PENDING","I will wait at the hub","","8","2901","2026-08-08T19:00:00.000Z","2026-09-21T05:30:00.000Z"
"bd78dc83-8506-42c1-8b64-c8e01300e2be","4fa31dbb-5e33-4dd3-a43e-79f543fe1378","1712b652-bce4-4309-8027-92304c9fed8f","Swargate BRTS Stop","18.4982","73.8588","VIT College","18.4635","73.8682","1","REJECTED","","No seats available","6","2902","2026-08-08T02:15:00.000Z","2026-09-20T10:30:00.000Z"
"d9d04a61-db52-4916-83d7-47d72e3e9c89","974ff15c-c038-4dc5-987b-3071cb4137f1","22829531-9959-4ca6-a928-9f36eb4703e1","VIT College","18.4635","73.8682","Bharati Vidyapeeth","18.456","73.8574","1","COMPLETED","","","26","2903","2026-08-10T08:00:00.000Z","2026-09-20T13:30:00.000Z"
"545c16bf-cbae-48a4-ab06-a5ecfc954ae5","0a9c89f4-ad9e-46c8-8338-2757a38d5122","81e5312b-7123-490f-977b-7f79504efcd6","Market Yard Corner","18.4792","73.8581","VIT College","18.4635","73.8682","1","CANCELLED","","","76","2904","2026-08-10T01:15:00.000Z","2026-09-20T16:30:00.000Z"
"8374a08d-1c35-4934-aba8-a769ac0ff0a4","bb6447da-be36-4483-a6db-f03969d1306d","e57ff715-25a1-426c-97cf-87015c1bf680","VIT College","18.4635","73.8682","Bharati Vidyapeeth","18.456","73.8574","1","REJECTED","Please confirm pickup","No seats available","43","2905","2026-08-12T17:00:00.000Z","2026-09-20T20:30:00.000Z"
"6e55745f-7060-47ae-9121-d73a2c234757","5be2a491-d5dd-4af1-8d73-36810402dca8","5493fbc0-789f-4b10-8644-f8ec21cd0b14","City Pride BRTS","18.4845","73.8583","VIT College","18.4635","73.8682","1","PENDING","I will wait at the hub","","4","2906","2026-08-13T19:15:00.000Z","2026-09-21T01:30:00.000Z"
"028216f2-f474-4e21-bafe-df54de04636b","5490818a-2bc2-4ef4-937f-aa45c186f23e","ef8bce94-feeb-4e53-b72f-1a7c2e5bddf1","VIT College","18.4635","73.8682","Balaji Nagar BRTS","18.4628","73.8577","1","CANCELLED","","","22","2907","2026-08-13T01:00:00.000Z","2026-09-20T12:30:00.000Z"
"7cebf29b-5a52-4a6c-818b-a61fa9060bc8","da735137-ace5-43af-ab24-22dac49fda23","4f4e35d9-739c-4f3d-b0b4-2067faa30741","Bibwewadi Bus Stop","18.4792","73.8615","VIT College","18.4635","73.8682","1","REJECTED","I will wait at the hub","No seats available","42","2908","2026-08-13T13:15:00.000Z","2026-09-20T21:30:00.000Z"
"d64e4fd0-5609-439e-8eb5-b87d3e41a9cb","3242d9fc-9ffa-4468-a6bc-e5b75acf07a6","9d0ef4fe-a576-4770-9ab1-5eafc46b6be0","VIT College","18.4635","73.8682","Bibwewadi Bus Stop","18.4792","73.8615","1","COMPLETED","I will wait at the hub","","75","2909","2026-08-15T16:00:00.000Z","2026-09-20T18:30:00.000Z"
"e709ba22-80ec-4c9c-a798-8847599c7452","7a765650-b258-434b-bbbc-98ea7db7530e","4056717c-9798-4214-8fbd-07c4e3a98b6b","Market Yard Corner","18.4792","73.8581","VIT College","18.4635","73.8682","1","ACCEPTED","Please confirm pickup","","24","2910","2026-08-16T13:15:00.000Z","2026-09-21T04:30:00.000Z"
"3a66f604-7803-4ead-9d80-58b3ace725a7","65577061-4435-4338-8873-ff30ff5a901c","3a33f6e7-07ab-4e3d-a721-814ac739de5e","VIT College","18.4635","73.8682","Shankar Maharaj Math","18.4735","73.8579","1","PENDING","","","48","2911","2026-08-17T16:00:00.000Z","2026-09-20T21:30:00.000Z"
"40c74c1e-1c33-43a7-989c-3b7794ec4a8a","57bdea97-fabb-456a-a374-e4980b70f1bb","3009cc84-1259-4bbc-a108-8462919b7c19","Lower Indira Nagar Stop","18.4718","73.8618","VIT College","18.4635","73.8682","1","ACCEPTED","","","21","2912","2026-08-17T06:15:00.000Z","2026-09-20T14:30:00.000Z"
"4af5ff1c-0efd-4ecd-b43e-91be0e7164a1","a64c3a42-0e72-4c06-9c85-60c0039d0c26","7e9c129c-4156-4ca9-af99-d00fb8d1aadd","VIT College","18.4635","73.8682","Kashinath Patil Nagar Stop","18.4745","73.8631","1","COMPLETED","","","72","2913","2026-08-20T23:00:00.000Z","2026-09-20T13:30:00.000Z"
"8c788d9a-e0ca-4965-b5d7-e32d8fe49eb0","ecd1eddd-48f7-4b16-b5d6-c74e0ffa0f96","21c63f77-2d39-4f11-9e0c-1c7312653c75","City Pride BRTS","18.4845","73.8583","VIT College","18.4635","73.8682","1","PENDING","Please confirm pickup","","3","2914","2026-08-19T05:15:00.000Z","2026-09-20T10:30:00.000Z"
"33a437e4-dd3c-41eb-8a42-8d66fdf2a6e6","64b15a17-a6a0-4c29-a956-bcc463b3e06d","657e344f-90aa-4e48-a3e5-9a6235100f2e","VIT College","18.4635","73.8682","Market Yard Corner","18.4792","73.8581","1","CANCELLED","Please confirm pickup","","13","2915","2026-08-23T10:00:00.000Z","2026-09-20T18:30:00.000Z"
"f4c38c47-0e02-48b9-89e3-f6108f080301","880eece1-35c6-47cc-9b13-df7a4dafa75b","b69aeeb6-95cd-4c93-b1fd-e8588a274731","Panchami BRTS","18.4902","73.8586","VIT College","18.4635","73.8682","1","PENDING","I will wait at the hub","","27","2916","2026-08-23T14:15:00.000Z","2026-09-20T22:30:00.000Z"
"ce125974-8dc8-4bc5-ad1b-dbf8cce6d897","fcd79093-8bbb-4802-9025-22dddfd1bbd8","896d4da2-8fa8-41c5-b3c6-164a6ce57775","VIT College","18.4635","73.8682","Katraj Terminal","18.4471","73.8562","1","COMPLETED","","","52","2917","2026-08-24T12:00:00.000Z","2026-09-20T12:30:00.000Z"
"7f4cd3ff-02a3-4643-b76b-a91d99e4da9e","537be75e-2e48-4216-8457-cd11d3b726a2","c64460b2-879f-4506-882f-92adfc9e63ac","Lower Indira Nagar Stop","18.4718","73.8618","VIT College","18.4635","73.8682","1","CANCELLED","","","11","2918","2026-08-23T17:15:00.000Z","2026-09-20T11:30:00.000Z"
"5e19e5e6-ed14-4315-afb4-72893b661d16","10d4ae0f-d589-4996-8aa8-b10e0baf2e0b","cd9196d9-a849-4e71-b98a-4e48a614e104","VIT College","18.4635","73.8682","Shankar Maharaj Math","18.4735","73.8579","1","CANCELLED","","","16","2919","2026-08-24T23:00:00.000Z","2026-09-20T13:30:00.000Z"
"4acb2e3a-4dab-4ca3-9e05-388563deecfc","874e7b82-c4f1-47b2-9f14-d08d51a04b90","ed18db93-5780-4297-ae97-bbe311886b02","Lower Indira Nagar Stop","18.4718","73.8618","VIT College","18.4635","73.8682","1","ACCEPTED","I will wait at the hub","","34","2920","2026-08-26T06:15:00.000Z","2026-09-20T21:30:00.000Z"
"d4cfdf10-8a41-4856-b588-6cbce9de6388","56c645af-8b79-43bc-a739-c8cb8fbf2680","43dd383b-7c2d-4840-8095-5e3518602750","VIT College","18.4635","73.8682","Kashinath Patil Nagar Stop","18.4745","73.8631","1","REJECTED","I will wait at the hub","No seats available","2","2921","2026-08-29T09:00:00.000Z","2026-09-21T06:30:00.000Z"
"a0e853cb-a02d-453c-b181-88378ea5a642","93e23fb9-63b7-406f-a4b1-96c0dba5a981","2e0cc7b0-3544-40fe-910b-e573a7d33c9a","Kashinath Patil Nagar Stop","18.4745","73.8631","VIT College","18.4635","73.8682","1","REJECTED","Please confirm pickup","No seats available","30","2922","2026-08-27T10:15:00.000Z","2026-09-20T21:30:00.000Z"
"750b3070-e55c-4b85-99b4-2d1e13c225a7","8066116b-42f6-40aa-87fd-8d4056b46e4d","715c6bfc-3ccb-48eb-9e74-b58e93075303","VIT College","18.4635","73.8682","Upper Indira Nagar Bus Depot","18.4682","73.8623","1","PENDING","","","14","2923","2026-08-30T03:00:00.000Z","2026-09-20T13:30:00.000Z"
"48fd1415-6a86-46aa-aa4a-4cc925e765b8","b1dca3b9-155b-457a-a18c-bea536d908b9","3916a068-e6a5-4012-812a-fbcd946203e9","Kashinath Patil Nagar Stop","18.4745","73.8631","VIT College","18.4635","73.8682","1","PENDING","Please confirm pickup","","58","2924","2026-08-30T21:15:00.000Z","2026-09-20T22:30:00.000Z"
"434e4bd4-9a90-4d17-a585-08c8f61ba183","7c526082-d595-4d19-87ba-ee5aee3916ce","6884857e-84bf-44a3-a6b7-57ffce28a733","VIT College","18.4635","73.8682","Market Yard Corner","18.4792","73.8581","1","ACCEPTED","I will wait at the hub","","18","2925","2026-08-30T20:00:00.000Z","2026-09-20T23:30:00.000Z"
"87aaa471-a07c-4e0c-b80c-8438f722c6de","e5c29427-4d28-4be5-bf7a-580d4952ab5d","b25e6ea6-d736-435b-aead-e9d0d69b728d","Lower Indira Nagar Stop","18.4718","73.8618","VIT College","18.4635","73.8682","1","REJECTED","I will wait at the hub","No seats available","23","2926","2026-09-01T06:15:00.000Z","2026-09-21T03:30:00.000Z"
"c5c5d713-55f2-460e-912d-329b6830ca41","720d41ac-d1b4-4dc9-ba7a-6acf0042e745","29ba1c6f-943a-462e-a307-a6c327c39a57","VIT College","18.4635","73.8682","Shankar Maharaj Math","18.4735","73.8579","1","REJECTED","","No seats available","2","2927","2026-09-01T20:00:00.000Z","2026-09-20T22:30:00.000Z"
"6afe1118-990d-4147-903c-81ae0e9b4df9","b38065ef-acd7-4f75-831e-a3883a7c083b","20bdc7ae-7082-421e-b675-6c4002d0295b","City Pride BRTS","18.4845","73.8583","VIT College","18.4635","73.8682","1","PENDING","I will wait at the hub","","40","2928","2026-09-03T00:15:00.000Z","2026-09-20T12:30:00.000Z"
"38b3f603-da5c-4f58-8099-daccdcd8fa0e","56676370-b1ed-4512-a806-de2335804b90","62390621-3521-47ba-869a-f822874bb453","VIT College","18.4635","73.8682","Balaji Nagar BRTS","18.4628","73.8577","1","REJECTED","","No seats available","10","2929","2026-09-06T04:00:00.000Z","2026-09-21T00:30:00.000Z"
"d684d226-e32e-4bef-b2f5-1d3795a69963","9e9d3c36-4fab-4b7a-b4d5-2d97e2d9323d","08eb06b4-7805-4b0c-998b-d919358e8b0f","Market Yard Corner","18.4792","73.8581","VIT College","18.4635","73.8682","1","COMPLETED","I will wait at the hub","","28","2930","2026-09-04T10:15:00.000Z","2026-09-20T12:30:00.000Z"
"769568e7-0b4d-4a74-babc-12d138098246","c4300939-e4a1-4f47-bdee-6b1b2bfff264","697c28b3-7690-4ffd-bfa8-c30e27f63214","VIT College","18.4635","73.8682","Lower Indira Nagar Stop","18.4718","73.8618","1","COMPLETED","","","0","2931","2026-09-05T19:00:00.000Z","2026-09-21T02:30:00.000Z"
"00ce954b-6b6b-40f0-bacd-9bc1506ee97c","009f4a96-e552-4848-bef5-7a21b796a829","1f726f94-16aa-417d-8d05-1b3dd96d0827","Lower Indira Nagar Stop","18.4718","73.8618","VIT College","18.4635","73.8682","1","PENDING","","","23","2932","2026-09-06T22:15:00.000Z","2026-09-20T22:30:00.000Z"
"f120ca3a-be28-4466-ad4e-386091c60adc","3beb3b27-79ed-44b0-9627-62428b551e82","ea3fd43b-e1e5-4d62-a163-dae19fc740bd","VIT College","18.4635","73.8682","Bharati Vidyapeeth","18.456","73.8574","1","COMPLETED","I will wait at the hub","","41","2933","2026-09-08T05:00:00.000Z","2026-09-20T18:30:00.000Z"
"4335d874-faab-4fd6-80d0-b44daf5386c5","35101783-fa01-4108-9a78-87e5da2fce52","5def974b-b8b4-4ef7-8825-5a50ee6710cd","Panchami BRTS","18.4902","73.8586","VIT College","18.4635","73.8682","1","PENDING","","","35","2934","2026-09-10T01:15:00.000Z","2026-09-21T05:30:00.000Z"
"e08a776a-58e1-4d84-8794-78acf236e7df","a1113ccb-74a8-4188-b35a-bec65d08d99e","a7ff8669-7d2a-4462-beb0-0d9e874f1dc8","VIT College","18.4635","73.8682","Bibwewadi Bus Stop","18.4792","73.8615","1","PENDING","Please confirm pickup","","22","2935","2026-09-12T09:00:00.000Z","2026-09-20T21:30:00.000Z"
"544672e4-5707-4da2-a907-478fabd92b84","bd75dfb8-8351-408f-b038-cd01a8ea5c7e","0f35346d-5638-4de0-b685-b0f5e42ff331","City Pride BRTS","18.4845","73.8583","VIT College","18.4635","73.8682","1","CANCELLED","","","29","2936","2026-09-10T06:15:00.000Z","2026-09-21T01:30:00.000Z"
"46cb3f03-2795-492b-a6a6-c721e9469da4","722b279b-dccd-4554-b6b0-583efd80ad3b","ffe56b11-38f8-4fa2-936c-d19021b522b8","VIT College","18.4635","73.8682","Shankar Maharaj Math","18.4735","73.8579","1","REJECTED","","No seats available","14","2937","2026-09-12T14:00:00.000Z","2026-09-21T04:30:00.000Z"
"3dff7793-7901-4c91-bcfb-b77c4ceaa9c2","7b68f551-2656-4109-92ec-c54f71db7d11","93c44edd-bbc5-4ac3-9dba-63f636b8ed0b","Swargate BRTS Stop","18.4982","73.8588","VIT College","18.4635","73.8682","1","CANCELLED","","","12","2938","2026-09-14T08:15:00.000Z","2026-09-21T06:30:00.000Z"
"71b962b3-e52e-465d-aaf2-659bbeff8e91","04c461eb-f5d7-4f2b-a227-edba582fcd38","7d4898cc-54f3-4bd1-b9da-b31ff1cb26c3","VIT College","18.4635","73.8682","Kashinath Patil Nagar Stop","18.4745","73.8631","1","REJECTED","","No seats available","27","2939","2026-09-14T10:00:00.000Z","2026-09-21T06:30:00.000Z"
"a6ef2bcd-a6fd-4e55-9a90-0ff78a6c24a3","7f11746a-ddb5-4b52-8c2f-b9ab9ecd24eb","1f497524-0e6c-424a-94f9-93905b5a9755","Kashinath Patil Nagar Stop","18.4745","73.8631","VIT College","18.4635","73.8682","1","COMPLETED","","","0","2940","2026-09-17T01:15:00.000Z","2026-09-21T01:30:00.000Z"
"69e6489b-710b-446a-a436-c8e6a7e2b000","1e936a3f-b640-432e-8ff8-bf3b94f3c7fb","609a5aa2-e576-472b-ae03-3d339a90c45c","VIT College","18.4635","73.8682","Shankar Maharaj Math","18.4735","73.8579","1","REJECTED","I will wait at the hub","No seats available","11","2941","2026-09-17T03:00:00.000Z","2026-09-20T20:30:00.000Z"
"c5bd5b2d-8948-472b-a728-ddfe0d2699bf","9c1377e0-63e5-4921-a677-2c4cb32569d2","829e7fa5-0c38-47a9-a715-877dada17b24","Swargate PMPML Main Bus Stand","18.4991","73.8583","VIT College","18.4635","73.8682","1","COMPLETED","Please confirm pickup","","29","2942","2026-09-17T02:15:00.000Z","2026-09-21T00:30:00.000Z"
"27547c72-9bd0-4a32-8a04-939a3029f768","de36d91d-800f-4ad4-b9e1-2a6be77027d4","2fd77d02-9eed-432b-bc2b-69984e53b256","VIT College","18.4635","73.8682","Katraj Dairy BRTS","18.4508","73.8569","1","COMPLETED","I will wait at the hub","","30","2943","2026-09-20T02:00:00.000Z","2026-09-20T11:30:00.000Z"
"b67ab3ca-44f1-49b6-8510-e96364b3b039","f577c4c8-21b9-4f67-8824-92084fc00604","2e269fc9-9682-468b-b756-d02e46a395d8","Swargate PMPML Main Bus Stand","18.4991","73.8583","VIT College","18.4635","73.8682","1","ACCEPTED","Please confirm pickup","","27","2944","2026-09-18T09:15:00.000Z","2026-09-20T17:30:00.000Z"
"e936e18e-cf94-4696-b953-cb9b476c43e7","8766f53e-2624-498b-8250-73a29b3c3c25","ae43995b-0b10-49a4-a37e-36a29c7b89fa","VIT College","18.4635","73.8682","Market Yard Corner","18.4792","73.8581","1","COMPLETED","Please confirm pickup","","63","2945","2026-09-19T22:00:00.000Z","2026-09-21T04:30:00.000Z"
"75799503-9455-4c19-87c7-ca5961040234","c381757c-59d6-4043-86ec-c0f5fd5e3529","ccfa0157-3dc7-4140-84a7-8283ed55f1e4","Lower Indira Nagar Stop","18.4718","73.8618","VIT College","18.4635","73.8682","1","REJECTED","Please confirm pickup","No seats available","20","2946","2026-09-21T15:15:00.000Z","2026-09-20T10:30:00.000Z"
"b5fccdf4-fa6a-4e21-b104-8954e711eb39","0233b488-5cba-414c-afb1-1ed73840054d","fb85cd08-9134-4e91-ad82-1bf40b5e18fe","VIT College","18.4635","73.8682","Katraj Terminal","18.4471","73.8562","1","PENDING","I will wait at the hub","","1","2947","2026-09-22T13:00:00.000Z","2026-09-20T23:30:00.000Z"
"0d32649b-f7d7-4882-bffa-143fc1f1eb30","c6f65103-d2c6-4eec-89d6-f7e960b5ba24","797bc6e5-c2a2-497c-bf6e-087c71a1d8b5","Panchami BRTS","18.4902","73.8586","VIT College","18.4635","73.8682","1","COMPLETED","Please confirm pickup","","13","2948","2026-09-22T06:15:00.000Z","2026-09-20T14:30:00.000Z"
"69e80925-abdb-4e8c-be7e-c18bf75b081f","ee357042-a8d8-432e-8ee3-a11515f1f7b7","77d7f815-239b-4019-bf1b-76b62751a21d","VIT College","18.4635","73.8682","Lower Indira Nagar Stop","18.4718","73.8618","1","CANCELLED","I will wait at the hub","","58","2949","2026-09-24T23:00:00.000Z","2026-09-20T10:30:00.000Z"
"8efbfab9-84c0-4aee-aff8-b1f277b9da1e","a937e903-39aa-449d-b394-e7a901c00589","481621b5-ffcf-4751-b9e2-151c0182f97a","Swargate BRTS Stop","18.4982","73.8588","VIT College","18.4635","73.8682","1","ACCEPTED","I will wait at the hub","","25","2950","2026-09-25T15:15:00.000Z","2026-09-21T06:30:00.000Z"
"bdbec6cc-d1fc-4bde-8350-8b5a72161d21","52281e5f-9bb3-49cc-9207-f8963c6daf9e","fc17bde9-8039-463a-b2df-6dd060d08969","VIT College","18.4635","73.8682","Balaji Nagar BRTS","18.4628","73.8577","1","PENDING","","","18","2951","2026-09-26T22:00:00.000Z","2026-09-20T22:30:00.000Z"
"f16f23c4-76d8-426a-9ca0-bee5f3c66c92","6851c7b3-6338-4725-9bc5-a2d26fa91353","6279cde7-2c2c-4986-a9a4-55039693b818","Chintamani Nagar","18.4651","73.864","VIT College","18.4635","73.8682","1","COMPLETED","Please confirm pickup","","48","2952","2026-09-26T11:15:00.000Z","2026-09-21T05:30:00.000Z"
"e26243e7-e750-4eab-ab6d-c52f7f9e12da","5881764f-684f-4d17-aca7-e313a53dc378","9c577260-815e-4814-ae42-db071f0604b0","VIT College","18.4635","73.8682","Upper Indira Nagar Bus Depot","18.4682","73.8623","1","COMPLETED","Please confirm pickup","","36","2953","2026-09-30T05:00:00.000Z","2026-09-21T01:30:00.000Z"
"90ab38e6-8e31-4b89-a8fb-6ab5987fce98","4f3d34d6-eb5d-4a79-8f45-c82ef2f659fe","969131e9-4cc6-483d-82f8-990f056d6c5a","Laxmi Narayan Theatre","18.4965","73.8584","VIT College","18.4635","73.8682","1","ACCEPTED","Please confirm pickup","","70","2954","2026-09-29T21:15:00.000Z","2026-09-20T23:30:00.000Z"
"c9f4216f-0388-4dc2-b294-0773d9478217","ca158156-cb12-4a7a-8103-67d36572fa78","85bed899-042e-4b82-a6ac-e7f8e8652524","VIT College","18.4635","73.8682","Katraj Terminal","18.4471","73.8562","1","REJECTED","","No seats available","28","2955","2026-10-02T01:00:00.000Z","2026-09-20T12:30:00.000Z"
"e2e88f4d-bc55-4222-9ca0-b2f790ba09c1","8e31b037-f501-43f3-9742-2c4238afc243","dd95ce1d-b76e-4f1f-9a03-108aea02d0d2","Kashinath Patil Nagar Stop","18.4745","73.8631","VIT College","18.4635","73.8682","1","PENDING","","","19","2956","2026-09-30T07:15:00.000Z","2026-09-20T15:30:00.000Z"
"09323b37-b9c8-439f-a299-f1bb24f990eb","12e459f4-a197-4331-84db-2a65861c530e","39147f90-fbda-49de-88ec-5fe656c0d7b4","VIT College","18.4635","73.8682","Katraj Terminal","18.4471","73.8562","1","PENDING","","","9","2957","2026-10-03T03:00:00.000Z","2026-09-21T00:30:00.000Z"
"6a9039ab-71f4-41ee-9233-4bc0e33eaf6d","fca24602-6c93-4056-91b7-2deabf0f9bca","51e576cc-ab7a-49bd-ad0b-21fda7d2bda2","Bibwewadi Bus Stop","18.4792","73.8615","VIT College","18.4635","73.8682","1","ACCEPTED","","","30","2958","2026-10-02T03:15:00.000Z","2026-09-20T16:30:00.000Z"
"46385faf-6d55-4879-8023-0f6f75dcad63","4d851de1-aaf1-4bbe-a31e-b8ad43171874","9ef8f4fa-8101-4ff2-80ff-91a966e3bab8","VIT College","18.4635","73.8682","Shankar Maharaj Math","18.4735","73.8579","1","PENDING","","","19","2959","2026-10-06T08:00:00.000Z","2026-09-21T02:30:00.000Z"
"bf9f8c8c-2408-41e2-a6c2-fcf94abd9154","fd009b67-3ae7-4bdd-9c46-4e9c71db9f8c","f0c7e0ed-5ec8-43e2-aabe-d0c93c5234e3","Kashinath Patil Nagar Stop","18.4745","73.8631","VIT College","18.4635","73.8682","1","ACCEPTED","Please confirm pickup","","25","2960","2026-10-04T09:15:00.000Z","2026-09-20T18:30:00.000Z"
"58913910-2f2d-4dce-ada0-e4d8d854730d","3cce6f20-8e5e-4932-b2e7-725646c5f1e4","39d3794d-33e3-4ffe-b495-fbaa9d28a26b","VIT College","18.4635","73.8682","Bibwewadi Bus Stop","18.4792","73.8615","1","CANCELLED","Please confirm pickup","","69","2961","2026-10-06T15:00:00.000Z","2026-09-20T19:30:00.000Z"
"59926166-500a-462b-afbf-afbbd6e130de","e2d96fa2-a305-4a6f-a9ec-0280397eb8d9","d96dc164-dffd-4bcb-bc7b-ca59b2d88379","City Pride BRTS","18.4845","73.8583","VIT College","18.4635","73.8682","1","CANCELLED","","","4","2962","2026-10-08T21:15:00.000Z","2026-09-21T02:30:00.000Z"
"05645fc9-93de-465e-9a52-6b43c2698b43","b5a76907-4c2f-4ad2-8569-4c707d0491d9","6871daa5-011a-4255-a4bd-29f490afb889","VIT College","18.4635","73.8682","Bharati Vidyapeeth","18.456","73.8574","1","ACCEPTED","","","21","2963","2026-10-10T10:00:00.000Z","2026-09-21T04:30:00.000Z"
"03e1a67b-c446-48b1-9229-aec8407e7487","aa82c21a-5784-4162-aea1-c9366db711e8","72cddc2e-6ec2-4e48-aa1a-fc6654d24fab","Panchami BRTS","18.4902","73.8586","VIT College","18.4635","73.8682","1","PENDING","I will wait at the hub","","56","2964","2026-10-10T13:15:00.000Z","2026-09-20T12:30:00.000Z"
"7415503b-52f8-4689-9f50-c26501e74c0a","cfcd71f3-64d5-4c5c-bf60-d93e484a87ef","26dcafa5-e28f-4c96-bd7f-75ca1113e108","VIT College","18.4635","73.8682","Kashinath Patil Nagar Stop","18.4745","73.8631","1","CANCELLED","Please confirm pickup","","17","2965","2026-10-09T21:00:00.000Z","2026-09-20T11:30:00.000Z"
"d95f4cc1-be00-4de7-8857-d03d444bd2ef","9338a5c7-a28c-4b61-a813-8eb9691e3c56","5ac71c5e-4117-49f2-9551-e2487ee014ca","Market Yard Corner","18.4792","73.8581","VIT College","18.4635","73.8682","1","COMPLETED","","","75","2966","2026-10-11T05:15:00.000Z","2026-09-20T21:30:00.000Z"
"63740ae8-b0eb-4ff2-9e1d-c6e06d51a9d8","0dc2c06e-723c-4616-88fe-b8959158b482","2bf63d4b-4be8-4a3d-b079-2a7b714b0da3","VIT College","18.4635","73.8682","Katraj Terminal","18.4471","73.8562","1","CANCELLED","Please confirm pickup","","7","2967","2026-10-14T04:00:00.000Z","2026-09-20T21:30:00.000Z"
"5f128650-8a36-471b-9c9b-9697f1303f05","90eea363-7e5d-4c95-929a-862c8fcb8d9e","f24e7e05-582d-47da-aa31-e435fb66bfa2","City Pride BRTS","18.4845","73.8583","VIT College","18.4635","73.8682","1","CANCELLED","","","19","2968","2026-10-12T14:15:00.000Z","2026-09-21T04:30:00.000Z"
"63d978de-15e1-48da-9a6b-b6953bad9010","ab694b13-6aa0-4aa4-98f1-38188790098d","e36d6950-fda1-4e0a-b9a4-3109c1ef3afd","VIT College","18.4635","73.8682","Shankar Maharaj Math","18.4735","73.8579","1","PENDING","I will wait at the hub","","0","2969","2026-10-14T04:00:00.000Z","2026-09-21T01:30:00.000Z"
"83481e37-aa27-4494-ad40-24e077bc9f5d","2075418e-f94c-4e07-8c10-1c9b8f557ca9","8dc944aa-aca1-45be-a9af-21bd271602d1","Bibwewadi Bus Stop","18.4792","73.8615","VIT College","18.4635","73.8682","1","CANCELLED","","","22","2970","2026-10-14T15:15:00.000Z","2026-09-21T05:30:00.000Z"
"9fccaa60-dd8e-4918-b804-1e011e9616ba","24496544-286d-4884-872d-9825d267b0ea","69158428-13ec-44bc-be1b-661be60211b1","VIT College","18.4635","73.8682","Chintamani Nagar","18.4651","73.864","1","REJECTED","Please confirm pickup","No seats available","15","2971","2026-10-16T11:00:00.000Z","2026-09-21T04:30:00.000Z"
"017c1151-5622-42c6-82b8-bf71c54dab2c","94270a5f-8991-4d87-b1df-21a194650720","17be73c9-0769-4965-981b-a5457dd33ba5","Lower Indira Nagar Stop","18.4718","73.8618","VIT College","18.4635","73.8682","1","REJECTED","I will wait at the hub","No seats available","10","2972","2026-10-17T03:15:00.000Z","2026-09-20T13:30:00.000Z"
"93617163-b000-4287-a299-db9a75fc19e4","8fc74d29-8668-4c29-b46e-3de3d3214c0f","049a400b-5043-4cc0-8f0c-a2000b0bc7c2","VIT College","18.4635","73.8682","Upper Indira Nagar Bus Depot","18.4682","73.8623","1","REJECTED","","No seats available","7","2973","2026-10-19T14:00:00.000Z","2026-09-20T20:30:00.000Z"
"231e0d49-bd59-4b22-9563-1cee44f3d9b6","0956db94-bc8d-46e8-b954-438af60bb66e","8ea08f3a-4be1-4f97-9251-d633e633dc41","Chintamani Nagar","18.4651","73.864","VIT College","18.4635","73.8682","1","PENDING","I will wait at the hub","","24","2974","2026-10-20T19:15:00.000Z","2026-09-20T15:30:00.000Z"
"a290d636-44c1-4324-a5e9-fd6d7ea395b4","e34c05af-4ea5-4901-a451-6a551a89777c","d318afa9-113f-46e4-bd9a-1ae0cbe4cec9","VIT College","18.4635","73.8682","Katraj Dairy BRTS","18.4508","73.8569","1","ACCEPTED","Please confirm pickup","","23","2975","2026-10-20T20:00:00.000Z","2026-09-20T14:30:00.000Z"
"fb93c912-d2da-4268-8504-6f36fe3a8e19","66787283-0589-4690-a5eb-98871bb937b5","2bba79b1-7549-484e-89e1-bf3b93c66b88","Lower Indira Nagar Stop","18.4718","73.8618","VIT College","18.4635","73.8682","1","REJECTED","I will wait at the hub","No seats available","30","2976","2026-10-22T08:15:00.000Z","2026-09-20T19:30:00.000Z"
"7d1ba8b3-1b88-47c3-a0d5-65e7f14f2ec6","11f5f859-d820-4866-a902-fe4d64cc5049","17982a72-f4c8-4037-9da7-01d2b81b4f51","VIT College","18.4635","73.8682","Chintamani Nagar","18.4651","73.864","1","REJECTED","Please confirm pickup","No seats available","3","2977","2026-10-21T22:00:00.000Z","2026-09-20T12:30:00.000Z"
"c95860e5-926e-4ffa-9e74-634166df7311","4b211acc-47a1-4736-b9f2-f22224c155f2","a33b3b67-373b-4a19-ab84-94afce2d3cf6","Chintamani Nagar","18.4651","73.864","VIT College","18.4635","73.8682","1","PENDING","","","6","2978","2026-10-24T09:15:00.000Z","2026-09-20T12:30:00.000Z"
"54cb4c14-ab9a-4588-9de7-b02710fdd9b2","823ada67-5898-4e1c-8c61-a3bfbfd766f0","b03a0f23-2e1f-438e-b34e-47d7681219f2","VIT College","18.4635","73.8682","Upper Indira Nagar Bus Depot","18.4682","73.8623","1","REJECTED","I will wait at the hub","No seats available","9","2979","2026-10-26T11:00:00.000Z","2026-09-20T14:30:00.000Z"
"1a6e928e-c89c-4b93-bed0-7a9965a4028c","c3a4b71a-d84a-4aee-acff-7f1e9b1a3c6a","f49a7a5a-e945-4e5c-9e00-e0e22be3b1cd","City Pride BRTS","18.4845","73.8583","VIT College","18.4635","73.8682","1","REJECTED","","No seats available","9","2980","2026-10-26T21:15:00.000Z","2026-09-20T23:30:00.000Z"
"d447a765-a47c-4c5c-8812-d5c205c194d3","502bbbdd-e142-4ba2-81de-98012e1dd479","3e48df00-372b-4e64-9ef2-a432d0530793","VIT College","18.4635","73.8682","Katraj Terminal","18.4471","73.8562","1","ACCEPTED","","","25","2981","2026-10-27T11:00:00.000Z","2026-09-20T15:30:00.000Z"
"10c963e0-ab13-43f2-9e7f-41bf4a57d827","d2abba0a-9602-4839-97cd-770b9fc4b168","feff947d-b17e-452e-8f42-3a47e3538dae","Lower Indira Nagar Stop","18.4718","73.8618","VIT College","18.4635","73.8682","1","REJECTED","Please confirm pickup","No seats available","17","2982","2026-10-27T21:15:00.000Z","2026-09-20T20:30:00.000Z"
"59cc723c-1375-4a83-8df3-4f4aeeb3758d","a5fb05e8-401e-4fac-9f1a-aa6bdb375cf0","3514e5d2-6b02-4d6b-ac2b-59caf1561997","VIT College","18.4635","73.8682","Market Yard Corner","18.4792","73.8581","1","PENDING","I will wait at the hub","","28","2983","2026-10-28T01:00:00.000Z","2026-09-20T15:30:00.000Z"
"71003c7e-48b0-4a7b-8302-0f4ef2bad05c","7c6ed6df-3051-4e7d-b873-0c2b4aebbba5","1f869515-a5a9-4eb5-955d-cc39b514d6d4","Upper Indira Nagar Bus Depot","18.4682","73.8623","VIT College","18.4635","73.8682","1","COMPLETED","I will wait at the hub","","15","2984","2026-10-29T14:15:00.000Z","2026-09-20T14:30:00.000Z"
"6e929b84-62c0-4913-b55f-05f336b7948d","eb4d9fa1-be32-424f-823f-30fd8e8bdd17","de3ce989-9f1f-4440-bace-a75a4256201a","VIT College","18.4635","73.8682","Bharati Vidyapeeth","18.456","73.8574","1","PENDING","I will wait at the hub","","7","2985","2026-10-31T19:00:00.000Z","2026-09-21T04:30:00.000Z"
"da07ed80-2d84-4508-847f-4e9e28ea2982","7c49e5a7-8572-4d25-bede-89b7312a5ad4","ea497014-e432-4e85-93b4-c928f4928526","Panchami BRTS","18.4902","73.8586","VIT College","18.4635","73.8682","1","PENDING","Please confirm pickup","","34","2986","2026-11-01T11:15:00.000Z","2026-09-21T06:30:00.000Z"
"970e4152-c066-4463-b390-3d25b6c0b296","b5129ec5-87ef-4d74-96c3-c1fa95d7b873","f3823776-2961-40e6-9f5b-0eb8213276b9","VIT College","18.4635","73.8682","Katraj Terminal","18.4471","73.8562","1","REJECTED","I will wait at the hub","No seats available","19","2987","2026-11-02T06:00:00.000Z","2026-09-20T17:30:00.000Z"
"fefc6a2a-4d73-4dfe-8f44-70d9b227a370","6ba2286e-6a29-4561-80b6-ca95fe1de44b","2aa9eabe-95db-4ea2-bb38-66742013ed82","City Pride BRTS","18.4845","73.8583","VIT College","18.4635","73.8682","1","CANCELLED","I will wait at the hub","","65","2988","2026-11-01T07:15:00.000Z","2026-09-20T12:30:00.000Z"
"54e72d1c-8a90-441c-945e-3bb301df3b17","25a9ee57-3555-4329-ab62-b71d775970ec","91a6f354-971a-42d5-907b-b61d60bd2863","VIT College","18.4635","73.8682","Lower Indira Nagar Stop","18.4718","73.8618","1","REJECTED","","No seats available","26","2989","2026-11-03T16:00:00.000Z","2026-09-20T14:30:00.000Z"
"71c81970-4d9f-4bd3-b0f6-d14560c3a3bb","39602255-227b-45f9-ae82-1c286858ecff","ddde26f0-a657-4cc5-8ef1-1171caad0347","Swargate PMPML Main Bus Stand","18.4991","73.8583","VIT College","18.4635","73.8682","1","CANCELLED","","","28","2990","2026-08-05T18:15:00.000Z","2026-09-21T04:30:00.000Z"
"6abe8e87-f939-48da-8b8e-514f0c892f7c","cebf1226-a787-4f79-b686-280e039bf09b","f054fa78-46b9-4920-a246-d949c994ef39","VIT College","18.4635","73.8682","Upper Indira Nagar Bus Depot","18.4682","73.8623","1","CANCELLED","","","3","2991","2026-08-07T01:00:00.000Z","2026-09-20T21:30:00.000Z"
"ef01c88c-2dc7-4349-bf7b-58279727ea47","7bc3ed98-a013-4f8f-ba30-dafebbec50ec","cf49cf74-3f6e-4709-821d-0f560bf5bf11","Bibwewadi Bus Stop","18.4792","73.8615","VIT College","18.4635","73.8682","1","PENDING","","","64","2992","2026-08-07T21:15:00.000Z","2026-09-20T17:30:00.000Z"
"d65c607b-3795-4bb4-a7f5-10cf82ba05a4","7558b4c3-cd3c-448e-907f-e4937e5d9c77","f36c8d35-39b1-4fd4-98f7-5ac3c530eab3","VIT College","18.4635","73.8682","Bibwewadi Bus Stop","18.4792","73.8615","1","CANCELLED","I will wait at the hub","","28","2993","2026-08-10T18:00:00.000Z","2026-09-20T13:30:00.000Z"
"b1bc9a1c-9eb2-4b33-a7ba-6850d7c3b6a4","1b24ad7f-82fe-4482-abe4-dc2d49f3376b","d9f990c4-afb2-4074-8034-6a62f6c93ce4","Upper Indira Nagar Bus Depot","18.4682","73.8623","VIT College","18.4635","73.8682","1","PENDING","Please confirm pickup","","30","2994","2026-08-09T13:15:00.000Z","2026-09-20T22:30:00.000Z"
"4e362e0f-393d-4da8-8d3f-f85fee74abac","595b1b65-1e92-4713-be1c-585cd1fcf629","55511d2e-aa5e-4cf6-ac0c-2f79fd94ad59","VIT College","18.4635","73.8682","KK Market BRTS","18.4683","73.8579","1","CANCELLED","Please confirm pickup","","45","2995","2026-08-11T01:00:00.000Z","2026-09-20T10:30:00.000Z"
"17bc4301-1a85-4c2d-86a9-bb8830d0270d","9e9a4e21-b4ed-41bf-89e4-d737b3072366","be3f8ff0-be2c-4cc2-bb19-b7c7caedba70","Panchami BRTS","18.4902","73.8586","VIT College","18.4635","73.8682","1","CANCELLED","Please confirm pickup","","0","2996","2026-08-12T16:15:00.000Z","2026-09-21T05:30:00.000Z"
"bc1b2be1-557f-4aa7-968e-24300b5a07db","9f380028-a07d-4fcc-a93d-1cdfe76e3f75","f6f5aab6-7eb0-41b3-a1ab-500ca62c77fa","VIT College","18.4635","73.8682","Upper Indira Nagar Bus Depot","18.4682","73.8623","1","REJECTED","I will wait at the hub","No seats available","1","2997","2026-08-13T09:00:00.000Z","2026-09-20T13:30:00.000Z"
"cedf904b-a1c9-47c5-ae15-6208ff519a61","cbab3ff1-e1e7-416c-b6c4-fadc3636d525","21dd28b5-e343-467c-9b41-b7f373986e3d","Lower Indira Nagar Stop","18.4718","73.8618","VIT College","18.4635","73.8682","1","PENDING","Please confirm pickup","","52","2998","2026-08-13T21:15:00.000Z","2026-09-20T21:30:00.000Z"
"4a8f91d2-5de6-4092-b515-1013aac7f10f","53475675-923c-4297-9c83-889d539d5dde","96f0bff7-4a51-45fe-924a-7fd40bd96af0","VIT College","18.4635","73.8682","Market Yard Corner","18.4792","73.8581","1","CANCELLED","","","27","2999","2026-08-14T14:00:00.000Z","2026-09-20T16:30:00.000Z"
"6b084be1-a41e-470f-9698-98904013c4b4","2160327c-0a56-458c-8e3a-b0a653bb488a","a78892d9-93b0-4a78-9a2f-2fad3db5becb","Lower Indira Nagar Stop","18.4718","73.8618","VIT College","18.4635","73.8682","1","REJECTED","Please confirm pickup","No seats available","19","3000","2026-08-05T14:15:00.000Z","2026-09-20T12:30:00.000Z"
"c581d4f2-c042-458a-8b05-f36f0b214290","a3e970e9-75ee-4f20-9165-255a51a84ca8","f256e949-f4e4-4ba3-8ea9-d6a3d0ba8526","VIT College","18.4635","73.8682","Shankar Maharaj Math","18.4735","73.8579","1","COMPLETED","Please confirm pickup","","11","3001","2026-08-08T14:00:00.000Z","2026-09-21T03:30:00.000Z"
"75915428-14d6-48d1-af90-12973584beef","2c93da10-5ccc-4b4f-b9be-663dbc43be74","a85fce63-b4a4-4d71-9d87-2fb5e4653681","Market Yard Corner","18.4792","73.8581","VIT College","18.4635","73.8682","1","COMPLETED","I will wait at the hub","","50","3002","2026-08-08T11:15:00.000Z","2026-09-20T23:30:00.000Z"
"bc018fe7-c8bf-44cd-99f4-7651d8a1d8bb","12b7724e-5d38-4e12-a9c5-92b757d48e24","fc8036f4-d3bf-49ee-baff-431b84d612ea","VIT College","18.4635","73.8682","KK Market BRTS","18.4683","73.8579","1","REJECTED","","No seats available","8","3003","2026-08-09T11:00:00.000Z","2026-09-20T16:30:00.000Z"
"a08cd1a8-9538-41fa-86e2-d28ec21a21b5","c94642e2-10f3-48f6-badb-f7cb639224cd","6c3f7adf-4f2a-4914-ba78-8b1548f14a1a","Kashinath Patil Nagar Stop","18.4745","73.8631","VIT College","18.4635","73.8682","1","REJECTED","I will wait at the hub","No seats available","3","3004","2026-08-09T20:15:00.000Z","2026-09-20T23:30:00.000Z"
"60802ac4-ec10-4673-a4d0-1aaaca026a9b","bb34fe76-14af-4ae5-9f5c-603285cfbd25","7833fb03-c858-4574-92d0-cb72030a18eb","VIT College","18.4635","73.8682","Shankar Maharaj Math","18.4735","73.8579","1","CANCELLED","I will wait at the hub","","12","3005","2026-08-12T16:00:00.000Z","2026-09-21T00:30:00.000Z"
"624ce71b-bb89-4cf5-af9c-c18cd4c6a970","ac13c8ae-3f73-4440-bc4f-791d0d7630f4","2e0f5d10-9fa3-4578-9046-adc52e9f52d6","Panchami BRTS","18.4902","73.8586","VIT College","18.4635","73.8682","1","PENDING","Please confirm pickup","","2","3006","2026-08-13T21:15:00.000Z","2026-09-20T15:30:00.000Z"
"16562033-0686-405f-9e86-f19302111988","2b9eb664-e252-4eb4-aaf1-0330d9b229fb","b94bb3da-92c3-4ecf-b576-f9dbbce590b5","VIT College","18.4635","73.8682","Balaji Nagar BRTS","18.4628","73.8577","1","REJECTED","","No seats available","7","3007","2026-08-14T18:00:00.000Z","2026-09-21T04:30:00.000Z"
"c204a553-7423-40f5-b415-4e55df1ab1f0","6373477b-6351-4807-9c1f-290fbf1561ef","b4419d49-c195-4f67-8a68-1e38418429ef","Kashinath Patil Nagar Stop","18.4745","73.8631","VIT College","18.4635","73.8682","1","ACCEPTED","Please confirm pickup","","59","3008","2026-08-14T17:15:00.000Z","2026-09-21T03:30:00.000Z"
"f0a27823-3acd-4505-975e-31e7f6062b08","e4faf1af-7b41-4c8f-bb4e-2647ba612763","f50ed78b-09ac-4340-b6dd-86ae124a356e","VIT College","18.4635","73.8682","Balaji Nagar BRTS","18.4628","73.8577","1","CANCELLED","Please confirm pickup","","32","3009","2026-08-15T04:00:00.000Z","2026-09-20T23:30:00.000Z"
"c3d3d174-18d3-4f47-9285-53d03a11f6f5","5cef133f-2e32-48e4-a7eb-2811979c2847","f996d0d8-1d3e-4780-bb40-a3c76aeca0fe","Swargate BRTS Stop","18.4982","73.8588","VIT College","18.4635","73.8682","1","CANCELLED","","","20","3010","2026-08-15T04:15:00.000Z","2026-09-20T19:30:00.000Z"
"a2b090eb-c196-4ee0-870e-a34ed8613495","76179ba1-30e0-477b-ae29-d600f715e9ee","a61af15b-11ce-4c02-a80b-bdf8f24338bc","VIT College","18.4635","73.8682","Chintamani Nagar","18.4651","73.864","1","COMPLETED","","","72","3011","2026-08-16T15:00:00.000Z","2026-09-20T21:30:00.000Z"
"0d06f21b-3e0d-4793-8943-47d2312959c1","7ecc5433-f388-49c8-89a7-e6af39dbbed2","a49cc7a3-0beb-4fbf-8d54-c676dfe72f4b","Panchami BRTS","18.4902","73.8586","VIT College","18.4635","73.8682","1","CANCELLED","","","19","3012","2026-08-18T11:15:00.000Z","2026-09-21T02:30:00.000Z"
"0c48d6f2-f05e-45a3-8e19-7ae2f59ac471","8c70b215-94c9-4465-96d0-72dafdb7fecb","df718002-b68d-406f-af02-b7ebdc19dfaa","VIT College","18.4635","73.8682","KK Market BRTS","18.4683","73.8579","1","PENDING","I will wait at the hub","","24","3013","2026-08-18T15:00:00.000Z","2026-09-20T12:30:00.000Z"
"7b1e144b-0865-47c1-ae13-fd2841347346","26196210-9e3e-4195-bc14-5659986c1e39","665f2a26-5d69-41bd-bd37-5d34e2366453","Chintamani Nagar","18.4651","73.864","VIT College","18.4635","73.8682","1","ACCEPTED","Please confirm pickup","","25","3014","2026-08-19T16:15:00.000Z","2026-09-20T14:30:00.000Z"
"ef917f26-37d6-437f-9362-57c4cd27c89f","7b014dba-0df2-4338-9833-b2ad08eea006","36ffa906-e6db-4e16-8e9b-e3f24ede715c","VIT College","18.4635","73.8682","Kashinath Patil Nagar Stop","18.4745","73.8631","1","PENDING","","","7","3015","2026-08-23T04:00:00.000Z","2026-09-20T11:30:00.000Z"
"eaf33e8d-b9dd-43ed-9ed5-172ee3bc3e08","e740fbe6-08b2-48ab-9ea5-fdea46ba33a2","61b7de30-6ccf-41d6-881f-85e56e865717","Market Yard Corner","18.4792","73.8581","VIT College","18.4635","73.8682","1","CANCELLED","","","26","3016","2026-08-24T01:15:00.000Z","2026-09-21T01:30:00.000Z"
"4acec40d-b5d3-43ce-84dd-69ed39674222","5f011875-d174-456e-8e7f-72ee59c5e164","acb16d87-c821-4f83-a7a0-8733496f99be","VIT College","18.4635","73.8682","Shankar Maharaj Math","18.4735","73.8579","1","CANCELLED","I will wait at the hub","","5","3017","2026-08-25T07:00:00.000Z","2026-09-20T12:30:00.000Z"
"b10c1078-9919-4d3e-9dcf-6e82477991b5","6464cd59-ff68-4a0e-9445-5c85c2202968","dc034266-a00f-4347-8cd9-5799da807274","Upper Indira Nagar Bus Depot","18.4682","73.8623","VIT College","18.4635","73.8682","1","PENDING","Please confirm pickup","","31","3018","2026-08-25T22:15:00.000Z","2026-09-21T00:30:00.000Z"
"d0b674a7-dad3-49b1-8720-4d78e4b6114c","edc119e1-9174-402e-b23c-6da190e38c4c","7a49978a-5b30-4a61-89ea-d655c3a89110","VIT College","18.4635","73.8682","Lower Indira Nagar Stop","18.4718","73.8618","1","REJECTED","I will wait at the hub","No seats available","6","3019","2026-08-27T04:00:00.000Z","2026-09-20T18:30:00.000Z"
"22a2ebf7-8bef-4084-a94b-e72462994f32","409dc43c-6d61-425a-9ad3-6cf9f3497009","53329683-b608-43d8-93dd-40f75fc7d319","Chintamani Nagar","18.4651","73.864","VIT College","18.4635","73.8682","1","CANCELLED","","","26","3020","2026-08-26T22:15:00.000Z","2026-09-21T06:30:00.000Z"
"c8e0b3ec-6677-4664-ac06-974a8ae2635b","358dcfdc-19d7-46c5-9792-db4cafb39e25","1d69f9fe-09f6-4a0a-8dc1-753c6b3015e6","VIT College","18.4635","73.8682","Market Yard Corner","18.4792","73.8581","1","REJECTED","I will wait at the hub","No seats available","2","3021","2026-08-28T04:00:00.000Z","2026-09-20T22:30:00.000Z"
"95140961-2fcb-4f45-9feb-fb9497cf6b3c","a9f57098-6b56-47c2-a905-943792856563","c366b16a-709a-4bd5-99f4-4d48e2a64d10","Market Yard Corner","18.4792","73.8581","VIT College","18.4635","73.8682","1","CANCELLED","Please confirm pickup","","23","3022","2026-08-29T08:15:00.000Z","2026-09-20T14:30:00.000Z"
"f62f7be5-a603-485c-9086-c371e79b8c1b","9acaa625-8ac9-4eb2-b657-e5fefadadb13","399cdebc-51c2-422b-87a5-220f8cc2d7ac","VIT College","18.4635","73.8682","Shankar Maharaj Math","18.4735","73.8579","1","PENDING","","","23","3023","2026-08-29T21:00:00.000Z","2026-09-21T05:30:00.000Z"
"bb2ec85c-e657-4718-a7dc-2add15fb856c","bb68714e-cc99-4298-a0ab-f0964a1a3277","32c9560a-e267-4d5f-85c7-ca585ac3975e","Kashinath Patil Nagar Stop","18.4745","73.8631","VIT College","18.4635","73.8682","1","PENDING","","","65","3024","2026-08-29T23:15:00.000Z","2026-09-20T15:30:00.000Z"
"979a4a9c-74da-40c9-a5d7-15a647a7c6cd","07f12c9d-b137-490c-bc05-6847b466144c","65caf2f5-0b5e-452f-a096-f7f73ba694f9","VIT College","18.4635","73.8682","KK Market BRTS","18.4683","73.8579","1","COMPLETED","Please confirm pickup","","74","3025","2026-08-31T15:00:00.000Z","2026-09-20T20:30:00.000Z"
"793d0c7b-29b7-45c6-98aa-a6fb12fadc2a","b054dae5-6749-4f45-bd70-90a5261bb3cb","5a240b3c-f182-4a30-82d1-ae0f6586bff3","Upper Indira Nagar Bus Depot","18.4682","73.8623","VIT College","18.4635","73.8682","1","PENDING","","","13","3026","2026-08-31T04:15:00.000Z","2026-09-21T00:30:00.000Z"
"9cf911c8-239d-414a-8e49-f7f689421d82","f519bf84-2469-4645-94a5-4b64c74736be","e16a421d-031b-47d3-936b-9d6bed68b285","VIT College","18.4635","73.8682","Lower Indira Nagar Stop","18.4718","73.8618","1","PENDING","Please confirm pickup","","45","3027","2026-09-04T01:00:00.000Z","2026-09-21T01:30:00.000Z"
"e5d1cee1-1a46-4838-9601-5de5abec7a41","ca529453-1096-4d6d-b73c-844960b24c84","d04ea078-3e78-494d-83a0-92fee39d6bb7","Bibwewadi Bus Stop","18.4792","73.8615","VIT College","18.4635","73.8682","1","ACCEPTED","Please confirm pickup","","1","3028","2026-09-03T05:15:00.000Z","2026-09-21T04:30:00.000Z"
"edac475d-a7ff-48b6-ad72-98202a338c75","2c44cc2e-2b1a-407b-b6f4-6d379c613876","b0ac27cd-c785-4a92-96f7-125faca0aafd","VIT College","18.4635","73.8682","Shankar Maharaj Math","18.4735","73.8579","1","REJECTED","Please confirm pickup","No seats available","29","3029","2026-09-05T08:00:00.000Z","2026-09-20T11:30:00.000Z"
"a8400989-bdbf-44fe-a8c3-94346dd346d7","9bd7e7cc-c3b8-44a4-bb94-071ae012af07","f599bc96-4841-492f-a111-bec5b3b961ae","Panchami BRTS","18.4902","73.8586","VIT College","18.4635","73.8682","1","COMPLETED","Please confirm pickup","","22","3030","2026-09-04T04:15:00.000Z","2026-09-20T23:30:00.000Z"
"07f1026e-56c7-4016-bedf-fd12e5334d55","6cbc24c9-997a-4575-8f50-74a63c8817db","20b672de-a2b7-4ee4-8a1e-2dd98d7a3278","VIT College","18.4635","73.8682","Bharati Vidyapeeth","18.456","73.8574","1","ACCEPTED","I will wait at the hub","","17","3031","2026-09-08T10:00:00.000Z","2026-09-21T01:30:00.000Z"
"8a7e2cbc-22d2-403c-beac-f817994aee34","d4d9d3bf-e1ec-4b6c-8fd1-77e5c98c2dfc","e0a60ad9-cc73-4c06-a3f4-008b5f55a00b","Bibwewadi Bus Stop","18.4792","73.8615","VIT College","18.4635","73.8682","1","COMPLETED","I will wait at the hub","","5","3032","2026-09-07T15:15:00.000Z","2026-09-21T03:30:00.000Z"
"ac3b951f-2b58-4ca7-ba26-5c098cbec6f2","78c3715a-e0d6-4e72-8e78-0812a9f0dc30","aa992245-dc20-4688-8711-279522417636","VIT College","18.4635","73.8682","Lower Indira Nagar Stop","18.4718","73.8618","1","CANCELLED","Please confirm pickup","","26","3033","2026-09-07T22:00:00.000Z","2026-09-21T05:30:00.000Z"
"05ea3934-9eab-4554-9a00-805c7c3e3d63","080c0231-8db6-4bf8-af7e-18f1897059cb","3a674059-212e-43b5-bfeb-fc6ed59e20f7","Laxmi Narayan Theatre","18.4965","73.8584","VIT College","18.4635","73.8682","1","CANCELLED","I will wait at the hub","","14","3034","2026-09-10T12:15:00.000Z","2026-09-20T18:30:00.000Z"
"db9b57af-8d04-480c-b15c-3ad04975e4f4","545281f3-0f0e-4257-b59e-65b48e3321bc","e49978a2-3a3c-40a9-aa44-f434bfa66b81","VIT College","18.4635","73.8682","Balaji Nagar BRTS","18.4628","73.8577","1","CANCELLED","Please confirm pickup","","35","3035","2026-09-10T19:00:00.000Z","2026-09-21T03:30:00.000Z"
"7606c64e-1bad-4924-9bba-32160aaa7092","e014b291-f580-4258-b975-b7b590db113d","e338d25f-f71d-4949-82c9-72ff79bd50e0","Lower Indira Nagar Stop","18.4718","73.8618","VIT College","18.4635","73.8682","1","REJECTED","Please confirm pickup","No seats available","29","3036","2026-09-12T02:15:00.000Z","2026-09-20T13:30:00.000Z"
"b3a53614-ed03-4d67-bd29-7ae40251beda","0989abd2-b57c-4ede-a394-bb7842c14348","fd00b702-8bbe-4108-ab3e-1e21ba029f40","VIT College","18.4635","73.8682","Chintamani Nagar","18.4651","73.864","1","COMPLETED","Please confirm pickup","","62","3037","2026-09-13T00:00:00.000Z","2026-09-20T16:30:00.000Z"
"25a2af5b-4bfb-43e3-87fb-6230c0636e50","80d22281-505f-4704-b42a-1fb05dcf59f6","b4c86de6-995d-4335-a3bb-265de522aecf","Lower Indira Nagar Stop","18.4718","73.8618","VIT College","18.4635","73.8682","1","PENDING","I will wait at the hub","","9","3038","2026-09-12T14:15:00.000Z","2026-09-20T17:30:00.000Z"
"f2e594ab-3981-49ce-990c-fdf17caf9374","95daa436-49ea-4a26-ae45-05b68c07a3c6","c9ab0de5-362b-43a7-9367-b620469096dd","VIT College","18.4635","73.8682","Kashinath Patil Nagar Stop","18.4745","73.8631","1","CANCELLED","I will wait at the hub","","5","3039","2026-09-14T17:00:00.000Z","2026-09-20T13:30:00.000Z"
"735af708-c7e0-40c0-a8db-d14e1ee559a0","64d9b517-5a5e-48f8-9ce7-d05be280f5a0","ec928319-dcb1-4ffc-9713-393fac2f402a","Swargate BRTS Stop","18.4982","73.8588","VIT College","18.4635","73.8682","1","PENDING","","","20","3040","2026-09-16T22:15:00.000Z","2026-09-21T05:30:00.000Z"
"c25f3b4b-d2ea-4f1a-a795-1ba1e7a7903c","392cb2f8-d9df-427a-8ec9-95de2ae3799e","4fee29cb-0687-44a2-9f09-3ba85cef33d1","VIT College","18.4635","73.8682","Lower Indira Nagar Stop","18.4718","73.8618","1","PENDING","I will wait at the hub","","18","3041","2026-09-17T18:00:00.000Z","2026-09-20T15:30:00.000Z"
"deca2f27-d29d-419d-83c0-664105a9356b","8f639569-9d2b-4e19-9a44-45d0f3118bac","9e5cb7c9-7ef5-48c4-9a63-9e419dbc1b10","Swargate PMPML Main Bus Stand","18.4991","73.8583","VIT College","18.4635","73.8682","1","REJECTED","Please confirm pickup","No seats available","17","3042","2026-09-17T18:15:00.000Z","2026-09-20T12:30:00.000Z"
"3d5bd8d1-2074-48b2-8054-04ad5ca5c230","505a1ac1-40b5-4652-8fbf-67b3a88f1740","8e8cd61b-b7bc-4aca-9fce-e812388f43cc","VIT College","18.4635","73.8682","Chintamani Nagar","18.4651","73.864","1","PENDING","","","4","3043","2026-09-19T08:00:00.000Z","2026-09-20T15:30:00.000Z"
"b3aacbde-3b92-476d-8f69-a314b2a037a0","d7357d00-84c1-4e53-8ca5-9ac52c5a58f5","286cf4ab-43ca-4259-b0fc-da25195d0244","Chintamani Nagar","18.4651","73.864","VIT College","18.4635","73.8682","1","REJECTED","Please confirm pickup","No seats available","34","3044","2026-09-20T00:15:00.000Z","2026-09-20T21:30:00.000Z"
"0a5ba677-62b8-4c7f-9628-4ea9619c30f3","78ab243a-4567-42f8-baa5-d6fb3f981e4f","8574ead2-c80a-462a-8ad9-5f880cff1bd5","VIT College","18.4635","73.8682","Katraj Terminal","18.4471","73.8562","1","REJECTED","","No seats available","10","3045","2026-09-21T00:00:00.000Z","2026-09-21T03:30:00.000Z"
"1dd41571-73e6-45ef-89c3-11b30b49e813","3f5dbb31-a588-4482-8a07-b0ec50fbd83f","97e2c868-d328-4e04-a87f-cdd9bf32f321","Bibwewadi Bus Stop","18.4792","73.8615","VIT College","18.4635","73.8682","1","CANCELLED","Please confirm pickup","","25","3046","2026-09-20T07:15:00.000Z","2026-09-21T02:30:00.000Z"
"ce51299e-756f-4b51-8696-d71af501c66c","9470df63-a388-477a-ab7c-5c3d550c74ed","6dbaac16-eca9-4619-9461-cf1f791691ff","VIT College","18.4635","73.8682","Katraj Terminal","18.4471","73.8562","1","REJECTED","Please confirm pickup","No seats available","11","3047","2026-09-22T05:00:00.000Z","2026-09-20T13:30:00.000Z"
"bee3f5a0-f0f3-436b-8b36-43c503f4babd","636ac1e5-e8b4-4cbf-afec-60e548a2c3dd","a0c0f44b-0991-4b2f-8eac-5c0f929d5d9a","Bibwewadi Bus Stop","18.4792","73.8615","VIT College","18.4635","73.8682","1","PENDING","","","54","3048","2026-09-22T08:15:00.000Z","2026-09-21T06:30:00.000Z"
"e838f872-0eb4-4b46-bc1d-c0eda969739e","f49031a7-61f3-4710-8dca-29a16eb403d0","93fc6c87-52d4-41ea-a349-e5ddc835fe35","VIT College","18.4635","73.8682","Kashinath Patil Nagar Stop","18.4745","73.8631","1","REJECTED","I will wait at the hub","No seats available","68","3049","2026-09-25T18:00:00.000Z","2026-09-20T15:30:00.000Z"
"29dbcfa8-b7e5-41f1-b7f0-318e37972955","2c6ab345-9777-45b4-a794-95db08ae07c2","cba87ecd-54b1-4aae-9469-fa73c5a1965e","Upper Indira Nagar Bus Depot","18.4682","73.8623","VIT College","18.4635","73.8682","1","REJECTED","I will wait at the hub","No seats available","26","3050","2026-09-25T00:15:00.000Z","2026-09-21T05:30:00.000Z"
"7d5d9af8-901d-4efd-81cc-0916970ba47f","e3355ceb-b08d-4951-a32a-8d52582985af","7bb61148-2622-4c7a-a643-c561dfafb01a","VIT College","18.4635","73.8682","Upper Indira Nagar Bus Depot","18.4682","73.8623","1","PENDING","Please confirm pickup","","27","3051","2026-09-28T01:00:00.000Z","2026-09-21T02:30:00.000Z"
"a63fbc9a-de9a-4155-9003-40cf205d18eb","7d02b32f-7429-403a-8b78-9abb2743d54c","c1485f8d-0ff6-4d51-a3fe-b9cc726fcca1","Panchami BRTS","18.4902","73.8586","VIT College","18.4635","73.8682","1","REJECTED","Please confirm pickup","No seats available","6","3052","2026-09-28T02:15:00.000Z","2026-09-21T03:30:00.000Z"
"c9ba0d54-09af-4571-8adb-f9c24e677887","a46b8abb-7f58-4ce7-8fbe-c3a9393eb841","52587ca0-dfe6-482f-bcac-5efecd9cb9c3","VIT College","18.4635","73.8682","Katraj Dairy BRTS","18.4508","73.8569","1","REJECTED","I will wait at the hub","No seats available","16","3053","2026-09-30T04:00:00.000Z","2026-09-20T10:30:00.000Z"
"0e17adfe-6242-40d7-95e7-8d9e614a4e13","1b3f6749-f0ae-4234-8f8a-04caf7f11e60","adfaa168-2d4e-439d-b336-2a1e0b068a71","Lower Indira Nagar Stop","18.4718","73.8618","VIT College","18.4635","73.8682","1","CANCELLED","","","33","3054","2026-09-29T04:15:00.000Z","2026-09-21T06:30:00.000Z"
"2ea10dfd-cf2c-477f-86ad-857c9ecf7925","36b2c460-a1cd-457c-92fe-8f2b55f34de3","bc632420-5e50-4e7f-82f8-381b3e8cb729","VIT College","18.4635","73.8682","Balaji Nagar BRTS","18.4628","73.8577","1","ACCEPTED","I will wait at the hub","","77","3055","2026-09-30T17:00:00.000Z","2026-09-21T05:30:00.000Z"
"00aa1f19-b397-40e3-bfd6-d95e29977205","c95c3cbe-06de-4f02-8209-d537672df89e","c352d64d-d07b-4edc-951e-c01334524a56","Swargate BRTS Stop","18.4982","73.8588","VIT College","18.4635","73.8682","1","ACCEPTED","Please confirm pickup","","2","3056","2026-10-02T03:15:00.000Z","2026-09-20T23:30:00.000Z"
"ef603806-398e-438e-ba42-15d5f17ffc9d","7af251b1-c357-4a1b-bd99-dcc1d92cebaf","4a67ecba-b514-4d87-beb3-0515635ecc2e","VIT College","18.4635","73.8682","Katraj Terminal","18.4471","73.8562","1","REJECTED","","No seats available","20","3057","2026-10-03T10:00:00.000Z","2026-09-20T16:30:00.000Z"
"62da970a-d180-4fff-96b4-3906982cdd0a","93704f8f-9b3d-4658-9df9-7297a09efb6d","5a542579-2130-44d7-a1c7-dde5ad030d85","Laxmi Narayan Theatre","18.4965","73.8584","VIT College","18.4635","73.8682","1","CANCELLED","I will wait at the hub","","28","3058","2026-10-04T10:15:00.000Z","2026-09-20T15:30:00.000Z"
"bcf5df3f-25cc-4cc9-abe8-fc577e9553a3","49077169-77dd-4c65-bdc5-b78766d672c2","48157b16-b775-431a-954d-8b033f391056","VIT College","18.4635","73.8682","Katraj Terminal","18.4471","73.8562","1","REJECTED","I will wait at the hub","No seats available","28","3059","2026-10-03T19:00:00.000Z","2026-09-20T21:30:00.000Z"
"1bda5f22-236a-45a5-92d1-bbba0349597d","5b4c231d-27bf-408c-951f-fddd27a7e9e0","83beeb25-e5a8-4d3e-aab1-07e4280fae11","Lower Indira Nagar Stop","18.4718","73.8618","VIT College","18.4635","73.8682","1","REJECTED","","No seats available","11","3060","2026-10-05T04:15:00.000Z","2026-09-21T04:30:00.000Z"
"66a7aa24-3361-4157-98e6-bab572799eb7","096bba8c-0116-411d-9f14-1c96839712fc","f16b2296-c08c-4229-b1cd-9d4425b7954a","VIT College","18.4635","73.8682","Bibwewadi Bus Stop","18.4792","73.8615","1","PENDING","","","3","3061","2026-10-08T07:00:00.000Z","2026-09-21T06:30:00.000Z"
"0829609c-fa9e-4ab6-aec8-c239cd411c20","50e7e7af-1469-4648-8b4e-455511038b4b","2f39eb16-ab4f-4c25-a572-9a7be1ef7dcd","Market Yard Corner","18.4792","73.8581","VIT College","18.4635","73.8682","1","ACCEPTED","I will wait at the hub","","20","3062","2026-10-07T08:15:00.000Z","2026-09-20T18:30:00.000Z"
"8d92a9c4-e4f3-4a4c-89d9-f6e2757bd8ae","aced7d47-d250-420a-9774-e2988bf4185a","b9a94dba-cbdd-4dab-b668-c38541a542df","VIT College","18.4635","73.8682","Shankar Maharaj Math","18.4735","73.8579","1","REJECTED","Please confirm pickup","No seats available","22","3063","2026-10-08T14:00:00.000Z","2026-09-21T06:30:00.000Z"
"1d2852c7-9c94-4fcb-be50-0b92af4a224f","3e84b24e-d459-4a5c-ab02-b23b20357c43","91b6dba8-c5ee-49b6-8e0e-cdb6deb6d498","Chintamani Nagar","18.4651","73.864","VIT College","18.4635","73.8682","1","REJECTED","I will wait at the hub","No seats available","36","3064","2026-10-10T07:15:00.000Z","2026-09-20T19:30:00.000Z"
"34fd7675-b586-45c1-87af-93502d294103","51804ff0-732e-4f33-9d16-ce45d3f78ad0","5bfe2107-4596-4e4b-8e28-b4761607f7e9","VIT College","18.4635","73.8682","Kashinath Patil Nagar Stop","18.4745","73.8631","1","CANCELLED","","","63","3065","2026-10-12T06:00:00.000Z","2026-09-21T02:30:00.000Z"
"752dd220-4905-4313-9d85-87229e58785b","b329300e-ced4-4596-85e2-2463a21ba4f9","eb966ee8-6300-4734-85a3-fe051d2fa003","Market Yard Corner","18.4792","73.8581","VIT College","18.4635","73.8682","1","CANCELLED","Please confirm pickup","","4","3066","2026-10-11T12:15:00.000Z","2026-09-20T14:30:00.000Z"
"13f5c574-b904-41e5-953b-eaecdca6257f","2e26e5e6-8a2c-49a0-9e59-effa2baf3812","b3149c9d-7e24-49af-9af5-ce51be3f88b9","VIT College","18.4635","73.8682","Upper Indira Nagar Bus Depot","18.4682","73.8623","1","REJECTED","I will wait at the hub","No seats available","71","3067","2026-10-13T20:00:00.000Z","2026-09-21T06:30:00.000Z"
"1cf90695-ccbb-4372-af31-8bb151904eb7","a7379bc1-41fc-4653-9c0b-b1912b205e68","5b200900-fdec-42f4-bd7a-10e50182556a","City Pride BRTS","18.4845","73.8583","VIT College","18.4635","73.8682","1","PENDING","Please confirm pickup","","9","3068","2026-10-13T21:15:00.000Z","2026-09-20T21:30:00.000Z"
"80f2efcd-05e7-43d8-9e11-7e2e6c8aca07","39f52ca3-2357-46c5-a98e-8b35ad97689d","ff4be7d8-c958-42da-b75f-f3df6987f079","VIT College","18.4635","73.8682","Katraj Terminal","18.4471","73.8562","1","PENDING","I will wait at the hub","","30","3069","2026-10-16T02:00:00.000Z","2026-09-20T23:30:00.000Z"
"73ec9ee8-1671-4658-8633-a323fadf101d","6cfcfb66-bb8d-4fd1-8063-a7710b4de356","abc3a47b-8ad1-4b85-9c68-7d9ca2c6091e","Lower Indira Nagar Stop","18.4718","73.8618","VIT College","18.4635","73.8682","1","REJECTED","","No seats available","9","3070","2026-10-15T02:15:00.000Z","2026-09-20T13:30:00.000Z"
"63936e64-8c5a-4ccb-848c-46ada71578f7","29639fe3-fba9-4ec1-8c2a-beeec3698b93","a4e13249-216e-49cd-8abf-6f5bd9c3fe4c","VIT College","18.4635","73.8682","Lower Indira Nagar Stop","18.4718","73.8618","1","REJECTED","","No seats available","6","3071","2026-10-15T14:00:00.000Z","2026-09-20T12:30:00.000Z"
"53e6850f-8fed-4ad5-bf37-2609da91e9c6","b4f0bd24-29c0-49cf-8011-acbec3fd9ef2","9449171f-669b-4ae3-8a11-85c2698005b4","Swargate BRTS Stop","18.4982","73.8588","VIT College","18.4635","73.8682","1","ACCEPTED","I will wait at the hub","","38","3072","2026-10-17T11:15:00.000Z","2026-09-20T12:30:00.000Z"
"205c3138-e63f-4ab5-a563-e5657af50a64","09678e7e-77d5-401a-a91f-fb0664afca57","7b50af0a-e87a-4600-b547-06ff9da50ada","VIT College","18.4635","73.8682","Bibwewadi Bus Stop","18.4792","73.8615","1","ACCEPTED","I will wait at the hub","","24","3073","2026-10-17T18:00:00.000Z","2026-09-21T01:30:00.000Z"
"cb62bccb-b7a0-456d-a340-9669634440ec","95d59f60-f6b4-44df-aad2-9883ffe95be1","49e5dc79-ab6d-4188-9d10-62c1b84c7f5c","Upper Indira Nagar Bus Depot","18.4682","73.8623","VIT College","18.4635","73.8682","1","REJECTED","Please confirm pickup","No seats available","23","3074","2026-10-19T20:15:00.000Z","2026-09-20T17:30:00.000Z"
"674ce742-4328-4535-8cb2-ae7979451b09","b7ff1174-56c9-45b7-b1b5-f94890f4a440","b9d9e60d-de32-4732-8eb8-480e0e81bcbf","VIT College","18.4635","73.8682","Upper Indira Nagar Bus Depot","18.4682","73.8623","1","REJECTED","I will wait at the hub","No seats available","25","3075","2026-10-21T23:00:00.000Z","2026-09-21T02:30:00.000Z"
"09586cc6-7699-4a5e-b1c2-e639ddfdbdfa","40cdaa64-0cc4-4366-91b4-6ad064592b70","15d12fa2-5285-4e19-a290-344ead002d9f","Laxmi Narayan Theatre","18.4965","73.8584","VIT College","18.4635","73.8682","1","PENDING","Please confirm pickup","","22","3076","2026-10-21T10:15:00.000Z","2026-09-21T02:30:00.000Z"
"0db24d80-cab1-4929-9dd1-b8d80f370fe2","446815d8-3895-4b64-a9a5-7699f549864d","772a4089-be1c-415b-9115-5af745dcbd7e","VIT College","18.4635","73.8682","Market Yard Corner","18.4792","73.8581","1","COMPLETED","Please confirm pickup","","73","3077","2026-10-24T05:00:00.000Z","2026-09-21T01:30:00.000Z"
"72895c5f-ff23-4970-82ec-71ae521e6a4e","0535125f-5e07-41b4-8183-c0bc955d24ff","dae29690-62f3-4202-8961-05b05ec7dcc6","Panchami BRTS","18.4902","73.8586","VIT College","18.4635","73.8682","1","REJECTED","I will wait at the hub","No seats available","29","3078","2026-10-24T21:15:00.000Z","2026-09-21T04:30:00.000Z"
"570ba87f-7f04-498f-879d-c3de639e7da8","8e053454-b287-451b-a1c0-86dc06f9f919","b53fb963-29ea-4299-915f-2cf34647fe2b","VIT College","18.4635","73.8682","Shankar Maharaj Math","18.4735","73.8579","1","REJECTED","","No seats available","72","3079","2026-10-25T23:00:00.000Z","2026-09-20T20:30:00.000Z"
"56b21488-5d5a-4732-b4c1-0ebdce202edd","c8978e26-ad18-49dd-bb87-9c0ea1a29e0c","02927b89-ffa8-40e0-963e-2651a35e576d","Kashinath Patil Nagar Stop","18.4745","73.8631","VIT College","18.4635","73.8682","1","REJECTED","I will wait at the hub","No seats available","18","3080","2026-10-24T23:15:00.000Z","2026-09-20T16:30:00.000Z"
"9545f1f3-0283-4bc8-ae99-8c9994b86750","cdfa824a-f854-4855-a964-448c5420caed","aa3e3c66-ecde-4e1f-9ce3-1617c0ecdcef","VIT College","18.4635","73.8682","Shankar Maharaj Math","18.4735","73.8579","1","ACCEPTED","Please confirm pickup","","79","3081","2026-10-27T06:00:00.000Z","2026-09-20T10:30:00.000Z"
"fdf07668-19b6-4174-a1f9-85bd89ab557d","bf7e7173-707d-409a-bb59-ec2ffaf87c16","e0ad93ac-7350-43c7-be63-6b8925810342","Swargate PMPML Main Bus Stand","18.4991","73.8583","VIT College","18.4635","73.8682","1","REJECTED","I will wait at the hub","No seats available","0","3082","2026-10-26T08:15:00.000Z","2026-09-21T04:30:00.000Z"
"a99104a9-aec1-4161-b1e1-1752b0ec9c97","169fc2f0-d836-43d1-83b1-ae1763e64fbe","1734859f-c79f-4dfa-95dd-e252c5d669fc","VIT College","18.4635","73.8682","Kashinath Patil Nagar Stop","18.4745","73.8631","1","REJECTED","Please confirm pickup","No seats available","6","3083","2026-10-29T08:00:00.000Z","2026-09-20T10:30:00.000Z"
"df79cf08-b925-48c7-b482-488ca5ca5dd1","e9bf46ef-8967-4464-94e3-2bb4e3e3b2e4","3a8f1c12-2394-4eb5-8694-7152af59c7d0","City Pride BRTS","18.4845","73.8583","VIT College","18.4635","73.8682","1","PENDING","Please confirm pickup","","8","3084","2026-10-28T18:15:00.000Z","2026-09-20T21:30:00.000Z"
"aba4532a-c5f9-4d27-ab7c-9eb4b9c0bdf5","bc79fdd2-1cc0-4c64-be42-1c9072fc1859","443d0a1a-c4da-4cf7-9517-4c02de0dff9c","VIT College","18.4635","73.8682","Balaji Nagar BRTS","18.4628","73.8577","1","CANCELLED","","","22","3085","2026-10-30T07:00:00.000Z","2026-09-21T03:30:00.000Z"
"da829eb1-b13b-473e-a7f8-1180b48f8df2","3bfcbbe5-ec10-4944-a9dd-ba509007b715","5c76a658-080e-4482-b7f5-3c04ef99ff4f","Swargate BRTS Stop","18.4982","73.8588","VIT College","18.4635","73.8682","1","REJECTED","","No seats available","22","3086","2026-11-01T10:15:00.000Z","2026-09-21T02:30:00.000Z"
"3e653b49-69f9-4b03-bc3b-309ee98813bd","4c1da699-4a95-4e14-9e46-fd8dcda4c5d3","fa4b13bc-6768-4b5d-843e-2b8836ed9113","VIT College","18.4635","73.8682","Lower Indira Nagar Stop","18.4718","73.8618","1","PENDING","I will wait at the hub","","27","3087","2026-11-02T08:00:00.000Z","2026-09-20T21:30:00.000Z"
"ca2ad653-0de4-4b44-a74a-6e1bd02d55c4","c000e5c3-2f7b-4545-b8f0-e0043eb13933","2139d70e-ad87-4ff0-985d-00ddaa9d1f33","Kashinath Patil Nagar Stop","18.4745","73.8631","VIT College","18.4635","73.8682","1","ACCEPTED","Please confirm pickup","","37","3088","2026-11-03T21:15:00.000Z","2026-09-21T02:30:00.000Z"
"67223abd-3e88-48ac-aa75-4cea27b7d6ba","10dd458e-25b6-43e5-92b7-c13023c64c59","916eed74-db65-4e11-bce1-ffc16e674a10","VIT College","18.4635","73.8682","Upper Indira Nagar Bus Depot","18.4682","73.8623","1","ACCEPTED","","","57","3089","2026-11-05T04:00:00.000Z","2026-09-20T17:30:00.000Z"
"b6b7c252-4756-4bdf-b6f7-e1501c60341b","bf613fbf-71a6-43c2-b744-db05e823fdf8","bab50b6c-7a07-4417-adaf-0a3f199ba726","Upper Indira Nagar Bus Depot","18.4682","73.8623","VIT College","18.4635","73.8682","1","REJECTED","Please confirm pickup","No seats available","27","3090","2026-08-07T01:15:00.000Z","2026-09-20T19:30:00.000Z"
"6cc96883-004d-4088-9054-2cede94b098f","65fc0765-171e-4768-8f13-83aa789737e0","7f819a59-7908-47e3-8d88-f31823ce6b9f","VIT College","18.4635","73.8682","KK Market BRTS","18.4683","73.8579","1","ACCEPTED","Please confirm pickup","","78","3091","2026-08-06T15:00:00.000Z","2026-09-21T05:30:00.000Z"
"31640dcd-c776-4a40-908a-838e2f99d6e1","237da348-7907-4718-866e-335cde0139c1","fa8313a6-d0cd-4c89-ac5a-1bcf559767e4","Bibwewadi Bus Stop","18.4792","73.8615","VIT College","18.4635","73.8682","1","COMPLETED","","","27","3092","2026-08-08T13:15:00.000Z","2026-09-21T03:30:00.000Z"
"2a5bb910-ce7d-471a-ba62-af54d0aa1926","60ea93c4-68ee-45c3-989b-ed8b3a08e7cc","25e86fcd-e6f3-4cae-abe5-69da8dc4879a","VIT College","18.4635","73.8682","KK Market BRTS","18.4683","73.8579","1","REJECTED","","No seats available","22","3093","2026-08-08T22:00:00.000Z","2026-09-20T13:30:00.000Z"
"b266398a-58e0-4bc3-b73d-fa3d7b22a7a0","2f2c5365-84d3-4d5c-b8d1-6f264b5f4215","7ecb9a58-e71e-47e3-b199-1b14f78ab1cd","Swargate PMPML Main Bus Stand","18.4991","73.8583","VIT College","18.4635","73.8682","1","PENDING","","","14","3094","2026-08-09T16:15:00.000Z","2026-09-20T20:30:00.000Z"
"dac60460-0706-4d26-a0cb-e01725ea596e","c1eebeb2-db41-4cb7-a3b5-691292698f91","61a5fb10-8cc3-48db-a009-2fdb4eb9c378","VIT College","18.4635","73.8682","Upper Indira Nagar Bus Depot","18.4682","73.8623","1","REJECTED","","No seats available","10","3095","2026-08-12T21:00:00.000Z","2026-09-21T05:30:00.000Z"
"630a466d-e3fc-430e-8256-908742ddc260","51a9e42c-d1f6-478c-b886-b626dcbd18f3","11e76d6b-888c-4c86-a3f2-2d4bab255598","Market Yard Corner","18.4792","73.8581","VIT College","18.4635","73.8682","1","CANCELLED","I will wait at the hub","","10","3096","2026-08-12T00:15:00.000Z","2026-09-20T16:30:00.000Z"
"a5758d9a-ace5-4525-9067-471f1ff71264","7ae097cf-045e-409a-bfb2-c726c8bc06e4","38d92c3f-f6e4-4c90-add9-6f5ecbcd5bde","VIT College","18.4635","73.8682","Lower Indira Nagar Stop","18.4718","73.8618","1","REJECTED","I will wait at the hub","No seats available","23","3097","2026-08-13T18:00:00.000Z","2026-09-20T14:30:00.000Z"
"d62152bb-4cd2-4603-b484-2e7672c55dc3","3bee09b2-95a6-498d-b915-d3ee887867aa","5b9101ca-8247-4c12-bf7c-68abf2b98166","Panchami BRTS","18.4902","73.8586","VIT College","18.4635","73.8682","1","ACCEPTED","I will wait at the hub","","0","3098","2026-08-15T04:15:00.000Z","2026-09-20T16:30:00.000Z"
"dbe5d5fc-e0be-49de-8e82-0e00fc997cd1","8515b1ea-25b5-4b79-a405-967ef14578af","95204930-6f62-4024-8493-801a30e46f1a","VIT College","18.4635","73.8682","Katraj Terminal","18.4471","73.8562","1","PENDING","Please confirm pickup","","15","3099","2026-08-15T22:00:00.000Z","2026-09-20T14:30:00.000Z"
"95490766-4cad-4b41-bb3d-c118ce5ab87e","c49264b1-69a1-495c-9e81-1661b261b3a1","ce05a8a6-09ab-4705-92d1-3f61a51fd69d","Chintamani Nagar","18.4651","73.864","VIT College","18.4635","73.8682","1","CANCELLED","","","13","3100","2026-08-15T04:15:00.000Z","2026-09-21T01:30:00.000Z"
"11c83593-189b-4487-91bc-f2b7e671956c","69ee0216-5020-4028-b822-cf3a10cc01dc","2f12a413-553c-4203-bffb-955e3123875f","VIT College","18.4635","73.8682","Balaji Nagar BRTS","18.4628","73.8577","1","REJECTED","","No seats available","14","3101","2026-08-18T15:00:00.000Z","2026-09-21T06:30:00.000Z"
"839fc7a5-6d19-4ed1-a20c-fb0cb05239b5","61279771-2695-403c-bef6-29837a8ac5cd","7a6f894d-c3ee-4aa4-a5c8-b62bdfa18164","City Pride BRTS","18.4845","73.8583","VIT College","18.4635","73.8682","1","REJECTED","","No seats available","26","3102","2026-08-17T15:15:00.000Z","2026-09-20T17:30:00.000Z"
"73487c49-a848-43a1-b7ae-a1d5aebafa57","da00e29b-5b94-4c48-9058-fdc14b347db5","f0be6e7d-be56-4dae-a215-ca68d901c731","VIT College","18.4635","73.8682","Balaji Nagar BRTS","18.4628","73.8577","1","REJECTED","Please confirm pickup","No seats available","27","3103","2026-08-19T05:00:00.000Z","2026-09-21T00:30:00.000Z"
"572951e8-1207-49f2-b1e0-2493c3ea7448","9f0f2b67-68d7-468f-af8a-6e7eacc996bd","6afa4784-41a5-471b-8dbf-dcd4ef8d1af1","Market Yard Corner","18.4792","73.8581","VIT College","18.4635","73.8682","1","REJECTED","Please confirm pickup","No seats available","15","3104","2026-08-20T18:15:00.000Z","2026-09-21T02:30:00.000Z"
"33a41008-6c56-4093-8ea7-91ad8361c8fc","6cd39986-2957-4c10-aeb1-988bf7f9c642","ef881127-bf53-4e44-ac88-4d08e32ca7a0","VIT College","18.4635","73.8682","Katraj Terminal","18.4471","73.8562","1","COMPLETED","I will wait at the hub","","17","3105","2026-08-22T06:00:00.000Z","2026-09-21T02:30:00.000Z"
"cf368c08-4a69-4f65-91df-f5f9e8dc6e22","81a7f5ab-2161-41ba-9b2a-461a7e131be7","b2a75502-d4ef-429e-8b73-61e440e0983f","Swargate PMPML Main Bus Stand","18.4991","73.8583","VIT College","18.4635","73.8682","1","REJECTED","Please confirm pickup","No seats available","23","3106","2026-08-22T05:15:00.000Z","2026-09-20T15:30:00.000Z"
"5afb402a-92a2-48aa-8353-ccef7167c50a","02b9654f-0b9c-4c0f-8d0b-7ee75d69869b","b3d23434-7107-4dee-ad1b-eebdb7958392","VIT College","18.4635","73.8682","Bibwewadi Bus Stop","18.4792","73.8615","1","PENDING","Please confirm pickup","","4","3107","2026-08-24T19:00:00.000Z","2026-09-21T00:30:00.000Z"
"61b25d77-ffb7-44d2-b97a-256d593ea285","219a9f81-23af-4a87-82c9-00103d3c4c10","24d2a11e-ee6c-4f5b-80ff-7fb9eb39ac32","Panchami BRTS","18.4902","73.8586","VIT College","18.4635","73.8682","1","PENDING","","","24","3108","2026-08-25T17:15:00.000Z","2026-09-20T18:30:00.000Z"
"7c9d02cc-01f3-40d4-a389-b6ee941dcfba","d8a7cd4b-6991-4356-b70c-0812f3a06a17","37b52895-1597-4763-836c-78a8301f11b4","VIT College","18.4635","73.8682","Bharati Vidyapeeth","18.456","73.8574","1","REJECTED","I will wait at the hub","No seats available","22","3109","2026-08-24T21:00:00.000Z","2026-09-20T11:30:00.000Z"
"e1fa220d-d65e-4b9a-8ab1-416bcb8ddd16","eab07b26-75e6-4d60-b37d-b2672ac13f7b","5adcb3aa-a473-41ba-8a29-2fa570db158b","Kashinath Patil Nagar Stop","18.4745","73.8631","VIT College","18.4635","73.8682","1","REJECTED","","No seats available","59","3110","2026-08-26T17:15:00.000Z","2026-09-20T13:30:00.000Z"
"ac3b8f32-df95-43d8-8b9c-591c55cbb171","b95d44b1-a000-4708-a130-d08780d6485d","3e9526f5-f65f-4da1-a2b1-553ce23973f7","VIT College","18.4635","73.8682","Shankar Maharaj Math","18.4735","73.8579","1","CANCELLED","","","14","3111","2026-08-27T07:00:00.000Z","2026-09-20T12:30:00.000Z"
"59b4324b-eb66-47f5-bf03-23fea5d86afe","4b1e205a-ed42-48bd-b784-7fbcff6779c6","fbb85f19-6812-469a-9a7e-c060b8e1330e","Upper Indira Nagar Bus Depot","18.4682","73.8623","VIT College","18.4635","73.8682","1","REJECTED","","No seats available","21","3112","2026-08-27T08:15:00.000Z","2026-09-20T11:30:00.000Z"
"ed73c78a-0d7b-4886-924d-0c3c40d8e1d0","68e11ca0-3e59-47eb-8235-9af12559df44","4e00ed27-5fe2-4835-b43b-aad7700f4e90","VIT College","18.4635","73.8682","Bharati Vidyapeeth","18.456","73.8574","1","CANCELLED","Please confirm pickup","","21","3113","2026-08-30T23:00:00.000Z","2026-09-20T15:30:00.000Z"
"2daffa58-6de0-4e0a-b823-d5c9867afd38","2c00669e-dc0c-456d-ba1d-8920b4c821fc","85802130-aece-4a5c-b091-be9de76fa62e","Panchami BRTS","18.4902","73.8586","VIT College","18.4635","73.8682","1","PENDING","","","24","3114","2026-08-30T18:15:00.000Z","2026-09-21T00:30:00.000Z"
"f12c0dea-4e21-4cf0-91bb-a6bd4c16ca77","78e46e6e-9c6f-4b0f-b064-7d4e9460e632","1e8f38cb-b0ae-4701-9268-3c8e55456ef9","VIT College","18.4635","73.8682","KK Market BRTS","18.4683","73.8579","1","REJECTED","Please confirm pickup","No seats available","26","3115","2026-08-31T07:00:00.000Z","2026-09-20T23:30:00.000Z"
"0cafef22-d9e1-46a6-ac92-cfb196f0084d","aef59bda-2e4a-4d2a-a535-36263ae82a38","033a0415-353b-46da-a08f-1e6fb661c073","Kashinath Patil Nagar Stop","18.4745","73.8631","VIT College","18.4635","73.8682","1","PENDING","Please confirm pickup","","1","3116","2026-08-31T22:15:00.000Z","2026-09-21T06:30:00.000Z"
"8e4a6883-2e5b-4e14-a73e-77316b3c3f2b","f64767c4-af3a-47be-acc7-3ea11da42274","09fad991-eb28-483c-a92f-412d005f86e1","VIT College","18.4635","73.8682","Katraj Terminal","18.4471","73.8562","1","REJECTED","Please confirm pickup","No seats available","11","3117","2026-09-03T03:00:00.000Z","2026-09-20T14:30:00.000Z"
"dc68abde-702a-4379-8574-001bc52107ca","2237f2ca-1d00-4f56-814d-2c6c92751071","47cbbcf7-3a62-4033-9a9b-5d2ebe48617b","Bibwewadi Bus Stop","18.4792","73.8615","VIT College","18.4635","73.8682","1","COMPLETED","I will wait at the hub","","66","3118","2026-09-04T09:15:00.000Z","2026-09-20T15:30:00.000Z"
"8597b917-42c1-45a4-b073-ad3005ee1cc7","ec18becf-f762-45c6-859c-32b7cb0f07d6","ab1c3a5c-50fe-4a26-b80d-4cd36938d001","VIT College","18.4635","73.8682","Katraj Dairy BRTS","18.4508","73.8569","1","REJECTED","I will wait at the hub","No seats available","22","3119","2026-09-05T15:00:00.000Z","2026-09-21T03:30:00.000Z"
"f6657670-fb25-49dc-9531-b00275cfcb2f","70f69ca4-d226-4e06-8c3f-95690772183e","c2109785-34d1-4db4-83fd-a38a96ff6385","Swargate BRTS Stop","18.4982","73.8588","VIT College","18.4635","73.8682","1","REJECTED","I will wait at the hub","No seats available","28","3120","2026-09-05T15:15:00.000Z","2026-09-20T12:30:00.000Z"
"6a89e0f7-6c37-4850-85c3-718e0d4e03e8","461e5561-1342-4de9-9f6e-44c7fdcf8d5d","3f9c3912-4b7f-4630-8ee8-ef4328f8653a","VIT College","18.4635","73.8682","Upper Indira Nagar Bus Depot","18.4682","73.8623","1","CANCELLED","I will wait at the hub","","29","3121","2026-09-06T23:00:00.000Z","2026-09-20T18:30:00.000Z"
"d923e4a9-a577-4fe8-81ff-9f1fd6795369","cb373836-670c-4979-b437-20673338636b","d6e02938-24dd-495b-9cf8-9fdde224b304","Panchami BRTS","18.4902","73.8586","VIT College","18.4635","73.8682","1","REJECTED","Please confirm pickup","No seats available","11","3122","2026-09-08T18:15:00.000Z","2026-09-20T18:30:00.000Z"
"4406b2e7-ac11-4aa7-a7ca-dce58085af53","9580a374-62b1-4eae-bcd0-ac7f6a06f671","165aff37-2b73-412f-8558-09a275acac4f","VIT College","18.4635","73.8682","Chintamani Nagar","18.4651","73.864","1","PENDING","Please confirm pickup","","8","3123","2026-09-09T21:00:00.000Z","2026-09-20T20:30:00.000Z"
"a5bd95d3-d070-42e0-a501-8829b357f88a","c5afd19e-a176-4f40-a45b-6f111ad868a9","921d32f1-c9a7-43cd-89fc-af62a5d8d609","Chintamani Nagar","18.4651","73.864","VIT College","18.4635","73.8682","1","REJECTED","","No seats available","18","3124","2026-09-10T07:15:00.000Z","2026-09-20T23:30:00.000Z"
"38ab714a-6bd3-4479-a8a4-12044ceeab5b","8e78585e-3cca-4d71-ae2d-e3ad9e95dc8b","cd22228b-a880-42a9-b5b5-fa0701f9c386","VIT College","18.4635","73.8682","Shankar Maharaj Math","18.4735","73.8579","1","REJECTED","","No seats available","7","3125","2026-09-09T19:00:00.000Z","2026-09-21T05:30:00.000Z"
"8e5a547f-20c7-418c-8cab-66c9d2c86191","9545e0e9-642e-4404-a573-e92a596150aa","46c4f251-86ea-4605-9b4a-0a7b31ba73c3","Swargate PMPML Main Bus Stand","18.4991","73.8583","VIT College","18.4635","73.8682","1","ACCEPTED","Please confirm pickup","","75","3126","2026-09-10T08:15:00.000Z","2026-09-20T22:30:00.000Z"
"c9318c89-aae0-4246-bb77-a08bebbbddc4","71ad94f4-57f7-4fac-817a-5a2a1cb72cad","e3132854-383b-4d80-b4f9-344261841ff2","VIT College","18.4635","73.8682","KK Market BRTS","18.4683","73.8579","1","REJECTED","Please confirm pickup","No seats available","13","3127","2026-09-14T05:00:00.000Z","2026-09-21T01:30:00.000Z"
"4fe53cce-acbc-4fa3-8885-9d76c244d145","04d4075a-882a-44da-a10d-859151f3b47c","4f582076-f405-4dad-b185-9ae556fcc905","City Pride BRTS","18.4845","73.8583","VIT College","18.4635","73.8682","1","ACCEPTED","I will wait at the hub","","72","3128","2026-09-14T05:15:00.000Z","2026-09-21T04:30:00.000Z"
"605da9f2-3332-40ad-8a46-04356be059c6","d27e67f4-e6a7-4cab-9dd0-1692b1b0a82a","df141c8b-23ed-41b3-b69d-5959a4d5207e","VIT College","18.4635","73.8682","Shankar Maharaj Math","18.4735","73.8579","1","REJECTED","I will wait at the hub","No seats available","27","3129","2026-09-16T10:00:00.000Z","2026-09-21T05:30:00.000Z"
"90b5a70f-8c9e-4fa3-8415-2ea4bcca41f0","afd4311b-966f-4fc9-9674-d1effabc820f","c69150f8-4df1-4f92-9ee7-62209c9db1a6","Lower Indira Nagar Stop","18.4718","73.8618","VIT College","18.4635","73.8682","1","CANCELLED","Please confirm pickup","","28","3130","2026-09-16T06:15:00.000Z","2026-09-21T03:30:00.000Z"
"0ceb7784-9617-44f1-bad9-925183c5104a","beb44845-453e-4d94-bb99-749e6b27cb1e","e03cedeb-5d97-4486-a7eb-252b7e1f718a","VIT College","18.4635","73.8682","Bharati Vidyapeeth","18.456","73.8574","1","ACCEPTED","","","68","3131","2026-09-17T09:00:00.000Z","2026-09-20T12:30:00.000Z"
"5f06775c-fdac-4040-82b5-1815dc2ede21","14e7ccea-1a48-4de5-984c-54c7fd2a09f4","efd497f5-8ba1-4dd5-bcea-20a21ad4b890","Market Yard Corner","18.4792","73.8581","VIT College","18.4635","73.8682","1","COMPLETED","","","12","3132","2026-09-19T00:15:00.000Z","2026-09-20T23:30:00.000Z"
"86e593f9-9ce9-4cb1-b3bd-45d6260d800a","04f91d61-b13b-4d4c-9c9c-e6b2cef78c12","30545805-3fe4-4f18-a8a2-8dccf5ff02fd","VIT College","18.4635","73.8682","Shankar Maharaj Math","18.4735","73.8579","1","CANCELLED","I will wait at the hub","","24","3133","2026-09-20T04:00:00.000Z","2026-09-20T21:30:00.000Z"
"be68117c-3ae9-485d-9672-0cdd30a10fac","8ab28b94-da4a-47a7-856e-bb3f911a092f","0ab4c678-1df8-414b-9f8b-66facfcdbc01","Chintamani Nagar","18.4651","73.864","VIT College","18.4635","73.8682","1","PENDING","I will wait at the hub","","24","3134","2026-09-19T12:15:00.000Z","2026-09-20T22:30:00.000Z"
"cb7c120a-6404-45d2-9a7f-bebd15ebc29d","e9d984c5-4020-4da0-80d0-e3c032d9fb7a","0be154a0-2b93-4226-ac8a-ca86dcf33409","VIT College","18.4635","73.8682","Bharati Vidyapeeth","18.456","73.8574","1","PENDING","I will wait at the hub","","51","3135","2026-09-21T09:00:00.000Z","2026-09-21T06:30:00.000Z"
"37e3ba47-73f8-4766-9753-2d94c8b25183","28fd002f-07f7-4e68-9dad-d29d9248e218","8c232265-ccb7-492a-b875-50ee8bc45208","Swargate PMPML Main Bus Stand","18.4991","73.8583","VIT College","18.4635","73.8682","1","CANCELLED","Please confirm pickup","","26","3136","2026-09-22T08:15:00.000Z","2026-09-20T18:30:00.000Z"
"85dadea2-b8ff-48c8-91cf-041d9ae30fc0","713cddf2-c3b7-4289-8da9-84c9aec1d256","cb1a579d-c56d-40e0-b768-2d2229dc4a47","VIT College","18.4635","73.8682","Katraj Terminal","18.4471","73.8562","1","PENDING","I will wait at the hub","","46","3137","2026-09-23T10:00:00.000Z","2026-09-20T15:30:00.000Z"
"c3fad8f4-762c-4ca7-860c-9093eb17558d","994d541c-a0d6-4253-adf5-dee93277ee0d","4bc51cf7-3d71-496c-b2e9-01f1fd8c725a","Laxmi Narayan Theatre","18.4965","73.8584","VIT College","18.4635","73.8682","1","CANCELLED","Please confirm pickup","","4","3138","2026-09-22T12:15:00.000Z","2026-09-20T10:30:00.000Z"
"1f500c69-b0c3-430a-b84d-041f7ca1e5c7","97c6b31c-5466-45f4-874b-ec58b23010e4","87c9b6ae-2c7c-4de8-9450-1bd9d4cd713c","VIT College","18.4635","73.8682","Upper Indira Nagar Bus Depot","18.4682","73.8623","1","REJECTED","I will wait at the hub","No seats available","21","3139","2026-09-25T07:00:00.000Z","2026-09-20T20:30:00.000Z"
"98748d6d-5d37-4ea9-a010-3a0acda4afde","c6b6ec8c-fa82-4bc7-811e-2d6a2e654539","4cc1b8ef-4224-4c25-a72f-a96bb3963a45","Market Yard Corner","18.4792","73.8581","VIT College","18.4635","73.8682","1","REJECTED","Please confirm pickup","No seats available","28","3140","2026-09-26T22:15:00.000Z","2026-09-20T17:30:00.000Z"
"ca2c27c4-ea7b-46f9-975d-01b93df1341a","ea4686ae-04a6-4e3c-bf15-6aad0dee5c58","d2298097-598d-4264-8db3-a0e927ab6ed1","VIT College","18.4635","73.8682","Balaji Nagar BRTS","18.4628","73.8577","1","COMPLETED","","","70","3141","2026-09-25T14:00:00.000Z","2026-09-20T12:30:00.000Z"
"52db1abb-0f3a-4312-8d99-10d379d66a62","5a2df2dd-cc6c-4a73-b584-fd67715f78e0","856c5003-10e0-491c-b001-245c65a8fb4b","Swargate PMPML Main Bus Stand","18.4991","73.8583","VIT College","18.4635","73.8682","1","CANCELLED","I will wait at the hub","","16","3142","2026-09-28T00:15:00.000Z","2026-09-20T15:30:00.000Z"
"e2cb0e1e-0bff-4ed3-8ddb-37e561f05b69","b706d681-5745-448b-a469-ef6a7454950f","613365a0-56e0-41a2-a7c9-48b35ec746a1","VIT College","18.4635","73.8682","Lower Indira Nagar Stop","18.4718","73.8618","1","ACCEPTED","I will wait at the hub","","69","3143","2026-09-28T01:00:00.000Z","2026-09-20T11:30:00.000Z"
"ac5dbee8-b0bd-4397-a1cd-8ac67a607d27","4b43287c-b8d6-4144-801f-8fc738d1f660","ce3592dc-d951-4134-a2cd-52dbc233a3f4","Chintamani Nagar","18.4651","73.864","VIT College","18.4635","73.8682","1","REJECTED","I will wait at the hub","No seats available","9","3144","2026-10-01T00:15:00.000Z","2026-09-21T01:30:00.000Z"
"2a32b530-9347-452f-be42-ad3ed80e7e15","2663d3af-98fe-4997-a9a5-c2079a3eb8e3","a6724b4c-1f36-4019-9072-772bbdeeca30","VIT College","18.4635","73.8682","Shankar Maharaj Math","18.4735","73.8579","1","CANCELLED","Please confirm pickup","","16","3145","2026-10-01T22:00:00.000Z","2026-09-21T00:30:00.000Z"
"f48930a8-03e1-43d4-ae20-609f4fd932a0","60c3d7e5-9d4d-4553-87ac-9b1142f3ef9f","2d02ada0-aefc-4d76-9f2f-c57bee3201ac","Kashinath Patil Nagar Stop","18.4745","73.8631","VIT College","18.4635","73.8682","1","REJECTED","I will wait at the hub","No seats available","7","3146","2026-10-02T23:15:00.000Z","2026-09-20T19:30:00.000Z"
"021be22c-851d-4d34-899f-425849e10e28","ed757b00-7bf5-43f0-a726-ba6bc7a83108","81dfda4a-3ec9-4eae-a7f1-0692e03bb1d0","VIT College","18.4635","73.8682","Balaji Nagar BRTS","18.4628","73.8577","1","REJECTED","I will wait at the hub","No seats available","4","3147","2026-10-04T09:00:00.000Z","2026-09-20T13:30:00.000Z"
"2d74cbad-7ece-4a34-ae86-8a64e1b83327","abd4cbef-dd87-4896-8b4d-0e1f2563b91f","71cd4f7b-3e01-44d7-9657-d28c4544f992","Lower Indira Nagar Stop","18.4718","73.8618","VIT College","18.4635","73.8682","1","CANCELLED","I will wait at the hub","","16","3148","2026-10-04T14:15:00.000Z","2026-09-20T11:30:00.000Z"
"2c976457-9213-45d2-aa84-502b89844e71","07b55c01-5682-4721-8b66-2b08d0c5c419","29bb8b65-a83a-4f6b-b7c4-0a86fd9b82a1","VIT College","18.4635","73.8682","Shankar Maharaj Math","18.4735","73.8579","1","CANCELLED","I will wait at the hub","","3","3149","2026-10-05T07:00:00.000Z","2026-09-20T21:30:00.000Z"
"9d5c8702-c1ef-4d8c-8a3d-4593a85e899e","6b14a4fc-2f9f-4e6e-b23d-4e2689cc7ef0","db6d13c6-50ea-4ee7-98cb-daab8b877783","City Pride BRTS","18.4845","73.8583","VIT College","18.4635","73.8682","1","REJECTED","","No seats available","11","3150","2026-10-04T05:15:00.000Z","2026-09-20T12:30:00.000Z"
"87a2140c-df32-4a81-ab1d-182f799b0615","c982b386-100e-4b39-9d32-15aa2528aadb","ada304c3-1114-48bb-bacb-69446eecee2a","VIT College","18.4635","73.8682","Kashinath Patil Nagar Stop","18.4745","73.8631","1","COMPLETED","","","26","3151","2026-10-06T11:00:00.000Z","2026-09-21T03:30:00.000Z"
"94a0a7ab-7993-4f49-84db-548bf052f59f","8d0dd793-8e37-43a1-bac8-aa697bd633ce","3857e3b0-5efa-484e-a045-2777f41b2610","Swargate BRTS Stop","18.4982","73.8588","VIT College","18.4635","73.8682","1","CANCELLED","I will wait at the hub","","58","3152","2026-10-08T22:15:00.000Z","2026-09-20T11:30:00.000Z"
"28a23f5d-e4e3-4f22-a8c3-c11d7b214966","61f52e72-52a3-4b0e-b0a2-2ea7ccf1e263","24be40cc-fd8a-4efb-95f0-6ec1a107c563","VIT College","18.4635","73.8682","Balaji Nagar BRTS","18.4628","73.8577","1","COMPLETED","Please confirm pickup","","20","3153","2026-10-09T23:00:00.000Z","2026-09-20T14:30:00.000Z"
"61b38980-81c5-4b2a-b1b4-3cffc693a3ee","8b3cee6b-4a19-4c8d-b82f-21d325d81f9b","6aa130d0-4c4b-48c2-bc80-80079a81385f","Bibwewadi Bus Stop","18.4792","73.8615","VIT College","18.4635","73.8682","1","REJECTED","I will wait at the hub","No seats available","17","3154","2026-10-10T08:15:00.000Z","2026-09-20T14:30:00.000Z"
"4a2d07ca-9da5-40c2-bb6b-82c16eecc663","60e51d1c-4db6-41cc-a466-d71fa743e3a1","998a2999-5be3-435d-8015-2a973a6e97cc","VIT College","18.4635","73.8682","Market Yard Corner","18.4792","73.8581","1","ACCEPTED","I will wait at the hub","","26","3155","2026-10-10T21:00:00.000Z","2026-09-21T00:30:00.000Z"
"71a12d09-96df-4de4-8878-89ec938b8d52","e1833241-4414-40fa-b50b-490641907094","5d577020-68d2-4a61-b36d-861bf1486666","Lower Indira Nagar Stop","18.4718","73.8618","VIT College","18.4635","73.8682","1","PENDING","I will wait at the hub","","23","3156","2026-10-10T10:15:00.000Z","2026-09-20T13:30:00.000Z"
"ba750875-78a7-4eec-b209-bf317833e3e9","3ac9de7e-bec1-42f7-8fa9-65df107e439c","c4023d4b-7895-4d6b-ba0a-7cbce21340b7","VIT College","18.4635","73.8682","KK Market BRTS","18.4683","73.8579","1","PENDING","I will wait at the hub","","15","3157","2026-10-13T12:00:00.000Z","2026-09-20T21:30:00.000Z"
"8833f3ab-088a-4cdc-8f9f-44ccf20b56fd","e18ffa39-51b9-4c89-87c6-2375d3dfec8a","e163653a-9bbe-4e9d-81ab-acf5fb7c4166","Laxmi Narayan Theatre","18.4965","73.8584","VIT College","18.4635","73.8682","1","CANCELLED","","","31","3158","2026-10-14T13:15:00.000Z","2026-09-20T16:30:00.000Z"
"d03c2b18-edf6-4896-8e2a-48ef0643b09a","ebf383f1-6041-477c-8b39-eb74e9f66ff1","b3224a72-ff85-487a-a6c9-b6a1e3beb8dc","VIT College","18.4635","73.8682","Katraj Dairy BRTS","18.4508","73.8569","1","COMPLETED","Please confirm pickup","","21","3159","2026-10-14T09:00:00.000Z","2026-09-20T16:30:00.000Z"
"5ea2786e-b9c6-4b04-b243-97494a9c0bf7","d54bc263-6d96-4e23-9154-7242e74a758b","d4a58744-1f9c-4554-9321-1fd9d20b1035","Kashinath Patil Nagar Stop","18.4745","73.8631","VIT College","18.4635","73.8682","1","CANCELLED","","","8","3160","2026-10-15T11:15:00.000Z","2026-09-20T20:30:00.000Z"
"1f1cfba8-fc8a-4390-8624-db6dc2e21d2e","dae7abf9-1dea-47a8-a3e3-3baccf480ef5","917b003b-c912-4ed9-afb7-f7eba33fcb14","VIT College","18.4635","73.8682","Market Yard Corner","18.4792","73.8581","1","PENDING","I will wait at the hub","","11","3161","2026-10-18T11:00:00.000Z","2026-09-21T01:30:00.000Z"
"336dbb4b-232c-4b3c-926a-8e28788d8883","8f6f07bc-40b3-4d20-ad36-f204245382be","08fe57ab-1152-4527-a359-68c4e78e68d5","Swargate PMPML Main Bus Stand","18.4991","73.8583","VIT College","18.4635","73.8682","1","REJECTED","","No seats available","41","3162","2026-10-18T11:15:00.000Z","2026-09-21T05:30:00.000Z"
"d44eb5f3-9733-4e2b-b5b1-2f71e7f51259","9332f881-ccfc-4094-9dc8-c4d5cd07b1b1","984e14a4-a27e-416c-9397-0cf2fb53101f","VIT College","18.4635","73.8682","Balaji Nagar BRTS","18.4628","73.8577","1","CANCELLED","Please confirm pickup","","19","3163","2026-10-18T15:00:00.000Z","2026-09-20T13:30:00.000Z"
"4bb56673-31de-487d-b5c0-182d723170ff","ba1e12e2-9eb9-4b6c-a607-fc906828f215","0c422408-fcb3-49ec-919b-15b6c943586f","Kashinath Patil Nagar Stop","18.4745","73.8631","VIT College","18.4635","73.8682","1","REJECTED","I will wait at the hub","No seats available","0","3164","2026-10-19T06:15:00.000Z","2026-09-20T13:30:00.000Z"
"e9002e2c-514f-460f-9e05-07bd881e5226","e15c187d-7956-4a3e-9360-b632c088ec79","b1b24393-ed6c-4074-a261-01b7aa240011","VIT College","18.4635","73.8682","Shankar Maharaj Math","18.4735","73.8579","1","ACCEPTED","I will wait at the hub","","32","3165","2026-10-20T08:00:00.000Z","2026-09-20T23:30:00.000Z"
"a7923c99-1d32-4189-b68a-1dcf4250e8c2","0c045a71-d9cc-43be-9b09-97b1a3968080","ff933861-ecae-470a-9ee4-3663e749fdbc","Bibwewadi Bus Stop","18.4792","73.8615","VIT College","18.4635","73.8682","1","CANCELLED","I will wait at the hub","","1","3166","2026-10-22T20:15:00.000Z","2026-09-20T20:30:00.000Z"
"562be1a1-0d1e-47ea-a7a7-78d939fa33b9","1b8626db-a68f-476b-bda8-b29605dcd776","15ef891e-746f-4219-8638-297ada541a3a","VIT College","18.4635","73.8682","Katraj Terminal","18.4471","73.8562","1","ACCEPTED","","","22","3167","2026-10-24T01:00:00.000Z","2026-09-21T05:30:00.000Z"
"ad8c61ef-f6f8-42e0-b990-83e56a050c6c","f41ffac4-95e0-499c-9b01-ae2b4bc42c21","e1b6b10d-5653-452d-a57d-24e8752b2f52","Kashinath Patil Nagar Stop","18.4745","73.8631","VIT College","18.4635","73.8682","1","ACCEPTED","","","45","3168","2026-10-23T16:15:00.000Z","2026-09-20T16:30:00.000Z"
"68218ef6-6cfb-4956-8763-4b47f3dd20ef","d6ebd3f4-914a-4517-9eef-f1d87a4c2492","9beabcea-410e-43e0-9c0e-c32f2476c785","VIT College","18.4635","73.8682","Upper Indira Nagar Bus Depot","18.4682","73.8623","1","REJECTED","I will wait at the hub","No seats available","18","3169","2026-10-25T07:00:00.000Z","2026-09-21T04:30:00.000Z"
"fa2dc58d-620a-43ce-be12-1012258c8a0f","48e9d49e-e4c1-48af-887f-45f8af95b056","2cb66b98-63d0-4a21-a9ed-c884d238b71c","Upper Indira Nagar Bus Depot","18.4682","73.8623","VIT College","18.4635","73.8682","1","COMPLETED","","","66","3170","2026-10-24T12:15:00.000Z","2026-09-21T01:30:00.000Z"
"5f83df3a-212b-46a6-94fe-bfb7ed8c549d","fde6ff47-b7a0-4c75-9ca8-424f0aea8b8a","d022c9ae-ee6b-4085-b2c1-11a5c9e6c784","VIT College","18.4635","73.8682","Upper Indira Nagar Bus Depot","18.4682","73.8623","1","REJECTED","","No seats available","57","3171","2026-10-26T17:00:00.000Z","2026-09-21T01:30:00.000Z"
"b9e1d6b9-844f-4a1c-a9c3-e38fea7170e1","973aa5ca-1a17-4a55-bc64-48aa4f3d91d9","7cbb830b-c6bc-4fec-a09b-14b8c825bef8","Market Yard Corner","18.4792","73.8581","VIT College","18.4635","73.8682","1","REJECTED","I will wait at the hub","No seats available","10","3172","2026-10-27T22:15:00.000Z","2026-09-20T20:30:00.000Z"
"5cb43901-cd13-4597-99cc-8ed64a91644f","e5ab4d78-27aa-4a41-9db3-993370985546","523365f0-54d7-48ce-b828-50e1b0a2737e","VIT College","18.4635","73.8682","Balaji Nagar BRTS","18.4628","73.8577","1","CANCELLED","I will wait at the hub","","72","3173","2026-10-28T23:00:00.000Z","2026-09-20T12:30:00.000Z"
"51120ae2-c68b-49ee-bd4d-8bc15dde2327","a9e80342-6cec-42ba-b981-0e229d2d5046","1386d7bb-79eb-4e36-b78d-7ac74357b589","Panchami BRTS","18.4902","73.8586","VIT College","18.4635","73.8682","1","PENDING","","","66","3174","2026-10-31T00:15:00.000Z","2026-09-21T02:30:00.000Z"
"e1fb1ab3-2810-4c4b-86f5-9ab4ffa777a7","acf93cf4-9e54-4569-887d-4289bedf6b9c","bf4c6c59-6b96-40c9-9575-8528b27b985c","VIT College","18.4635","73.8682","Shankar Maharaj Math","18.4735","73.8579","1","PENDING","I will wait at the hub","","19","3175","2026-10-30T02:00:00.000Z","2026-09-20T17:30:00.000Z"
"3a426208-edf9-42b2-8fea-767d39ebb6b3","e8667c4f-2d5f-42ec-8e58-87839a8d1747","b5e29269-7643-45b9-ac7a-a2ccd2b93983","Upper Indira Nagar Bus Depot","18.4682","73.8623","VIT College","18.4635","73.8682","1","REJECTED","Please confirm pickup","No seats available","22","3176","2026-10-31T10:15:00.000Z","2026-09-21T00:30:00.000Z"
"d715a048-1346-42cc-ac84-0670d33d655a","dc4f1378-fa9d-491f-989b-2adebf496cbc","0d570a75-885b-4a1d-a33c-3705d1a1e89a","VIT College","18.4635","73.8682","Balaji Nagar BRTS","18.4628","73.8577","1","REJECTED","","No seats available","10","3177","2026-11-03T07:00:00.000Z","2026-09-20T12:30:00.000Z"
"bb185b5e-2700-435a-b924-a153e17ef47d","99f441eb-bb0f-43c9-9137-0a1796ac06ca","91bce675-58bc-4bd2-b962-52dc6f401671","Lower Indira Nagar Stop","18.4718","73.8618","VIT College","18.4635","73.8682","1","REJECTED","Please confirm pickup","No seats available","25","3178","2026-11-02T15:15:00.000Z","2026-09-20T17:30:00.000Z"
"e2e27b32-876a-44d6-a8de-59db9f0d6327","3ef932f8-9b79-48ff-abbc-2273cdb6085b","edb3c65f-3d50-40e9-9a77-b8be3c596e3d","VIT College","18.4635","73.8682","Shankar Maharaj Math","18.4735","73.8579","1","PENDING","Please confirm pickup","","2","3179","2026-11-04T20:00:00.000Z","2026-09-20T12:30:00.000Z"
"b0fc877c-aadd-40c9-982d-443c3a3b3fd0","7f6f7c81-be98-40f5-aa11-509328ce383f","36032724-576b-47c8-a7f3-a44c9abca1ae","City Pride BRTS","18.4845","73.8583","VIT College","18.4635","73.8682","1","COMPLETED","","","23","3180","2026-08-07T18:15:00.000Z","2026-09-21T00:30:00.000Z"
"b30c734b-23f8-41b4-a70d-86f1dd46d56d","214b642e-0f38-471f-a2f5-2ef1c70c23dc","d52bd72b-f975-4a9d-a394-ead49b80912b","VIT College","18.4635","73.8682","Katraj Dairy BRTS","18.4508","73.8569","1","COMPLETED","I will wait at the hub","","75","3181","2026-08-07T09:00:00.000Z","2026-09-20T10:30:00.000Z"
"acd68ecb-593d-40a8-96d1-97556b595566","892e5adb-bb66-43ba-b497-55611d3ffa6e","2611b03a-dd3f-4f47-9599-e17430f77e92","Panchami BRTS","18.4902","73.8586","VIT College","18.4635","73.8682","1","ACCEPTED","I will wait at the hub","","54","3182","2026-08-08T03:15:00.000Z","2026-09-21T06:30:00.000Z"
"488ff5d4-9532-4a08-961c-9656d13c81b0","f8b3b161-489a-47e1-97f1-0478054aa733","fe0b23a7-80b0-4776-aec0-0e53d369acc1","VIT College","18.4635","73.8682","Katraj Terminal","18.4471","73.8562","1","CANCELLED","Please confirm pickup","","71","3183","2026-08-08T15:00:00.000Z","2026-09-20T21:30:00.000Z"
"52781e33-f0d8-4e82-b11e-8aca32e274d8","ab7c2a2d-d1ea-446d-bdd8-99f2f29b6db6","8db40dff-f7cd-4508-9c85-9ffd35177784","Laxmi Narayan Theatre","18.4965","73.8584","VIT College","18.4635","73.8682","1","REJECTED","I will wait at the hub","No seats available","30","3184","2026-08-11T04:15:00.000Z","2026-09-20T10:30:00.000Z"
"95ac9f86-b4f3-4f13-94e0-9a39ab7dc7d8","2436d6b5-ff6c-4acd-a0a3-cb8dee6af77e","18da61b6-4b5b-4090-ae04-48fad27b6a3d","VIT College","18.4635","73.8682","Market Yard Corner","18.4792","73.8581","1","CANCELLED","I will wait at the hub","","6","3185","2026-08-11T06:00:00.000Z","2026-09-20T22:30:00.000Z"
"290da912-c4d0-48a3-b841-382409b074f3","c9abd69a-95fb-4047-88aa-1a4f0b89e684","5b1a8339-482f-4cfd-adca-c91175dce9e8","Swargate PMPML Main Bus Stand","18.4991","73.8583","VIT College","18.4635","73.8682","1","PENDING","","","35","3186","2026-08-12T11:15:00.000Z","2026-09-20T12:30:00.000Z"
"01121bfd-92d7-4075-9216-66eef694d5f8","02a9338d-3033-411e-9890-d4215b1f489e","71828ca0-ebd4-4211-ba24-a16f7159e15d","VIT College","18.4635","73.8682","Upper Indira Nagar Bus Depot","18.4682","73.8623","1","PENDING","I will wait at the hub","","4","3187","2026-08-13T01:00:00.000Z","2026-09-20T12:30:00.000Z"
"772ebdf2-202d-4840-b401-61c3278790f7","843d409e-ee28-4db1-8b51-6f0676ff96f8","52467296-cc1a-4959-869c-83e18fa9c89e","Panchami BRTS","18.4902","73.8586","VIT College","18.4635","73.8682","1","CANCELLED","Please confirm pickup","","3","3188","2026-08-14T20:15:00.000Z","2026-09-20T17:30:00.000Z"
"4a19c639-1544-4c87-8ca9-71df527e9f08","5dd3314d-5acc-49a3-b1f7-a4223ac2c922","53476aa4-9daa-46aa-9332-69d4a4566a3d","VIT College","18.4635","73.8682","Kashinath Patil Nagar Stop","18.4745","73.8631","1","REJECTED","","No seats available","17","3189","2026-08-16T15:00:00.000Z","2026-09-20T16:30:00.000Z"
"d01bd418-7598-4860-8518-733454db1bbd","dab37055-85ba-475d-b0f7-35641b127e7e","219ae89a-62d9-41de-a1e7-1597cd661ca8","Kashinath Patil Nagar Stop","18.4745","73.8631","VIT College","18.4635","73.8682","1","COMPLETED","Please confirm pickup","","11","3190","2026-08-15T14:15:00.000Z","2026-09-20T17:30:00.000Z"
"09c59ce0-efc4-4781-b034-71b09f022cb2","88d1d342-cfe3-469a-b549-4361d99d2379","97169492-6066-4681-a1f9-9a132e78bbd1","VIT College","18.4635","73.8682","Lower Indira Nagar Stop","18.4718","73.8618","1","COMPLETED","","","17","3191","2026-08-18T06:00:00.000Z","2026-09-21T02:30:00.000Z"
"4392931b-bffd-403b-95db-dd6adbe0f6a0","03036283-52a2-43ac-8f47-2960e7def183","2e418ffb-eadd-4fa8-bcec-343dbb54e803","Upper Indira Nagar Bus Depot","18.4682","73.8623","VIT College","18.4635","73.8682","1","REJECTED","","No seats available","16","3192","2026-08-17T04:15:00.000Z","2026-09-20T23:30:00.000Z"
"9d280c09-22df-4494-9fca-020e22c8bc60","ead236c5-2b28-4552-9ef6-7359bc6cebe2","4aeb0ba0-1769-494f-8568-1d022bba57f2","VIT College","18.4635","73.8682","KK Market BRTS","18.4683","73.8579","1","REJECTED","Please confirm pickup","No seats available","19","3193","2026-08-20T22:00:00.000Z","2026-09-20T19:30:00.000Z"
"7a7de834-edfe-47b6-a9e8-d533f90622c2","985b307c-1207-41da-bd03-297623770ad0","67279c91-e351-4505-a0ca-11fce52988a2","Laxmi Narayan Theatre","18.4965","73.8584","VIT College","18.4635","73.8682","1","REJECTED","I will wait at the hub","No seats available","8","3194","2026-08-19T13:15:00.000Z","2026-09-21T01:30:00.000Z"
"58424330-02d9-4b6f-afe5-d2ebc57bb59e","e85c32ab-28e2-49d3-b6b5-8164b3e2d9b1","3abf2f35-867e-4d12-a3c6-7fad053953bd","VIT College","18.4635","73.8682","Kashinath Patil Nagar Stop","18.4745","73.8631","1","REJECTED","I will wait at the hub","No seats available","36","3195","2026-08-22T22:00:00.000Z","2026-09-21T04:30:00.000Z"
"27957ac7-7a12-4b3d-a132-f8da8a4d1def","c37d81f7-cada-4bb7-96c0-550745d2d5c2","0c83d7c7-d302-4b47-8f0b-a78f47b02764","Kashinath Patil Nagar Stop","18.4745","73.8631","VIT College","18.4635","73.8682","1","REJECTED","I will wait at the hub","No seats available","70","3196","2026-08-22T00:15:00.000Z","2026-09-20T13:30:00.000Z"
"40f24054-4164-44fb-95d8-8808b3ba67aa","e72019a5-1885-454c-ae6a-1db99599b533","689f14ae-a33d-4e68-bcf5-198a44130c16","VIT College","18.4635","73.8682","Chintamani Nagar","18.4651","73.864","1","PENDING","I will wait at the hub","","19","3197","2026-08-24T17:00:00.000Z","2026-09-20T22:30:00.000Z"
"d039fc4c-ac43-4f0b-b678-cd730b225d86","4129545e-a9da-496b-8833-fe612ba9d51d","6749e4f8-e2cb-4c58-93fc-57494a89bdad","Laxmi Narayan Theatre","18.4965","73.8584","VIT College","18.4635","73.8682","1","PENDING","Please confirm pickup","","33","3198","2026-08-23T23:15:00.000Z","2026-09-21T01:30:00.000Z"
"c6d6bd87-401c-4bb3-8bd7-f682e98db181","851a8b7d-f37d-4d07-9a56-8af7bdfa64a6","c483836d-7edf-44cf-a968-8b0306198075","VIT College","18.4635","73.8682","Balaji Nagar BRTS","18.4628","73.8577","1","PENDING","Please confirm pickup","","5","3199","2026-08-26T00:00:00.000Z","2026-09-20T23:30:00.000Z"
"409c1035-e70f-4696-b3b5-06234dbd993f","7c840af6-4171-4bcd-bcfb-daf55b13aa67","12ddd1f5-2725-4446-9809-0de923c60573","Kashinath Patil Nagar Stop","18.4745","73.8631","VIT College","18.4635","73.8682","1","CANCELLED","I will wait at the hub","","4","3200","2026-08-26T06:15:00.000Z","2026-09-21T05:30:00.000Z"
"baeb5788-7a02-41fd-81bb-f94fe7c23ad0","0b37b0e9-5d02-4741-96d2-c7256cb5a0c5","8f953396-84b2-41a6-a56b-cbfd7dc18157","VIT College","18.4635","73.8682","Katraj Terminal","18.4471","73.8562","1","REJECTED","I will wait at the hub","No seats available","3","3201","2026-08-28T23:00:00.000Z","2026-09-20T19:30:00.000Z"
"bbf30318-2c39-43ee-be1b-1906373eb64a","b2ad7e38-3eaf-4e1f-bd3a-207f163f0991","cfec5b2a-0d9d-4378-b72b-26a6872f2b3a","Upper Indira Nagar Bus Depot","18.4682","73.8623","VIT College","18.4635","73.8682","1","REJECTED","","No seats available","30","3202","2026-08-28T22:15:00.000Z","2026-09-20T22:30:00.000Z"
"9471aa3f-069a-481b-91ab-b6937fd9421e","282d040b-e458-4f43-87ce-6e90e60a984e","1f4600a9-443c-419b-9d1a-685629408e0a","VIT College","18.4635","73.8682","Katraj Terminal","18.4471","73.8562","1","CANCELLED","Please confirm pickup","","14","3203","2026-08-29T11:00:00.000Z","2026-09-21T05:30:00.000Z"
"d5911f3b-b2d9-483b-99f6-079f9a187489","dfec08f0-d98e-4253-9921-8a8d2f0a104f","f293731d-64c9-4dc8-a30d-f5172ef2ce1e","Market Yard Corner","18.4792","73.8581","VIT College","18.4635","73.8682","1","ACCEPTED","Please confirm pickup","","24","3204","2026-08-31T18:15:00.000Z","2026-09-21T00:30:00.000Z"
"99d63b18-ef9a-4ece-b86d-dba8358c0e2c","4793818c-9038-444e-9a31-d8ccf26be3c5","229ca7a7-5513-4f42-9ef4-2390c8285215","VIT College","18.4635","73.8682","Upper Indira Nagar Bus Depot","18.4682","73.8623","1","REJECTED","","No seats available","21","3205","2026-08-31T13:00:00.000Z","2026-09-20T18:30:00.000Z"
"cd8f1b06-9161-4d22-8be0-a0579e5d3c93","93f7539a-51b9-4ec8-a0d5-6e9b125e2c9d","d10309b4-cd0a-44fb-b502-63090cb23495","Panchami BRTS","18.4902","73.8586","VIT College","18.4635","73.8682","1","REJECTED","I will wait at the hub","No seats available","56","3206","2026-08-31T22:15:00.000Z","2026-09-20T19:30:00.000Z"
"83f681f9-0341-47ca-8c3c-a01da4756eba","a779d34a-da11-45ce-b862-8cb194d96518","59fd1ae0-7135-47e3-b51b-37d92557542d","VIT College","18.4635","73.8682","Bharati Vidyapeeth","18.456","73.8574","1","REJECTED","Please confirm pickup","No seats available","17","3207","2026-09-04T07:00:00.000Z","2026-09-21T06:30:00.000Z"
"06e569cc-fc96-4110-b1b9-c6e91c2888b5","630d16a7-18c7-422e-b6ef-712ff998edf2","05e3c6c3-c662-4d71-a22e-2f6abe452e90","Market Yard Corner","18.4792","73.8581","VIT College","18.4635","73.8682","1","PENDING","Please confirm pickup","","14","3208","2026-09-05T01:15:00.000Z","2026-09-20T16:30:00.000Z"
"444a5b52-c987-4087-a6fe-74473bcbf1e7","0760b464-4565-493d-a922-94ca9e91fc6e","fd0ae9bd-2b4a-4bdb-b003-728318b36973","VIT College","18.4635","73.8682","Lower Indira Nagar Stop","18.4718","73.8618","1","REJECTED","Please confirm pickup","No seats available","16","3209","2026-09-05T02:00:00.000Z","2026-09-20T15:30:00.000Z"
"0d188da6-b98c-4755-ad81-800d4c22c80c","86d85086-7769-434c-94ed-99cb9e53e17f","3f9fca15-c0f0-4b4b-b617-dfdcac65c8ed","Market Yard Corner","18.4792","73.8581","VIT College","18.4635","73.8682","1","REJECTED","Please confirm pickup","No seats available","24","3210","2026-09-05T13:15:00.000Z","2026-09-20T22:30:00.000Z"
"1ac5c358-e01e-408a-8d33-56db32db9144","42d0dc10-3ea3-455f-b23d-3388179c0489","4edeb0bf-7259-4a78-a36d-e652c8861873","VIT College","18.4635","73.8682","Bharati Vidyapeeth","18.456","73.8574","1","PENDING","Please confirm pickup","","30","3211","2026-09-08T02:00:00.000Z","2026-09-20T10:30:00.000Z"
"92135fa5-47b4-4202-a587-2fe531e7efb1","6a6e2627-f884-4cca-8c1d-82b75cc700a8","bffb4bf3-10a3-4ff1-bb55-ffc7725007e9","City Pride BRTS","18.4845","73.8583","VIT College","18.4635","73.8682","1","CANCELLED","I will wait at the hub","","38","3212","2026-09-07T07:15:00.000Z","2026-09-21T02:30:00.000Z"
"e6dfdd07-c66a-4a8b-b304-b1fae44b2c06","83792133-906a-4a54-925e-9cf2ffbbd04c","0195616c-ec89-4a4d-8990-b9d0d41435fa","VIT College","18.4635","73.8682","Shankar Maharaj Math","18.4735","73.8579","1","REJECTED","Please confirm pickup","No seats available","55","3213","2026-09-08T23:00:00.000Z","2026-09-21T06:30:00.000Z"
"9f0f5ada-bb0b-4e85-be87-1895dfadf3d0","d565f92d-9cc8-45c7-8ae3-6c26ad5485ce","1137a11d-2e66-45ed-b840-8d12e6722bfa","Swargate PMPML Main Bus Stand","18.4991","73.8583","VIT College","18.4635","73.8682","1","REJECTED","I will wait at the hub","No seats available","12","3214","2026-09-09T10:15:00.000Z","2026-09-20T20:30:00.000Z"
"9844157d-fc56-4cb3-bce2-3771c047900f","32064162-b31e-4d34-8d16-0b054cd4c9f3","8005e16b-eaf8-45be-b4d8-a5fcd5431201","VIT College","18.4635","73.8682","Chintamani Nagar","18.4651","73.864","1","REJECTED","I will wait at the hub","No seats available","3","3215","2026-09-11T01:00:00.000Z","2026-09-21T06:30:00.000Z"
"8c08600a-3483-4b0f-a5ef-1dc3c0d95810","1bb0ca9f-7ac2-480a-abe5-64665cad0575","0b95ee62-3f26-4837-bdb3-8120bae0deda","Lower Indira Nagar Stop","18.4718","73.8618","VIT College","18.4635","73.8682","1","REJECTED","I will wait at the hub","No seats available","26","3216","2026-09-10T22:15:00.000Z","2026-09-20T18:30:00.000Z"
"981860e7-cbb1-4dae-9424-0e7614dc5faa","156cd93a-db1d-418b-a796-dc3c5cb50b91","c2483f77-a251-4434-8d94-6a2c53e2d38e","VIT College","18.4635","73.8682","Shankar Maharaj Math","18.4735","73.8579","1","COMPLETED","","","66","3217","2026-09-11T21:00:00.000Z","2026-09-20T16:30:00.000Z"
"425be003-8798-4fcf-824b-61d7651ef6b0","a19cd6f6-71fe-46ad-95dd-c6c8c35314ca","442efbff-6f39-436d-bf7a-2cbb6404a6ed","Laxmi Narayan Theatre","18.4965","73.8584","VIT College","18.4635","73.8682","1","PENDING","","","10","3218","2026-09-12T20:15:00.000Z","2026-09-20T13:30:00.000Z"
"ac2df049-82c4-4f87-be8f-3020e9a39b4c","adea95bf-9fe1-4684-ad59-00188f08489f","687e3195-2599-427f-a4e3-990ead4c2985","VIT College","18.4635","73.8682","Bibwewadi Bus Stop","18.4792","73.8615","1","REJECTED","","No seats available","65","3219","2026-09-13T17:00:00.000Z","2026-09-20T14:30:00.000Z"
"43e08d3a-0690-4659-bcd5-8993ff46713b","4c716616-f7ba-45a6-b4d7-12f375280467","04bfe73e-1142-4d3f-8bbf-57dbee041dd2","Kashinath Patil Nagar Stop","18.4745","73.8631","VIT College","18.4635","73.8682","1","REJECTED","","No seats available","8","3220","2026-09-14T13:15:00.000Z","2026-09-20T12:30:00.000Z"
"be99d0e9-abf0-40a1-9035-3b9b48e7cd41","0dbe9480-abd0-4b2b-8f43-4565b347cd43","856b4feb-c8f1-4731-b41e-d21be114be5d","VIT College","18.4635","73.8682","Kashinath Patil Nagar Stop","18.4745","73.8631","1","COMPLETED","I will wait at the hub","","23","3221","2026-09-15T20:00:00.000Z","2026-09-20T18:30:00.000Z"
"89b46712-2c98-41cf-a66d-f255a474f907","9cc2d8f9-1876-4ae4-98af-98018dcd81af","a2cb33f4-0739-4e42-9665-4bae72ebfb2a","Kashinath Patil Nagar Stop","18.4745","73.8631","VIT College","18.4635","73.8682","1","COMPLETED","Please confirm pickup","","74","3222","2026-09-18T16:15:00.000Z","2026-09-20T16:30:00.000Z"
"927402ba-f058-46c7-a2c4-a2a3f86eb5c8","64d96317-728b-4d23-a13f-6ae10f4f1329","e9ac0d57-c267-41a2-84aa-846e6f118304","VIT College","18.4635","73.8682","Lower Indira Nagar Stop","18.4718","73.8618","1","REJECTED","","No seats available","5","3223","2026-09-18T17:00:00.000Z","2026-09-20T11:30:00.000Z"
"a579fd01-5642-4ba5-b123-951f8aa6277c","315ddd6c-622c-4ebe-a3eb-f9b6ad14e648","fa7fbc07-c93a-4085-a4f5-6f1e0fc83121","Chintamani Nagar","18.4651","73.864","VIT College","18.4635","73.8682","1","REJECTED","Please confirm pickup","No seats available","45","3224","2026-09-20T20:15:00.000Z","2026-09-20T22:30:00.000Z"
"b53cb3e9-ee45-4c2f-9943-301326abc231","7c834078-49c1-4e0a-8841-5baac9295798","40ae73ca-67b2-4b5e-97c1-474a92b2d8d3","VIT College","18.4635","73.8682","Lower Indira Nagar Stop","18.4718","73.8618","1","REJECTED","I will wait at the hub","No seats available","27","3225","2026-09-21T21:00:00.000Z","2026-09-21T02:30:00.000Z"
"cd6eb0f7-c8fd-4939-856c-b873c70fb2ad","798cea49-a3f2-47da-a394-f1df78ffd48b","f03cb019-ecb8-42fc-ad8b-4be7116d9966","Swargate PMPML Main Bus Stand","18.4991","73.8583","VIT College","18.4635","73.8682","1","REJECTED","I will wait at the hub","No seats available","11","3226","2026-09-20T06:15:00.000Z","2026-09-20T17:30:00.000Z"
"f4b0967e-672f-48f8-bd4d-01b062e6ac44","4234d333-5e7a-4777-a843-8cd872cc0bfc","73c6ef3d-a748-4db3-bd54-68c614823c0d","VIT College","18.4635","73.8682","KK Market BRTS","18.4683","73.8579","1","PENDING","I will wait at the hub","","22","3227","2026-09-21T17:00:00.000Z","2026-09-21T03:30:00.000Z"
"5e89e61b-b67d-47ea-8ff7-b350318bc486","a406a9d2-3472-429f-8408-867383a9a8b2","e7cc1cf8-531c-4ba4-ae07-b3b8c7ed12b4","Lower Indira Nagar Stop","18.4718","73.8618","VIT College","18.4635","73.8682","1","PENDING","","","43","3228","2026-09-24T03:15:00.000Z","2026-09-20T21:30:00.000Z"
"0337af43-ddef-4eb0-96fc-83e3bfa6bfc5","7e620c50-e782-40ce-ac1b-b7e8d5025931","2df45663-f8d0-4308-b79d-fd6c1ff852c9","VIT College","18.4635","73.8682","Katraj Dairy BRTS","18.4508","73.8569","1","PENDING","I will wait at the hub","","2","3229","2026-09-23T22:00:00.000Z","2026-09-20T22:30:00.000Z"
"8afe2765-243a-4247-94dd-ba80f7f61f2e","81918c19-9464-4372-9030-04ffda40efb8","8190565d-9fb1-4428-a386-4bb1b2f4fdee","City Pride BRTS","18.4845","73.8583","VIT College","18.4635","73.8682","1","REJECTED","","No seats available","22","3230","2026-09-25T00:15:00.000Z","2026-09-21T05:30:00.000Z"
"dc00cbec-6e3d-4d8d-9115-1e38ede6f9d9","754bfc2b-64ca-4525-b5de-492ae2b6d51f","b13dc47d-8a9c-45eb-9dee-0cc214bf6ab4","VIT College","18.4635","73.8682","Bharati Vidyapeeth","18.456","73.8574","1","REJECTED","","No seats available","22","3231","2026-09-26T02:00:00.000Z","2026-09-20T11:30:00.000Z"
"a5bf7802-6573-4644-9f91-78adbcafcb82","e579d5f0-50ee-4f65-900e-fe3953746e2b","f64e308c-4a0b-433f-bebb-09536f52d5f4","Kashinath Patil Nagar Stop","18.4745","73.8631","VIT College","18.4635","73.8682","1","PENDING","","","17","3232","2026-09-28T12:15:00.000Z","2026-09-20T22:30:00.000Z"
"345535ef-dd32-4f2b-96d0-062b93dfeae9","fc8084d7-fb94-493e-ad46-839c3772664f","aada7730-4500-49e3-9240-e7ca2f69db98","VIT College","18.4635","73.8682","Balaji Nagar BRTS","18.4628","73.8577","1","ACCEPTED","","","68","3233","2026-09-29T14:00:00.000Z","2026-09-21T01:30:00.000Z"
"d71866f8-1fa7-442f-8b85-8324efb2a7ad","baa74fca-c5e2-4b4c-bc70-07c5daf25c80","08cf7a8e-ecd3-4df0-8139-226218b0981a","Panchami BRTS","18.4902","73.8586","VIT College","18.4635","73.8682","1","PENDING","I will wait at the hub","","52","3234","2026-09-30T11:15:00.000Z","2026-09-21T00:30:00.000Z"
"ff782214-7311-4aa1-b55b-e1b95e1a7115","6313d76a-6e12-474b-b22e-51493289f629","26f04940-3483-4462-a324-84a3c523c941","VIT College","18.4635","73.8682","Bibwewadi Bus Stop","18.4792","73.8615","1","REJECTED","","No seats available","29","3235","2026-09-30T21:00:00.000Z","2026-09-20T22:30:00.000Z"
"e46ce5e8-e2df-4d6c-8885-865628f7297f","54a4f39a-97cf-453f-a124-b59b4e6629a1","a78816e2-8aae-4e54-8410-968bc321f082","Chintamani Nagar","18.4651","73.864","VIT College","18.4635","73.8682","1","PENDING","I will wait at the hub","","20","3236","2026-10-02T09:15:00.000Z","2026-09-21T05:30:00.000Z"
"a6ffe733-d175-45c8-b42c-5173946969f0","5053d06e-fd46-4fda-be75-b06eadee4d35","50ca192e-d3dc-40d0-996b-6eea924c44d8","VIT College","18.4635","73.8682","Katraj Terminal","18.4471","73.8562","1","CANCELLED","I will wait at the hub","","21","3237","2026-10-03T00:00:00.000Z","2026-09-20T13:30:00.000Z"
"259454be-a873-4ac1-9dbb-187291068101","a405d83e-943e-4c22-a878-6d593f4ecb07","aa4ac675-15bc-49db-b7fa-84335d28cdc7","Kashinath Patil Nagar Stop","18.4745","73.8631","VIT College","18.4635","73.8682","1","CANCELLED","","","27","3238","2026-10-02T23:15:00.000Z","2026-09-21T04:30:00.000Z"
"fd2c5d98-9913-4ba1-9bea-7525b31f0a13","294c18ad-4603-47a3-b97a-5dd9489da0fc","12e82429-ecad-4a76-bc1b-fddf73c8c117","VIT College","18.4635","73.8682","Balaji Nagar BRTS","18.4628","73.8577","1","REJECTED","","No seats available","17","3239","2026-10-06T11:00:00.000Z","2026-09-21T06:30:00.000Z"
"79b806fa-969a-40cc-9753-500805504a3c","534008bb-bb9d-4d43-a19c-55954eca4d94","a7b7dfcb-b36f-4cfc-abf8-afd48e896a75","Market Yard Corner","18.4792","73.8581","VIT College","18.4635","73.8682","1","CANCELLED","I will wait at the hub","","18","3240","2026-10-04T09:15:00.000Z","2026-09-20T10:30:00.000Z"
"08ad3319-48e3-4b16-831b-60914a0d2a72","8ce4f130-c051-4df3-a29d-391d2149aac5","5468079d-9fdf-4eb9-9b29-ed8a7c650d7c","VIT College","18.4635","73.8682","Kashinath Patil Nagar Stop","18.4745","73.8631","1","PENDING","Please confirm pickup","","25","3241","2026-10-05T12:00:00.000Z","2026-09-21T06:30:00.000Z"
"4d74f500-7178-4a27-beca-039adf30f30c","4c74c905-796e-4af0-a90e-10a8fbd87d68","037ed347-fb73-4043-a8e2-c7edc58d6dac","Bibwewadi Bus Stop","18.4792","73.8615","VIT College","18.4635","73.8682","1","COMPLETED","","","28","3242","2026-10-06T10:15:00.000Z","2026-09-20T14:30:00.000Z"
"f02839f3-b9db-4273-a478-f694545ad2ee","26fbe6a5-a5f4-4bc6-a39c-3e9c413b447f","be4d340c-e4ae-41d8-a1a2-337d84d2bfc1","VIT College","18.4635","73.8682","Balaji Nagar BRTS","18.4628","73.8577","1","REJECTED","","No seats available","20","3243","2026-10-08T11:00:00.000Z","2026-09-20T18:30:00.000Z"
"7fed7a1f-aeb0-48d1-a997-51da45af02f6","6fb95ba1-a6fd-4716-ab7a-245bb3d2b8ef","666980bd-8e4f-4f8c-8b8f-e0c3b08af505","Upper Indira Nagar Bus Depot","18.4682","73.8623","VIT College","18.4635","73.8682","1","REJECTED","Please confirm pickup","No seats available","17","3244","2026-10-09T06:15:00.000Z","2026-09-20T13:30:00.000Z"
"241175d7-8ce3-49e7-a05a-04b3f706fc0b","92f1deee-31f9-435c-92e3-0788db8a5791","fcfaa482-6492-469b-ba42-8abf44531f61","VIT College","18.4635","73.8682","Market Yard Corner","18.4792","73.8581","1","CANCELLED","Please confirm pickup","","14","3245","2026-10-09T17:00:00.000Z","2026-09-20T23:30:00.000Z"
"56acc040-7e7c-4c88-8db4-4227ff3b858a","c4a2525b-0825-4968-85f6-dff63273b533","be4ef771-c8b1-4464-b4f7-41e3ea277c87","Chintamani Nagar","18.4651","73.864","VIT College","18.4635","73.8682","1","COMPLETED","","","23","3246","2026-10-10T07:15:00.000Z","2026-09-20T16:30:00.000Z"
"6b53d979-1a80-4887-a0e6-f68798c5644d","e85f858f-3e89-47d7-b09d-2bdd21c63625","9907b9e1-2eaf-4019-b6c3-d17953880b08","VIT College","18.4635","73.8682","Chintamani Nagar","18.4651","73.864","1","REJECTED","","No seats available","13","3247","2026-10-12T13:00:00.000Z","2026-09-20T13:30:00.000Z"
"af8a5a35-0cab-4145-b39c-ca696e9f6505","b9d2d5c9-7180-4967-80f3-6fb3fe576965","694401c9-b4fa-4309-b22d-16609d61782c","Lower Indira Nagar Stop","18.4718","73.8618","VIT College","18.4635","73.8682","1","ACCEPTED","I will wait at the hub","","53","3248","2026-10-12T14:15:00.000Z","2026-09-20T21:30:00.000Z"
"58b6c7ad-6e9f-455b-935d-014f64ffa29c","dc2c56c2-eb8a-4210-8e60-bcede454c7a4","0da0c5dd-c04a-461b-bdd7-3d9daceaa0ff","VIT College","18.4635","73.8682","Bharati Vidyapeeth","18.456","73.8574","1","REJECTED","","No seats available","8","3249","2026-10-16T00:00:00.000Z","2026-09-20T12:30:00.000Z"
"f89463a0-35be-4b3f-8252-f3fb52d44112","9d994eef-e6f9-4dbb-b1db-39cf4b47f848","8dcbd23c-4a1c-425e-b9e1-56d690d064a1","Panchami BRTS","18.4902","73.8586","VIT College","18.4635","73.8682","1","REJECTED","Please confirm pickup","No seats available","23","3250","2026-10-15T06:15:00.000Z","2026-09-20T22:30:00.000Z"
"05e991d2-daaa-4dfe-b57c-34605113cab7","af797ae8-5cf3-4024-ab53-aef9bc4e8ec7","d4ebe4da-1cf5-41e9-a052-ad2e992e76f1","VIT College","18.4635","73.8682","Balaji Nagar BRTS","18.4628","73.8577","1","PENDING","","","25","3251","2026-10-16T05:00:00.000Z","2026-09-20T21:30:00.000Z"
"8d6b3912-c720-43e8-bb80-065babe8877f","5c77f55a-aaf8-4425-862a-2294834228a2","d731dccd-0e69-472d-8310-13e8f5708fe5","Kashinath Patil Nagar Stop","18.4745","73.8631","VIT College","18.4635","73.8682","1","REJECTED","Please confirm pickup","No seats available","6","3252","2026-10-18T13:15:00.000Z","2026-09-20T15:30:00.000Z"
"5ece8441-21fe-4910-b984-d3a8539fec64","c2c38f5d-0d9e-4585-bac4-525d9033ec76","0c95fe70-a0ca-4d73-8f55-0b0e62001fb9","VIT College","18.4635","73.8682","Bharati Vidyapeeth","18.456","73.8574","1","ACCEPTED","I will wait at the hub","","16","3253","2026-10-19T16:00:00.000Z","2026-09-20T14:30:00.000Z"
"73082253-ab99-4bc5-b9a7-e5b722a7277d","3a7eab18-4ccb-4f40-8d3a-92b7140502e0","e1692737-3062-4352-86d9-10ad597efff1","Market Yard Corner","18.4792","73.8581","VIT College","18.4635","73.8682","1","PENDING","Please confirm pickup","","4","3254","2026-10-20T00:15:00.000Z","2026-09-21T03:30:00.000Z"
"c4ce325f-8e51-47a2-aa19-804043363b2b","3ce5026b-7ab8-40ba-8766-ef2004cc5179","6fc4cb33-0af8-44b4-af29-e2f5e70c3ca5","VIT College","18.4635","73.8682","Katraj Dairy BRTS","18.4508","73.8569","1","PENDING","I will wait at the hub","","10","3255","2026-10-20T14:00:00.000Z","2026-09-20T15:30:00.000Z"
"ab8771cb-d88d-41cd-8a7c-90a716bf7ff3","8435501f-1d0d-44b9-8f9f-d03a191d583d","8d1d180b-18bc-4087-9270-19ce1583e574","Kashinath Patil Nagar Stop","18.4745","73.8631","VIT College","18.4635","73.8682","1","PENDING","I will wait at the hub","","5","3256","2026-10-21T22:15:00.000Z","2026-09-21T04:30:00.000Z"
"c29177c8-a9be-4918-8877-256fdd614997","20492f19-9cf0-4a4b-b9f9-0a047f712444","a8d214fd-de07-4ea1-bae5-557d146f9b27","VIT College","18.4635","73.8682","Katraj Dairy BRTS","18.4508","73.8569","1","PENDING","I will wait at the hub","","78","3257","2026-10-22T12:00:00.000Z","2026-09-20T21:30:00.000Z"
"0c2445a8-090a-4580-9484-b878cceffa86","f353b960-f67d-460d-b194-3900c9230d39","fe668d59-83f5-4167-b303-948c22591f60","Laxmi Narayan Theatre","18.4965","73.8584","VIT College","18.4635","73.8682","1","REJECTED","","No seats available","79","3258","2026-10-24T05:15:00.000Z","2026-09-20T10:30:00.000Z"
"f63f2992-e940-4a3c-9501-d65b952a0f27","e908adf9-8739-455d-a325-21cdee725a50","4eb4654f-b132-4610-b82a-80fd5aa524c0","VIT College","18.4635","73.8682","Katraj Terminal","18.4471","73.8562","1","PENDING","Please confirm pickup","","21","3259","2026-10-24T06:00:00.000Z","2026-09-20T21:30:00.000Z"
"d8a3320f-8a15-4e5b-ab6d-504aa4ccbf09","885d9b68-9f62-4504-b320-cd39df00b196","4ca5fb96-60cc-461f-9950-c00386ae3d0d","Market Yard Corner","18.4792","73.8581","VIT College","18.4635","73.8682","1","CANCELLED","Please confirm pickup","","38","3260","2026-10-25T16:15:00.000Z","2026-09-20T14:30:00.000Z"
"ace80a2f-fb11-4e30-9212-d0d7a4074b03","2882f12e-3f35-4b3b-ad04-f163fe5380b7","f6bd0cb8-14b6-4983-84a7-6090b75c1bf2","VIT College","18.4635","73.8682","Kashinath Patil Nagar Stop","18.4745","73.8631","1","CANCELLED","I will wait at the hub","","64","3261","2026-10-26T14:00:00.000Z","2026-09-21T06:30:00.000Z"
"1ed8d6bd-bba4-4299-b396-5a1e07980249","3a23c523-f2fb-4842-a328-7d147d8d9ca2","89d25526-5e75-4c71-a504-7c0e208f52ae","Chintamani Nagar","18.4651","73.864","VIT College","18.4635","73.8682","1","CANCELLED","I will wait at the hub","","33","3262","2026-10-28T06:15:00.000Z","2026-09-21T01:30:00.000Z"
"061954c0-5937-43ff-a085-4a058d4c3539","f82dfe7d-38e0-4ebc-acc5-6d7288963e93","8bcc5330-6b50-4950-bdbf-e5f3a9b775ee","VIT College","18.4635","73.8682","Upper Indira Nagar Bus Depot","18.4682","73.8623","1","PENDING","I will wait at the hub","","15","3263","2026-10-29T04:00:00.000Z","2026-09-20T15:30:00.000Z"
"b0b86288-22d9-423b-bbe9-18de8c851b89","88007d2e-42ba-4e61-9e3a-f9f344086c3a","1cb6adeb-9163-4fbb-b53f-65f5505df0b2","Swargate PMPML Main Bus Stand","18.4991","73.8583","VIT College","18.4635","73.8682","1","PENDING","I will wait at the hub","","7","3264","2026-10-28T23:15:00.000Z","2026-09-21T03:30:00.000Z"
"938a3851-5eec-4310-899d-0528e3c3aa37","2b488433-1028-4b11-ae93-c76b4784ee5a","fa0d30d3-0506-4b72-a9d6-ba7158bfd0a0","VIT College","18.4635","73.8682","Katraj Terminal","18.4471","73.8562","1","REJECTED","","No seats available","0","3265","2026-10-31T06:00:00.000Z","2026-09-20T20:30:00.000Z"
"8c3da6d8-71ac-4b6f-a759-be0bd31ded29","a0a52b3c-f29e-4edc-8ade-c6a73ea4d624","a68aae4c-c9bd-4227-aac3-87e0cce8704c","Bibwewadi Bus Stop","18.4792","73.8615","VIT College","18.4635","73.8682","1","PENDING","Please confirm pickup","","65","3266","2026-11-01T21:15:00.000Z","2026-09-20T14:30:00.000Z"
"bb8a4111-de6c-412f-83a6-7c789eebde5d","3305a0cb-6348-4dfd-a984-9180665c5bad","d774693a-f4b2-48d7-9848-a02f48110bad","VIT College","18.4635","73.8682","Katraj Dairy BRTS","18.4508","73.8569","1","ACCEPTED","I will wait at the hub","","54","3267","2026-11-03T07:00:00.000Z","2026-09-20T15:30:00.000Z"
"e170bb7a-b91d-4354-89a2-079e778de8db","73b567d9-c873-4524-86d9-de9cad1f211c","f7a3a9b0-d919-4111-a000-2b91381aa324","Bibwewadi Bus Stop","18.4792","73.8615","VIT College","18.4635","73.8682","1","CANCELLED","Please confirm pickup","","25","3268","2026-11-01T18:15:00.000Z","2026-09-20T10:30:00.000Z"
"498e1576-b8d2-4875-88a6-defcbfdbd9bb","14e8bb6c-b0b8-466e-b65f-13c23ea52937","5c96563c-848e-485c-acbe-fea45d06506b","VIT College","18.4635","73.8682","Bibwewadi Bus Stop","18.4792","73.8615","1","CANCELLED","I will wait at the hub","","11","3269","2026-11-04T21:00:00.000Z","2026-09-21T02:30:00.000Z"
"6808d400-7220-47f9-9fe0-920cf873cb74","4e6c4d4d-4bd5-4eb8-856e-04ee3c8512da","dabcd5c1-0261-4275-a50f-86ba21a7fb38","Lower Indira Nagar Stop","18.4718","73.8618","VIT College","18.4635","73.8682","1","REJECTED","I will wait at the hub","No seats available","6","3270","2026-08-07T09:15:00.000Z","2026-09-21T00:30:00.000Z"
"e8eeb0fc-460c-405c-9c22-e324460d36bd","777d2dd9-907d-4036-9bf8-794e94c6b55d","5d37ae3a-9fca-401b-81cc-2761fb12b96e","VIT College","18.4635","73.8682","Shankar Maharaj Math","18.4735","73.8579","1","REJECTED","Please confirm pickup","No seats available","70","3271","2026-08-09T11:00:00.000Z","2026-09-20T18:30:00.000Z"
"771e1bd0-1580-4d73-8334-a9b562d3d23d","082a036b-5dff-41ff-97d7-2c4c01385db0","c6e7cd17-8a26-4b21-bcff-24bc73443535","City Pride BRTS","18.4845","73.8583","VIT College","18.4635","73.8682","1","CANCELLED","I will wait at the hub","","29","3272","2026-08-07T21:15:00.000Z","2026-09-20T14:30:00.000Z"
"95f6fff8-1f08-4d1c-b987-6cba8d83305f","62a2a1ea-fd3d-4a56-af2d-8a4b5cc2f660","181765e4-8d59-4d44-860f-b05bf3bda2f4","VIT College","18.4635","73.8682","Bharati Vidyapeeth","18.456","73.8574","1","ACCEPTED","","","67","3273","2026-08-10T14:00:00.000Z","2026-09-21T06:30:00.000Z"
"1720b0c7-f2ac-4d99-bbe2-5eafd4d29288","1947e8c9-ff88-4af2-b502-e17983fea62d","e967b8e3-6e99-4788-bb76-597c964a0c6a","Swargate BRTS Stop","18.4982","73.8588","VIT College","18.4635","73.8682","1","REJECTED","Please confirm pickup","No seats available","12","3274","2026-08-10T23:15:00.000Z","2026-09-20T19:30:00.000Z"
"1eb278ed-dfb7-43fb-a7bd-c3ab29249181","aa73ed93-d74c-4151-8d2e-53a9a8b20405","ef122acc-af59-49f1-86de-5dc9fd3e25e3","VIT College","18.4635","73.8682","Shankar Maharaj Math","18.4735","73.8579","1","REJECTED","Please confirm pickup","No seats available","30","3275","2026-08-11T07:00:00.000Z","2026-09-21T02:30:00.000Z"
"16917876-367a-4f9b-b311-37e085ca613e","07cb54f9-402e-439c-ba9b-69a50f85b1ef","e774b584-0014-4dc8-bc95-1bb5f69d20a3","Chintamani Nagar","18.4651","73.864","VIT College","18.4635","73.8682","1","REJECTED","","No seats available","27","3276","2026-08-13T15:15:00.000Z","2026-09-21T03:30:00.000Z"
"7a4028d3-1f8e-439d-bde0-84fe4ad1a96f","e692f83e-6602-4c3b-a3db-621f127f10f1","dbaeea46-2585-4546-82df-3945b9be2cbd","VIT College","18.4635","73.8682","Lower Indira Nagar Stop","18.4718","73.8618","1","CANCELLED","","","56","3277","2026-08-15T03:00:00.000Z","2026-09-20T15:30:00.000Z"
"ce165e76-f580-4a98-bcf3-b4feaa87a2bf","64113ad8-c1b9-410f-9e05-efd756ba2ffc","2b4fe7a0-6432-4448-993d-7b559d10ec1a","Market Yard Corner","18.4792","73.8581","VIT College","18.4635","73.8682","1","REJECTED","","No seats available","6","3278","2026-08-15T23:15:00.000Z","2026-09-20T11:30:00.000Z"
"97f61fdf-cff1-4e47-8cd3-276813371689","e7032ada-8a95-4784-82c5-56fc02ed54f9","2e717694-7d6b-49e8-baf4-53cf8f4fbac3","VIT College","18.4635","73.8682","Kashinath Patil Nagar Stop","18.4745","73.8631","1","REJECTED","Please confirm pickup","No seats available","25","3279","2026-08-14T23:00:00.000Z","2026-09-20T13:30:00.000Z"
"90f65931-5810-443f-b7fb-714b27c9604d","a67cb91a-08d8-4bd2-9481-d3c540607fc0","9c7182f6-1906-4c8c-b228-eca6a245931d","Chintamani Nagar","18.4651","73.864","VIT College","18.4635","73.8682","1","CANCELLED","Please confirm pickup","","13","3280","2026-08-17T16:15:00.000Z","2026-09-21T04:30:00.000Z"
"b3085938-e727-4eb6-b728-397a71428642","8c621c96-730c-4739-bdf6-5be6a4b9b611","03b1388a-04d6-4ee8-b7ee-b8541ca330f1","VIT College","18.4635","73.8682","Market Yard Corner","18.4792","73.8581","1","REJECTED","I will wait at the hub","No seats available","80","3281","2026-08-18T17:00:00.000Z","2026-09-21T02:30:00.000Z"
"d7647385-0867-4e44-9853-1ded40c8f489","1a4e863f-c031-4524-bb27-2963abd60f5a","82251b7c-39c1-4612-9777-0028617b08fc","Chintamani Nagar","18.4651","73.864","VIT College","18.4635","73.8682","1","REJECTED","I will wait at the hub","No seats available","20","3282","2026-08-17T09:15:00.000Z","2026-09-20T21:30:00.000Z"
"a824baad-55cd-4130-b71e-548cbcd29551","0ce13de0-220c-4e27-836d-2f6fe71d9845","90fbd646-a8a0-4f77-af4f-4746feda3a10","VIT College","18.4635","73.8682","Upper Indira Nagar Bus Depot","18.4682","73.8623","1","REJECTED","","No seats available","28","3283","2026-08-20T21:00:00.000Z","2026-09-20T23:30:00.000Z"
"b23313a4-c9bb-4e5a-8a78-a3a897c4d333","6ad9dd1f-a784-4ac0-a90b-9344e16aa0ef","3cba72c9-ac53-4442-8d16-3fa4f75f696d","Swargate BRTS Stop","18.4982","73.8588","VIT College","18.4635","73.8682","1","COMPLETED","I will wait at the hub","","3","3284","2026-08-20T20:15:00.000Z","2026-09-21T02:30:00.000Z"
"3e866839-1363-41d3-87d9-8cbc20ad509e","1356c62d-7cd1-4bf7-b4d8-9c54a1d3abad","dbffce9e-93ca-460b-a2e6-fec327ae8a6e","VIT College","18.4635","73.8682","Katraj Terminal","18.4471","73.8562","1","REJECTED","I will wait at the hub","No seats available","2","3285","2026-08-21T19:00:00.000Z","2026-09-21T05:30:00.000Z"
"5e21ac5f-4fcf-47f3-9e75-1e5b25430255","d5596f61-fb1d-4690-b26e-861d6f0a258f","6767d864-c164-421c-8b90-0f29abc5af41","Chintamani Nagar","18.4651","73.864","VIT College","18.4635","73.8682","1","PENDING","Please confirm pickup","","25","3286","2026-08-21T19:15:00.000Z","2026-09-20T23:30:00.000Z"
"906eaaac-102a-4692-9f62-a21f45ae422e","925257e1-2ca6-4281-948d-3104b0b4425b","b8ece9b4-d515-405a-952d-1ccdc242c410","VIT College","18.4635","73.8682","Lower Indira Nagar Stop","18.4718","73.8618","1","REJECTED","I will wait at the hub","No seats available","29","3287","2026-08-22T17:00:00.000Z","2026-09-20T18:30:00.000Z"
"af001d9e-dcb9-40e8-9ffe-7dd1e088fd71","fe0ff35c-e4d8-43eb-bb66-8adef99679f5","e443e68b-7cb4-4260-8ec6-64c485de79d5","Kashinath Patil Nagar Stop","18.4745","73.8631","VIT College","18.4635","73.8682","1","CANCELLED","I will wait at the hub","","23","3288","2026-08-24T22:15:00.000Z","2026-09-21T02:30:00.000Z"
"47ac9e50-bfb3-4801-9569-53a2402e3d07","6f8f22e3-a3d5-4b96-a2c2-2971f613d884","ed6b366d-9f31-4216-84e6-747030d98fda","VIT College","18.4635","73.8682","Chintamani Nagar","18.4651","73.864","1","CANCELLED","Please confirm pickup","","38","3289","2026-08-26T20:00:00.000Z","2026-09-20T20:30:00.000Z"
"92c60ec7-3e7d-4acb-9937-9341f7ce321c","b6423514-73e1-4c71-9429-9bd1c2b0b703","b049f74f-7dd1-454b-91ad-b27eeaeed095","Bibwewadi Bus Stop","18.4792","73.8615","VIT College","18.4635","73.8682","1","REJECTED","","No seats available","6","3290","2026-08-26T06:15:00.000Z","2026-09-21T04:30:00.000Z"
"6e6942bf-b29d-4e3d-99ba-da61334d6b89","23389bf4-6bd0-4c6b-a0a6-8c5a5893aea4","bfe5c77b-945d-47a5-81f7-7ae8e1ff5d5b","VIT College","18.4635","73.8682","Bibwewadi Bus Stop","18.4792","73.8615","1","CANCELLED","I will wait at the hub","","19","3291","2026-08-28T00:00:00.000Z","2026-09-20T20:30:00.000Z"
"0810f5e8-9b13-42d3-89f4-dce72e0a9a00","d5de26f2-8389-44c1-a190-3f405251c404","c283b8d4-e85f-4f55-a686-461ce166d95c","Upper Indira Nagar Bus Depot","18.4682","73.8623","VIT College","18.4635","73.8682","1","REJECTED","Please confirm pickup","No seats available","11","3292","2026-08-29T14:15:00.000Z","2026-09-20T11:30:00.000Z"
"a905d058-1eb9-44ac-9333-48b5d81a3dfc","a2df8bae-b220-43a5-90b8-2522bc66f739","aba3000b-d3fe-45b0-93f8-1eb12fe76121","VIT College","18.4635","73.8682","Chintamani Nagar","18.4651","73.864","1","REJECTED","I will wait at the hub","No seats available","1","3293","2026-08-29T05:00:00.000Z","2026-09-21T06:30:00.000Z"
"1885f366-808a-4628-8046-ab3b4639b85f","77ace4c3-e753-4f9e-a70e-81645ffd8890","fbade199-d957-41f1-9c4b-bef677c6f400","Bibwewadi Bus Stop","18.4792","73.8615","VIT College","18.4635","73.8682","1","PENDING","","","32","3294","2026-08-29T21:15:00.000Z","2026-09-21T03:30:00.000Z"
"5c5662a4-9aa6-4b49-b5f6-8f83607683fc","80c8daa3-c3ab-448f-8b97-7d9be6874353","ac0cf495-0f8e-40d8-b476-4ac4d53bdc5b","VIT College","18.4635","73.8682","Lower Indira Nagar Stop","18.4718","73.8618","1","CANCELLED","Please confirm pickup","","27","3295","2026-08-31T03:00:00.000Z","2026-09-20T15:30:00.000Z"
"5ff9a56e-a670-48b6-9802-ccafc963da16","e7435db3-63b3-4fba-a0ed-be3066168d9f","bbd2b08c-34a8-4439-a7fa-b253b6a9fe04","Swargate BRTS Stop","18.4982","73.8588","VIT College","18.4635","73.8682","1","COMPLETED","I will wait at the hub","","49","3296","2026-09-01T01:15:00.000Z","2026-09-21T05:30:00.000Z"
"61974057-9877-47c4-bf65-2672acda4e66","1692bbe8-0371-4f8b-95b0-433c7915274f","9c9999da-6c7c-4b0f-ba28-7f852899325d","VIT College","18.4635","73.8682","Kashinath Patil Nagar Stop","18.4745","73.8631","1","COMPLETED","I will wait at the hub","","35","3297","2026-09-04T01:00:00.000Z","2026-09-20T21:30:00.000Z"
"4ec27371-087a-4e4e-8faa-4e7446f79f95","083c0a94-bab3-4647-9069-9fee74ab732b","856fb0bc-3ae4-454f-9f56-312a33995404","Swargate BRTS Stop","18.4982","73.8588","VIT College","18.4635","73.8682","1","PENDING","I will wait at the hub","","15","3298","2026-09-02T22:15:00.000Z","2026-09-20T16:30:00.000Z"
"f5068a6c-02a5-48a0-8515-4a7a341093f5","4069fcd3-a0ed-4717-a44e-5fe45894ac1a","f7676189-9518-498b-a982-6c245aff61a1","VIT College","18.4635","73.8682","Bharati Vidyapeeth","18.456","73.8574","1","CANCELLED","I will wait at the hub","","30","3299","2026-09-06T02:00:00.000Z","2026-09-20T18:30:00.000Z"
"e3adc36e-392d-48e0-a48c-81898ff1314b","68cc07d1-b0a5-4160-b161-3ebe9ae829b4","03dfc805-e814-4e5f-a637-8a041faf9ad7","Swargate BRTS Stop","18.4982","73.8588","VIT College","18.4635","73.8682","1","REJECTED","","No seats available","5","3300","2026-09-04T21:15:00.000Z","2026-09-21T05:30:00.000Z"
"1daa0fe1-98fe-42f3-aeb9-bc120ec6d7b2","7f608994-54fa-49cd-ad44-ba63a9b8f945","508e57b4-544e-4392-bbd1-17b3a4e613c3","VIT College","18.4635","73.8682","Kashinath Patil Nagar Stop","18.4745","73.8631","1","CANCELLED","I will wait at the hub","","30","3301","2026-09-05T20:00:00.000Z","2026-09-20T19:30:00.000Z"
"120179bb-8e2d-4756-9502-573637744af2","71ecd16c-73ec-46bc-9ff5-28862574cbe0","81213212-6e43-4b70-96e8-51e59fb5e735","Lower Indira Nagar Stop","18.4718","73.8618","VIT College","18.4635","73.8682","1","PENDING","I will wait at the hub","","17","3302","2026-09-07T09:15:00.000Z","2026-09-20T22:30:00.000Z"
"8d31900d-d0a1-4098-874f-f453d799b606","6987b167-7709-46d8-b12b-b7ee6d98235b","5118be9b-6811-4a52-9a62-a0ced3f60e27","VIT College","18.4635","73.8682","Lower Indira Nagar Stop","18.4718","73.8618","1","REJECTED","Please confirm pickup","No seats available","24","3303","2026-09-09T04:00:00.000Z","2026-09-20T14:30:00.000Z"
"b2baf308-7aae-4742-bdd9-a3f6967c66b5","02364f96-9af8-47cb-83df-f07d5045526f","17983e48-5904-4312-9f6c-9d6f749c8539","Lower Indira Nagar Stop","18.4718","73.8618","VIT College","18.4635","73.8682","1","CANCELLED","","","21","3304","2026-09-11T01:15:00.000Z","2026-09-20T15:30:00.000Z"
"68ba1deb-fe51-4d26-a730-9d65e12bafba","7a356257-b76e-4261-a3ee-d3a7d1782078","669af901-6937-4b2d-a11b-46de7e09eced","VIT College","18.4635","73.8682","Upper Indira Nagar Bus Depot","18.4682","73.8623","1","COMPLETED","I will wait at the hub","","21","3305","2026-09-12T11:00:00.000Z","2026-09-20T11:30:00.000Z"
"9568bed8-da9e-4310-80b5-a3eb3d926095","f266d8db-f4f8-493b-9dc6-a27deba9e0eb","08c75e3d-df80-427a-b942-864b9136eb2a","City Pride BRTS","18.4845","73.8583","VIT College","18.4635","73.8682","1","PENDING","I will wait at the hub","","10","3306","2026-09-10T22:15:00.000Z","2026-09-20T18:30:00.000Z"
"65a8b29f-a8de-4d06-941a-60806cbbe5a1","58d3c330-aa1f-4a79-92e6-38a7f94481f8","8583b128-6eef-4c56-a566-5dc44a8d0a70","VIT College","18.4635","73.8682","Kashinath Patil Nagar Stop","18.4745","73.8631","1","CANCELLED","Please confirm pickup","","29","3307","2026-09-14T00:00:00.000Z","2026-09-21T01:30:00.000Z"
"b93111d5-1046-4fbd-94d4-50e0d1b71622","60c4d276-ee79-4edf-bcdd-fdc356d37b8f","f2ff9e67-5a69-4146-a543-f1fed27fb87a","Upper Indira Nagar Bus Depot","18.4682","73.8623","VIT College","18.4635","73.8682","1","REJECTED","I will wait at the hub","No seats available","12","3308","2026-09-14T08:15:00.000Z","2026-09-20T23:30:00.000Z"
"3dc0aa13-f772-44ea-b9ec-5905d84df62e","f4c827fd-4aaa-4675-9e5a-07fcfe74bca1","f34b84c7-eb95-4dff-958a-ef69c608f272","VIT College","18.4635","73.8682","KK Market BRTS","18.4683","73.8579","1","REJECTED","Please confirm pickup","No seats available","29","3309","2026-09-15T22:00:00.000Z","2026-09-20T14:30:00.000Z"
"236f5703-5741-49fb-b3bb-137df2a970fc","46fe3db0-a3ea-47af-b853-382e4b9795c6","c4608e10-532e-42df-b9ca-6399d157bc77","City Pride BRTS","18.4845","73.8583","VIT College","18.4635","73.8682","1","REJECTED","","No seats available","65","3310","2026-09-16T16:15:00.000Z","2026-09-20T18:30:00.000Z"
"1f01f962-9e89-4ff1-9197-c5d1e6412a29","06c84b3c-865a-458d-b963-35b8b8e145b7","a53ad219-be12-4a6b-9852-64dfe8aa6236","VIT College","18.4635","73.8682","KK Market BRTS","18.4683","73.8579","1","REJECTED","","No seats available","12","3311","2026-09-17T04:00:00.000Z","2026-09-21T05:30:00.000Z"
"bf7c1cad-469b-47a5-8874-5d2a7d4136fd","b56f8db3-a5ea-4a98-8fd2-6eae9e7c7a64","30e63cfd-4d4a-41f2-9c08-fe7bb0c7d4b0","Kashinath Patil Nagar Stop","18.4745","73.8631","VIT College","18.4635","73.8682","1","PENDING","I will wait at the hub","","21","3312","2026-09-18T15:15:00.000Z","2026-09-21T03:30:00.000Z"
"a683d456-035e-4cd6-9165-eb1a04c26fd2","140474d4-92ac-41bc-ae19-6fb4cc891c2f","61caa1f5-7dee-45a4-964a-8e5ed8b6a158","VIT College","18.4635","73.8682","Lower Indira Nagar Stop","18.4718","73.8618","1","REJECTED","I will wait at the hub","No seats available","20","3313","2026-09-18T03:00:00.000Z","2026-09-20T12:30:00.000Z"
"80f162c3-1ce7-40a1-a96a-795f6b87fa01","80791095-ce9c-4a9e-8e12-08e482c12297","be9c6ca4-6ee9-481b-8039-dcc0a742224e","Kashinath Patil Nagar Stop","18.4745","73.8631","VIT College","18.4635","73.8682","1","PENDING","","","16","3314","2026-09-19T23:15:00.000Z","2026-09-20T12:30:00.000Z"
"85d22017-af2f-4a63-958a-fe64ec65a4f9","9157f9dd-1e77-4590-9528-19f14d6dee73","fbd59ae5-86aa-4b7c-b82b-b7c0b9d357a3","VIT College","18.4635","73.8682","KK Market BRTS","18.4683","73.8579","1","COMPLETED","I will wait at the hub","","71","3315","2026-09-22T03:00:00.000Z","2026-09-20T10:30:00.000Z"
"b68f0df6-954a-4776-95a0-e09a3893091f","5ba5f76c-fa67-48f4-89ed-6861d02e466c","228adcc3-430e-4eba-ba35-403a9eae4ae6","Swargate BRTS Stop","18.4982","73.8588","VIT College","18.4635","73.8682","1","PENDING","I will wait at the hub","","26","3316","2026-09-21T08:15:00.000Z","2026-09-20T21:30:00.000Z"
"c7e69e0b-124e-495d-8941-ffc765a5e5a6","8180a3b0-aae4-4caf-bdfb-e0995738cee7","db21b52b-86e1-49c0-82fe-f5d33db4323f","VIT College","18.4635","73.8682","Chintamani Nagar","18.4651","73.864","1","CANCELLED","I will wait at the hub","","20","3317","2026-09-21T18:00:00.000Z","2026-09-21T03:30:00.000Z"
"80787e30-4e59-4a23-987e-4c5e74f14cdc","e7c7fac0-f7a5-499b-b364-4d432538e656","a1ef1ce8-9cb0-499a-bca0-636d395b8e27","Kashinath Patil Nagar Stop","18.4745","73.8631","VIT College","18.4635","73.8682","1","CANCELLED","I will wait at the hub","","80","3318","2026-09-23T08:15:00.000Z","2026-09-20T15:30:00.000Z"
"00bf0e64-6ba7-43a3-8a41-c20586a745dc","40d408d2-a75b-437a-b0eb-c0763539e0d8","5bed2f04-01f9-4e95-995a-1a0c306ae9c3","VIT College","18.4635","73.8682","Katraj Terminal","18.4471","73.8562","1","CANCELLED","I will wait at the hub","","22","3319","2026-09-23T23:00:00.000Z","2026-09-20T19:30:00.000Z"
"0b505b30-e2d8-4cd4-89e3-d8eada76431f","17bbd8d2-9f98-4560-84a0-cd720c21c507","b351304c-33e4-4dfa-bbfe-0e46f5cda915","Swargate PMPML Main Bus Stand","18.4991","73.8583","VIT College","18.4635","73.8682","1","CANCELLED","","","42","3320","2026-09-25T08:15:00.000Z","2026-09-21T02:30:00.000Z"
"6df512a8-6ae0-41b4-a358-ce544385ec65","b7c5c67f-b349-4ca1-90e1-f85f51629ab9","f69ef11d-7551-4545-967a-f045a72ebb93","VIT College","18.4635","73.8682","Lower Indira Nagar Stop","18.4718","73.8618","1","REJECTED","","No seats available","14","3321","2026-09-27T00:00:00.000Z","2026-09-20T18:30:00.000Z"
"ec40c9fb-e07a-4cc9-96b9-ec94a2ec569c","a14352a7-dd09-485a-93f4-cc9ed1f83047","76b965ae-22a7-4a52-a8af-e41b3fbabb12","Market Yard Corner","18.4792","73.8581","VIT College","18.4635","73.8682","1","PENDING","I will wait at the hub","","27","3322","2026-09-27T01:15:00.000Z","2026-09-21T06:30:00.000Z"
"00cb2a8d-454e-490c-b505-212e0691dfbd","3b3e2f78-4eb4-42f0-bf47-8f5fe96cff72","47fb716c-faad-411e-a3e5-d13e542643c1","VIT College","18.4635","73.8682","Katraj Dairy BRTS","18.4508","73.8569","1","PENDING","I will wait at the hub","","46","3323","2026-09-30T05:00:00.000Z","2026-09-20T15:30:00.000Z"
"b4015218-92d3-4f23-b4e5-c643fba02cb7","26e698f3-a297-4a6d-831d-1054ef5fbe8e","4c3a0823-a2f6-449e-a285-51b92ef1ef89","Market Yard Corner","18.4792","73.8581","VIT College","18.4635","73.8682","1","REJECTED","Please confirm pickup","No seats available","3","3324","2026-09-29T21:15:00.000Z","2026-09-20T10:30:00.000Z"
"99230adb-50c7-4280-ba4c-a2cbf7389ae6","721903fb-06fd-4816-8fe4-1410457eef3c","6d4eadbe-2e7e-4907-9dac-2e7ca825fe4f","VIT College","18.4635","73.8682","Lower Indira Nagar Stop","18.4718","73.8618","1","PENDING","I will wait at the hub","","23","3325","2026-10-01T12:00:00.000Z","2026-09-21T04:30:00.000Z"
"dcab6920-6a22-466f-b06b-b5b72c26172e","a2135296-612a-4c7e-b11d-c34a3d788adb","cdec7465-1f6a-4948-bdff-48b43a5e174c","Chintamani Nagar","18.4651","73.864","VIT College","18.4635","73.8682","1","REJECTED","Please confirm pickup","No seats available","11","3326","2026-10-02T04:15:00.000Z","2026-09-21T03:30:00.000Z"
"2c56d9d4-564a-4fa9-b895-9675193bf582","d82fb1b7-633b-492e-a897-fb6a329c723f","287a280f-3e96-473f-a98b-7fea3a6ff244","VIT College","18.4635","73.8682","Market Yard Corner","18.4792","73.8581","1","PENDING","","","47","3327","2026-10-03T19:00:00.000Z","2026-09-20T12:30:00.000Z"
"7616aa44-a3c9-4b64-97cd-79a2229427c2","d496eed9-0f73-4a18-b29c-43436e627d88","cb3f3ef2-5ef7-449a-8f63-2d283dcb08cf","Bibwewadi Bus Stop","18.4792","73.8615","VIT College","18.4635","73.8682","1","REJECTED","I will wait at the hub","No seats available","51","3328","2026-10-03T06:15:00.000Z","2026-09-20T16:30:00.000Z"
"191a2edc-018f-47a7-b7da-c6773f8f6a51","608a1b41-f4f4-4ffa-b129-e9c87a3b0578","b407e420-bc95-44d7-9048-179efe644dba","VIT College","18.4635","73.8682","Bharati Vidyapeeth","18.456","73.8574","1","REJECTED","","No seats available","38","3329","2026-10-06T02:00:00.000Z","2026-09-20T22:30:00.000Z"
"a031e149-851a-4ab8-a052-d9a2b7cdef5a","a3d7f628-948b-4ed8-b220-4933b8bc251d","22cd2c32-c447-4e38-8e94-504aa1dee620","Lower Indira Nagar Stop","18.4718","73.8618","VIT College","18.4635","73.8682","1","PENDING","","","24","3330","2026-10-04T06:15:00.000Z","2026-09-20T13:30:00.000Z"
"164ba941-a5f1-4b9b-81ab-d31e6ea22618","9105cdb4-1781-44d8-8505-ddf60de543ff","8a8524b8-3506-433a-9249-833aa24fb089","VIT College","18.4635","73.8682","Katraj Terminal","18.4471","73.8562","1","PENDING","Please confirm pickup","","3","3331","2026-10-06T14:00:00.000Z","2026-09-20T23:30:00.000Z"
"9a91cdcd-8152-4f10-a0ab-77c6596935f0","38b44d57-b7d1-4977-b3a5-8c22e66d679a","86105958-87be-4dcd-b670-bf501ca8dcdd","Swargate PMPML Main Bus Stand","18.4991","73.8583","VIT College","18.4635","73.8682","1","ACCEPTED","I will wait at the hub","","55","3332","2026-10-08T18:15:00.000Z","2026-09-20T20:30:00.000Z"
"58613788-3588-4ec9-87a7-37c1db1f6410","233e3fe2-c2d8-4e69-b6e1-8863bf84ea51","6f3fcde3-7927-4673-8e83-5d19997e04eb","VIT College","18.4635","73.8682","Kashinath Patil Nagar Stop","18.4745","73.8631","1","CANCELLED","Please confirm pickup","","26","3333","2026-10-08T10:00:00.000Z","2026-09-20T19:30:00.000Z"
"95d8e110-3878-488b-8d0c-9aea6e7f64a8","ce558404-d67a-4366-8a39-c7d343a60edb","3934e51d-f7fc-439d-a64b-1e11c068f9b5","Swargate BRTS Stop","18.4982","73.8588","VIT College","18.4635","73.8682","1","PENDING","","","24","3334","2026-10-08T05:15:00.000Z","2026-09-20T13:30:00.000Z"
"136d4b4c-b4c7-4b3b-8682-97572ea1e175","64248799-ea70-49df-9f1b-105a25fe31be","fac65e5b-f1a5-4896-b38a-74849ccdc168","VIT College","18.4635","73.8682","KK Market BRTS","18.4683","73.8579","1","PENDING","I will wait at the hub","","25","3335","2026-10-10T10:00:00.000Z","2026-09-20T20:30:00.000Z"
"4ad6d2ae-ecc0-4112-a2e0-79282dd11ffa","7b87c305-59f3-4fd8-a861-c8ab5ded409e","29b6b79c-7351-4ba6-a9ad-66967f535c3c","Swargate PMPML Main Bus Stand","18.4991","73.8583","VIT College","18.4635","73.8682","1","REJECTED","","No seats available","47","3336","2026-10-12T07:15:00.000Z","2026-09-20T21:30:00.000Z"
"9e7f4b6f-73cf-4338-a26d-63d0405689ef","746b8ee1-8873-421c-baa5-10176fa1cfb9","5b47c5b4-ec85-43dd-9c75-f074a7d568d2","VIT College","18.4635","73.8682","Lower Indira Nagar Stop","18.4718","73.8618","1","COMPLETED","","","2","3337","2026-10-12T05:00:00.000Z","2026-09-20T10:30:00.000Z"
"90c1bcd8-0a5f-4b27-bc41-00e06c1dd710","06663373-1e24-4ffb-ba01-aa810fb5c054","edf92a9c-96cf-4fe7-b02c-abdaad634737","Upper Indira Nagar Bus Depot","18.4682","73.8623","VIT College","18.4635","73.8682","1","CANCELLED","Please confirm pickup","","17","3338","2026-10-13T00:15:00.000Z","2026-09-20T15:30:00.000Z"
"4a42f557-11ea-45cc-9391-d4b8761122e2","6fa49c8f-921a-4914-a10d-b105a8f2ea6f","877fcad2-68c5-48bf-942c-586c3d86867f","VIT College","18.4635","73.8682","Upper Indira Nagar Bus Depot","18.4682","73.8623","1","CANCELLED","Please confirm pickup","","16","3339","2026-10-13T20:00:00.000Z","2026-09-21T00:30:00.000Z"
"b275d592-5ce2-42a4-b305-9757b844286a","2647b6a0-2031-43c0-906c-792292a85840","926e6fcc-8a51-46f5-85e4-e8eefbfe9ddc","City Pride BRTS","18.4845","73.8583","VIT College","18.4635","73.8682","1","CANCELLED","Please confirm pickup","","24","3340","2026-10-14T10:15:00.000Z","2026-09-20T20:30:00.000Z"
"39a7c0a4-c98c-46f5-979d-df4bc5a28745","15c43573-9026-4514-96b2-386aa2b78dd8","750f9bd3-e937-4388-a25a-3cc6be098aa7","VIT College","18.4635","73.8682","Shankar Maharaj Math","18.4735","73.8579","1","COMPLETED","I will wait at the hub","","62","3341","2026-10-17T15:00:00.000Z","2026-09-20T23:30:00.000Z"
"63fd49de-1a74-4b8d-9aa5-71dd7bd36dcd","3e53cd37-6ad0-48fa-bfdb-fe5ff1db5eec","9310e53a-bd9e-441e-911c-031aa1551243","Laxmi Narayan Theatre","18.4965","73.8584","VIT College","18.4635","73.8682","1","CANCELLED","Please confirm pickup","","22","3342","2026-10-17T14:15:00.000Z","2026-09-21T06:30:00.000Z"
"aad5675e-73dd-4d7d-858c-817ee30217aa","8c3f9541-cd27-4e9e-9080-5d388e3dacd8","5ce9e64f-f50b-4da1-9486-37f9f09551ed","VIT College","18.4635","73.8682","KK Market BRTS","18.4683","73.8579","1","REJECTED","","No seats available","32","3343","2026-10-18T00:00:00.000Z","2026-09-20T21:30:00.000Z"
"80d04dea-31f3-4cec-8f0a-7a4357fe82f8","f82a46bb-988d-4b31-ab14-17e83991a52b","eb5a4f04-4ebf-43f6-a099-11c15b1dfbe5","Kashinath Patil Nagar Stop","18.4745","73.8631","VIT College","18.4635","73.8682","1","REJECTED","","No seats available","17","3344","2026-10-20T00:15:00.000Z","2026-09-21T02:30:00.000Z"
"1e20cfc6-5eab-4f23-8709-77029251b5b2","5d8e823c-adde-43a3-b70a-4a96ebf53f8d","461b5690-97cf-4151-95af-7899c536787b","VIT College","18.4635","73.8682","Bharati Vidyapeeth","18.456","73.8574","1","PENDING","","","25","3345","2026-10-21T07:00:00.000Z","2026-09-21T03:30:00.000Z"
"5802bb30-abe1-40bb-a4c1-83f3aff7c15c","8e33a30a-a606-40e3-b90d-d88a9a9afca9","91d3e190-f0bb-4908-a504-df3c03c7e6a6","Swargate BRTS Stop","18.4982","73.8588","VIT College","18.4635","73.8682","1","CANCELLED","I will wait at the hub","","11","3346","2026-10-20T18:15:00.000Z","2026-09-20T19:30:00.000Z"
"ef9119e5-c869-47a0-879c-0981e0833f53","5016b04d-54b7-4df8-9aea-d96dc510bda5","8a7e159e-c7d0-49fb-9915-996ec39b4c3f","VIT College","18.4635","73.8682","Upper Indira Nagar Bus Depot","18.4682","73.8623","1","REJECTED","Please confirm pickup","No seats available","26","3347","2026-10-23T05:00:00.000Z","2026-09-20T14:30:00.000Z"
"d1c17294-61d7-4ef4-b197-12decde07cc5","345a6260-5564-4211-b0ce-12b0b4a4d09c","33e24ac2-b991-402e-96fe-a60f7d88716b","Kashinath Patil Nagar Stop","18.4745","73.8631","VIT College","18.4635","73.8682","1","PENDING","Please confirm pickup","","0","3348","2026-10-23T01:15:00.000Z","2026-09-20T19:30:00.000Z"
"ffbe525e-5e52-4597-94f9-e867f5cb8c0c","e0cfee26-22ca-46fd-9681-a98cb9b7694a","cce669d0-24ee-4095-8136-3ddc6f61da10","VIT College","18.4635","73.8682","Market Yard Corner","18.4792","73.8581","1","CANCELLED","Please confirm pickup","","54","3349","2026-10-25T03:00:00.000Z","2026-09-20T15:30:00.000Z"
"65dcfb9d-a62f-4bb8-917c-72f90d5dba99","2b96b839-ef3d-4b88-898d-96ad74b9e8d1","b08272f1-2eae-461f-9382-c184fe741279","Bibwewadi Bus Stop","18.4792","73.8615","VIT College","18.4635","73.8682","1","REJECTED","I will wait at the hub","No seats available","12","3350","2026-10-26T19:15:00.000Z","2026-09-20T19:30:00.000Z"
"6f2351b7-a8dc-4a28-8c80-50707328058f","f58d712b-7078-477a-b43f-fed9d0ed3ccb","7f81c4c3-c234-4bd0-80d1-215c711a0283","VIT College","18.4635","73.8682","Katraj Terminal","18.4471","73.8562","1","CANCELLED","Please confirm pickup","","8","3351","2026-10-26T04:00:00.000Z","2026-09-20T20:30:00.000Z"
"db3e1e76-0ba3-4959-821f-90cdd318b3be","a2bdc5e3-efbd-4b73-a3ac-deb12dae33eb","80ca3ea6-d467-4f49-97eb-b6dc6f476676","Bibwewadi Bus Stop","18.4792","73.8615","VIT College","18.4635","73.8682","1","COMPLETED","I will wait at the hub","","77","3352","2026-10-27T14:15:00.000Z","2026-09-20T15:30:00.000Z"
"563b0dd5-89db-42a7-b244-abffd6212e76","639b8dab-868e-46c8-9985-2b24c67e426f","90d5fa4d-50ca-4080-ae76-6f8158f4c9a5","VIT College","18.4635","73.8682","Market Yard Corner","18.4792","73.8581","1","REJECTED","","No seats available","28","3353","2026-10-30T03:00:00.000Z","2026-09-20T11:30:00.000Z"
"21f93120-4ef7-4468-8fac-1eb0a17f7c56","d5d03f89-3122-4eef-93db-48240a7c078c","34887a09-84f2-49c3-97c8-eaa9e671e141","City Pride BRTS","18.4845","73.8583","VIT College","18.4635","73.8682","1","REJECTED","I will wait at the hub","No seats available","11","3354","2026-10-30T08:15:00.000Z","2026-09-20T21:30:00.000Z"
"271cb7a3-438f-4158-a0a4-dd630e2fb4ec","80c739c0-028a-4aeb-bb97-4a8b74e9b783","70d0f859-149d-4503-9629-7e2b03c67a3f","VIT College","18.4635","73.8682","Chintamani Nagar","18.4651","73.864","1","PENDING","Please confirm pickup","","16","3355","2026-10-31T07:00:00.000Z","2026-09-20T16:30:00.000Z"
"acf5d026-ec19-456e-8108-5859000e2039","4278af89-7ca1-422c-b386-0688986e3bc7","4bb40fa4-b428-432e-aca2-1a954ebd5186","Market Yard Corner","18.4792","73.8581","VIT College","18.4635","73.8682","1","PENDING","","","65","3356","2026-11-01T11:15:00.000Z","2026-09-21T06:30:00.000Z"
"400319d1-800b-4cf1-ae18-6ea0a85038e0","17fa5741-b7f9-4a82-b0d6-00329164d053","d3b6bef4-14dc-43ee-b1ea-5df640bff3ea","VIT College","18.4635","73.8682","Bharati Vidyapeeth","18.456","73.8574","1","PENDING","Please confirm pickup","","18","3357","2026-11-02T01:00:00.000Z","2026-09-21T05:30:00.000Z"
"554c72b6-bede-49d0-bb8b-db308599652f","c0ef7bdf-89cb-4b88-a736-93e509b4d96c","e0bd240d-0573-4a8a-830a-c46264dbd855","Laxmi Narayan Theatre","18.4965","73.8584","VIT College","18.4635","73.8682","1","REJECTED","I will wait at the hub","No seats available","2","3358","2026-11-03T08:15:00.000Z","2026-09-20T18:30:00.000Z"
"d7a392b1-0771-4a10-82cb-001ba1cd0b01","62e27b61-872d-44c5-8c1c-cbb7242572e6","8100f2b8-79e0-4059-be98-ced465000a2e","VIT College","18.4635","73.8682","Balaji Nagar BRTS","18.4628","73.8577","1","REJECTED","Please confirm pickup","No seats available","18","3359","2026-11-05T00:00:00.000Z","2026-09-21T02:30:00.000Z"
"d8cdfec0-b452-4f00-92b5-83609e58d702","a430118d-8cb5-4b44-85cd-cdf9977b103b","b2f0c20b-d66e-41c9-b60f-6562ae71b956","Swargate PMPML Main Bus Stand","18.4991","73.8583","VIT College","18.4635","73.8682","1","CANCELLED","Please confirm pickup","","22","3360","2026-08-05T02:15:00.000Z","2026-09-20T18:30:00.000Z"
"9f2d8733-5a5a-44d7-a0e4-b889bfec7711","fda53875-8de3-4343-95dc-4bd627b41573","afabde80-8412-4536-8a7d-443441b6329d","VIT College","18.4635","73.8682","Katraj Dairy BRTS","18.4508","73.8569","1","REJECTED","","No seats available","63","3361","2026-08-09T10:00:00.000Z","2026-09-20T19:30:00.000Z"
"ba5e3c2a-d82b-450d-bba1-9fa9425187ba","5c55ad94-091b-4dbe-a90e-a6c42aec12c8","e977337e-9b7d-4b79-9851-7a31a276eaf5","Kashinath Patil Nagar Stop","18.4745","73.8631","VIT College","18.4635","73.8682","1","PENDING","","","24","3362","2026-08-08T16:15:00.000Z","2026-09-21T03:30:00.000Z"
"c040c0c3-c6d6-4de8-aa6e-c9143798e780","9ddfc12d-47f7-4408-abc6-123d3cbebe36","0234ea7e-b8a5-4a4f-8b12-eb48fefff06e","VIT College","18.4635","73.8682","Kashinath Patil Nagar Stop","18.4745","73.8631","1","COMPLETED","Please confirm pickup","","33","3363","2026-08-10T03:00:00.000Z","2026-09-20T18:30:00.000Z"
"592af922-718b-49f0-8ddc-50369f4b2c9d","08c3a1d6-e243-4a53-b251-a83bde67a85b","8d2bb992-3062-4ae3-b2ae-9d47074dec68","Laxmi Narayan Theatre","18.4965","73.8584","VIT College","18.4635","73.8682","1","PENDING","Please confirm pickup","","10","3364","2026-08-09T07:15:00.000Z","2026-09-21T00:30:00.000Z"
"6351d21a-6c4f-4730-8725-298a08a35d98","c5fe6c7b-15ea-41e0-833c-774eb1cb567a","95e5d040-6f8f-43de-b101-0a1abbfde269","VIT College","18.4635","73.8682","Bibwewadi Bus Stop","18.4792","73.8615","1","REJECTED","","No seats available","27","3365","2026-08-11T07:00:00.000Z","2026-09-20T11:30:00.000Z"
"68203d6d-4a5e-4634-a8f7-1c75bca8ad52","3730edf5-ca9b-413a-95bb-067c438692c2","d138941d-1b44-42fe-975d-1a4eb78e7f92","Kashinath Patil Nagar Stop","18.4745","73.8631","VIT College","18.4635","73.8682","1","PENDING","","","21","3366","2026-08-12T02:15:00.000Z","2026-09-20T12:30:00.000Z"
"3b1aa04f-d2c2-4e17-95d3-ef325ffad4ad","f117153d-b75c-47d1-947e-f27607f3057a","dbb7296e-eb2b-4e18-9aed-9b61128e1b95","VIT College","18.4635","73.8682","Market Yard Corner","18.4792","73.8581","1","REJECTED","","No seats available","19","3367","2026-08-15T01:00:00.000Z","2026-09-20T15:30:00.000Z"
"8aa3f5ab-7b30-4dc5-b6a5-8656e4fa4c89","911a32ff-755c-43b4-922c-c51c050bf8e0","c3c94b51-2803-4c25-9e1e-bbe1eb6386cc","Swargate PMPML Main Bus Stand","18.4991","73.8583","VIT College","18.4635","73.8682","1","REJECTED","","No seats available","24","3368","2026-08-13T04:15:00.000Z","2026-09-20T21:30:00.000Z"
"5013f6e1-2be0-4e3c-b72b-56707b4169cc","cc98cbb9-08a3-45c7-b8a5-e280f4b53054","6cc8d264-2c05-4a80-90d4-2b29b4ccd802","VIT College","18.4635","73.8682","KK Market BRTS","18.4683","73.8579","1","CANCELLED","I will wait at the hub","","0","3369","2026-08-16T23:00:00.000Z","2026-09-20T21:30:00.000Z"
"01d67269-ffde-4cbb-97b2-6ca34f6b8501","1aa98afc-f3ae-4d22-84ab-8cf9d8b0ba8c","6a3f9cb7-ea70-4c12-87b0-f7ee4a38b313","Panchami BRTS","18.4902","73.8586","VIT College","18.4635","73.8682","1","PENDING","Please confirm pickup","","59","3370","2026-08-17T22:15:00.000Z","2026-09-20T12:30:00.000Z"
"0d96b33e-50b7-4add-a735-5ad63d2d0b9f","d965a0a0-ff46-45b2-8e29-70e0218009fd","105772de-3e2e-4525-873d-28205793d14f","VIT College","18.4635","73.8682","Market Yard Corner","18.4792","73.8581","1","CANCELLED","","","4","3371","2026-08-17T06:00:00.000Z","2026-09-20T14:30:00.000Z"
"ac2ba894-a86a-4dc7-9756-ed67ac6de8c0","7587378b-5f55-48cb-b882-7cfb86c63877","b5eb2319-5923-4823-9cfb-fa0ca41f597b","Upper Indira Nagar Bus Depot","18.4682","73.8623","VIT College","18.4635","73.8682","1","REJECTED","","No seats available","3","3372","2026-08-19T19:15:00.000Z","2026-09-20T15:30:00.000Z"
"f0aa1c22-5824-4033-9eec-5d1f61d8df32","dba407b5-fbba-4861-9f88-6ba37756fbdf","e4b9e33a-9380-46ad-8b5f-37aca78f2d78","VIT College","18.4635","73.8682","Upper Indira Nagar Bus Depot","18.4682","73.8623","1","CANCELLED","","","14","3373","2026-08-19T20:00:00.000Z","2026-09-21T05:30:00.000Z"
"76d6e3d8-c727-40a7-9af8-7c619da0095e","6190e8cb-ea61-4828-b3cf-4b3599c9cc1a","f1320520-f547-4abc-be6f-66bd5f323eb5","Upper Indira Nagar Bus Depot","18.4682","73.8623","VIT College","18.4635","73.8682","1","REJECTED","","No seats available","7","3374","2026-08-21T01:15:00.000Z","2026-09-20T19:30:00.000Z"
"12336a72-c8b7-4169-8421-2824fa5a8441","2064366f-bdb4-4956-a2de-33b98bfbf9dc","c36606d7-b032-4936-8403-b0f1a43f756a","VIT College","18.4635","73.8682","Bibwewadi Bus Stop","18.4792","73.8615","1","REJECTED","Please confirm pickup","No seats available","17","3375","2026-08-22T07:00:00.000Z","2026-09-20T10:30:00.000Z"
"8f3546ca-ecae-4ebd-bc66-22e84b9b9950","d1875620-c234-42fa-959e-3c604b96cdcc","f10fac1a-d7f2-4f4e-a8f2-d72fd48b371a","Kashinath Patil Nagar Stop","18.4745","73.8631","VIT College","18.4635","73.8682","1","ACCEPTED","I will wait at the hub","","59","3376","2026-08-23T04:15:00.000Z","2026-09-20T12:30:00.000Z"
"2384c664-7b6a-4ae3-b54f-b74c7ace0c89","a1630283-894c-4a39-856e-c89470bedb88","5ab9a35e-6ac7-4156-95ae-cc1e59bb9fa7","VIT College","18.4635","73.8682","Shankar Maharaj Math","18.4735","73.8579","1","REJECTED","Please confirm pickup","No seats available","49","3377","2026-08-23T08:00:00.000Z","2026-09-21T02:30:00.000Z"
"1a2e01f2-54db-4909-b810-5321a87efe7b","3c8643cd-cd89-40ef-89a0-a73f4387d15c","364c0441-918b-402a-a77c-fc9446ad8d71","Swargate BRTS Stop","18.4982","73.8588","VIT College","18.4635","73.8682","1","REJECTED","I will wait at the hub","No seats available","8","3378","2026-08-23T11:15:00.000Z","2026-09-21T02:30:00.000Z"
"48fcf774-aed7-4517-a3d2-d605482593bc","ccff349f-403c-4b6c-9e06-9c56b1f665f4","1de804a1-1c04-4d9b-88a6-03aa475b2f23","VIT College","18.4635","73.8682","Upper Indira Nagar Bus Depot","18.4682","73.8623","1","PENDING","","","14","3379","2026-08-24T14:00:00.000Z","2026-09-21T00:30:00.000Z"
"1197bca1-cb73-4149-93a6-9b9fd81e7fd8","1b5a74ec-7181-4008-adee-2fea688239c4","8fcb293d-bce3-4068-b448-c15533882e86","Kashinath Patil Nagar Stop","18.4745","73.8631","VIT College","18.4635","73.8682","1","PENDING","I will wait at the hub","","27","3380","2026-08-25T22:15:00.000Z","2026-09-20T17:30:00.000Z"
"0cd7339f-262a-4eb6-a05e-5408c69824fc","b65a297f-80ed-487e-8d43-fb5cbc1de73c","6b38852c-3199-4130-9bef-739d2cbf98cd","VIT College","18.4635","73.8682","Bibwewadi Bus Stop","18.4792","73.8615","1","REJECTED","","No seats available","14","3381","2026-08-28T14:00:00.000Z","2026-09-20T19:30:00.000Z"
"8b5b7cb1-38ec-4e2d-9c61-0ff4080bc49f","5c388faa-23cb-4c2b-9581-221eb4d2f9db","ac87c729-c400-43ff-9619-cd867435a982","Upper Indira Nagar Bus Depot","18.4682","73.8623","VIT College","18.4635","73.8682","1","REJECTED","I will wait at the hub","No seats available","28","3382","2026-08-28T09:15:00.000Z","2026-09-21T03:30:00.000Z"
"5fea9622-aad3-4102-b306-8d846756df5e","5663e112-eabf-49eb-ab35-ec5082302f65","2b79909a-3fc7-4286-93ba-521d9aa64a8f","VIT College","18.4635","73.8682","Chintamani Nagar","18.4651","73.864","1","REJECTED","","No seats available","25","3383","2026-08-31T04:00:00.000Z","2026-09-20T20:30:00.000Z"
"e7cd4466-f44e-49b5-b652-811b99c8d5db","6c883375-f532-4a65-9710-278143c39f97","2cabb8ae-b3d7-4c51-8207-1b8fc7300e2c","Upper Indira Nagar Bus Depot","18.4682","73.8623","VIT College","18.4635","73.8682","1","ACCEPTED","I will wait at the hub","","5","3384","2026-08-30T05:15:00.000Z","2026-09-20T22:30:00.000Z"
"f894fb3e-bc81-47bd-9436-41cc85627468","826db2db-593b-4193-a5ef-2c473e13d1f5","843078cc-2ea7-483f-83b3-cc8bae6695c6","VIT College","18.4635","73.8682","Kashinath Patil Nagar Stop","18.4745","73.8631","1","REJECTED","","No seats available","77","3385","2026-08-31T06:00:00.000Z","2026-09-20T14:30:00.000Z"
"715d8bda-9dff-4b3e-8e14-15a93db391a4","ad795069-7baf-4a04-a5f9-628dd6a9fa79","d79a63da-78e9-4b42-a5b3-c04b428ae1c7","City Pride BRTS","18.4845","73.8583","VIT College","18.4635","73.8682","1","REJECTED","I will wait at the hub","No seats available","12","3386","2026-09-02T20:15:00.000Z","2026-09-21T01:30:00.000Z"
"5f80e33d-f22e-44a6-a9b6-371ca518cb6c","5a627008-6213-4d82-a416-c3848627168a","ced6df1d-3ee8-4c76-8610-955b666d02b6","VIT College","18.4635","73.8682","Upper Indira Nagar Bus Depot","18.4682","73.8623","1","REJECTED","Please confirm pickup","No seats available","27","3387","2026-09-03T14:00:00.000Z","2026-09-20T13:30:00.000Z"
"11640928-ef05-4387-ae86-994c4671a68d","cb0261b9-ca17-42fa-aa13-259055b48769","2a786db0-f79e-4a08-a45d-7143a56be137","Lower Indira Nagar Stop","18.4718","73.8618","VIT College","18.4635","73.8682","1","REJECTED","Please confirm pickup","No seats available","20","3388","2026-09-03T09:15:00.000Z","2026-09-21T02:30:00.000Z"
"315a5cb0-d65d-42de-81a3-adabbe5ad270","606a433e-0f40-4d84-ad55-6406defd9620","2c463203-2185-4bb6-ac9c-dbf4b358d3f9","VIT College","18.4635","73.8682","Balaji Nagar BRTS","18.4628","73.8577","1","REJECTED","","No seats available","8","3389","2026-09-05T09:00:00.000Z","2026-09-20T19:30:00.000Z"
"7eb172cb-bfd6-4ccd-842a-c8458b37092f","65637234-30d3-41cb-9ace-a4af79b5b756","50b52ef7-937a-4ad7-a6ea-5df63741b351","Lower Indira Nagar Stop","18.4718","73.8618","VIT College","18.4635","73.8682","1","COMPLETED","","","30","3390","2026-09-04T14:15:00.000Z","2026-09-20T14:30:00.000Z"
"1bb10001-507c-48d3-b1df-66d940efdae0","b20fb978-9a31-40bf-9dfd-0f828b064938","23cdcd88-f49b-408a-af81-20c714c4290b","VIT College","18.4635","73.8682","Upper Indira Nagar Bus Depot","18.4682","73.8623","1","REJECTED","","No seats available","12","3391","2026-09-05T14:00:00.000Z","2026-09-20T16:30:00.000Z"
"03e96ccf-6b08-4d1f-8749-00f69f949f45","d235edcd-33ca-481d-8cc6-1dd53cfa02ef","8fe8486d-63f9-47dc-b19e-cee4aa0ac9c0","Panchami BRTS","18.4902","73.8586","VIT College","18.4635","73.8682","1","PENDING","I will wait at the hub","","1","3392","2026-09-08T00:15:00.000Z","2026-09-20T22:30:00.000Z"
"57ebc061-b761-4341-93fb-0ffd7f18562e","a725442f-24b5-4f29-891d-13311ca8d1d8","e448284e-7dcf-4d42-b0eb-1d902bcd1366","VIT College","18.4635","73.8682","Balaji Nagar BRTS","18.4628","73.8577","1","ACCEPTED","","","43","3393","2026-09-09T05:00:00.000Z","2026-09-21T04:30:00.000Z"
"9c87bfcb-f44d-468e-a31a-5925a90a16ca","c98fdecc-4a7d-4a8c-8b10-ffec818c340b","10da92ee-210d-4710-88f2-423a285dd142","City Pride BRTS","18.4845","73.8583","VIT College","18.4635","73.8682","1","ACCEPTED","I will wait at the hub","","31","3394","2026-09-10T21:15:00.000Z","2026-09-20T21:30:00.000Z"
"16eb457e-8265-49fe-b018-2b6baf7a98f5","109e4886-aa35-4003-a347-74c1aae4e1a4","420b1194-1446-4c01-a90b-9ad6313738f8","VIT College","18.4635","73.8682","Bibwewadi Bus Stop","18.4792","73.8615","1","CANCELLED","I will wait at the hub","","4","3395","2026-09-11T03:00:00.000Z","2026-09-20T15:30:00.000Z"
"221ff40e-c4f1-40a4-a65f-05523046f177","e6938160-cc66-41d1-947e-88a4491a2bf1","542484e9-c9f4-48df-8789-a3dffda2107d","Kashinath Patil Nagar Stop","18.4745","73.8631","VIT College","18.4635","73.8682","1","CANCELLED","I will wait at the hub","","25","3396","2026-09-12T13:15:00.000Z","2026-09-20T17:30:00.000Z"
"23359895-3b18-4099-9fe1-d9fbb799269b","f1f60433-ebf5-471d-8e6e-71e21191073c","b478ed02-c175-49c9-846a-0e9a7f6aa6be","VIT College","18.4635","73.8682","Balaji Nagar BRTS","18.4628","73.8577","1","REJECTED","","No seats available","7","3397","2026-09-14T00:00:00.000Z","2026-09-20T22:30:00.000Z"
"3dd45a37-6cd3-4976-948f-4a01fcd030a7","a3bee6ea-b2d0-41a3-91c0-6ba053669cc1","1c8d0824-69a8-4346-9507-05d4a6013c68","Bibwewadi Bus Stop","18.4792","73.8615","VIT College","18.4635","73.8682","1","CANCELLED","I will wait at the hub","","12","3398","2026-09-12T06:15:00.000Z","2026-09-20T11:30:00.000Z"
"529b8114-b6ff-4d5b-ac17-170ab378f553","6da7b5ac-9420-43e8-af06-b77d7cb23a0e","5f049c18-2f70-4261-b271-889d9956d23d","VIT College","18.4635","73.8682","Bharati Vidyapeeth","18.456","73.8574","1","REJECTED","Please confirm pickup","No seats available","22","3399","2026-09-15T22:00:00.000Z","2026-09-20T20:30:00.000Z"
"fc32f5fc-d329-4d77-b52e-82cd091fd719","b29d5853-3fca-44ba-ac92-f2a4f29d3e99","f6c03d6c-620f-48f6-af10-83f362b1c35a","Laxmi Narayan Theatre","18.4965","73.8584","VIT College","18.4635","73.8682","1","REJECTED","Please confirm pickup","No seats available","23","3400","2026-09-15T03:15:00.000Z","2026-09-20T22:30:00.000Z"
"f0c48f6f-142e-4eba-8868-d182c20407ca","217449f2-0e98-4a0a-981a-b6bdcea2b520","72a2f2bb-d751-41f3-8634-e09d45e07917","VIT College","18.4635","73.8682","KK Market BRTS","18.4683","73.8579","1","ACCEPTED","Please confirm pickup","","75","3401","2026-09-15T19:00:00.000Z","2026-09-20T20:30:00.000Z"
"0d333992-8885-487e-98e7-c0f5271e4919","db46069d-df86-4207-b715-0059285e73cd","1712b652-bce4-4309-8027-92304c9fed8f","Upper Indira Nagar Bus Depot","18.4682","73.8623","VIT College","18.4635","73.8682","1","REJECTED","","No seats available","21","3402","2026-09-17T11:15:00.000Z","2026-09-20T13:30:00.000Z"
"845fbc73-9738-4444-ab47-a7cf8ad45aed","598d8fe4-1151-4bfa-b95c-94c6f23b5e76","22829531-9959-4ca6-a928-9f36eb4703e1","VIT College","18.4635","73.8682","Lower Indira Nagar Stop","18.4718","73.8618","1","CANCELLED","Please confirm pickup","","26","3403","2026-09-18T12:00:00.000Z","2026-09-21T03:30:00.000Z"
"80820e01-e7ff-4766-a27f-8d7bd2758ca5","f12a3aca-116d-4cbd-ab1a-32cf815b1071","81e5312b-7123-490f-977b-7f79504efcd6","Chintamani Nagar","18.4651","73.864","VIT College","18.4635","73.8682","1","ACCEPTED","Please confirm pickup","","19","3404","2026-09-18T12:15:00.000Z","2026-09-21T04:30:00.000Z"
"70df2f5a-a83f-49bf-9acf-49489f3ce5c3","0fcd948a-4a2f-4957-94a5-e7311856dff2","e57ff715-25a1-426c-97cf-87015c1bf680","VIT College","18.4635","73.8682","KK Market BRTS","18.4683","73.8579","1","CANCELLED","I will wait at the hub","","3","3405","2026-09-22T05:00:00.000Z","2026-09-20T15:30:00.000Z"
"17585d12-4cf9-4a9e-bc16-e2ab7995f3cc","975699cc-0b0f-44a0-a6d5-dcc77d7d78c4","5493fbc0-789f-4b10-8644-f8ec21cd0b14","Bibwewadi Bus Stop","18.4792","73.8615","VIT College","18.4635","73.8682","1","REJECTED","","No seats available","19","3406","2026-09-20T04:15:00.000Z","2026-09-20T19:30:00.000Z"
"d2925c58-cec1-4bf4-b410-14164bedb3c3","a45c3567-3df1-48f9-ac25-b6adb65479b1","ef8bce94-feeb-4e53-b72f-1a7c2e5bddf1","VIT College","18.4635","73.8682","Katraj Dairy BRTS","18.4508","73.8569","1","REJECTED","I will wait at the hub","No seats available","24","3407","2026-09-22T22:00:00.000Z","2026-09-20T18:30:00.000Z"
"7a64a7e1-2117-4bc9-ba26-9d49db062e7b","1ab7f7f6-61ff-4e96-944c-3e74331a7714","4f4e35d9-739c-4f3d-b0b4-2067faa30741","Kashinath Patil Nagar Stop","18.4745","73.8631","VIT College","18.4635","73.8682","1","REJECTED","Please confirm pickup","No seats available","10","3408","2026-09-23T17:15:00.000Z","2026-09-20T14:30:00.000Z"
"bfdf688a-6770-444d-a4c8-55c24b3e5324","70f42fa3-7d35-498a-8102-aad618602372","9d0ef4fe-a576-4770-9ab1-5eafc46b6be0","VIT College","18.4635","73.8682","Katraj Dairy BRTS","18.4508","73.8569","1","ACCEPTED","","","73","3409","2026-09-25T10:00:00.000Z","2026-09-20T23:30:00.000Z"
"22be60b6-67cf-4b5b-acb1-b1480ab8a8eb","6742e1d6-251a-4342-af46-3ea267847fe9","4056717c-9798-4214-8fbd-07c4e3a98b6b","Swargate BRTS Stop","18.4982","73.8588","VIT College","18.4635","73.8682","1","REJECTED","I will wait at the hub","No seats available","19","3410","2026-09-25T19:15:00.000Z","2026-09-20T13:30:00.000Z"
"39aaa15a-8bce-4802-af40-ba3f184eb313","e62c64fb-47f1-4303-b22d-9145aa897d78","3a33f6e7-07ab-4e3d-a721-814ac739de5e","VIT College","18.4635","73.8682","Market Yard Corner","18.4792","73.8581","1","PENDING","","","14","3411","2026-09-26T13:00:00.000Z","2026-09-20T11:30:00.000Z"
"3be89057-72f1-4c2b-8bbc-20cb1e4709bb","1e255d12-24ab-4935-972d-9c25b0e3e0ff","3009cc84-1259-4bbc-a108-8462919b7c19","City Pride BRTS","18.4845","73.8583","VIT College","18.4635","73.8682","1","PENDING","I will wait at the hub","","18","3412","2026-09-27T00:15:00.000Z","2026-09-20T15:30:00.000Z"
"1a6610a1-a21f-4374-b3e0-a10ab63e7652","d120ccf0-a286-49dc-97be-4e1b88604163","7e9c129c-4156-4ca9-af99-d00fb8d1aadd","VIT College","18.4635","73.8682","Market Yard Corner","18.4792","73.8581","1","COMPLETED","I will wait at the hub","","7","3413","2026-09-28T17:00:00.000Z","2026-09-20T23:30:00.000Z"
"6fb099f2-1a7a-4414-bd05-cdec249dc02a","cff84e6c-216b-40df-bfbc-a1c588ec8d75","21c63f77-2d39-4f11-9e0c-1c7312653c75","Swargate BRTS Stop","18.4982","73.8588","VIT College","18.4635","73.8682","1","REJECTED","Please confirm pickup","No seats available","5","3414","2026-09-30T09:15:00.000Z","2026-09-20T10:30:00.000Z"
"4aa7128d-08bd-494d-87df-5e7584045ccb","63f14e9a-34ab-4413-9774-48d5cfb74128","657e344f-90aa-4e48-a3e5-9a6235100f2e","VIT College","18.4635","73.8682","Kashinath Patil Nagar Stop","18.4745","73.8631","1","REJECTED","Please confirm pickup","No seats available","25","3415","2026-10-01T21:00:00.000Z","2026-09-20T20:30:00.000Z"
"580bdc9e-70ff-4ab3-8259-ace9c5099d47","02c305a4-eaec-4b0b-b035-315d57b846b8","b69aeeb6-95cd-4c93-b1fd-e8588a274731","Swargate PMPML Main Bus Stand","18.4991","73.8583","VIT College","18.4635","73.8682","1","CANCELLED","","","20","3416","2026-10-01T15:15:00.000Z","2026-09-20T14:30:00.000Z"
"21de7f9b-33aa-426d-bb12-5b0ad6403868","fa5e39b7-28f9-4d0f-8253-5cd2e220e39f","896d4da2-8fa8-41c5-b3c6-164a6ce57775","VIT College","18.4635","73.8682","Market Yard Corner","18.4792","73.8581","1","REJECTED","I will wait at the hub","No seats available","0","3417","2026-10-01T13:00:00.000Z","2026-09-20T23:30:00.000Z"
"16905a55-ec56-4fc6-9ff7-eeed1c511f90","eb5a4db3-c7f8-4c69-8793-f457bcf42d93","c64460b2-879f-4506-882f-92adfc9e63ac","Panchami BRTS","18.4902","73.8586","VIT College","18.4635","73.8682","1","COMPLETED","Please confirm pickup","","13","3418","2026-10-02T08:15:00.000Z","2026-09-21T00:30:00.000Z"
"be3e2629-b4b3-40e7-a8a9-8c7d347c0c5b","997271e6-d097-4602-a6ff-57a38cd3f70d","cd9196d9-a849-4e71-b98a-4e48a614e104","VIT College","18.4635","73.8682","Katraj Terminal","18.4471","73.8562","1","COMPLETED","","","71","3419","2026-10-04T10:00:00.000Z","2026-09-20T18:30:00.000Z"
"f29af7e2-e993-486c-925f-f44ff56be23f","023e3ba1-cc31-40e1-be46-c65dd5bd31bb","ed18db93-5780-4297-ae97-bbe311886b02","Laxmi Narayan Theatre","18.4965","73.8584","VIT College","18.4635","73.8682","1","PENDING","","","20","3420","2026-10-05T14:15:00.000Z","2026-09-20T18:30:00.000Z"
"4acc704d-3860-4b62-8e33-2e61cf6488e6","917d00e5-0906-4ba0-812c-55bab65705d3","43dd383b-7c2d-4840-8095-5e3518602750","VIT College","18.4635","73.8682","Bibwewadi Bus Stop","18.4792","73.8615","1","PENDING","","","20","3421","2026-10-08T04:00:00.000Z","2026-09-21T01:30:00.000Z"
"0350c01d-9e91-4d67-aad8-7e8a49cc752e","adab8f23-d616-4b20-a168-54930c1ddd09","2e0cc7b0-3544-40fe-910b-e573a7d33c9a","Panchami BRTS","18.4902","73.8586","VIT College","18.4635","73.8682","1","COMPLETED","I will wait at the hub","","57","3422","2026-10-08T04:15:00.000Z","2026-09-21T03:30:00.000Z"
"1a24ae84-38a4-4821-8152-15672bde1147","e2088c59-d6e0-4c38-b376-d2a2315d7cad","715c6bfc-3ccb-48eb-9e74-b58e93075303","VIT College","18.4635","73.8682","Katraj Terminal","18.4471","73.8562","1","REJECTED","","No seats available","69","3423","2026-10-10T11:00:00.000Z","2026-09-21T01:30:00.000Z"
"d32f87e3-b06c-41a7-a978-68cb31684e65","e2114b2f-0b12-414d-96d4-5d5c6cb40480","3916a068-e6a5-4012-812a-fbcd946203e9","Laxmi Narayan Theatre","18.4965","73.8584","VIT College","18.4635","73.8682","1","ACCEPTED","I will wait at the hub","","30","3424","2026-10-10T12:15:00.000Z","2026-09-20T15:30:00.000Z"
"4c51a706-5d5c-47e7-91f2-66ca0ef2c5be","0800a880-40ea-4828-a4f2-3019129efa7a","6884857e-84bf-44a3-a6b7-57ffce28a733","VIT College","18.4635","73.8682","Upper Indira Nagar Bus Depot","18.4682","73.8623","1","CANCELLED","Please confirm pickup","","59","3425","2026-10-09T13:00:00.000Z","2026-09-21T00:30:00.000Z"
"923b5260-2e92-40fc-a941-e950b587bc27","949a90c6-6e5a-479a-b0ca-4fe5faf16eef","b25e6ea6-d736-435b-aead-e9d0d69b728d","Swargate PMPML Main Bus Stand","18.4991","73.8583","VIT College","18.4635","73.8682","1","COMPLETED","I will wait at the hub","","23","3426","2026-10-11T13:15:00.000Z","2026-09-20T18:30:00.000Z"
"f77c685b-cba4-4a8b-b416-08bd24a0ab1f","342be07a-afa0-4324-8032-276c3227e194","29ba1c6f-943a-462e-a307-a6c327c39a57","VIT College","18.4635","73.8682","Bharati Vidyapeeth","18.456","73.8574","1","REJECTED","I will wait at the hub","No seats available","16","3427","2026-10-12T21:00:00.000Z","2026-09-21T01:30:00.000Z"
"5427a3ba-ec39-453f-b5ab-76f8ddcb5bf9","595a469b-af0f-4bb7-a2eb-7acffb31737b","20bdc7ae-7082-421e-b675-6c4002d0295b","Laxmi Narayan Theatre","18.4965","73.8584","VIT College","18.4635","73.8682","1","PENDING","","","31","3428","2026-10-12T10:15:00.000Z","2026-09-20T18:30:00.000Z"
"3cf8b42b-c68d-4c95-958d-7ce28077a853","8be7a3a6-1b6c-4a10-860d-c488a8945fb8","62390621-3521-47ba-869a-f822874bb453","VIT College","18.4635","73.8682","Lower Indira Nagar Stop","18.4718","73.8618","1","REJECTED","Please confirm pickup","No seats available","79","3429","2026-10-16T04:00:00.000Z","2026-09-20T16:30:00.000Z"
"8a149410-6906-4ae0-9026-b031bdb0fbde","fbb6ff31-de42-4e7a-b295-d0017fc3294b","08eb06b4-7805-4b0c-998b-d919358e8b0f","Panchami BRTS","18.4902","73.8586","VIT College","18.4635","73.8682","1","REJECTED","I will wait at the hub","No seats available","10","3430","2026-10-16T21:15:00.000Z","2026-09-20T23:30:00.000Z"
"bb128e1f-95a0-479b-b194-addcd3727042","9735aa85-b20d-4aef-b039-e79e9425bf91","697c28b3-7690-4ffd-bfa8-c30e27f63214","VIT College","18.4635","73.8682","Market Yard Corner","18.4792","73.8581","1","COMPLETED","","","25","3431","2026-10-17T22:00:00.000Z","2026-09-20T16:30:00.000Z"
"c977c2fc-4454-482b-8249-564e7cc242e5","66f53980-d2b8-410a-aaeb-581a79317e1c","1f726f94-16aa-417d-8d05-1b3dd96d0827","Upper Indira Nagar Bus Depot","18.4682","73.8623","VIT College","18.4635","73.8682","1","REJECTED","","No seats available","19","3432","2026-10-16T15:15:00.000Z","2026-09-20T11:30:00.000Z"
"f9ae016a-eebe-4171-a42f-97888f4ebd41","0148214e-dddd-4bce-9940-d013463e8bb4","ea3fd43b-e1e5-4d62-a163-dae19fc740bd","VIT College","18.4635","73.8682","Chintamani Nagar","18.4651","73.864","1","REJECTED","","No seats available","4","3433","2026-10-18T19:00:00.000Z","2026-09-20T23:30:00.000Z"
"e75ceafa-c250-4d7b-af4a-6541a09a3a56","cf13160f-876f-40e5-aafc-efcd67d33b21","5def974b-b8b4-4ef7-8825-5a50ee6710cd","City Pride BRTS","18.4845","73.8583","VIT College","18.4635","73.8682","1","PENDING","I will wait at the hub","","28","3434","2026-10-18T07:15:00.000Z","2026-09-20T20:30:00.000Z"
"081879b9-da9d-43ef-be9c-062ec23cf54f","ecaae8d7-3946-46c9-8b92-542fa9ac70d3","a7ff8669-7d2a-4462-beb0-0d9e874f1dc8","VIT College","18.4635","73.8682","Upper Indira Nagar Bus Depot","18.4682","73.8623","1","COMPLETED","","","59","3435","2026-10-21T00:00:00.000Z","2026-09-20T11:30:00.000Z"
"d23bd2a5-6002-4200-95a9-e59c76f6c807","d9a9637e-9975-4f9c-8798-385ca4f4a516","0f35346d-5638-4de0-b685-b0f5e42ff331","Swargate PMPML Main Bus Stand","18.4991","73.8583","VIT College","18.4635","73.8682","1","ACCEPTED","I will wait at the hub","","45","3436","2026-10-22T10:15:00.000Z","2026-09-20T14:30:00.000Z"
"4d35e9fa-5d0c-476c-a2aa-b12b53db4d2f","1cf68af5-401f-4e97-b9d5-708eb59a4e98","ffe56b11-38f8-4fa2-936c-d19021b522b8","VIT College","18.4635","73.8682","KK Market BRTS","18.4683","73.8579","1","ACCEPTED","","","78","3437","2026-10-24T07:00:00.000Z","2026-09-21T06:30:00.000Z"
"afb6b295-10d6-4d28-b1f2-fc0da1dfb894","cce5a8bf-efbb-499f-9802-95a44f72296a","93c44edd-bbc5-4ac3-9dba-63f636b8ed0b","Upper Indira Nagar Bus Depot","18.4682","73.8623","VIT College","18.4635","73.8682","1","REJECTED","","No seats available","19","3438","2026-10-23T06:15:00.000Z","2026-09-21T00:30:00.000Z"
"9d26406f-ccfe-4bb1-8644-b27c172baa19","4c7daa33-62d3-4a43-ade7-e966545f3bdb","7d4898cc-54f3-4bd1-b9da-b31ff1cb26c3","VIT College","18.4635","73.8682","Market Yard Corner","18.4792","73.8581","1","ACCEPTED","","","26","3439","2026-10-24T18:00:00.000Z","2026-09-20T23:30:00.000Z"
"6eaa1904-e283-4885-8f89-50175e7dc346","b49c1fa4-56ce-470d-8c3e-53fe619e49d1","1f497524-0e6c-424a-94f9-93905b5a9755","Panchami BRTS","18.4902","73.8586","VIT College","18.4635","73.8682","1","CANCELLED","Please confirm pickup","","48","3440","2026-10-26T00:15:00.000Z","2026-09-20T21:30:00.000Z"
"02fd8f72-cdec-4acc-b2f6-23e93ccdc7a8","584413f9-ded1-478d-b62a-6047efa1abbe","609a5aa2-e576-472b-ae03-3d339a90c45c","VIT College","18.4635","73.8682","Kashinath Patil Nagar Stop","18.4745","73.8631","1","CANCELLED","","","25","3441","2026-10-25T13:00:00.000Z","2026-09-20T16:30:00.000Z"
"94f8e675-80af-405c-850e-636537f8812f","6b0159f7-6a47-46fd-b74b-cc1e6a1499f8","829e7fa5-0c38-47a9-a715-877dada17b24","Market Yard Corner","18.4792","73.8581","VIT College","18.4635","73.8682","1","REJECTED","","No seats available","7","3442","2026-10-28T13:15:00.000Z","2026-09-21T02:30:00.000Z"
"d4aece79-ba7e-4185-948e-16922247e3b2","41626340-8b7b-4851-969a-1bbb40f30350","2fd77d02-9eed-432b-bc2b-69984e53b256","VIT College","18.4635","73.8682","Chintamani Nagar","18.4651","73.864","1","PENDING","","","33","3443","2026-10-29T11:00:00.000Z","2026-09-21T02:30:00.000Z"
"1e4b8f65-7b97-462b-8eef-4de822b67734","098ba033-2ec9-4018-a6cf-05c7521ae234","2e269fc9-9682-468b-b756-d02e46a395d8","Panchami BRTS","18.4902","73.8586","VIT College","18.4635","73.8682","1","CANCELLED","","","49","3444","2026-10-29T05:15:00.000Z","2026-09-21T05:30:00.000Z"
"6b562592-c34e-4013-a0ff-242bb165664b","8b8e37b7-6d64-4ebf-a0bd-e10deee98eeb","ae43995b-0b10-49a4-a37e-36a29c7b89fa","VIT College","18.4635","73.8682","Kashinath Patil Nagar Stop","18.4745","73.8631","1","CANCELLED","I will wait at the hub","","21","3445","2026-10-31T02:00:00.000Z","2026-09-20T13:30:00.000Z"
"1e00992b-df50-4af6-87ac-011a2afb2c30","aab6574f-7c7e-44ee-bb48-8475a970f318","ccfa0157-3dc7-4140-84a7-8283ed55f1e4","Laxmi Narayan Theatre","18.4965","73.8584","VIT College","18.4635","73.8682","1","REJECTED","Please confirm pickup","No seats available","6","3446","2026-11-01T00:15:00.000Z","2026-09-21T00:30:00.000Z"
"09d45422-d718-4e6e-837f-cbc1396cf08f","9c96ad51-775d-41b3-95be-15ebf7d1c28d","fb85cd08-9134-4e91-ad82-1bf40b5e18fe","VIT College","18.4635","73.8682","Market Yard Corner","18.4792","73.8581","1","REJECTED","","No seats available","46","3447","2026-11-02T02:00:00.000Z","2026-09-20T21:30:00.000Z"
"ea158070-ae62-4db3-bc98-e74a44c09675","3617f41d-0051-4001-bf6b-5d8f0407c4c9","797bc6e5-c2a2-497c-bf6e-087c71a1d8b5","City Pride BRTS","18.4845","73.8583","VIT College","18.4635","73.8682","1","REJECTED","Please confirm pickup","No seats available","11","3448","2026-11-02T08:15:00.000Z","2026-09-20T20:30:00.000Z"
"09487a34-febd-4471-bfb8-e257c2539508","02e5d488-9570-4e13-b9e9-4c76b813fbc6","77d7f815-239b-4019-bf1b-76b62751a21d","VIT College","18.4635","73.8682","Shankar Maharaj Math","18.4735","73.8579","1","REJECTED","","No seats available","63","3449","2026-11-04T01:00:00.000Z","2026-09-20T13:30:00.000Z"
"e234774e-d51c-4ea7-b2bb-46a26359d31a","81bf55e0-625f-4ef0-aae8-59f19b21a6fa","481621b5-ffcf-4751-b9e2-151c0182f97a","Lower Indira Nagar Stop","18.4718","73.8618","VIT College","18.4635","73.8682","1","CANCELLED","I will wait at the hub","","22","3450","2026-08-06T11:15:00.000Z","2026-09-20T20:30:00.000Z"
"97d18031-e30c-4dcb-9ac6-687f77fde934","2a373865-6714-4035-877e-edc70025de85","fc17bde9-8039-463a-b2df-6dd060d08969","VIT College","18.4635","73.8682","Bibwewadi Bus Stop","18.4792","73.8615","1","REJECTED","I will wait at the hub","No seats available","27","3451","2026-08-08T05:00:00.000Z","2026-09-20T21:30:00.000Z"
"e9238b3c-c706-4c5f-8db8-b697be58ef34","0f47fa9f-0307-43ec-a906-f835bfd4f323","6279cde7-2c2c-4986-a9a4-55039693b818","Chintamani Nagar","18.4651","73.864","VIT College","18.4635","73.8682","1","PENDING","I will wait at the hub","","20","3452","2026-08-10T01:15:00.000Z","2026-09-21T01:30:00.000Z"
"f0941137-0ec8-4ea9-a702-8de255fd4e6a","f88afde2-cf10-4261-b116-232dc7e75088","9c577260-815e-4814-ae42-db071f0604b0","VIT College","18.4635","73.8682","Chintamani Nagar","18.4651","73.864","1","COMPLETED","I will wait at the hub","","21","3453","2026-08-08T23:00:00.000Z","2026-09-21T06:30:00.000Z"
"39352745-a7e6-4540-9908-4489c397a6d3","197c1866-2696-43cf-b4a6-f904274b3341","969131e9-4cc6-483d-82f8-990f056d6c5a","Chintamani Nagar","18.4651","73.864","VIT College","18.4635","73.8682","1","COMPLETED","Please confirm pickup","","28","3454","2026-08-09T07:15:00.000Z","2026-09-20T10:30:00.000Z"
"8d130a4a-a259-441a-98a3-01c0359fb09e","5d6abd1d-f8f2-46ed-b03a-82724c37791d","85bed899-042e-4b82-a6ac-e7f8e8652524","VIT College","18.4635","73.8682","Katraj Terminal","18.4471","73.8562","1","REJECTED","Please confirm pickup","No seats available","55","3455","2026-08-11T11:00:00.000Z","2026-09-20T11:30:00.000Z"
"8bb0674f-a054-44dd-ba7a-b3006e44dd66","4ef08299-7504-4dce-97ff-759066a69dde","dd95ce1d-b76e-4f1f-9a03-108aea02d0d2","Swargate BRTS Stop","18.4982","73.8588","VIT College","18.4635","73.8682","1","CANCELLED","Please confirm pickup","","23","3456","2026-08-14T00:15:00.000Z","2026-09-21T02:30:00.000Z"
"ae920585-4abd-438c-a875-cebb4f85be64","3221d101-4df9-47aa-99cd-67e16a015384","39147f90-fbda-49de-88ec-5fe656c0d7b4","VIT College","18.4635","73.8682","Katraj Terminal","18.4471","73.8562","1","REJECTED","Please confirm pickup","No seats available","20","3457","2026-08-14T12:00:00.000Z","2026-09-20T22:30:00.000Z"
"4106f3d4-090b-4124-9330-9b74e96c01ef","686e426c-7cba-46f8-9b6a-bfc136e8d03b","51e576cc-ab7a-49bd-ad0b-21fda7d2bda2","Swargate BRTS Stop","18.4982","73.8588","VIT College","18.4635","73.8682","1","PENDING","","","21","3458","2026-08-14T11:15:00.000Z","2026-09-20T22:30:00.000Z"
"1ec12d34-6606-4578-86c3-ec51ea641448","362666a9-c96a-4ea8-b499-517c45fe66aa","9ef8f4fa-8101-4ff2-80ff-91a966e3bab8","VIT College","18.4635","73.8682","Chintamani Nagar","18.4651","73.864","1","CANCELLED","I will wait at the hub","","16","3459","2026-08-15T18:00:00.000Z","2026-09-20T17:30:00.000Z"
"3f4fbf4c-0f51-4ae9-92b3-8d74ebe93ffb","28f9cbf9-f4d1-4f7d-8b2a-3682fc031c0d","f0c7e0ed-5ec8-43e2-aabe-d0c93c5234e3","Swargate BRTS Stop","18.4982","73.8588","VIT College","18.4635","73.8682","1","REJECTED","Please confirm pickup","No seats available","4","3460","2026-08-17T22:15:00.000Z","2026-09-21T01:30:00.000Z"
"a93ccdc5-5d0c-448c-bcc7-89480e6d1ab1","202a344e-a474-466c-8cdd-25dfba8624f2","39d3794d-33e3-4ffe-b495-fbaa9d28a26b","VIT College","18.4635","73.8682","Lower Indira Nagar Stop","18.4718","73.8618","1","ACCEPTED","","","34","3461","2026-08-17T09:00:00.000Z","2026-09-20T19:30:00.000Z"
"5963ed1f-0c56-458b-94d3-241acd79b7db","f11504b1-4597-4dee-84f4-e6664fc6a9d1","d96dc164-dffd-4bcb-bc7b-ca59b2d88379","Swargate PMPML Main Bus Stand","18.4991","73.8583","VIT College","18.4635","73.8682","1","REJECTED","","No seats available","13","3462","2026-08-19T07:15:00.000Z","2026-09-20T21:30:00.000Z"
"072ba8ff-d7d6-4bc5-8c64-3c266f38f84a","c2486bdd-4146-45d8-b812-7d292ff9e3a0","6871daa5-011a-4255-a4bd-29f490afb889","VIT College","18.4635","73.8682","Upper Indira Nagar Bus Depot","18.4682","73.8623","1","COMPLETED","Please confirm pickup","","6","3463","2026-08-19T20:00:00.000Z","2026-09-20T22:30:00.000Z"
"4a7ca7a3-ab4a-490e-bd7a-1a72ff86bf63","d188b88e-3642-44a2-b4b8-3b58020f5d47","72cddc2e-6ec2-4e48-aa1a-fc6654d24fab","Market Yard Corner","18.4792","73.8581","VIT College","18.4635","73.8682","1","PENDING","","","43","3464","2026-08-19T04:15:00.000Z","2026-09-20T19:30:00.000Z"
"0f23fde3-629d-4a50-97c8-cb60af9898d4","129d59fe-cab7-48bd-bc70-5a1b03d912e9","26dcafa5-e28f-4c96-bd7f-75ca1113e108","VIT College","18.4635","73.8682","KK Market BRTS","18.4683","73.8579","1","REJECTED","","No seats available","3","3465","2026-08-21T02:00:00.000Z","2026-09-21T00:30:00.000Z"
"603ddd5c-3f82-477b-a07c-44264018a73b","4f8bed90-203d-4ef1-945f-25017000cd45","5ac71c5e-4117-49f2-9551-e2487ee014ca","Swargate PMPML Main Bus Stand","18.4991","73.8583","VIT College","18.4635","73.8682","1","CANCELLED","Please confirm pickup","","1","3466","2026-08-21T04:15:00.000Z","2026-09-20T17:30:00.000Z"
"8f9bca6f-2896-44c3-b12b-309012fb125c","9b14c880-e7ad-499c-a804-9b0a77b3e835","2bf63d4b-4be8-4a3d-b079-2a7b714b0da3","VIT College","18.4635","73.8682","Katraj Dairy BRTS","18.4508","73.8569","1","ACCEPTED","","","75","3467","2026-08-25T03:00:00.000Z","2026-09-20T19:30:00.000Z"
"46aef703-60ee-4735-ae96-8094bf55d5f1","7eb367fe-8939-4eb0-a0f5-af3c7d1995b6","f24e7e05-582d-47da-aa31-e435fb66bfa2","Lower Indira Nagar Stop","18.4718","73.8618","VIT College","18.4635","73.8682","1","PENDING","","","2","3468","2026-08-25T15:15:00.000Z","2026-09-20T13:30:00.000Z"
"3961f703-fd48-47d1-97ea-d587b9508fa9","e1a6c223-e656-45b4-933e-163628291322","e36d6950-fda1-4e0a-b9a4-3109c1ef3afd","VIT College","18.4635","73.8682","Kashinath Patil Nagar Stop","18.4745","73.8631","1","REJECTED","I will wait at the hub","No seats available","7","3469","2026-08-25T18:00:00.000Z","2026-09-20T17:30:00.000Z"
"974b9305-2b7f-495b-b308-71b3847a2647","c54f67d2-8838-480d-9009-7e3680c8044b","8dc944aa-aca1-45be-a9af-21bd271602d1","Kashinath Patil Nagar Stop","18.4745","73.8631","VIT College","18.4635","73.8682","1","CANCELLED","I will wait at the hub","","30","3470","2026-08-26T11:15:00.000Z","2026-09-21T00:30:00.000Z"
"7379422a-b8dd-484b-8dc8-6391ffd2b8e9","2af6d5fc-ec15-4cb7-9a97-50151e3f9103","69158428-13ec-44bc-be1b-661be60211b1","VIT College","18.4635","73.8682","Shankar Maharaj Math","18.4735","73.8579","1","COMPLETED","I will wait at the hub","","21","3471","2026-08-26T15:00:00.000Z","2026-09-21T03:30:00.000Z"
"8591a418-b924-4bc2-98fc-69c2acaf91fe","625c9e48-1153-4aa0-ba83-3d3ebb0d2d35","17be73c9-0769-4965-981b-a5457dd33ba5","Laxmi Narayan Theatre","18.4965","73.8584","VIT College","18.4635","73.8682","1","COMPLETED","Please confirm pickup","","63","3472","2026-08-28T14:15:00.000Z","2026-09-20T19:30:00.000Z"
"4934cc5d-ef07-4c8a-842e-04f790e4ab0d","ff354b32-1f2a-4307-9e7e-27b6a506a765","049a400b-5043-4cc0-8f0c-a2000b0bc7c2","VIT College","18.4635","73.8682","Bibwewadi Bus Stop","18.4792","73.8615","1","REJECTED","I will wait at the hub","No seats available","7","3473","2026-08-30T21:00:00.000Z","2026-09-20T19:30:00.000Z"
"2b9b1207-4310-42db-bfbf-e85a3ba09197","74c7c6cc-1212-4f67-8647-f4f8965dbb34","8ea08f3a-4be1-4f97-9251-d633e633dc41","Kashinath Patil Nagar Stop","18.4745","73.8631","VIT College","18.4635","73.8682","1","REJECTED","","No seats available","7","3474","2026-08-29T08:15:00.000Z","2026-09-21T02:30:00.000Z"
"c798868e-65ad-461a-910e-beca37a97cce","c3698a33-ca0c-4693-a489-9adb2fd56bc2","d318afa9-113f-46e4-bd9a-1ae0cbe4cec9","VIT College","18.4635","73.8682","Shankar Maharaj Math","18.4735","73.8579","1","REJECTED","Please confirm pickup","No seats available","5","3475","2026-08-30T15:00:00.000Z","2026-09-20T18:30:00.000Z"
"3a2c1e71-f638-4ccd-b293-1b666cd9c2a1","f1f00b1e-9947-4f6f-8688-bfa455d4625b","2bba79b1-7549-484e-89e1-bf3b93c66b88","Swargate PMPML Main Bus Stand","18.4991","73.8583","VIT College","18.4635","73.8682","1","CANCELLED","Please confirm pickup","","33","3476","2026-09-01T12:15:00.000Z","2026-09-20T17:30:00.000Z"
"a0c1e944-b25f-4855-84cb-e18c512b0f4d","878e52d7-2def-40b6-a913-df1a54047a34","17982a72-f4c8-4037-9da7-01d2b81b4f51","VIT College","18.4635","73.8682","Kashinath Patil Nagar Stop","18.4745","73.8631","1","REJECTED","","No seats available","16","3477","2026-09-04T07:00:00.000Z","2026-09-20T15:30:00.000Z"
"f1e5a49f-5d8f-4bfa-bfcb-b6bd8d64ba96","37e2d96a-3816-4e9b-8e05-8d351c01286f","a33b3b67-373b-4a19-ab84-94afce2d3cf6","Lower Indira Nagar Stop","18.4718","73.8618","VIT College","18.4635","73.8682","1","REJECTED","I will wait at the hub","No seats available","23","3478","2026-09-04T11:15:00.000Z","2026-09-20T19:30:00.000Z"
"8d831a84-a333-4c0c-9676-d85fc733480c","2ad705d0-f96b-4878-af7c-cfca956fcabd","b03a0f23-2e1f-438e-b34e-47d7681219f2","VIT College","18.4635","73.8682","Lower Indira Nagar Stop","18.4718","73.8618","1","CANCELLED","I will wait at the hub","","60","3479","2026-09-05T17:00:00.000Z","2026-09-20T23:30:00.000Z"
"e861dcda-f44e-4b7e-8a28-fe235f72753f","ec16c9b1-7c47-4c4d-a652-dd0724b84e3c","f49a7a5a-e945-4e5c-9e00-e0e22be3b1cd","Swargate PMPML Main Bus Stand","18.4991","73.8583","VIT College","18.4635","73.8682","1","PENDING","Please confirm pickup","","26","3480","2026-09-05T19:15:00.000Z","2026-09-21T02:30:00.000Z"
"8deebe4b-2200-48ea-99db-75f0b66dcfde","baa2df2c-bc9c-4de0-8703-f981605afd42","3e48df00-372b-4e64-9ef2-a432d0530793","VIT College","18.4635","73.8682","Kashinath Patil Nagar Stop","18.4745","73.8631","1","PENDING","Please confirm pickup","","20","3481","2026-09-05T22:00:00.000Z","2026-09-20T20:30:00.000Z"
"4943f701-24b7-4905-b47b-6176ce4db17f","1c29c569-ab1a-4551-a88a-59b2652c7357","feff947d-b17e-452e-8f42-3a47e3538dae","Chintamani Nagar","18.4651","73.864","VIT College","18.4635","73.8682","1","PENDING","","","53","3482","2026-09-07T00:15:00.000Z","2026-09-20T18:30:00.000Z"
"cd5ac27f-74f9-419b-b483-758e0a53b86b","b9e526a3-a25c-41b3-8e83-5c8ad96c48a7","3514e5d2-6b02-4d6b-ac2b-59caf1561997","VIT College","18.4635","73.8682","Katraj Dairy BRTS","18.4508","73.8569","1","REJECTED","I will wait at the hub","No seats available","19","3483","2026-09-09T05:00:00.000Z","2026-09-20T11:30:00.000Z"
"27aa2964-3675-464f-a92c-1ddae0d837db","cf384b4a-daf7-4010-b2fa-70f880318ea2","1f869515-a5a9-4eb5-955d-cc39b514d6d4","Laxmi Narayan Theatre","18.4965","73.8584","VIT College","18.4635","73.8682","1","PENDING","Please confirm pickup","","24","3484","2026-09-10T17:15:00.000Z","2026-09-20T22:30:00.000Z"
"638df88e-8b57-436b-ac8d-352f51f6e94d","24726f7e-d370-44f4-b661-389e47aa84da","de3ce989-9f1f-4440-bace-a75a4256201a","VIT College","18.4635","73.8682","Lower Indira Nagar Stop","18.4718","73.8618","1","REJECTED","","No seats available","36","3485","2026-09-10T10:00:00.000Z","2026-09-20T20:30:00.000Z"
"ed263ba9-2316-49dd-96d3-71b7c3ef0509","8bcdf3ec-1525-4f90-b62c-388075b37e73","ea497014-e432-4e85-93b4-c928f4928526","Chintamani Nagar","18.4651","73.864","VIT College","18.4635","73.8682","1","PENDING","","","4","3486","2026-09-10T04:15:00.000Z","2026-09-20T17:30:00.000Z"
"ca6260e5-f9a8-4c92-88cd-ceaea7dec668","83364ef7-750b-40e9-b1d7-e75c1acf2f12","f3823776-2961-40e6-9f5b-0eb8213276b9","VIT College","18.4635","73.8682","Katraj Terminal","18.4471","73.8562","1","REJECTED","","No seats available","22","3487","2026-09-13T10:00:00.000Z","2026-09-20T17:30:00.000Z"
"bf5cf133-3647-4257-8d2f-e2db8ba5781f","4e552f13-553d-493a-bdb4-e8a4726a7d50","2aa9eabe-95db-4ea2-bb38-66742013ed82","Bibwewadi Bus Stop","18.4792","73.8615","VIT College","18.4635","73.8682","1","REJECTED","Please confirm pickup","No seats available","12","3488","2026-09-14T01:15:00.000Z","2026-09-20T23:30:00.000Z"
"d6544344-218d-454a-b2d3-34d51003b394","4ab9b0e6-d621-48bc-b910-02b25ebb37f1","91a6f354-971a-42d5-907b-b61d60bd2863","VIT College","18.4635","73.8682","Balaji Nagar BRTS","18.4628","73.8577","1","REJECTED","Please confirm pickup","No seats available","12","3489","2026-09-16T06:00:00.000Z","2026-09-20T18:30:00.000Z"
"05243662-740b-4261-8036-4dc1aa64721b","c72ac630-2128-4bb0-aba8-84e716557c9a","ddde26f0-a657-4cc5-8ef1-1171caad0347","Chintamani Nagar","18.4651","73.864","VIT College","18.4635","73.8682","1","CANCELLED","I will wait at the hub","","6","3490","2026-09-14T08:15:00.000Z","2026-09-20T14:30:00.000Z"
"f393079c-372a-4ad9-9021-225a08fc6429","57aebe55-c7db-4635-9fb4-d015eebc0c2d","f054fa78-46b9-4920-a246-d949c994ef39","VIT College","18.4635","73.8682","Chintamani Nagar","18.4651","73.864","1","PENDING","Please confirm pickup","","10","3491","2026-09-17T03:00:00.000Z","2026-09-20T22:30:00.000Z"
"8d8c406c-7c0a-4d73-8526-62faff63a5b1","a7fda605-6fbf-46ed-bf6b-e9b5e96c34a4","cf49cf74-3f6e-4709-821d-0f560bf5bf11","Market Yard Corner","18.4792","73.8581","VIT College","18.4635","73.8682","1","ACCEPTED","","","62","3492","2026-09-17T01:15:00.000Z","2026-09-20T14:30:00.000Z"
"213c6b40-2c93-45ad-8a38-6bd9ae22f910","3ccc7a59-3f11-4228-8299-bdbd9ccffc36","f36c8d35-39b1-4fd4-98f7-5ac3c530eab3","VIT College","18.4635","73.8682","Upper Indira Nagar Bus Depot","18.4682","73.8623","1","PENDING","Please confirm pickup","","65","3493","2026-09-20T07:00:00.000Z","2026-09-20T16:30:00.000Z"
"0e4853ed-e8d4-4c91-adae-e89eec07d9ad","ca81712f-ae45-4555-b159-71839b6f96f3","d9f990c4-afb2-4074-8034-6a62f6c93ce4","Panchami BRTS","18.4902","73.8586","VIT College","18.4635","73.8682","1","ACCEPTED","I will wait at the hub","","75","3494","2026-09-18T15:15:00.000Z","2026-09-20T18:30:00.000Z"
"91c75d49-d499-44ff-9874-e555e6464e5c","0c167933-9224-46e7-84ea-7afe5ed2a269","55511d2e-aa5e-4cf6-ac0c-2f79fd94ad59","VIT College","18.4635","73.8682","Shankar Maharaj Math","18.4735","73.8579","1","PENDING","I will wait at the hub","","30","3495","2026-09-20T13:00:00.000Z","2026-09-20T20:30:00.000Z"
"527f54f4-befe-43fa-ac76-c501dd1694c4","4b05f836-ad03-4097-90c1-298e8d0a852a","be3f8ff0-be2c-4cc2-bb19-b7c7caedba70","Lower Indira Nagar Stop","18.4718","73.8618","VIT College","18.4635","73.8682","1","CANCELLED","","","11","3496","2026-09-21T05:15:00.000Z","2026-09-20T11:30:00.000Z"
"67f6bed3-d1e6-4c45-ac54-1d6f0d34ae74","5c88d7ba-ff8e-4b56-b2be-8cb40ca3c867","f6f5aab6-7eb0-41b3-a1ab-500ca62c77fa","VIT College","18.4635","73.8682","Kashinath Patil Nagar Stop","18.4745","73.8631","1","ACCEPTED","I will wait at the hub","","14","3497","2026-09-23T19:00:00.000Z","2026-09-20T20:30:00.000Z"
"685ae104-6c03-4c01-b126-ec75fc20fac3","f3ebf2c3-9778-49de-9d49-3dc10f94c3f9","21dd28b5-e343-467c-9b41-b7f373986e3d","Upper Indira Nagar Bus Depot","18.4682","73.8623","VIT College","18.4635","73.8682","1","ACCEPTED","","","66","3498","2026-09-23T19:15:00.000Z","2026-09-21T03:30:00.000Z"
"77e51a09-0796-4f7a-b6cd-0cc9b490ac4e","727ed4f1-19c6-4f72-a309-afda240e2867","96f0bff7-4a51-45fe-924a-7fd40bd96af0","VIT College","18.4635","73.8682","Lower Indira Nagar Stop","18.4718","73.8618","1","REJECTED","","No seats available","7","3499","2026-09-25T03:00:00.000Z","2026-09-20T20:30:00.000Z"
"7b933997-1309-458d-acb0-48ff7f7fcf6e","74f4dd31-a309-400c-aee2-f91f7ac85193","a78892d9-93b0-4a78-9a2f-2fad3db5becb","City Pride BRTS","18.4845","73.8583","VIT College","18.4635","73.8682","1","REJECTED","I will wait at the hub","No seats available","25","3500","2026-09-25T01:15:00.000Z","2026-09-21T00:30:00.000Z"
"203395a2-0f42-492f-88ba-9c7bbcdeea6a","7faa0492-12e5-4a9e-b31b-76e3d7fef397","f256e949-f4e4-4ba3-8ea9-d6a3d0ba8526","VIT College","18.4635","73.8682","Kashinath Patil Nagar Stop","18.4745","73.8631","1","COMPLETED","Please confirm pickup","","79","3501","2026-09-26T02:00:00.000Z","2026-09-20T22:30:00.000Z"
"e9dc5952-cb21-4a97-b77d-1537bf83c333","30e4ddae-66c9-4866-b68f-48b04d139cac","a85fce63-b4a4-4d71-9d87-2fb5e4653681","City Pride BRTS","18.4845","73.8583","VIT College","18.4635","73.8682","1","COMPLETED","","","15","3502","2026-09-26T02:15:00.000Z","2026-09-20T14:30:00.000Z"
"0a911667-1c63-4dc8-886f-5da1a738113d","3de38902-f24c-4296-8974-79ab136dd31e","fc8036f4-d3bf-49ee-baff-431b84d612ea","VIT College","18.4635","73.8682","Chintamani Nagar","18.4651","73.864","1","ACCEPTED","Please confirm pickup","","60","3503","2026-09-30T08:00:00.000Z","2026-09-21T05:30:00.000Z"
"ae1de4f1-a277-4944-82a5-a5dad7967f6f","77a42f38-3664-4bba-a2a5-288e9759124c","6c3f7adf-4f2a-4914-ba78-8b1548f14a1a","Chintamani Nagar","18.4651","73.864","VIT College","18.4635","73.8682","1","REJECTED","I will wait at the hub","No seats available","23","3504","2026-09-29T22:15:00.000Z","2026-09-20T16:30:00.000Z"
"a5055f1b-1d8f-4dfa-93f8-f4a681d6cb25","3030c4fc-f717-4545-9a5c-be4c04749c81","7833fb03-c858-4574-92d0-cb72030a18eb","VIT College","18.4635","73.8682","Katraj Terminal","18.4471","73.8562","1","PENDING","I will wait at the hub","","7","3505","2026-09-30T12:00:00.000Z","2026-09-21T03:30:00.000Z"
"70acd424-5800-4817-a4bf-5eca36cc0667","843db221-cbb4-4277-b5aa-442f03f5b602","2e0f5d10-9fa3-4578-9046-adc52e9f52d6","Laxmi Narayan Theatre","18.4965","73.8584","VIT College","18.4635","73.8682","1","REJECTED","","No seats available","10","3506","2026-10-01T23:15:00.000Z","2026-09-20T17:30:00.000Z"
"59979dc3-9a88-488b-b97f-a68caa963eff","2ff5e51f-2fc9-439d-8c7f-d9b9ad74eda4","b94bb3da-92c3-4ecf-b576-f9dbbce590b5","VIT College","18.4635","73.8682","KK Market BRTS","18.4683","73.8579","1","CANCELLED","I will wait at the hub","","30","3507","2026-10-03T12:00:00.000Z","2026-09-20T19:30:00.000Z"
"1e24914e-916b-477e-9077-9650a2d566c7","a60e247e-fbac-41a7-9eff-f6a02bc41929","b4419d49-c195-4f67-8a68-1e38418429ef","Swargate BRTS Stop","18.4982","73.8588","VIT College","18.4635","73.8682","1","REJECTED","","No seats available","9","3508","2026-10-03T22:15:00.000Z","2026-09-20T18:30:00.000Z"
"1f151dbe-baf3-49bc-84a9-c55dde3187c8","b702184a-dc69-4598-a58b-f13f923f328c","f50ed78b-09ac-4340-b6dd-86ae124a356e","VIT College","18.4635","73.8682","Bibwewadi Bus Stop","18.4792","73.8615","1","PENDING","Please confirm pickup","","17","3509","2026-10-05T00:00:00.000Z","2026-09-20T13:30:00.000Z"
"ea46a805-6884-47ee-b8e8-d32c60bcf242","32ca6a58-6f35-445f-8f40-785e66838476","f996d0d8-1d3e-4780-bb40-a3c76aeca0fe","Bibwewadi Bus Stop","18.4792","73.8615","VIT College","18.4635","73.8682","1","PENDING","I will wait at the hub","","36","3510","2026-10-07T00:15:00.000Z","2026-09-20T10:30:00.000Z"
"a87c6945-d108-425d-a2e7-1a92a86ab7fe","8f24f628-f076-4a48-8fae-f133471c0490","a61af15b-11ce-4c02-a80b-bdf8f24338bc","VIT College","18.4635","73.8682","Shankar Maharaj Math","18.4735","73.8579","1","REJECTED","I will wait at the hub","No seats available","8","3511","2026-10-05T12:00:00.000Z","2026-09-21T03:30:00.000Z"
"64a85c5c-7ee8-4a2f-81da-e5241cbf29a9","b87eed91-78e3-4bcf-af59-1b0a98afab9a","a49cc7a3-0beb-4fbf-8d54-c676dfe72f4b","Laxmi Narayan Theatre","18.4965","73.8584","VIT College","18.4635","73.8682","1","REJECTED","","No seats available","17","3512","2026-10-07T13:15:00.000Z","2026-09-20T22:30:00.000Z"
"2a50a4dd-75f4-482e-a69b-8b40b55a015f","5e23b2a3-8939-47b8-8ab7-543b143b14e8","df718002-b68d-406f-af02-b7ebdc19dfaa","VIT College","18.4635","73.8682","Bharati Vidyapeeth","18.456","73.8574","1","REJECTED","","No seats available","56","3513","2026-10-08T05:00:00.000Z","2026-09-20T18:30:00.000Z"
"c5b70e4c-358f-4dfb-82e6-c3cc5c223e46","17fc828a-dc45-4e59-88e8-05df14dae365","665f2a26-5d69-41bd-bd37-5d34e2366453","Swargate BRTS Stop","18.4982","73.8588","VIT College","18.4635","73.8682","1","REJECTED","Please confirm pickup","No seats available","67","3514","2026-10-10T16:15:00.000Z","2026-09-20T20:30:00.000Z"
"22077d09-aed0-42c8-817e-814fcc4f54f1","fe3980ab-6681-4aaa-b6b7-f88c7f736dc4","36ffa906-e6db-4e16-8e9b-e3f24ede715c","VIT College","18.4635","73.8682","Kashinath Patil Nagar Stop","18.4745","73.8631","1","COMPLETED","","","69","3515","2026-10-10T20:00:00.000Z","2026-09-20T20:30:00.000Z"
"af3c26ab-360c-467b-bafc-080ec7c342af","9ae7df25-367f-42df-bfbd-788443428f8c","61b7de30-6ccf-41d6-881f-85e56e865717","Kashinath Patil Nagar Stop","18.4745","73.8631","VIT College","18.4635","73.8682","1","PENDING","","","26","3516","2026-10-10T15:15:00.000Z","2026-09-21T05:30:00.000Z"
"3e943603-f375-437d-98c3-056f80e11c43","f92e45d3-3dcd-4da4-9336-6d6bc5eafdf2","acb16d87-c821-4f83-a7a0-8733496f99be","VIT College","18.4635","73.8682","KK Market BRTS","18.4683","73.8579","1","ACCEPTED","I will wait at the hub","","58","3517","2026-10-12T02:00:00.000Z","2026-09-20T21:30:00.000Z"
"48d09f72-e662-4914-b2a6-2effc61f1cf0","dec379fd-f1e9-4f2f-a79b-ba1513b320c6","dc034266-a00f-4347-8cd9-5799da807274","Market Yard Corner","18.4792","73.8581","VIT College","18.4635","73.8682","1","REJECTED","Please confirm pickup","No seats available","17","3518","2026-10-13T02:15:00.000Z","2026-09-20T19:30:00.000Z"
"c8a10905-7860-4eb2-a726-7f74c9fe25c3","3d41d947-5b7e-4b24-89c8-0a0b168fa8f3","7a49978a-5b30-4a61-89ea-d655c3a89110","VIT College","18.4635","73.8682","Balaji Nagar BRTS","18.4628","73.8577","1","ACCEPTED","Please confirm pickup","","64","3519","2026-10-15T04:00:00.000Z","2026-09-20T22:30:00.000Z"
"4c4b8fb7-55b4-4c5a-a3b4-1ca6436e9a43","c7b24a15-2300-43ef-8511-4d5e4039cf9c","53329683-b608-43d8-93dd-40f75fc7d319","Chintamani Nagar","18.4651","73.864","VIT College","18.4635","73.8682","1","PENDING","","","53","3520","2026-10-15T02:15:00.000Z","2026-09-20T13:30:00.000Z"
"ab5d1395-0651-49ba-a173-db43d5c37a28","bcb302ed-b8e1-4e7a-b9d9-9711e6345a1a","1d69f9fe-09f6-4a0a-8dc1-753c6b3015e6","VIT College","18.4635","73.8682","Lower Indira Nagar Stop","18.4718","73.8618","1","REJECTED","","No seats available","13","3521","2026-10-15T19:00:00.000Z","2026-09-21T04:30:00.000Z"
"bb14bc2f-b742-4a7f-b309-b24f7ea7e0b5","13ac3ac3-ca9a-4de6-a758-d65826cd9c6b","c366b16a-709a-4bd5-99f4-4d48e2a64d10","City Pride BRTS","18.4845","73.8583","VIT College","18.4635","73.8682","1","CANCELLED","I will wait at the hub","","12","3522","2026-10-17T22:15:00.000Z","2026-09-20T19:30:00.000Z"
"33eca203-8463-49c3-9439-8b541b4dcfdf","33bdd8b0-270a-4643-9f36-75481d848392","399cdebc-51c2-422b-87a5-220f8cc2d7ac","VIT College","18.4635","73.8682","Market Yard Corner","18.4792","73.8581","1","ACCEPTED","","","63","3523","2026-10-20T07:00:00.000Z","2026-09-20T11:30:00.000Z"
"05ad2169-6636-48dd-bde1-a5a8306e2a7b","2569287c-15b2-40a3-b5e8-0dafa32939b9","32c9560a-e267-4d5f-85c7-ca585ac3975e","City Pride BRTS","18.4845","73.8583","VIT College","18.4635","73.8682","1","CANCELLED","","","11","3524","2026-10-18T18:15:00.000Z","2026-09-21T02:30:00.000Z"
"1b621587-6c26-4835-8a46-7c3e67c08f31","9ecfe2b0-5e2d-4e84-a5cd-6839f27bdeaf","65caf2f5-0b5e-452f-a096-f7f73ba694f9","VIT College","18.4635","73.8682","Market Yard Corner","18.4792","73.8581","1","CANCELLED","","","8","3525","2026-10-21T10:00:00.000Z","2026-09-20T12:30:00.000Z"
"28116f2c-55a2-40d9-858f-2c38812ca23f","2195a3b0-f61c-4a52-8a25-6a6ed093f294","5a240b3c-f182-4a30-82d1-ae0f6586bff3","Laxmi Narayan Theatre","18.4965","73.8584","VIT College","18.4635","73.8682","1","ACCEPTED","Please confirm pickup","","21","3526","2026-10-20T03:15:00.000Z","2026-09-21T03:30:00.000Z"
"a3b118fa-aa9a-47b1-a7a5-b2d3c28a788b","6b4dac4b-18f4-4c19-a299-aa891d88d0ef","e16a421d-031b-47d3-936b-9d6bed68b285","VIT College","18.4635","73.8682","Bibwewadi Bus Stop","18.4792","73.8615","1","REJECTED","I will wait at the hub","No seats available","22","3527","2026-10-21T22:00:00.000Z","2026-09-21T06:30:00.000Z"
"965c2c1b-846a-46da-90ee-24e436b96561","a56af269-ecfc-444d-ae56-6f7c48cdc314","d04ea078-3e78-494d-83a0-92fee39d6bb7","Bibwewadi Bus Stop","18.4792","73.8615","VIT College","18.4635","73.8682","1","REJECTED","Please confirm pickup","No seats available","6","3528","2026-10-24T06:15:00.000Z","2026-09-20T18:30:00.000Z"
"e90168e0-3584-454c-a2f6-76e5360bec2d","e02c7b5c-d598-4cca-987c-7e5eeab092fd","b0ac27cd-c785-4a92-96f7-125faca0aafd","VIT College","18.4635","73.8682","Chintamani Nagar","18.4651","73.864","1","REJECTED","Please confirm pickup","No seats available","19","3529","2026-10-24T23:00:00.000Z","2026-09-21T02:30:00.000Z"
"4843bb13-0d6a-45c1-8a03-4087cc5d46d7","06ff1ac1-1cdd-4882-a3d4-05e2586953d8","f599bc96-4841-492f-a111-bec5b3b961ae","City Pride BRTS","18.4845","73.8583","VIT College","18.4635","73.8682","1","REJECTED","Please confirm pickup","No seats available","36","3530","2026-10-26T22:15:00.000Z","2026-09-20T10:30:00.000Z"
"bf549781-8286-4b16-bfec-285e7610e1bf","d0ec488d-7f75-4ee0-8089-7004c1751aa4","20b672de-a2b7-4ee4-8a1e-2dd98d7a3278","VIT College","18.4635","73.8682","Katraj Dairy BRTS","18.4508","73.8569","1","PENDING","","","18","3531","2026-10-27T11:00:00.000Z","2026-09-21T00:30:00.000Z"
"e07301f7-f759-484f-8d90-3ee8aa056a7e","84212ac4-5d8a-494b-9283-1b20b1a76cbd","e0a60ad9-cc73-4c06-a3f4-008b5f55a00b","Market Yard Corner","18.4792","73.8581","VIT College","18.4635","73.8682","1","REJECTED","I will wait at the hub","No seats available","11","3532","2026-10-26T16:15:00.000Z","2026-09-20T22:30:00.000Z"
"d3ec0210-424f-4f45-ada9-a13cbf56bf60","65de9618-15bc-453c-955c-fd27adf9016d","aa992245-dc20-4688-8711-279522417636","VIT College","18.4635","73.8682","Upper Indira Nagar Bus Depot","18.4682","73.8623","1","COMPLETED","I will wait at the hub","","23","3533","2026-10-28T00:00:00.000Z","2026-09-20T10:30:00.000Z"
"c6545a56-5790-4685-8b77-9cfd2015bf75","7f26a95b-2271-4604-96f8-020cce5b4e5a","3a674059-212e-43b5-bfeb-fc6ed59e20f7","Swargate BRTS Stop","18.4982","73.8588","VIT College","18.4635","73.8682","1","CANCELLED","Please confirm pickup","","11","3534","2026-10-30T07:15:00.000Z","2026-09-21T04:30:00.000Z"
"e91d6ebb-cbb6-4304-ad9f-d12c0cc35a63","19cf44e4-1c4e-447c-8642-a6400160c5f6","e49978a2-3a3c-40a9-aa44-f434bfa66b81","VIT College","18.4635","73.8682","Bibwewadi Bus Stop","18.4792","73.8615","1","PENDING","Please confirm pickup","","25","3535","2026-10-31T20:00:00.000Z","2026-09-20T10:30:00.000Z"
"e4739e39-a01e-41fc-bd67-847979c80ecf","d5f8b7ff-1ca7-4515-845e-2a47b27ebb3d","e338d25f-f71d-4949-82c9-72ff79bd50e0","Lower Indira Nagar Stop","18.4718","73.8618","VIT College","18.4635","73.8682","1","CANCELLED","Please confirm pickup","","13","3536","2026-10-31T12:15:00.000Z","2026-09-20T22:30:00.000Z"
"45a169a5-b6d7-435e-9146-b917af5f4bc1","72bb384d-a783-4648-9d05-e14a47cf3d8f","fd00b702-8bbe-4108-ab3e-1e21ba029f40","VIT College","18.4635","73.8682","Balaji Nagar BRTS","18.4628","73.8577","1","REJECTED","Please confirm pickup","No seats available","29","3537","2026-10-31T12:00:00.000Z","2026-09-20T17:30:00.000Z"
"1aafe4f3-cddb-4ad3-ab30-4f21429f8546","b2daa0a6-5836-4cf0-b8f5-5bde896f302b","b4c86de6-995d-4335-a3bb-265de522aecf","Swargate PMPML Main Bus Stand","18.4991","73.8583","VIT College","18.4635","73.8682","1","CANCELLED","I will wait at the hub","","71","3538","2026-11-03T03:15:00.000Z","2026-09-20T21:30:00.000Z"
"eb385b81-ff0d-47c7-941a-4080efedd920","7492c402-6884-42d7-b59a-744d9e152f50","c9ab0de5-362b-43a7-9367-b620469096dd","VIT College","18.4635","73.8682","Lower Indira Nagar Stop","18.4718","73.8618","1","REJECTED","","No seats available","5","3539","2026-11-04T08:00:00.000Z","2026-09-20T18:30:00.000Z"
"7a51fc40-7a44-4c58-bec3-cad835f947bc","69749b31-ab8f-465d-aeed-75509f596ee2","ec928319-dcb1-4ffc-9713-393fac2f402a","Bibwewadi Bus Stop","18.4792","73.8615","VIT College","18.4635","73.8682","1","ACCEPTED","","","68","3540","2026-08-07T10:15:00.000Z","2026-09-20T10:30:00.000Z"
"80030283-54be-4d62-b900-ff7c2bda2cb2","613ba694-3e7c-43c2-85d9-8c48e3915e08","4fee29cb-0687-44a2-9f09-3ba85cef33d1","VIT College","18.4635","73.8682","Bharati Vidyapeeth","18.456","73.8574","1","REJECTED","Please confirm pickup","No seats available","8","3541","2026-08-06T18:00:00.000Z","2026-09-20T14:30:00.000Z"
"347b6f96-edb2-471f-af5a-bfa73a74f773","ee8ac974-e22a-48eb-886a-1e97cec25f9b","9e5cb7c9-7ef5-48c4-9a63-9e419dbc1b10","Laxmi Narayan Theatre","18.4965","73.8584","VIT College","18.4635","73.8682","1","REJECTED","I will wait at the hub","No seats available","8","3542","2026-08-09T20:15:00.000Z","2026-09-21T06:30:00.000Z"
"6fd5dbeb-545d-4b73-ac07-a1c5ceb2711d","60be6092-85d6-46cb-86d2-64c2d92b96a5","8e8cd61b-b7bc-4aca-9fce-e812388f43cc","VIT College","18.4635","73.8682","Kashinath Patil Nagar Stop","18.4745","73.8631","1","PENDING","I will wait at the hub","","37","3543","2026-08-11T10:00:00.000Z","2026-09-20T12:30:00.000Z"
"e1ed9896-1944-4dd0-b0db-bc4c853bfbd9","21801c4b-5ec6-48d9-859b-744725bb4c6b","286cf4ab-43ca-4259-b0fc-da25195d0244","Panchami BRTS","18.4902","73.8586","VIT College","18.4635","73.8682","1","CANCELLED","Please confirm pickup","","29","3544","2026-08-11T00:15:00.000Z","2026-09-20T15:30:00.000Z"
"8b190abc-964e-44d4-bdb1-86fd53f3fadd","f8ef6e23-d0a7-498e-9054-ac248c942867","8574ead2-c80a-462a-8ad9-5f880cff1bd5","VIT College","18.4635","73.8682","Katraj Terminal","18.4471","73.8562","1","ACCEPTED","Please confirm pickup","","36","3545","2026-08-11T02:00:00.000Z","2026-09-21T01:30:00.000Z"
"1ace3483-1a06-423d-86bd-cbe02621b2ba","1f515b63-70bd-43ce-b2b6-42af637e7a4a","97e2c868-d328-4e04-a87f-cdd9bf32f321","Laxmi Narayan Theatre","18.4965","73.8584","VIT College","18.4635","73.8682","1","PENDING","","","27","3546","2026-08-12T04:15:00.000Z","2026-09-21T04:30:00.000Z"
"7745967b-451f-4151-aae4-d2133ca107be","62a6ad9d-040a-46b9-86a4-98e88b3b4478","6dbaac16-eca9-4619-9461-cf1f791691ff","VIT College","18.4635","73.8682","Bibwewadi Bus Stop","18.4792","73.8615","1","COMPLETED","I will wait at the hub","","25","3547","2026-08-13T10:00:00.000Z","2026-09-20T18:30:00.000Z"
"06be84b1-2460-402f-ae21-7e7959b74381","6fc8d650-22f8-42f1-b4c9-bdcadd3364d9","a0c0f44b-0991-4b2f-8eac-5c0f929d5d9a","Market Yard Corner","18.4792","73.8581","VIT College","18.4635","73.8682","1","CANCELLED","I will wait at the hub","","15","3548","2026-08-15T17:15:00.000Z","2026-09-21T00:30:00.000Z"
"6aeb3444-ec43-428e-b6e4-3a2ca4c4d1a9","e93b9a72-7b21-49b6-bce7-658180d0c954","93fc6c87-52d4-41ea-a349-e5ddc835fe35","VIT College","18.4635","73.8682","Bibwewadi Bus Stop","18.4792","73.8615","1","ACCEPTED","","","53","3549","2026-08-16T15:00:00.000Z","2026-09-20T19:30:00.000Z"
"441d0a1e-83c7-4aae-8c22-ecc9d19c892a","31c4e25f-857a-4921-b0e3-4b44ed68b09f","cba87ecd-54b1-4aae-9469-fa73c5a1965e","Bibwewadi Bus Stop","18.4792","73.8615","VIT College","18.4635","73.8682","1","REJECTED","Please confirm pickup","No seats available","29","3550","2026-08-17T04:15:00.000Z","2026-09-20T11:30:00.000Z"
"b36962b0-fdcb-4a9b-9315-2767ffd45c16","4ac163ce-436a-4798-8087-7007c8533bb9","7bb61148-2622-4c7a-a643-c561dfafb01a","VIT College","18.4635","73.8682","Kashinath Patil Nagar Stop","18.4745","73.8631","1","REJECTED","","No seats available","12","3551","2026-08-18T14:00:00.000Z","2026-09-21T02:30:00.000Z"
"07f337fd-d966-4380-929c-ca67a8c5fd6e","fbb01cb7-ffcc-4c55-bcb6-a3649322d9f7","c1485f8d-0ff6-4d51-a3fe-b9cc726fcca1","Lower Indira Nagar Stop","18.4718","73.8618","VIT College","18.4635","73.8682","1","REJECTED","Please confirm pickup","No seats available","26","3552","2026-08-18T13:15:00.000Z","2026-09-21T02:30:00.000Z"
"f3759003-a4bf-449e-9488-fd7af13c27ae","4e0d44dd-4e24-4759-80f9-aa605a9da707","52587ca0-dfe6-482f-bcac-5efecd9cb9c3","VIT College","18.4635","73.8682","Bibwewadi Bus Stop","18.4792","73.8615","1","CANCELLED","","","9","3553","2026-08-20T07:00:00.000Z","2026-09-21T03:30:00.000Z"
"08087098-155b-4abd-9500-046e636c37dd","df163bed-b810-40fd-a447-881153897bef","adfaa168-2d4e-439d-b336-2a1e0b068a71","Swargate PMPML Main Bus Stand","18.4991","73.8583","VIT College","18.4635","73.8682","1","PENDING","","","3","3554","2026-08-19T21:15:00.000Z","2026-09-20T19:30:00.000Z"
"5cb09435-b41e-4655-91ad-5e3c36b20cdd","6c7c1fe1-6540-4e1a-9e85-46a542e5a84b","bc632420-5e50-4e7f-82f8-381b3e8cb729","VIT College","18.4635","73.8682","Bharati Vidyapeeth","18.456","73.8574","1","REJECTED","I will wait at the hub","No seats available","23","3555","2026-08-22T16:00:00.000Z","2026-09-20T14:30:00.000Z"
"c061f9c3-67a9-44e3-8597-2cfeaf8caa48","ca344930-0efc-4f26-bc6f-a9006900db8e","c352d64d-d07b-4edc-951e-c01334524a56","Panchami BRTS","18.4902","73.8586","VIT College","18.4635","73.8682","1","ACCEPTED","","","9","3556","2026-08-23T00:15:00.000Z","2026-09-20T17:30:00.000Z"
"d7a550a2-ae7c-42b7-9ca6-006c23b75e6f","123e508f-3ea8-4690-9d05-50b9c726385e","4a67ecba-b514-4d87-beb3-0515635ecc2e","VIT College","18.4635","73.8682","KK Market BRTS","18.4683","73.8579","1","REJECTED","","No seats available","44","3557","2026-08-23T11:00:00.000Z","2026-09-20T15:30:00.000Z"
"846783c8-e9d0-4662-a4e9-d4bdfebcd6b9","2be199f1-236b-4c4c-95d5-07a1a637ba28","5a542579-2130-44d7-a1c7-dde5ad030d85","Chintamani Nagar","18.4651","73.864","VIT College","18.4635","73.8682","1","CANCELLED","I will wait at the hub","","24","3558","2026-08-23T02:15:00.000Z","2026-09-20T20:30:00.000Z"
"a3d5f9e3-f424-4f33-9fe6-734328674306","4f28a994-b09c-4eb8-a485-90791a66b290","48157b16-b775-431a-954d-8b033f391056","VIT College","18.4635","73.8682","Katraj Terminal","18.4471","73.8562","1","ACCEPTED","","","37","3559","2026-08-25T19:00:00.000Z","2026-09-20T11:30:00.000Z"
"c2c3e445-606b-4863-bcec-1aab0eb9c73e","486c7829-8841-4380-a7f0-e36a01eeca68","83beeb25-e5a8-4d3e-aab1-07e4280fae11","Market Yard Corner","18.4792","73.8581","VIT College","18.4635","73.8682","1","PENDING","Please confirm pickup","","8","3560","2026-08-26T18:15:00.000Z","2026-09-21T01:30:00.000Z"
"af5d5cfb-13ad-4710-8659-1d761b67a294","779af6dc-6f98-41d7-ab09-ee759fac0e2f","f16b2296-c08c-4229-b1cd-9d4425b7954a","VIT College","18.4635","73.8682","Kashinath Patil Nagar Stop","18.4745","73.8631","1","COMPLETED","I will wait at the hub","","18","3561","2026-08-28T18:00:00.000Z","2026-09-20T16:30:00.000Z"
"1c7cf538-aae6-48ee-962c-d60738db0912","5c8a72b3-0e4a-4109-b60b-3bbd846479c9","2f39eb16-ab4f-4c25-a572-9a7be1ef7dcd","Kashinath Patil Nagar Stop","18.4745","73.8631","VIT College","18.4635","73.8682","1","COMPLETED","Please confirm pickup","","14","3562","2026-08-28T06:15:00.000Z","2026-09-20T14:30:00.000Z"
"641dd260-1ef1-4133-a799-fe66f1d5fd3f","6c723a3b-9cf7-4c29-acea-b8e91eac6037","b9a94dba-cbdd-4dab-b668-c38541a542df","VIT College","18.4635","73.8682","Upper Indira Nagar Bus Depot","18.4682","73.8623","1","REJECTED","","No seats available","32","3563","2026-08-29T10:00:00.000Z","2026-09-20T23:30:00.000Z"
"deef7fa7-d702-4a25-8413-ec25f3a4c7f6","9ea78b52-e13e-41aa-b6e6-c6fb804b9d6a","91b6dba8-c5ee-49b6-8e0e-cdb6deb6d498","Kashinath Patil Nagar Stop","18.4745","73.8631","VIT College","18.4635","73.8682","1","COMPLETED","I will wait at the hub","","73","3564","2026-08-30T11:15:00.000Z","2026-09-21T04:30:00.000Z"
"5ef31185-f20d-4e01-8ff7-8131825ba264","c66dd1ed-18b4-4685-afa4-ba930d2ec6ae","5bfe2107-4596-4e4b-8e28-b4761607f7e9","VIT College","18.4635","73.8682","Upper Indira Nagar Bus Depot","18.4682","73.8623","1","CANCELLED","Please confirm pickup","","29","3565","2026-08-31T01:00:00.000Z","2026-09-21T05:30:00.000Z"
"46c2d5d2-8c81-4988-9005-ef33bbfedf24","4b422e98-d5a6-4579-aa76-42b78890e429","eb966ee8-6300-4734-85a3-fe051d2fa003","Swargate BRTS Stop","18.4982","73.8588","VIT College","18.4635","73.8682","1","REJECTED","Please confirm pickup","No seats available","5","3566","2026-09-01T09:15:00.000Z","2026-09-20T16:30:00.000Z"
"e9e2ce25-20bb-485d-bd9e-2a31bddd9df9","ba00c892-2844-4ab3-879b-9a9dc2b0af3f","b3149c9d-7e24-49af-9af5-ce51be3f88b9","VIT College","18.4635","73.8682","Shankar Maharaj Math","18.4735","73.8579","1","REJECTED","I will wait at the hub","No seats available","27","3567","2026-09-01T22:00:00.000Z","2026-09-20T12:30:00.000Z"
"6d471004-1178-457f-94d9-9f27dbf368aa","3b1db765-fbbb-466f-a731-bc05630e3858","5b200900-fdec-42f4-bd7a-10e50182556a","City Pride BRTS","18.4845","73.8583","VIT College","18.4635","73.8682","1","COMPLETED","I will wait at the hub","","28","3568","2026-09-03T19:15:00.000Z","2026-09-20T23:30:00.000Z"
"b69eed6f-33df-4053-b33a-0de274059104","1b8a5b75-d5a5-49f6-a51f-892105a811d8","ff4be7d8-c958-42da-b75f-f3df6987f079","VIT College","18.4635","73.8682","Balaji Nagar BRTS","18.4628","73.8577","1","PENDING","","","18","3569","2026-09-04T01:00:00.000Z","2026-09-20T23:30:00.000Z"
"58d2b808-82bc-4174-a6c5-a5f8cd0f774a","5b9cb057-d1d3-4cf0-ad40-f0f71cabc014","abc3a47b-8ad1-4b85-9c68-7d9ca2c6091e","Laxmi Narayan Theatre","18.4965","73.8584","VIT College","18.4635","73.8682","1","REJECTED","","No seats available","21","3570","2026-09-05T14:15:00.000Z","2026-09-20T23:30:00.000Z"
"ccb5a6ee-0b61-4848-a5ab-b54aa15bd39b","45ab89bc-1712-4465-8ccc-7655a5de55f9","a4e13249-216e-49cd-8abf-6f5bd9c3fe4c","VIT College","18.4635","73.8682","Market Yard Corner","18.4792","73.8581","1","CANCELLED","Please confirm pickup","","15","3571","2026-09-05T13:00:00.000Z","2026-09-21T04:30:00.000Z"
"b8e22b28-2b8e-4719-9e67-c377deeb3fe4","6db03bbb-4d28-4aa6-ab41-981cd5606957","9449171f-669b-4ae3-8a11-85c2698005b4","Market Yard Corner","18.4792","73.8581","VIT College","18.4635","73.8682","1","CANCELLED","Please confirm pickup","","26","3572","2026-09-08T22:15:00.000Z","2026-09-20T10:30:00.000Z"
"520e7a22-bfa6-4545-8f03-2d8f09a4cee8","60ddfbc2-dcb5-4b92-a7c4-51c191b4a376","7b50af0a-e87a-4600-b547-06ff9da50ada","VIT College","18.4635","73.8682","Katraj Dairy BRTS","18.4508","73.8569","1","REJECTED","I will wait at the hub","No seats available","24","3573","2026-09-09T04:00:00.000Z","2026-09-21T00:30:00.000Z"
"a23d2e39-f351-402c-9d31-2ace65b1c875","c9a57223-aeb8-4e50-9854-0070f3c536ba","49e5dc79-ab6d-4188-9d10-62c1b84c7f5c","Panchami BRTS","18.4902","73.8586","VIT College","18.4635","73.8682","1","PENDING","Please confirm pickup","","2","3574","2026-09-09T04:15:00.000Z","2026-09-20T10:30:00.000Z"
"c89021f0-524c-460f-86d7-9e7f0ce96a37","9ee59e35-056b-4d71-ac1c-341202fb26ed","b9d9e60d-de32-4732-8eb8-480e0e81bcbf","VIT College","18.4635","73.8682","Chintamani Nagar","18.4651","73.864","1","REJECTED","Please confirm pickup","No seats available","1","3575","2026-09-10T06:00:00.000Z","2026-09-20T20:30:00.000Z"
"fab3427e-1259-4ec9-875d-54166b5d837f","95e93a87-27ee-4ca0-b3cd-8695eb53eb78","15d12fa2-5285-4e19-a290-344ead002d9f","City Pride BRTS","18.4845","73.8583","VIT College","18.4635","73.8682","1","REJECTED","","No seats available","15","3576","2026-09-11T15:15:00.000Z","2026-09-20T13:30:00.000Z"
"b3edfdb2-6f07-47cc-bffd-d889fc41291b","0065da03-c4a0-463b-bbce-a338e78a7abd","772a4089-be1c-415b-9115-5af745dcbd7e","VIT College","18.4635","73.8682","Bibwewadi Bus Stop","18.4792","73.8615","1","ACCEPTED","","","9","3577","2026-09-12T14:00:00.000Z","2026-09-20T14:30:00.000Z"
"6e6202c1-d371-47d9-9634-180e8f94f391","f2388f06-651a-4bbc-844e-a18f213c7c17","dae29690-62f3-4202-8961-05b05ec7dcc6","Kashinath Patil Nagar Stop","18.4745","73.8631","VIT College","18.4635","73.8682","1","REJECTED","Please confirm pickup","No seats available","3","3578","2026-09-12T07:15:00.000Z","2026-09-21T03:30:00.000Z"
"1f22fe1f-10dc-4900-9a96-9eb1821b5e89","9ccd89c5-9b93-4a5e-94b7-69b12d8c1962","b53fb963-29ea-4299-915f-2cf34647fe2b","VIT College","18.4635","73.8682","Chintamani Nagar","18.4651","73.864","1","CANCELLED","I will wait at the hub","","18","3579","2026-09-14T08:00:00.000Z","2026-09-20T15:30:00.000Z"
"4511932d-6979-4806-be0e-ead59d416149","80f4cb7d-0003-407e-aa9f-5d4d85dac997","02927b89-ffa8-40e0-963e-2651a35e576d","Chintamani Nagar","18.4651","73.864","VIT College","18.4635","73.8682","1","CANCELLED","Please confirm pickup","","56","3580","2026-09-16T23:15:00.000Z","2026-09-21T00:30:00.000Z"
"88eaf6bd-a346-4350-9e82-359697b6f9c4","79b43ff4-87f4-4ace-8679-16b42cb33ad5","aa3e3c66-ecde-4e1f-9ce3-1617c0ecdcef","VIT College","18.4635","73.8682","Katraj Dairy BRTS","18.4508","73.8569","1","CANCELLED","I will wait at the hub","","6","3581","2026-09-17T14:00:00.000Z","2026-09-20T18:30:00.000Z"
"5bd63606-06b1-4d75-96a4-3399928d1a5c","6f535cbb-80e2-4968-bcd9-f7016b177cae","e0ad93ac-7350-43c7-be63-6b8925810342","Laxmi Narayan Theatre","18.4965","73.8584","VIT College","18.4635","73.8682","1","REJECTED","","No seats available","22","3582","2026-09-18T18:15:00.000Z","2026-09-21T01:30:00.000Z"
"05b2971b-1d6e-4eea-89a3-3cca08055a3f","23626a72-9385-46f6-a839-c14d118dd91b","1734859f-c79f-4dfa-95dd-e252c5d669fc","VIT College","18.4635","73.8682","Lower Indira Nagar Stop","18.4718","73.8618","1","REJECTED","Please confirm pickup","No seats available","28","3583","2026-09-19T13:00:00.000Z","2026-09-20T10:30:00.000Z"
"df1954be-a29c-4321-88da-f02725ab7cc6","ba7bfc1b-25ba-4a42-a0a3-a144d7ec29ae","3a8f1c12-2394-4eb5-8694-7152af59c7d0","Upper Indira Nagar Bus Depot","18.4682","73.8623","VIT College","18.4635","73.8682","1","PENDING","","","39","3584","2026-09-20T00:15:00.000Z","2026-09-21T04:30:00.000Z"
"335ebf8c-523f-4e95-832a-ca5596bcac2f","f7c3edde-8d74-4490-afc2-6830ce3be3e9","443d0a1a-c4da-4cf7-9517-4c02de0dff9c","VIT College","18.4635","73.8682","Balaji Nagar BRTS","18.4628","73.8577","1","CANCELLED","","","37","3585","2026-09-21T20:00:00.000Z","2026-09-21T06:30:00.000Z"
"40e8a33e-707b-4015-8ae1-c41bb6cd5cef","383334eb-8e6f-45e0-a74f-f27d7923a853","5c76a658-080e-4482-b7f5-3c04ef99ff4f","Swargate PMPML Main Bus Stand","18.4991","73.8583","VIT College","18.4635","73.8682","1","REJECTED","Please confirm pickup","No seats available","6","3586","2026-09-21T00:15:00.000Z","2026-09-20T17:30:00.000Z"
"cdc97484-a643-48c8-84a4-b2371119d225","f7b6f59b-ebce-4ea1-a91a-c0ed82b55535","fa4b13bc-6768-4b5d-843e-2b8836ed9113","VIT College","18.4635","73.8682","Kashinath Patil Nagar Stop","18.4745","73.8631","1","PENDING","","","26","3587","2026-09-21T13:00:00.000Z","2026-09-20T22:30:00.000Z"
"6a131195-10ad-47fe-82ff-46e9336edc86","77248a4c-1d18-46aa-bda2-50badfa9a128","2139d70e-ad87-4ff0-985d-00ddaa9d1f33","Swargate BRTS Stop","18.4982","73.8588","VIT College","18.4635","73.8682","1","COMPLETED","Please confirm pickup","","12","3588","2026-09-23T19:15:00.000Z","2026-09-21T02:30:00.000Z"
"4c46f767-779f-494f-9edd-5cda2378b990","0e23714a-8fc8-4516-913a-d61ce96d2f6c","916eed74-db65-4e11-bce1-ffc16e674a10","VIT College","18.4635","73.8682","Katraj Terminal","18.4471","73.8562","1","COMPLETED","","","30","3589","2026-09-25T22:00:00.000Z","2026-09-21T04:30:00.000Z"
"0f1792dc-2daa-4ffd-bd93-68eebdb053b8","659bb4cc-28f2-40ec-9aa2-12bca3d2f4c6","bab50b6c-7a07-4417-adaf-0a3f199ba726","Swargate PMPML Main Bus Stand","18.4991","73.8583","VIT College","18.4635","73.8682","1","REJECTED","Please confirm pickup","No seats available","28","3590","2026-09-26T15:15:00.000Z","2026-09-20T11:30:00.000Z"
"5f594d0c-b080-490b-bd94-7d4314415a1a","a040ab92-a6d6-4fa4-8342-cb29cac3e2b3","7f819a59-7908-47e3-8d88-f31823ce6b9f","VIT College","18.4635","73.8682","Upper Indira Nagar Bus Depot","18.4682","73.8623","1","PENDING","Please confirm pickup","","4","3591","2026-09-28T01:00:00.000Z","2026-09-21T02:30:00.000Z"
"99feac6e-ebc3-437c-ae07-e024acd31b42","797003c1-bbcb-4d03-8990-1644062bd768","fa8313a6-d0cd-4c89-ac5a-1bcf559767e4","Swargate BRTS Stop","18.4982","73.8588","VIT College","18.4635","73.8682","1","COMPLETED","","","28","3592","2026-09-27T04:15:00.000Z","2026-09-20T21:30:00.000Z"
"2e1edec1-0081-41fa-ad93-eca597737ae8","efbb5164-3247-4ace-bf91-60acbfeffdd1","25e86fcd-e6f3-4cae-abe5-69da8dc4879a","VIT College","18.4635","73.8682","KK Market BRTS","18.4683","73.8579","1","CANCELLED","I will wait at the hub","","27","3593","2026-09-30T06:00:00.000Z","2026-09-21T04:30:00.000Z"
"a9b16952-7c91-468b-924f-2d2b09e25428","26051dbe-7196-4480-9f96-304a9a97e6a6","7ecb9a58-e71e-47e3-b199-1b14f78ab1cd","City Pride BRTS","18.4845","73.8583","VIT College","18.4635","73.8682","1","PENDING","Please confirm pickup","","25","3594","2026-09-28T13:15:00.000Z","2026-09-20T18:30:00.000Z"
"1ef063ab-2bd8-49b5-b870-4b7c01c703af","9b0536cc-3796-4542-a244-927ad576e6cb","61a5fb10-8cc3-48db-a009-2fdb4eb9c378","VIT College","18.4635","73.8682","Market Yard Corner","18.4792","73.8581","1","REJECTED","","No seats available","28","3595","2026-10-01T09:00:00.000Z","2026-09-21T03:30:00.000Z"
"81fb417e-bee6-4d31-99d9-7c1fd503e042","b8e91512-a362-4886-a19a-d3890cbb5545","11e76d6b-888c-4c86-a3f2-2d4bab255598","Swargate PMPML Main Bus Stand","18.4991","73.8583","VIT College","18.4635","73.8682","1","REJECTED","I will wait at the hub","No seats available","6","3596","2026-09-30T10:15:00.000Z","2026-09-20T17:30:00.000Z"
"8eba2540-dd0c-4937-9c00-de8760ec892d","84e3ef14-da9e-426d-9e7d-2c0ac184c535","38d92c3f-f6e4-4c90-add9-6f5ecbcd5bde","VIT College","18.4635","73.8682","Katraj Dairy BRTS","18.4508","73.8569","1","CANCELLED","Please confirm pickup","","68","3597","2026-10-01T20:00:00.000Z","2026-09-20T21:30:00.000Z"
"3d08fe66-8eb0-41dd-99ca-a3c81c712e73","0b5519b2-104f-4bca-b458-64f4400b8d97","5b9101ca-8247-4c12-bf7c-68abf2b98166","Kashinath Patil Nagar Stop","18.4745","73.8631","VIT College","18.4635","73.8682","1","COMPLETED","Please confirm pickup","","34","3598","2026-10-04T12:15:00.000Z","2026-09-20T13:30:00.000Z"
"b84ae4cc-7af4-4dca-95e8-a1de8ec75d8a","8032cd99-e12f-4ec2-9569-017e1ae509a9","95204930-6f62-4024-8493-801a30e46f1a","VIT College","18.4635","73.8682","Market Yard Corner","18.4792","73.8581","1","PENDING","I will wait at the hub","","79","3599","2026-10-05T10:00:00.000Z","2026-09-20T15:30:00.000Z"
"94100148-41a7-425d-a0ca-b74bbf28456b","56b7d79f-522f-4f5a-8729-1e0fc9091cab","ce05a8a6-09ab-4705-92d1-3f61a51fd69d","Panchami BRTS","18.4902","73.8586","VIT College","18.4635","73.8682","1","REJECTED","Please confirm pickup","No seats available","24","3600","2026-10-05T06:15:00.000Z","2026-09-21T04:30:00.000Z"
"8f1ee4f3-b22d-4021-ac2b-65bf3022270c","f15d4dc8-30c1-4d57-b9f7-d956cd6d67cb","2f12a413-553c-4203-bffb-955e3123875f","VIT College","18.4635","73.8682","Lower Indira Nagar Stop","18.4718","73.8618","1","CANCELLED","I will wait at the hub","","23","3601","2026-10-06T03:00:00.000Z","2026-09-20T22:30:00.000Z"
"ef3dc668-1ae7-4bb3-b372-5bee8c7a096b","61821a7c-59ee-49c4-9f97-33222e7a3e05","7a6f894d-c3ee-4aa4-a5c8-b62bdfa18164","Panchami BRTS","18.4902","73.8586","VIT College","18.4635","73.8682","1","CANCELLED","I will wait at the hub","","47","3602","2026-10-07T01:15:00.000Z","2026-09-21T00:30:00.000Z"
"a3426c5c-d877-4f07-aaa2-14b683d913f2","56c03a0f-fed6-4ca7-82c5-f3d96fb219b8","f0be6e7d-be56-4dae-a215-ca68d901c731","VIT College","18.4635","73.8682","Kashinath Patil Nagar Stop","18.4745","73.8631","1","REJECTED","I will wait at the hub","No seats available","14","3603","2026-10-10T11:00:00.000Z","2026-09-20T16:30:00.000Z"
"e7fa4718-4937-4506-a67b-72d4835a6ceb","ae5704d3-79c1-48bf-b46d-1a276feed183","6afa4784-41a5-471b-8dbf-dcd4ef8d1af1","Swargate PMPML Main Bus Stand","18.4991","73.8583","VIT College","18.4635","73.8682","1","CANCELLED","Please confirm pickup","","13","3604","2026-10-08T11:15:00.000Z","2026-09-20T17:30:00.000Z"
"c2b443f2-c56f-449e-96aa-e77c0ee3eaab","9b4e14f4-6393-478e-9967-9ba1024e5111","ef881127-bf53-4e44-ac88-4d08e32ca7a0","VIT College","18.4635","73.8682","Balaji Nagar BRTS","18.4628","73.8577","1","PENDING","","","20","3605","2026-10-11T21:00:00.000Z","2026-09-21T03:30:00.000Z"
"d5c6e6ca-8c4b-4867-a6c6-5c71d637f209","9ee17578-577a-4d17-91ea-a1862a7bb957","b2a75502-d4ef-429e-8b73-61e440e0983f","Upper Indira Nagar Bus Depot","18.4682","73.8623","VIT College","18.4635","73.8682","1","PENDING","I will wait at the hub","","16","3606","2026-10-10T06:15:00.000Z","2026-09-21T02:30:00.000Z"
"120b97bd-cc44-4982-93e2-2ab960340c56","cc7a7726-535c-4056-bf4a-94ef2b88d03d","b3d23434-7107-4dee-ad1b-eebdb7958392","VIT College","18.4635","73.8682","Shankar Maharaj Math","18.4735","73.8579","1","PENDING","Please confirm pickup","","19","3607","2026-10-12T20:00:00.000Z","2026-09-20T11:30:00.000Z"
"9c3cb3fe-e496-4547-8a6c-0f6164b7cff2","72bf91fc-d001-4a56-82a4-d1eb501ba250","24d2a11e-ee6c-4f5b-80ff-7fb9eb39ac32","Market Yard Corner","18.4792","73.8581","VIT College","18.4635","73.8682","1","ACCEPTED","Please confirm pickup","","20","3608","2026-10-13T23:15:00.000Z","2026-09-21T00:30:00.000Z"
"8cee61e0-0f3d-42d5-9ed6-c2fce991234f","b57bb7d4-6e87-4871-8a6a-4e0c24c47d5e","37b52895-1597-4763-836c-78a8301f11b4","VIT College","18.4635","73.8682","Bharati Vidyapeeth","18.456","73.8574","1","COMPLETED","","","71","3609","2026-10-13T19:00:00.000Z","2026-09-20T22:30:00.000Z"
"72735c42-1ebf-41af-86a4-53ff0f6dbb74","de3d37bf-00e4-47d1-a5dc-f06a4ad52cc9","5adcb3aa-a473-41ba-8a29-2fa570db158b","Market Yard Corner","18.4792","73.8581","VIT College","18.4635","73.8682","1","REJECTED","Please confirm pickup","No seats available","18","3610","2026-10-14T16:15:00.000Z","2026-09-20T17:30:00.000Z"
"af4ce692-dbc3-4a01-af73-7fb522a8200d","f411ea9b-73d0-472c-95c5-b62213b7b36a","3e9526f5-f65f-4da1-a2b1-553ce23973f7","VIT College","18.4635","73.8682","Lower Indira Nagar Stop","18.4718","73.8618","1","REJECTED","Please confirm pickup","No seats available","20","3611","2026-10-16T22:00:00.000Z","2026-09-20T23:30:00.000Z"
"e54c3543-7628-4ad3-8d7f-fc6077904d65","b8d59a45-5514-4c99-8110-80bd75766604","fbb85f19-6812-469a-9a7e-c060b8e1330e","Market Yard Corner","18.4792","73.8581","VIT College","18.4635","73.8682","1","REJECTED","","No seats available","21","3612","2026-10-17T08:15:00.000Z","2026-09-21T04:30:00.000Z"
"8b7da997-8130-4819-9885-aea2a5e307b2","aeda5618-e936-41db-9c78-baceabe60e7c","4e00ed27-5fe2-4835-b43b-aad7700f4e90","VIT College","18.4635","73.8682","Lower Indira Nagar Stop","18.4718","73.8618","1","REJECTED","","No seats available","6","3613","2026-10-17T14:00:00.000Z","2026-09-21T02:30:00.000Z"
"73adb4e0-11df-4c71-b714-718f4529e2dd","94cdd2bb-0863-4cd7-88f6-01b233e9a98e","85802130-aece-4a5c-b091-be9de76fa62e","Market Yard Corner","18.4792","73.8581","VIT College","18.4635","73.8682","1","CANCELLED","","","16","3614","2026-10-20T00:15:00.000Z","2026-09-20T14:30:00.000Z"
"1de209bb-4421-4e13-828f-ad839723bd6f","7c208ee0-ee1a-43cd-8991-2b2d1517daa1","1e8f38cb-b0ae-4701-9268-3c8e55456ef9","VIT College","18.4635","73.8682","KK Market BRTS","18.4683","73.8579","1","REJECTED","Please confirm pickup","No seats available","30","3615","2026-10-19T20:00:00.000Z","2026-09-20T16:30:00.000Z"
"ffcd48ce-9287-4279-8f89-149f405d6eb1","9e62d7b8-e849-4ca3-a5d9-64e5775dbaee","033a0415-353b-46da-a08f-1e6fb661c073","Kashinath Patil Nagar Stop","18.4745","73.8631","VIT College","18.4635","73.8682","1","PENDING","","","43","3616","2026-10-20T20:15:00.000Z","2026-09-21T03:30:00.000Z"
"d9cbc10d-bf42-4fc3-ad7d-ff39708eebe3","b5eb8212-e82e-482e-ad38-6ab2bbb79976","09fad991-eb28-483c-a92f-412d005f86e1","VIT College","18.4635","73.8682","Market Yard Corner","18.4792","73.8581","1","CANCELLED","I will wait at the hub","","18","3617","2026-10-21T13:00:00.000Z","2026-09-20T12:30:00.000Z"
"d38c2d7e-1098-4a25-b919-be02f9f404a5","468c8426-089c-4852-8bb4-b6e8e1d9b359","47cbbcf7-3a62-4033-9a9b-5d2ebe48617b","Market Yard Corner","18.4792","73.8581","VIT College","18.4635","73.8682","1","REJECTED","","No seats available","21","3618","2026-10-24T23:15:00.000Z","2026-09-20T16:30:00.000Z"
"9cac6ef2-732c-4cc0-8a5f-9da1ba4a20a8","763a762e-7137-41f7-965b-987915935713","ab1c3a5c-50fe-4a26-b80d-4cd36938d001","VIT College","18.4635","73.8682","Katraj Dairy BRTS","18.4508","73.8569","1","COMPLETED","","","79","3619","2026-10-26T08:00:00.000Z","2026-09-21T01:30:00.000Z"
"0edf2e85-16b6-4ea9-92a2-ee457f21540c","3f85d0fe-d505-450d-8f11-ecd7bded9f18","c2109785-34d1-4db4-83fd-a38a96ff6385","Market Yard Corner","18.4792","73.8581","VIT College","18.4635","73.8682","1","ACCEPTED","I will wait at the hub","","26","3620","2026-10-24T02:15:00.000Z","2026-09-20T10:30:00.000Z"
"07c19ccb-b60a-421b-b9aa-1f159316268b","18534323-4c1a-42b5-a4dc-3c856f3ec8fb","3f9c3912-4b7f-4630-8ee8-ef4328f8653a","VIT College","18.4635","73.8682","Katraj Terminal","18.4471","73.8562","1","PENDING","","","26","3621","2026-10-28T11:00:00.000Z","2026-09-20T16:30:00.000Z"
"37e65125-bf08-4003-b2c6-e09b0fa74174","3c834951-4aec-45a4-8748-bd87d62f01f9","d6e02938-24dd-495b-9cf8-9fdde224b304","Bibwewadi Bus Stop","18.4792","73.8615","VIT College","18.4635","73.8682","1","REJECTED","Please confirm pickup","No seats available","21","3622","2026-10-27T01:15:00.000Z","2026-09-20T13:30:00.000Z"
"057efee0-3332-4b53-b761-fc3946f2c71e","e95fdd7d-c8c4-4511-847f-3c16f8ef073a","165aff37-2b73-412f-8558-09a275acac4f","VIT College","18.4635","73.8682","Market Yard Corner","18.4792","73.8581","1","REJECTED","Please confirm pickup","No seats available","25","3623","2026-10-27T12:00:00.000Z","2026-09-20T14:30:00.000Z"
"a14e0629-6bf9-42b7-8516-7ad691f2b777","96d05428-1969-43da-b74a-ede422582c45","921d32f1-c9a7-43cd-89fc-af62a5d8d609","Swargate PMPML Main Bus Stand","18.4991","73.8583","VIT College","18.4635","73.8682","1","REJECTED","Please confirm pickup","No seats available","8","3624","2026-10-30T00:15:00.000Z","2026-09-20T14:30:00.000Z"
"d32b6e63-b778-4faa-9dcd-af2c4fa35300","fb4759b7-dc26-4c49-ba24-4223ea1311a3","cd22228b-a880-42a9-b5b5-fa0701f9c386","VIT College","18.4635","73.8682","Kashinath Patil Nagar Stop","18.4745","73.8631","1","REJECTED","I will wait at the hub","No seats available","12","3625","2026-10-30T13:00:00.000Z","2026-09-20T15:30:00.000Z"
"794a0f5a-7c4d-4dea-9f38-c24924955cb8","024a0e49-d344-43eb-bb9a-842b30d830b2","46c4f251-86ea-4605-9b4a-0a7b31ba73c3","Swargate BRTS Stop","18.4982","73.8588","VIT College","18.4635","73.8682","1","REJECTED","Please confirm pickup","No seats available","23","3626","2026-10-31T12:15:00.000Z","2026-09-21T03:30:00.000Z"
"2e8507f5-866e-4b40-aaa2-a0ae42b5e39b","9406b3b7-8f8c-46b1-8a1d-31da7b01ed0f","e3132854-383b-4d80-b4f9-344261841ff2","VIT College","18.4635","73.8682","Bibwewadi Bus Stop","18.4792","73.8615","1","REJECTED","I will wait at the hub","No seats available","17","3627","2026-11-02T16:00:00.000Z","2026-09-21T01:30:00.000Z"
"ec4bda5e-136f-4928-9a55-6d54c2712219","84be5a55-e829-48c8-ab27-ca6cdff57bb7","4f582076-f405-4dad-b185-9ae556fcc905","Swargate BRTS Stop","18.4982","73.8588","VIT College","18.4635","73.8682","1","PENDING","Please confirm pickup","","18","3628","2026-11-01T12:15:00.000Z","2026-09-21T06:30:00.000Z"
"6522bebe-60a7-4f5b-8072-93cbdd3b3578","dd8a93a1-6a2b-4e4a-8bad-33c62546942a","df141c8b-23ed-41b3-b69d-5959a4d5207e","VIT College","18.4635","73.8682","Shankar Maharaj Math","18.4735","73.8579","1","ACCEPTED","I will wait at the hub","","48","3629","2026-11-04T23:00:00.000Z","2026-09-20T13:30:00.000Z"
"d3524300-acf0-443b-8dad-df643100b755","a67ab61c-bb46-417e-9943-dabd0408943b","c69150f8-4df1-4f92-9ee7-62209c9db1a6","Lower Indira Nagar Stop","18.4718","73.8618","VIT College","18.4635","73.8682","1","ACCEPTED","Please confirm pickup","","36","3630","2026-08-06T22:15:00.000Z","2026-09-20T12:30:00.000Z"
"90192b2a-b3d2-42d1-99c1-1fb62a1ce4b0","8a209adb-8837-4493-aae6-9a4974952f22","e03cedeb-5d97-4486-a7eb-252b7e1f718a","VIT College","18.4635","73.8682","Shankar Maharaj Math","18.4735","73.8579","1","ACCEPTED","I will wait at the hub","","25","3631","2026-08-09T06:00:00.000Z","2026-09-20T18:30:00.000Z"
"04423813-e05b-4390-b93c-f356009746ab","3b08269e-3c34-4c2b-83dd-f90ea857bc90","efd497f5-8ba1-4dd5-bcea-20a21ad4b890","Laxmi Narayan Theatre","18.4965","73.8584","VIT College","18.4635","73.8682","1","ACCEPTED","I will wait at the hub","","28","3632","2026-08-08T08:15:00.000Z","2026-09-21T00:30:00.000Z"
"b4689faa-9169-4f67-9d27-e9ede34e5000","f95b602c-ebc1-4afa-93cb-c23b4f87d0c4","30545805-3fe4-4f18-a8a2-8dccf5ff02fd","VIT College","18.4635","73.8682","Balaji Nagar BRTS","18.4628","73.8577","1","REJECTED","I will wait at the hub","No seats available","2","3633","2026-08-09T23:00:00.000Z","2026-09-21T04:30:00.000Z"
"6482bfb0-3a79-4087-b7d8-138d78c94c8c","f78ce3e9-cfc3-4da4-856f-bd789a920ba8","0ab4c678-1df8-414b-9f8b-66facfcdbc01","Swargate BRTS Stop","18.4982","73.8588","VIT College","18.4635","73.8682","1","REJECTED","","No seats available","79","3634","2026-08-10T05:15:00.000Z","2026-09-21T03:30:00.000Z"
"51a02980-3a4d-4eed-8a53-5ede9b5740c7","f3c80668-b5bc-4b28-8409-aa52172c2319","0be154a0-2b93-4226-ac8a-ca86dcf33409","VIT College","18.4635","73.8682","Lower Indira Nagar Stop","18.4718","73.8618","1","REJECTED","I will wait at the hub","No seats available","29","3635","2026-08-12T10:00:00.000Z","2026-09-20T15:30:00.000Z"
"2a57df8d-5d25-4a17-baf9-bef3c4c34da7","6a1e5e22-9695-41fc-a0b5-73377192b276","8c232265-ccb7-492a-b875-50ee8bc45208","Chintamani Nagar","18.4651","73.864","VIT College","18.4635","73.8682","1","PENDING","I will wait at the hub","","20","3636","2026-08-12T01:15:00.000Z","2026-09-21T05:30:00.000Z"
"c1feccbe-a3e0-460f-bd4f-2affdb9b1497","47daf1e2-49a7-4733-bda8-1503d592742f","cb1a579d-c56d-40e0-b768-2d2229dc4a47","VIT College","18.4635","73.8682","Market Yard Corner","18.4792","73.8581","1","ACCEPTED","Please confirm pickup","","57","3637","2026-08-14T10:00:00.000Z","2026-09-21T04:30:00.000Z"
"4d4fd1d0-207c-4c3c-ad76-f1838d7673b6","11a65f74-bb06-4b9e-b312-7fa0c89dd3f6","4bc51cf7-3d71-496c-b2e9-01f1fd8c725a","Swargate BRTS Stop","18.4982","73.8588","VIT College","18.4635","73.8682","1","ACCEPTED","Please confirm pickup","","57","3638","2026-08-15T08:15:00.000Z","2026-09-21T05:30:00.000Z"
"100a2ede-a4b3-439e-a965-d12921a2d434","899f027c-f213-466b-8a98-1687b4746bca","87c9b6ae-2c7c-4de8-9450-1bd9d4cd713c","VIT College","18.4635","73.8682","KK Market BRTS","18.4683","73.8579","1","ACCEPTED","","","76","3639","2026-08-15T02:00:00.000Z","2026-09-21T02:30:00.000Z"
"6008af14-4640-40d2-9a05-85b4243b7af6","5109e657-8a30-45b3-9ea4-35ee109c2708","4cc1b8ef-4224-4c25-a72f-a96bb3963a45","City Pride BRTS","18.4845","73.8583","VIT College","18.4635","73.8682","1","ACCEPTED","Please confirm pickup","","19","3640","2026-08-16T11:15:00.000Z","2026-09-20T16:30:00.000Z"
"a6d7c52a-b9f8-4a60-aa53-61e822b70055","ec16c5ca-3405-49a3-ad78-f1f074513ee9","d2298097-598d-4264-8db3-a0e927ab6ed1","VIT College","18.4635","73.8682","Katraj Dairy BRTS","18.4508","73.8569","1","CANCELLED","I will wait at the hub","","68","3641","2026-08-18T22:00:00.000Z","2026-09-20T23:30:00.000Z"
"47a12eed-c3a6-48b0-8180-c852bfd725ab","1e39df68-34c9-4d9c-bcf7-0a13e977d751","856c5003-10e0-491c-b001-245c65a8fb4b","Bibwewadi Bus Stop","18.4792","73.8615","VIT College","18.4635","73.8682","1","REJECTED","","No seats available","8","3642","2026-08-17T03:15:00.000Z","2026-09-21T01:30:00.000Z"
"95209ebc-fc8e-4be0-b9a0-0ae8c4fe7a48","7eb746e6-367d-42d6-a42d-bef110f307cf","613365a0-56e0-41a2-a7c9-48b35ec746a1","VIT College","18.4635","73.8682","Bharati Vidyapeeth","18.456","73.8574","1","PENDING","Please confirm pickup","","25","3643","2026-08-18T13:00:00.000Z","2026-09-20T10:30:00.000Z"
"504e18e7-2298-43a4-8204-f1fe777f4f15","3bec7c23-4114-4d6d-a2a8-0d9bb3bf20ad","ce3592dc-d951-4134-a2cd-52dbc233a3f4","Laxmi Narayan Theatre","18.4965","73.8584","VIT College","18.4635","73.8682","1","ACCEPTED","","","2","3644","2026-08-19T21:15:00.000Z","2026-09-20T12:30:00.000Z"
"4ad008c0-fb67-43fa-afff-8e7b91223aaa","47a9d685-3ee4-4c75-a812-d1b50858bd9d","a6724b4c-1f36-4019-9072-772bbdeeca30","VIT College","18.4635","73.8682","Lower Indira Nagar Stop","18.4718","73.8618","1","REJECTED","Please confirm pickup","No seats available","24","3645","2026-08-22T06:00:00.000Z","2026-09-21T01:30:00.000Z"
"d7a11639-757b-4fdd-b974-2505cb2e9d69","61abd12f-67f8-4d49-a1fc-8dba24a42604","2d02ada0-aefc-4d76-9f2f-c57bee3201ac","Kashinath Patil Nagar Stop","18.4745","73.8631","VIT College","18.4635","73.8682","1","CANCELLED","I will wait at the hub","","48","3646","2026-08-23T04:15:00.000Z","2026-09-20T11:30:00.000Z"
"9d861e0b-3379-4054-8f2f-b28d8727a8d1","3eda466b-bfae-4cb7-b413-2599e536b7b7","81dfda4a-3ec9-4eae-a7f1-0692e03bb1d0","VIT College","18.4635","73.8682","Lower Indira Nagar Stop","18.4718","73.8618","1","REJECTED","I will wait at the hub","No seats available","5","3647","2026-08-24T09:00:00.000Z","2026-09-20T22:30:00.000Z"
"e24f6ddf-2921-4c4d-80f2-10da4da232a1","c0301d26-daa4-4399-9270-dc6177aab1b6","71cd4f7b-3e01-44d7-9657-d28c4544f992","Market Yard Corner","18.4792","73.8581","VIT College","18.4635","73.8682","1","REJECTED","Please confirm pickup","No seats available","26","3648","2026-08-25T14:15:00.000Z","2026-09-20T12:30:00.000Z"
"c78d6afc-db55-47cf-84e3-7e2afc7340d7","793bea38-1f4c-456f-9990-b9f065e182bc","29bb8b65-a83a-4f6b-b7c4-0a86fd9b82a1","VIT College","18.4635","73.8682","Market Yard Corner","18.4792","73.8581","1","CANCELLED","","","20","3649","2026-08-26T12:00:00.000Z","2026-09-20T10:30:00.000Z"
"279627c2-c1eb-40d6-bbf0-55e690751c5d","ca7305d3-a75d-450e-ae5b-5f0014793ce5","db6d13c6-50ea-4ee7-98cb-daab8b877783","Lower Indira Nagar Stop","18.4718","73.8618","VIT College","18.4635","73.8682","1","PENDING","","","25","3650","2026-08-26T12:15:00.000Z","2026-09-20T20:30:00.000Z"
"1ce37ef0-9dfe-4287-b7f4-02e2d8a98b41","4128e4e5-ee69-4513-9798-384bd7040a26","ada304c3-1114-48bb-bacb-69446eecee2a","VIT College","18.4635","73.8682","Bharati Vidyapeeth","18.456","73.8574","1","REJECTED","","No seats available","26","3651","2026-08-28T08:00:00.000Z","2026-09-20T12:30:00.000Z"
"658c984f-bdd0-4426-8c80-d2e7fe2b484d","7437b5cf-b16c-4674-b563-f539b54b1fdc","3857e3b0-5efa-484e-a045-2777f41b2610","Panchami BRTS","18.4902","73.8586","VIT College","18.4635","73.8682","1","CANCELLED","","","25","3652","2026-08-29T21:15:00.000Z","2026-09-21T04:30:00.000Z"
"7f45f14d-6dfe-4559-ba2a-13e49f8dfcb5","d4cce896-01e7-49b9-94f4-749b28d388f7","24be40cc-fd8a-4efb-95f0-6ec1a107c563","VIT College","18.4635","73.8682","Lower Indira Nagar Stop","18.4718","73.8618","1","REJECTED","Please confirm pickup","No seats available","27","3653","2026-08-30T16:00:00.000Z","2026-09-21T03:30:00.000Z"
"4b017436-dbab-4b85-b45d-061a8e51507a","2d370a77-728c-4c29-b9e9-705407dbf878","6aa130d0-4c4b-48c2-bc80-80079a81385f","Chintamani Nagar","18.4651","73.864","VIT College","18.4635","73.8682","1","REJECTED","","No seats available","30","3654","2026-08-29T14:15:00.000Z","2026-09-20T20:30:00.000Z"
"2f6f4cb1-115c-4036-988c-2aea63b4b66a","445347b0-7a06-421e-8abc-0e6b0ca2cda1","998a2999-5be3-435d-8015-2a973a6e97cc","VIT College","18.4635","73.8682","KK Market BRTS","18.4683","73.8579","1","COMPLETED","Please confirm pickup","","17","3655","2026-09-01T00:00:00.000Z","2026-09-20T15:30:00.000Z"
"facd36d1-e642-4d11-b30c-6cedaef017d6","494f77c5-5f85-4e36-bc59-f97e2d7f57aa","5d577020-68d2-4a61-b36d-861bf1486666","Upper Indira Nagar Bus Depot","18.4682","73.8623","VIT College","18.4635","73.8682","1","COMPLETED","I will wait at the hub","","45","3656","2026-09-02T18:15:00.000Z","2026-09-20T12:30:00.000Z"
"2a60ec4d-74c7-49d1-b4bb-0804304c7acb","480684cd-dae5-4327-b00b-69d3eb097200","c4023d4b-7895-4d6b-ba0a-7cbce21340b7","VIT College","18.4635","73.8682","Kashinath Patil Nagar Stop","18.4745","73.8631","1","CANCELLED","","","8","3657","2026-09-02T17:00:00.000Z","2026-09-20T14:30:00.000Z"
"3f4e39b5-307b-4d65-a00d-41c43bd40035","9da840fd-ef4f-4741-be55-aa89b3798220","e163653a-9bbe-4e9d-81ab-acf5fb7c4166","Lower Indira Nagar Stop","18.4718","73.8618","VIT College","18.4635","73.8682","1","CANCELLED","I will wait at the hub","","11","3658","2026-09-03T21:15:00.000Z","2026-09-20T23:30:00.000Z"
"109c3122-a15f-4444-b83e-20daa0a28ed1","2b7f065f-d763-4c8d-81d5-29d53b346904","b3224a72-ff85-487a-a6c9-b6a1e3beb8dc","VIT College","18.4635","73.8682","Market Yard Corner","18.4792","73.8581","1","REJECTED","","No seats available","20","3659","2026-09-05T16:00:00.000Z","2026-09-21T06:30:00.000Z"
"112ea1dc-5b27-4fb2-9e2b-9faf2afe71d2","c47f6ff6-c48b-437f-aa20-f26fe4c69d61","d4a58744-1f9c-4554-9321-1fd9d20b1035","City Pride BRTS","18.4845","73.8583","VIT College","18.4635","73.8682","1","CANCELLED","I will wait at the hub","","45","3660","2026-09-05T16:15:00.000Z","2026-09-20T22:30:00.000Z"
"13908045-fcbf-4858-b805-b020f9123796","9268a873-7503-443f-bbaa-0c851e3c8710","917b003b-c912-4ed9-afb7-f7eba33fcb14","VIT College","18.4635","73.8682","Katraj Terminal","18.4471","73.8562","1","REJECTED","Please confirm pickup","No seats available","6","3661","2026-09-06T01:00:00.000Z","2026-09-20T11:30:00.000Z"
"4f3e3fbf-729c-4bf1-bfdf-1dc3dbb033b8","f32b0f87-d50d-47ef-8801-3ef854a3bc8b","08fe57ab-1152-4527-a359-68c4e78e68d5","Upper Indira Nagar Bus Depot","18.4682","73.8623","VIT College","18.4635","73.8682","1","CANCELLED","I will wait at the hub","","25","3662","2026-09-07T21:15:00.000Z","2026-09-21T02:30:00.000Z"
"e1f78a3b-45f0-4dff-ad88-06671e4f1694","87201639-8ebc-4525-aa9b-ce9afa61685b","984e14a4-a27e-416c-9397-0cf2fb53101f","VIT College","18.4635","73.8682","Bibwewadi Bus Stop","18.4792","73.8615","1","REJECTED","","No seats available","11","3663","2026-09-09T05:00:00.000Z","2026-09-20T23:30:00.000Z"
"d5d9f962-231e-4d5e-99a7-f448064f29ab","f57e7154-e4f2-437f-a78f-c51a03797777","0c422408-fcb3-49ec-919b-15b6c943586f","Bibwewadi Bus Stop","18.4792","73.8615","VIT College","18.4635","73.8682","1","CANCELLED","","","54","3664","2026-09-08T14:15:00.000Z","2026-09-20T20:30:00.000Z"
"a48ca2e0-5ebd-44d4-a9b4-73d3562a4c9e","6fd7a87f-0aa1-48e0-adaa-d5da43ad6451","b1b24393-ed6c-4074-a261-01b7aa240011","VIT College","18.4635","73.8682","Shankar Maharaj Math","18.4735","73.8579","1","REJECTED","I will wait at the hub","No seats available","30","3665","2026-09-10T13:00:00.000Z","2026-09-20T17:30:00.000Z"
"6fa9cc2a-3c5f-4e19-87a0-e3050bd0b958","3e0e06e4-85e8-4288-8bad-8664a9d67a1c","ff933861-ecae-470a-9ee4-3663e749fdbc","Swargate PMPML Main Bus Stand","18.4991","73.8583","VIT College","18.4635","73.8682","1","REJECTED","","No seats available","2","3666","2026-09-12T20:15:00.000Z","2026-09-20T15:30:00.000Z"
"f6520e07-70c0-40c3-9d87-2b761120b894","c727bebc-b6c3-4381-a2a9-ca3880b69d66","15ef891e-746f-4219-8638-297ada541a3a","VIT College","18.4635","73.8682","Bharati Vidyapeeth","18.456","73.8574","1","REJECTED","Please confirm pickup","No seats available","21","3667","2026-09-11T19:00:00.000Z","2026-09-20T15:30:00.000Z"
"ccc41418-8ed1-4c01-a126-89dc3c49e92b","4c964aa8-81a3-4de0-94ef-579a0c5c6534","e1b6b10d-5653-452d-a57d-24e8752b2f52","City Pride BRTS","18.4845","73.8583","VIT College","18.4635","73.8682","1","REJECTED","Please confirm pickup","No seats available","9","3668","2026-09-13T13:15:00.000Z","2026-09-20T22:30:00.000Z"
"8191b7c7-c241-4669-aaee-768396f9c0ef","3598018d-5e4e-4cf8-84e1-59b7ba318250","9beabcea-410e-43e0-9c0e-c32f2476c785","VIT College","18.4635","73.8682","Lower Indira Nagar Stop","18.4718","73.8618","1","REJECTED","I will wait at the hub","No seats available","19","3669","2026-09-16T11:00:00.000Z","2026-09-20T13:30:00.000Z"
"7fa1b7c9-94af-47fa-811a-6d6a6409b6f2","9bc4bf71-8a47-4617-a4fa-55226b71e106","2cb66b98-63d0-4a21-a9ed-c884d238b71c","Market Yard Corner","18.4792","73.8581","VIT College","18.4635","73.8682","1","COMPLETED","I will wait at the hub","","21","3670","2026-09-14T14:15:00.000Z","2026-09-20T11:30:00.000Z"
"8d773fc8-9bb5-4fb8-a127-625055d7cfd2","1c60a801-e745-43f1-9be4-4fbe68af7d2e","d022c9ae-ee6b-4085-b2c1-11a5c9e6c784","VIT College","18.4635","73.8682","Lower Indira Nagar Stop","18.4718","73.8618","1","CANCELLED","","","12","3671","2026-09-15T19:00:00.000Z","2026-09-21T01:30:00.000Z"
"386617b9-0bae-4452-a047-f25e55142c11","78207ebf-2ad0-49ac-929a-37a5983883c9","7cbb830b-c6bc-4fec-a09b-14b8c825bef8","Bibwewadi Bus Stop","18.4792","73.8615","VIT College","18.4635","73.8682","1","PENDING","I will wait at the hub","","22","3672","2026-09-17T13:15:00.000Z","2026-09-20T18:30:00.000Z"
"bd37125e-6269-4710-a8d3-96168c6fa992","61ba6f8f-0984-4158-a063-dfb56bdeaf3f","523365f0-54d7-48ce-b828-50e1b0a2737e","VIT College","18.4635","73.8682","Bibwewadi Bus Stop","18.4792","73.8615","1","REJECTED","Please confirm pickup","No seats available","2","3673","2026-09-19T23:00:00.000Z","2026-09-20T14:30:00.000Z"
"900cb681-61e1-4fb4-ad43-b78d602effee","9f78ead0-be12-4ff7-a015-b4241037f0ee","1386d7bb-79eb-4e36-b78d-7ac74357b589","Bibwewadi Bus Stop","18.4792","73.8615","VIT College","18.4635","73.8682","1","PENDING","Please confirm pickup","","15","3674","2026-09-20T08:15:00.000Z","2026-09-20T10:30:00.000Z"
"75234f4a-988e-46f5-951d-ce8b02174d2a","647fbd36-865a-44b2-a6ca-97a8134efdbd","bf4c6c59-6b96-40c9-9575-8528b27b985c","VIT College","18.4635","73.8682","Lower Indira Nagar Stop","18.4718","73.8618","1","REJECTED","Please confirm pickup","No seats available","42","3675","2026-09-19T12:00:00.000Z","2026-09-21T05:30:00.000Z"
"643cc297-b243-4969-81f4-3ba0674d23df","2d1152c7-b18b-447e-b33f-474373a3a54c","b5e29269-7643-45b9-ac7a-a2ccd2b93983","Upper Indira Nagar Bus Depot","18.4682","73.8623","VIT College","18.4635","73.8682","1","COMPLETED","Please confirm pickup","","27","3676","2026-09-21T11:15:00.000Z","2026-09-20T17:30:00.000Z"
"a8601eeb-fc4f-4324-8c2f-ef3c38da1e57","321dd256-34c6-426c-a9fb-5330efa1eacb","0d570a75-885b-4a1d-a33c-3705d1a1e89a","VIT College","18.4635","73.8682","KK Market BRTS","18.4683","73.8579","1","REJECTED","I will wait at the hub","No seats available","30","3677","2026-09-22T03:00:00.000Z","2026-09-20T23:30:00.000Z"
"2db43f0f-942a-4ef3-9e4d-2f2b77dc8f38","7e64c46a-fefa-4b79-b67b-e53022d6ee16","91bce675-58bc-4bd2-b962-52dc6f401671","City Pride BRTS","18.4845","73.8583","VIT College","18.4635","73.8682","1","REJECTED","","No seats available","26","3678","2026-09-24T11:15:00.000Z","2026-09-21T06:30:00.000Z"
"5bd084ce-25a4-4d23-a1b5-557b35b54f03","8652bdd3-afc3-4084-ac55-bfdba3ec9456","edb3c65f-3d50-40e9-9a77-b8be3c596e3d","VIT College","18.4635","73.8682","Bibwewadi Bus Stop","18.4792","73.8615","1","CANCELLED","Please confirm pickup","","13","3679","2026-09-25T23:00:00.000Z","2026-09-21T06:30:00.000Z"
"ff162972-153c-41f6-9e01-b27031885ddc","2cf0d245-75fc-4d62-99a4-7dd92de50866","36032724-576b-47c8-a7f3-a44c9abca1ae","Bibwewadi Bus Stop","18.4792","73.8615","VIT College","18.4635","73.8682","1","REJECTED","Please confirm pickup","No seats available","3","3680","2026-09-26T17:15:00.000Z","2026-09-20T10:30:00.000Z"
"2ffed2a9-3445-4c3f-9f72-152f85af3b8f","bc556f6c-6978-4504-9c39-035c36506fb1","d52bd72b-f975-4a9d-a394-ead49b80912b","VIT College","18.4635","73.8682","Katraj Dairy BRTS","18.4508","73.8569","1","REJECTED","","No seats available","45","3681","2026-09-25T19:00:00.000Z","2026-09-20T19:30:00.000Z"
"2c07be32-3110-4a01-99ad-cf5d5348d755","47272ea0-551f-40f7-aa8a-a097d4d9f0ef","2611b03a-dd3f-4f47-9599-e17430f77e92","Panchami BRTS","18.4902","73.8586","VIT College","18.4635","73.8682","1","REJECTED","I will wait at the hub","No seats available","15","3682","2026-09-26T10:15:00.000Z","2026-09-21T06:30:00.000Z"
"ab201c0c-2a4f-4a79-9496-86b711a0a912","03049748-8647-4ae0-b12d-9b08d872fc52","fe0b23a7-80b0-4776-aec0-0e53d369acc1","VIT College","18.4635","73.8682","Upper Indira Nagar Bus Depot","18.4682","73.8623","1","COMPLETED","Please confirm pickup","","59","3683","2026-09-27T22:00:00.000Z","2026-09-20T16:30:00.000Z"
"2eb08011-2535-489d-ba60-748f2401b83c","573dcd31-9475-4757-9b21-d3e643f57981","8db40dff-f7cd-4508-9c85-9ffd35177784","Swargate PMPML Main Bus Stand","18.4991","73.8583","VIT College","18.4635","73.8682","1","PENDING","I will wait at the hub","","39","3684","2026-09-29T03:15:00.000Z","2026-09-20T17:30:00.000Z"
"ecd876d2-edc9-48fb-accd-87588ea1fa66","45e48165-8985-4179-915e-31d805c0a0f3","18da61b6-4b5b-4090-ae04-48fad27b6a3d","VIT College","18.4635","73.8682","Kashinath Patil Nagar Stop","18.4745","73.8631","1","PENDING","I will wait at the hub","","59","3685","2026-10-02T04:00:00.000Z","2026-09-21T01:30:00.000Z"
"158616ad-ed54-45c1-9806-9f243a3c9c9c","24dc9163-9ce5-4c0c-8c34-a56d2cc8f211","5b1a8339-482f-4cfd-adca-c91175dce9e8","Chintamani Nagar","18.4651","73.864","VIT College","18.4635","73.8682","1","REJECTED","Please confirm pickup","No seats available","22","3686","2026-09-30T10:15:00.000Z","2026-09-20T23:30:00.000Z"
"e9791cce-9763-437d-8ab3-fd589bc64619","ea51276c-85f2-4321-8507-f25560305fa6","71828ca0-ebd4-4211-ba24-a16f7159e15d","VIT College","18.4635","73.8682","Chintamani Nagar","18.4651","73.864","1","PENDING","","","6","3687","2026-10-04T09:00:00.000Z","2026-09-20T11:30:00.000Z"
"4c5a235b-0f13-4e36-a46e-dc94a462f285","74092570-9774-4439-804a-1b315983c620","52467296-cc1a-4959-869c-83e18fa9c89e","Bibwewadi Bus Stop","18.4792","73.8615","VIT College","18.4635","73.8682","1","CANCELLED","","","0","3688","2026-10-03T20:15:00.000Z","2026-09-21T00:30:00.000Z"
"78a39fbd-24e9-4f8d-b0d9-c250a0e0d7eb","ce465963-95c0-4597-b8d8-0dd28570177e","53476aa4-9daa-46aa-9332-69d4a4566a3d","VIT College","18.4635","73.8682","Market Yard Corner","18.4792","73.8581","1","PENDING","Please confirm pickup","","63","3689","2026-10-04T21:00:00.000Z","2026-09-20T21:30:00.000Z"
"91a66dc6-307c-45cf-b99a-52590d1a7ce9","494c8c31-9e2f-4096-b1cf-82afdb419a7d","219ae89a-62d9-41de-a1e7-1597cd661ca8","Lower Indira Nagar Stop","18.4718","73.8618","VIT College","18.4635","73.8682","1","REJECTED","Please confirm pickup","No seats available","47","3690","2026-10-06T08:15:00.000Z","2026-09-21T06:30:00.000Z"
"7f1ab377-3417-4f09-9028-755ffb1fe831","f30d5c5e-a395-4da6-bbaf-035e6f0cb35d","97169492-6066-4681-a1f9-9a132e78bbd1","VIT College","18.4635","73.8682","Katraj Dairy BRTS","18.4508","73.8569","1","COMPLETED","","","13","3691","2026-10-07T17:00:00.000Z","2026-09-21T06:30:00.000Z"
"e49068ab-350b-41b6-bebe-cafff012a132","a58e41bc-61fd-4737-a86d-0a92678c3d18","2e418ffb-eadd-4fa8-bcec-343dbb54e803","Upper Indira Nagar Bus Depot","18.4682","73.8623","VIT College","18.4635","73.8682","1","REJECTED","Please confirm pickup","No seats available","0","3692","2026-10-06T23:15:00.000Z","2026-09-20T12:30:00.000Z"
"5ef0284d-b7de-498e-bf7d-703e24c7c16e","a437d2bc-a591-44b0-afe5-a063b7c225fb","4aeb0ba0-1769-494f-8568-1d022bba57f2","VIT College","18.4635","73.8682","Upper Indira Nagar Bus Depot","18.4682","73.8623","1","REJECTED","Please confirm pickup","No seats available","9","3693","2026-10-07T15:00:00.000Z","2026-09-20T21:30:00.000Z"
"1b9578c4-eb94-4af4-b934-acc9a421c045","a78d791c-8e7a-42ab-881f-1dc2a831fd6a","67279c91-e351-4505-a0ca-11fce52988a2","Swargate BRTS Stop","18.4982","73.8588","VIT College","18.4635","73.8682","1","COMPLETED","Please confirm pickup","","32","3694","2026-10-09T13:15:00.000Z","2026-09-21T03:30:00.000Z"
"14d23ace-e6c0-4eb0-b50b-c37b91c46161","1850d338-37ef-4053-bdfb-d5978c01f00d","3abf2f35-867e-4d12-a3c6-7fad053953bd","VIT College","18.4635","73.8682","Kashinath Patil Nagar Stop","18.4745","73.8631","1","CANCELLED","I will wait at the hub","","22","3695","2026-10-10T04:00:00.000Z","2026-09-21T05:30:00.000Z"
"beb2e351-a160-4e28-b43e-aab199cb982f","e31fc4bb-cdc8-4e7d-8a43-5bb3d7a7ec05","0c83d7c7-d302-4b47-8f0b-a78f47b02764","Chintamani Nagar","18.4651","73.864","VIT College","18.4635","73.8682","1","REJECTED","I will wait at the hub","No seats available","9","3696","2026-10-10T11:15:00.000Z","2026-09-20T23:30:00.000Z"
"ac62c922-8eaf-4dfc-b0c3-baccadca6d01","6a22328d-e5e6-42a9-94a8-c0904a2c3cda","689f14ae-a33d-4e68-bcf5-198a44130c16","VIT College","18.4635","73.8682","Chintamani Nagar","18.4651","73.864","1","PENDING","","","45","3697","2026-10-12T01:00:00.000Z","2026-09-21T01:30:00.000Z"
"82848a6e-3e67-4471-a74c-73506285dd25","940a7d89-c63d-4c3b-91b5-37a833ad79d8","6749e4f8-e2cb-4c58-93fc-57494a89bdad","Laxmi Narayan Theatre","18.4965","73.8584","VIT College","18.4635","73.8682","1","REJECTED","Please confirm pickup","No seats available","65","3698","2026-10-12T16:15:00.000Z","2026-09-20T13:30:00.000Z"
"6e21dad7-26af-45c9-b509-ca9e7ee77b4a","38ffd950-0f67-4e04-93b7-e980bd273ec8","c483836d-7edf-44cf-a968-8b0306198075","VIT College","18.4635","73.8682","Chintamani Nagar","18.4651","73.864","1","COMPLETED","","","17","3699","2026-10-14T23:00:00.000Z","2026-09-21T02:30:00.000Z"
"f9ba80a8-655c-479f-b4be-9a3ac610f347","c61a8cb1-83b0-4d98-8449-3370b046ab58","12ddd1f5-2725-4446-9809-0de923c60573","Swargate PMPML Main Bus Stand","18.4991","73.8583","VIT College","18.4635","73.8682","1","CANCELLED","","","6","3700","2026-10-16T00:15:00.000Z","2026-09-20T16:30:00.000Z"
"b5c90799-c6a6-4e23-b7b2-f95670a21525","f5b0b1ea-eb7a-4f5d-8aa9-d69957cf7089","8f953396-84b2-41a6-a56b-cbfd7dc18157","VIT College","18.4635","73.8682","Upper Indira Nagar Bus Depot","18.4682","73.8623","1","CANCELLED","Please confirm pickup","","1","3701","2026-10-17T13:00:00.000Z","2026-09-21T06:30:00.000Z"
"202b79d9-c203-4112-b4dc-fc2d7b8e34fe","15d45307-fed3-4bdb-866b-9f6b6a9ba459","cfec5b2a-0d9d-4378-b72b-26a6872f2b3a","City Pride BRTS","18.4845","73.8583","VIT College","18.4635","73.8682","1","PENDING","I will wait at the hub","","64","3702","2026-10-16T07:15:00.000Z","2026-09-21T04:30:00.000Z"
"68ea49e7-c5c7-4977-b4fe-24f238d53569","bb58bb6f-adce-444a-a750-290b8a824c31","1f4600a9-443c-419b-9d1a-685629408e0a","VIT College","18.4635","73.8682","Shankar Maharaj Math","18.4735","73.8579","1","PENDING","Please confirm pickup","","7","3703","2026-10-19T21:00:00.000Z","2026-09-21T04:30:00.000Z"
"a1e4d96d-f25f-454f-9232-af0401bb7c84","7016b242-6649-49e9-a1cc-bf7da9bdc38f","f293731d-64c9-4dc8-a30d-f5172ef2ce1e","Laxmi Narayan Theatre","18.4965","73.8584","VIT College","18.4635","73.8682","1","PENDING","Please confirm pickup","","6","3704","2026-10-18T18:15:00.000Z","2026-09-20T16:30:00.000Z"
"8bd6719f-039d-4b67-95b1-2cf5776f1991","3e8cfa3d-2406-4b8f-9a6d-acad97626e1d","229ca7a7-5513-4f42-9ef4-2390c8285215","VIT College","18.4635","73.8682","Katraj Dairy BRTS","18.4508","73.8569","1","ACCEPTED","I will wait at the hub","","34","3705","2026-10-21T01:00:00.000Z","2026-09-20T10:30:00.000Z"
"4baaf088-431c-492f-9fa6-27faa8fdce45","9217ac94-f6b0-43fc-aee4-4cf346eda130","d10309b4-cd0a-44fb-b502-63090cb23495","Swargate BRTS Stop","18.4982","73.8588","VIT College","18.4635","73.8682","1","CANCELLED","I will wait at the hub","","61","3706","2026-10-22T00:15:00.000Z","2026-09-20T18:30:00.000Z"
"6148a32b-12fe-4bc1-a370-343b5e79dfa3","689c53e4-8aac-4964-9019-81cb42a05b1c","59fd1ae0-7135-47e3-b51b-37d92557542d","VIT College","18.4635","73.8682","KK Market BRTS","18.4683","73.8579","1","PENDING","","","15","3707","2026-10-23T05:00:00.000Z","2026-09-21T05:30:00.000Z"
"aa97fbdb-9617-41ba-b987-b63b3ba6edaa","1aeca1e3-79fa-419b-9cde-f4eaa84962b4","05e3c6c3-c662-4d71-a22e-2f6abe452e90","Lower Indira Nagar Stop","18.4718","73.8618","VIT College","18.4635","73.8682","1","REJECTED","","No seats available","1","3708","2026-10-22T03:15:00.000Z","2026-09-20T19:30:00.000Z"
"4a35b84d-d880-4616-884f-a5fc67caaf20","3a859328-7f23-4cfe-9b9f-f6ac03b38c72","fd0ae9bd-2b4a-4bdb-b003-728318b36973","VIT College","18.4635","73.8682","Bibwewadi Bus Stop","18.4792","73.8615","1","ACCEPTED","Please confirm pickup","","16","3709","2026-10-25T21:00:00.000Z","2026-09-21T00:30:00.000Z"
"24813693-4e79-4af0-b901-2d48cff6b411","dda36a99-8f79-486e-a3c8-987bfd597aaf","3f9fca15-c0f0-4b4b-b617-dfdcac65c8ed","Lower Indira Nagar Stop","18.4718","73.8618","VIT College","18.4635","73.8682","1","REJECTED","I will wait at the hub","No seats available","6","3710","2026-10-26T02:15:00.000Z","2026-09-20T21:30:00.000Z"
"8fac361f-14c5-4dd6-bd47-cc3779c06197","1a6d0ddb-0a21-4e22-a778-feec7593a8ec","4edeb0bf-7259-4a78-a36d-e652c8861873","VIT College","18.4635","73.8682","Market Yard Corner","18.4792","73.8581","1","COMPLETED","Please confirm pickup","","9","3711","2026-10-26T12:00:00.000Z","2026-09-20T19:30:00.000Z"
"12d9e67d-5732-4288-8b6b-af3279ffe937","c299be04-b39c-48c8-98e9-4a55c2d28319","bffb4bf3-10a3-4ff1-bb55-ffc7725007e9","Bibwewadi Bus Stop","18.4792","73.8615","VIT College","18.4635","73.8682","1","PENDING","Please confirm pickup","","13","3712","2026-10-28T16:15:00.000Z","2026-09-20T10:30:00.000Z"
"79de1648-b7b1-45b6-a3f3-97ed95ac28b3","3732b093-70ba-495d-a692-a7697e735853","0195616c-ec89-4a4d-8990-b9d0d41435fa","VIT College","18.4635","73.8682","Lower Indira Nagar Stop","18.4718","73.8618","1","CANCELLED","I will wait at the hub","","11","3713","2026-10-29T13:00:00.000Z","2026-09-20T14:30:00.000Z"
"fca0f5cf-29fc-4270-b5c8-9dc511781001","06cf39e4-50a4-4a5a-9542-4ae24fbb9656","1137a11d-2e66-45ed-b840-8d12e6722bfa","Swargate PMPML Main Bus Stand","18.4991","73.8583","VIT College","18.4635","73.8682","1","COMPLETED","Please confirm pickup","","80","3714","2026-10-28T08:15:00.000Z","2026-09-20T10:30:00.000Z"
"30c7f3ec-30f7-44c5-ad5d-709329734b27","42d378f6-d06f-4f67-9f13-7027408cf060","8005e16b-eaf8-45be-b4d8-a5fcd5431201","VIT College","18.4635","73.8682","Upper Indira Nagar Bus Depot","18.4682","73.8623","1","CANCELLED","Please confirm pickup","","79","3715","2026-10-31T10:00:00.000Z","2026-09-21T03:30:00.000Z"
"8b5adb8e-9de3-461a-999e-cdb0a690c879","14eb1a28-5f82-44af-be8d-6d15951dc525","0b95ee62-3f26-4837-bdb3-8120bae0deda","Market Yard Corner","18.4792","73.8581","VIT College","18.4635","73.8682","1","COMPLETED","Please confirm pickup","","55","3716","2026-10-30T20:15:00.000Z","2026-09-20T15:30:00.000Z"
"5fe1ccda-ce5e-42dd-bfa5-26e9baaea137","8e183fad-80e2-48bc-89c9-d67aab15f33a","c2483f77-a251-4434-8d94-6a2c53e2d38e","VIT College","18.4635","73.8682","Chintamani Nagar","18.4651","73.864","1","CANCELLED","","","3","3717","2026-11-01T13:00:00.000Z","2026-09-20T14:30:00.000Z"
"e67f0469-c478-4264-ad05-c37e9a032238","8408664b-7bc4-4224-ac8b-ed4156801209","442efbff-6f39-436d-bf7a-2cbb6404a6ed","Chintamani Nagar","18.4651","73.864","VIT College","18.4635","73.8682","1","ACCEPTED","I will wait at the hub","","47","3718","2026-11-03T18:15:00.000Z","2026-09-20T15:30:00.000Z"
"bfb84699-71bd-46a3-80be-69f71b329224","2c9e1fdd-08ea-4c4a-a54d-c58e8fd95e8b","687e3195-2599-427f-a4e3-990ead4c2985","VIT College","18.4635","73.8682","Katraj Terminal","18.4471","73.8562","1","ACCEPTED","","","67","3719","2026-11-02T13:00:00.000Z","2026-09-20T21:30:00.000Z"
"e2af5489-9048-4a75-b3a9-533a5c6c0996","258d1ca8-d15a-452a-ba4f-c23278b566ce","04bfe73e-1142-4d3f-8bbf-57dbee041dd2","Market Yard Corner","18.4792","73.8581","VIT College","18.4635","73.8682","1","COMPLETED","Please confirm pickup","","22","3720","2026-08-05T19:15:00.000Z","2026-09-20T16:30:00.000Z"
"c2fe902b-60c1-44d2-81b2-6f7310db6ef6","e1262640-ccda-40aa-a383-ad2e18be6cad","856b4feb-c8f1-4731-b41e-d21be114be5d","VIT College","18.4635","73.8682","Balaji Nagar BRTS","18.4628","73.8577","1","COMPLETED","I will wait at the hub","","28","3721","2026-08-09T04:00:00.000Z","2026-09-20T10:30:00.000Z"
"551130ed-00ba-4afc-8f35-f3afe794710a","21fc868b-ac9d-42be-a214-c167879e7982","a2cb33f4-0739-4e42-9665-4bae72ebfb2a","Upper Indira Nagar Bus Depot","18.4682","73.8623","VIT College","18.4635","73.8682","1","REJECTED","Please confirm pickup","No seats available","17","3722","2026-08-07T16:15:00.000Z","2026-09-21T05:30:00.000Z"
"3aeb4a33-ceed-4f7e-a91e-3091ee16f748","ba7df89c-952c-4176-a7b7-fea11ad2aaa4","e9ac0d57-c267-41a2-84aa-846e6f118304","VIT College","18.4635","73.8682","Bibwewadi Bus Stop","18.4792","73.8615","1","CANCELLED","","","17","3723","2026-08-11T03:00:00.000Z","2026-09-20T17:30:00.000Z"
"49f73f91-3b14-4aa4-b057-d02d57db9d14","26a7eaa0-3a59-4a12-9e36-51785f3959d6","fa7fbc07-c93a-4085-a4f5-6f1e0fc83121","Chintamani Nagar","18.4651","73.864","VIT College","18.4635","73.8682","1","REJECTED","I will wait at the hub","No seats available","29","3724","2026-08-10T07:15:00.000Z","2026-09-20T20:30:00.000Z"
"ad805593-daa0-41f4-8974-589eb9aab5bb","885427c4-99dc-406a-a0a5-d62cca318453","40ae73ca-67b2-4b5e-97c1-474a92b2d8d3","VIT College","18.4635","73.8682","Upper Indira Nagar Bus Depot","18.4682","73.8623","1","REJECTED","Please confirm pickup","No seats available","15","3725","2026-08-11T10:00:00.000Z","2026-09-21T02:30:00.000Z"
"ef889586-4875-4e06-87b4-7576fd4168e0","ab008c01-0b88-4f94-a86a-934b489d9c8b","f03cb019-ecb8-42fc-ad8b-4be7116d9966","Swargate BRTS Stop","18.4982","73.8588","VIT College","18.4635","73.8682","1","CANCELLED","I will wait at the hub","","80","3726","2026-08-11T05:15:00.000Z","2026-09-21T05:30:00.000Z"
"66517cd3-79d4-45db-9770-3adfbbcec69d","bf4ced24-626d-4556-bd49-3987a714020a","73c6ef3d-a748-4db3-bd54-68c614823c0d","VIT College","18.4635","73.8682","Katraj Terminal","18.4471","73.8562","1","PENDING","","","3","3727","2026-08-13T23:00:00.000Z","2026-09-20T17:30:00.000Z"
"12ad46d2-0646-40db-8a98-6cc8b4d9224c","44eaa27f-cd72-435f-b19a-ce28e3170135","e7cc1cf8-531c-4ba4-ae07-b3b8c7ed12b4","Upper Indira Nagar Bus Depot","18.4682","73.8623","VIT College","18.4635","73.8682","1","PENDING","I will wait at the hub","","63","3728","2026-08-15T10:15:00.000Z","2026-09-20T22:30:00.000Z"
"a3c80c1d-9fca-4235-943e-39ff2faa81f2","b498d5b9-1115-4d65-a5d7-87d3092a196c","2df45663-f8d0-4308-b79d-fd6c1ff852c9","VIT College","18.4635","73.8682","Bibwewadi Bus Stop","18.4792","73.8615","1","CANCELLED","","","26","3729","2026-08-15T14:00:00.000Z","2026-09-21T03:30:00.000Z"
"fbf9556d-13b9-4c3d-8a09-4d2872bb6ae3","95589fb2-7e54-4d5c-8cc2-572b515dec6f","8190565d-9fb1-4428-a386-4bb1b2f4fdee","Swargate BRTS Stop","18.4982","73.8588","VIT College","18.4635","73.8682","1","REJECTED","I will wait at the hub","No seats available","22","3730","2026-08-16T09:15:00.000Z","2026-09-20T22:30:00.000Z"
"5b5eba49-3a3a-415b-804c-83718632be1b","bbea2a12-55f1-443a-9154-6523f7edcde5","b13dc47d-8a9c-45eb-9dee-0cc214bf6ab4","VIT College","18.4635","73.8682","Katraj Terminal","18.4471","73.8562","1","PENDING","I will wait at the hub","","10","3731","2026-08-19T05:00:00.000Z","2026-09-20T19:30:00.000Z"
"c67d8255-77ca-4617-a6ed-e1c5b0bba859","c2932f01-3922-4c7d-9417-a5461d138a25","f64e308c-4a0b-433f-bebb-09536f52d5f4","Kashinath Patil Nagar Stop","18.4745","73.8631","VIT College","18.4635","73.8682","1","COMPLETED","Please confirm pickup","","47","3732","2026-08-19T10:15:00.000Z","2026-09-21T04:30:00.000Z"
"f24a2601-eb6c-460e-bacf-6ad2c671f1c6","8da3f066-90ee-4c27-afed-98c63104f981","aada7730-4500-49e3-9240-e7ca2f69db98","VIT College","18.4635","73.8682","Lower Indira Nagar Stop","18.4718","73.8618","1","COMPLETED","Please confirm pickup","","46","3733","2026-08-20T08:00:00.000Z","2026-09-20T20:30:00.000Z"
"d4251f91-d714-4c37-9728-fae9fc0b9c76","87849372-c80c-4d44-86c7-f2ed613b0e72","08cf7a8e-ecd3-4df0-8139-226218b0981a","Lower Indira Nagar Stop","18.4718","73.8618","VIT College","18.4635","73.8682","1","CANCELLED","","","23","3734","2026-08-19T15:15:00.000Z","2026-09-21T06:30:00.000Z"
"99349c0d-183a-4b56-b3e9-4d26c4c48980","5173c86c-0c3b-4bc8-93ac-65882f57e975","26f04940-3483-4462-a324-84a3c523c941","VIT College","18.4635","73.8682","Katraj Dairy BRTS","18.4508","73.8569","1","CANCELLED","","","57","3735","2026-08-23T02:00:00.000Z","2026-09-20T15:30:00.000Z"
"519e5dc4-48d0-4060-a5d6-1ab7f88d6d07","9bf095d8-1480-4ee1-bb36-37a9f6611172","a78816e2-8aae-4e54-8410-968bc321f082","Swargate BRTS Stop","18.4982","73.8588","VIT College","18.4635","73.8682","1","COMPLETED","I will wait at the hub","","39","3736","2026-08-21T14:15:00.000Z","2026-09-20T19:30:00.000Z"
"f62e4913-73b5-4013-9b6a-733f3b885622","c981ec24-a6ef-4675-9bf7-55423df659b2","50ca192e-d3dc-40d0-996b-6eea924c44d8","VIT College","18.4635","73.8682","Lower Indira Nagar Stop","18.4718","73.8618","1","PENDING","Please confirm pickup","","7","3737","2026-08-23T07:00:00.000Z","2026-09-21T03:30:00.000Z"
"3826f1ac-fb2a-4fd8-bfa7-c3f779777e18","0727db9d-d014-4e6c-9e3f-3a5f71ba98aa","aa4ac675-15bc-49db-b7fa-84335d28cdc7","Upper Indira Nagar Bus Depot","18.4682","73.8623","VIT College","18.4635","73.8682","1","REJECTED","","No seats available","33","3738","2026-08-25T22:15:00.000Z","2026-09-21T06:30:00.000Z"
"7f7811f2-1715-47b5-817c-5cdda485ce01","0a23afc5-d7c3-4c46-a2b6-11eea0518cbb","12e82429-ecad-4a76-bc1b-fddf73c8c117","VIT College","18.4635","73.8682","Balaji Nagar BRTS","18.4628","73.8577","1","CANCELLED","Please confirm pickup","","58","3739","2026-08-26T23:00:00.000Z","2026-09-20T20:30:00.000Z"
"370e2446-a794-4b80-9d1f-200776df9f9d","93feacaa-c09f-46b4-a205-40f98f8c58a1","a7b7dfcb-b36f-4cfc-abf8-afd48e896a75","Upper Indira Nagar Bus Depot","18.4682","73.8623","VIT College","18.4635","73.8682","1","REJECTED","","No seats available","1","3740","2026-08-27T21:15:00.000Z","2026-09-20T16:30:00.000Z"
"bbc7fec9-811a-41cd-8809-286476fcc271","c7b9d6b7-de3c-4bbc-b030-53c51ec496b1","5468079d-9fdf-4eb9-9b29-ed8a7c650d7c","VIT College","18.4635","73.8682","Kashinath Patil Nagar Stop","18.4745","73.8631","1","REJECTED","Please confirm pickup","No seats available","15","3741","2026-08-27T01:00:00.000Z","2026-09-20T15:30:00.000Z"
"a8ae5c90-009a-48c8-ab4f-d652f05a6402","a5ed1ddf-25cc-4971-b894-fde5d09c4ddb","037ed347-fb73-4043-a8e2-c7edc58d6dac","Upper Indira Nagar Bus Depot","18.4682","73.8623","VIT College","18.4635","73.8682","1","PENDING","Please confirm pickup","","1","3742","2026-08-27T08:15:00.000Z","2026-09-20T20:30:00.000Z"
"62135151-5505-4244-898d-eb2d5b320d7a","aa093dbc-fcc5-49ca-8804-1035426e7e82","be4d340c-e4ae-41d8-a1a2-337d84d2bfc1","VIT College","18.4635","73.8682","Balaji Nagar BRTS","18.4628","73.8577","1","CANCELLED","Please confirm pickup","","73","3743","2026-08-30T19:00:00.000Z","2026-09-20T11:30:00.000Z"
"70d28cd9-8078-4d5d-b4c3-91d58cbc7573","90e5fb72-6b73-4a7d-89db-807450802cff","666980bd-8e4f-4f8c-8b8f-e0c3b08af505","Kashinath Patil Nagar Stop","18.4745","73.8631","VIT College","18.4635","73.8682","1","REJECTED","I will wait at the hub","No seats available","33","3744","2026-08-29T23:15:00.000Z","2026-09-20T20:30:00.000Z"
"7f77e2c1-956e-44bc-a3f9-a289097ea3e6","c8f08fc3-85c4-499c-bb08-e66706f016cc","fcfaa482-6492-469b-ba42-8abf44531f61","VIT College","18.4635","73.8682","Bharati Vidyapeeth","18.456","73.8574","1","REJECTED","","No seats available","6","3745","2026-09-01T20:00:00.000Z","2026-09-20T11:30:00.000Z"
"c0909b81-d5f0-40f3-ad98-4b1f48ca27bf","062a50c8-aa8a-4e36-966f-477f8b951151","be4ef771-c8b1-4464-b4f7-41e3ea277c87","Panchami BRTS","18.4902","73.8586","VIT College","18.4635","73.8682","1","REJECTED","I will wait at the hub","No seats available","40","3746","2026-09-02T00:15:00.000Z","2026-09-21T00:30:00.000Z"
"b477127e-090e-4f61-bf2c-dec5f92233e6","39fa3a1d-0a1f-4ef7-858e-ce1a86d7d2d4","9907b9e1-2eaf-4019-b6c3-d17953880b08","VIT College","18.4635","73.8682","Katraj Terminal","18.4471","73.8562","1","PENDING","I will wait at the hub","","32","3747","2026-09-02T06:00:00.000Z","2026-09-20T14:30:00.000Z"
"4ec16f5b-2df6-4434-92aa-1ee60619982a","8a9ed57b-70ff-4e43-a629-53be62651cda","694401c9-b4fa-4309-b22d-16609d61782c","Market Yard Corner","18.4792","73.8581","VIT College","18.4635","73.8682","1","REJECTED","","No seats available","27","3748","2026-09-03T22:15:00.000Z","2026-09-20T21:30:00.000Z"
"b33b5b76-e32d-4c1d-89b3-2f38d71794dc","cb98608d-b402-4d24-a454-26d35304ad9b","0da0c5dd-c04a-461b-bdd7-3d9daceaa0ff","VIT College","18.4635","73.8682","Lower Indira Nagar Stop","18.4718","73.8618","1","ACCEPTED","","","73","3749","2026-09-06T09:00:00.000Z","2026-09-20T23:30:00.000Z"
"ec40fd55-5c96-4260-9df6-70351af132f8","307ad082-3678-4ce1-b714-bc574a997f63","8dcbd23c-4a1c-425e-b9e1-56d690d064a1","City Pride BRTS","18.4845","73.8583","VIT College","18.4635","73.8682","1","PENDING","Please confirm pickup","","4","3750","2026-09-04T22:15:00.000Z","2026-09-20T10:30:00.000Z"
"02477582-6789-47a0-bd31-ff105255c8ef","553ee3c5-fb7e-4dfd-8824-5693f54f26bf","d4ebe4da-1cf5-41e9-a052-ad2e992e76f1","VIT College","18.4635","73.8682","Upper Indira Nagar Bus Depot","18.4682","73.8623","1","ACCEPTED","I will wait at the hub","","22","3751","2026-09-06T08:00:00.000Z","2026-09-21T03:30:00.000Z"
"a7f98dd3-5a09-439b-a13e-216206bb8e97","2419322b-9919-468e-a5ed-4889ec3bba1f","d731dccd-0e69-472d-8310-13e8f5708fe5","Lower Indira Nagar Stop","18.4718","73.8618","VIT College","18.4635","73.8682","1","CANCELLED","Please confirm pickup","","13","3752","2026-09-07T01:15:00.000Z","2026-09-20T17:30:00.000Z"
"5c561b09-b154-46a6-89e5-d873a7393923","42a1981a-e7eb-43d3-b291-980286febec3","0c95fe70-a0ca-4d73-8f55-0b0e62001fb9","VIT College","18.4635","73.8682","Balaji Nagar BRTS","18.4628","73.8577","1","PENDING","Please confirm pickup","","2","3753","2026-09-07T16:00:00.000Z","2026-09-20T18:30:00.000Z"
"f33da72e-b003-4d2a-bac9-ee55aa82bd32","c09210db-df91-4535-8213-415977698bdd","e1692737-3062-4352-86d9-10ad597efff1","City Pride BRTS","18.4845","73.8583","VIT College","18.4635","73.8682","1","REJECTED","I will wait at the hub","No seats available","22","3754","2026-09-08T14:15:00.000Z","2026-09-21T00:30:00.000Z"
"a04a3bbf-5efd-4e24-a038-03cc2033af01","a3a39890-4ced-4ab2-96cf-80ca9cde4f59","6fc4cb33-0af8-44b4-af29-e2f5e70c3ca5","VIT College","18.4635","73.8682","Lower Indira Nagar Stop","18.4718","73.8618","1","REJECTED","","No seats available","11","3755","2026-09-10T08:00:00.000Z","2026-09-20T21:30:00.000Z"
"a4d2d88e-7c3f-462d-b1a3-5c2c0fb637e5","f632ea30-4562-42a7-aa57-62b8fcf38cf4","8d1d180b-18bc-4087-9270-19ce1583e574","Laxmi Narayan Theatre","18.4965","73.8584","VIT College","18.4635","73.8682","1","REJECTED","","No seats available","22","3756","2026-09-12T16:15:00.000Z","2026-09-20T22:30:00.000Z"
"82be895b-c805-444e-9ba0-2a2f11b218f2","30c83b98-bf06-469c-b074-c979dd771dbb","a8d214fd-de07-4ea1-bae5-557d146f9b27","VIT College","18.4635","73.8682","Katraj Terminal","18.4471","73.8562","1","REJECTED","","No seats available","54","3757","2026-09-13T22:00:00.000Z","2026-09-20T13:30:00.000Z"
"9e98b825-a177-4a00-8a0e-a2ca592e34b5","c2c268e7-23bf-4f79-9524-472be85437d1","fe668d59-83f5-4167-b303-948c22591f60","Upper Indira Nagar Bus Depot","18.4682","73.8623","VIT College","18.4635","73.8682","1","REJECTED","","No seats available","16","3758","2026-09-12T02:15:00.000Z","2026-09-20T23:30:00.000Z"
"ba6bd3d5-7b73-4c31-ac39-aa4795dadaa5","dba459ff-e61c-49a6-b617-57a0f0a7f879","4eb4654f-b132-4610-b82a-80fd5aa524c0","VIT College","18.4635","73.8682","Market Yard Corner","18.4792","73.8581","1","ACCEPTED","Please confirm pickup","","66","3759","2026-09-16T11:00:00.000Z","2026-09-21T04:30:00.000Z"
"4b072b5d-9a49-4db5-942a-b517d7de5c14","3ccbfcdc-f7b8-41f9-9639-ac324535425f","4ca5fb96-60cc-461f-9950-c00386ae3d0d","Kashinath Patil Nagar Stop","18.4745","73.8631","VIT College","18.4635","73.8682","1","REJECTED","","No seats available","67","3760","2026-09-15T22:15:00.000Z","2026-09-21T01:30:00.000Z"
"d6b52bd8-58b7-4c0b-a6f8-7077a091ea66","8260fdc9-307c-4bb9-823f-0379cb8e7484","f6bd0cb8-14b6-4983-84a7-6090b75c1bf2","VIT College","18.4635","73.8682","Katraj Terminal","18.4471","73.8562","1","PENDING","I will wait at the hub","","10","3761","2026-09-16T05:00:00.000Z","2026-09-20T17:30:00.000Z"
"c7dc39b9-50ed-45a7-95cc-cf88f2f9b087","67d43918-bc6a-431a-aa68-4244b7299882","89d25526-5e75-4c71-a504-7c0e208f52ae","Swargate BRTS Stop","18.4982","73.8588","VIT College","18.4635","73.8682","1","COMPLETED","I will wait at the hub","","64","3762","2026-09-18T17:15:00.000Z","2026-09-21T01:30:00.000Z"
"c0f56a1d-980d-460e-8ad5-1db5c6bcd1f8","47200263-42ff-4887-b573-2ff0731c2f7d","8bcc5330-6b50-4950-bdbf-e5f3a9b775ee","VIT College","18.4635","73.8682","Katraj Terminal","18.4471","73.8562","1","REJECTED","","No seats available","28","3763","2026-09-18T22:00:00.000Z","2026-09-21T00:30:00.000Z"
"19d3c9d5-7795-40a3-9e40-91281a93ec04","c462898e-b664-414c-880a-752f2e01ec05","1cb6adeb-9163-4fbb-b53f-65f5505df0b2","City Pride BRTS","18.4845","73.8583","VIT College","18.4635","73.8682","1","REJECTED","Please confirm pickup","No seats available","11","3764","2026-09-20T18:15:00.000Z","2026-09-20T17:30:00.000Z"
"fc2df6da-32de-460d-813e-4f9b6ba4f71e","672300c6-a131-406d-a51a-411049113f03","fa0d30d3-0506-4b72-a9d6-ba7158bfd0a0","VIT College","18.4635","73.8682","Lower Indira Nagar Stop","18.4718","73.8618","1","REJECTED","Please confirm pickup","No seats available","10","3765","2026-09-21T09:00:00.000Z","2026-09-20T12:30:00.000Z"
"dc0c1116-cd49-4e7e-af3e-e63cd41c62d2","c5f334a9-d905-4a18-9c76-744aefec8b2c","a68aae4c-c9bd-4227-aac3-87e0cce8704c","Kashinath Patil Nagar Stop","18.4745","73.8631","VIT College","18.4635","73.8682","1","REJECTED","I will wait at the hub","No seats available","8","3766","2026-09-20T21:15:00.000Z","2026-09-20T11:30:00.000Z"
"87a578aa-9248-4ef7-9368-4c264227cfe1","3bc86f5c-3099-4f83-9938-d19f28c748a1","d774693a-f4b2-48d7-9848-a02f48110bad","VIT College","18.4635","73.8682","Upper Indira Nagar Bus Depot","18.4682","73.8623","1","REJECTED","I will wait at the hub","No seats available","12","3767","2026-09-24T09:00:00.000Z","2026-09-21T05:30:00.000Z"
"bc23ed7f-24e5-4847-9a5c-58477bff9651","53697bd3-4d5a-4e6f-928e-55d014bea16e","f7a3a9b0-d919-4111-a000-2b91381aa324","Kashinath Patil Nagar Stop","18.4745","73.8631","VIT College","18.4635","73.8682","1","CANCELLED","Please confirm pickup","","6","3768","2026-09-24T10:15:00.000Z","2026-09-20T16:30:00.000Z"
"696916d2-0c5b-43d1-8bf8-a642b37d93c9","fe797ccb-dcab-4cea-bedc-7dbbfb0e6401","5c96563c-848e-485c-acbe-fea45d06506b","VIT College","18.4635","73.8682","Chintamani Nagar","18.4651","73.864","1","CANCELLED","I will wait at the hub","","78","3769","2026-09-24T19:00:00.000Z","2026-09-20T19:30:00.000Z"
"d56d21b0-ef5c-4bb3-9951-44640ad6a542","6880deab-b831-4a52-b582-07c686838a69","dabcd5c1-0261-4275-a50f-86ba21a7fb38","Lower Indira Nagar Stop","18.4718","73.8618","VIT College","18.4635","73.8682","1","PENDING","","","25","3770","2026-09-26T18:15:00.000Z","2026-09-21T06:30:00.000Z"
"3b8814aa-99c8-408d-a3a0-5f4ef6bcf525","e3951f74-d33d-4f94-9091-edb8749b277e","5d37ae3a-9fca-401b-81cc-2761fb12b96e","VIT College","18.4635","73.8682","Market Yard Corner","18.4792","73.8581","1","PENDING","I will wait at the hub","","69","3771","2026-09-28T04:00:00.000Z","2026-09-20T14:30:00.000Z"
"672e9474-2d43-4ac1-8e44-8103490759e9","ffa07926-8743-4196-b608-ad1488a7638a","c6e7cd17-8a26-4b21-bcff-24bc73443535","Swargate PMPML Main Bus Stand","18.4991","73.8583","VIT College","18.4635","73.8682","1","CANCELLED","","","20","3772","2026-09-26T15:15:00.000Z","2026-09-21T03:30:00.000Z"
"8afada5a-7e00-4124-a76d-235daf5a7124","7dbaad8f-272b-46df-989e-f705b0f08fd3","181765e4-8d59-4d44-860f-b05bf3bda2f4","VIT College","18.4635","73.8682","Katraj Terminal","18.4471","73.8562","1","REJECTED","I will wait at the hub","No seats available","22","3773","2026-09-28T07:00:00.000Z","2026-09-20T20:30:00.000Z"
"022783f5-1b27-4630-a8fe-6a77a0f33ae8","fa2ff6bf-ca28-4f23-9296-bb129099252a","e967b8e3-6e99-4788-bb76-597c964a0c6a","City Pride BRTS","18.4845","73.8583","VIT College","18.4635","73.8682","1","PENDING","I will wait at the hub","","68","3774","2026-09-30T09:15:00.000Z","2026-09-20T19:30:00.000Z"
"d8d620f2-8414-4093-9f6d-86710446b1ef","61ac25c4-e0bf-4b6e-a241-70eceedba048","ef122acc-af59-49f1-86de-5dc9fd3e25e3","VIT College","18.4635","73.8682","Chintamani Nagar","18.4651","73.864","1","REJECTED","Please confirm pickup","No seats available","10","3775","2026-10-01T17:00:00.000Z","2026-09-21T03:30:00.000Z"
"3c9d4788-a1a4-4f8b-b6eb-466c033fd852","b990766c-e2e8-489f-9a89-641593a37e3b","e774b584-0014-4dc8-bc95-1bb5f69d20a3","Panchami BRTS","18.4902","73.8586","VIT College","18.4635","73.8682","1","REJECTED","","No seats available","28","3776","2026-10-02T02:15:00.000Z","2026-09-21T04:30:00.000Z"
"69eec4f1-5a9c-422e-84b8-fc4bd20369ff","f4587e89-2762-4360-8973-5f60ee052396","dbaeea46-2585-4546-82df-3945b9be2cbd","VIT College","18.4635","73.8682","Balaji Nagar BRTS","18.4628","73.8577","1","PENDING","Please confirm pickup","","60","3777","2026-10-03T19:00:00.000Z","2026-09-21T02:30:00.000Z"
"bde3d085-02b2-404b-b086-02919303ae08","1fb6a133-cfcb-4ff0-ace8-fd749e17ccf0","2b4fe7a0-6432-4448-993d-7b559d10ec1a","City Pride BRTS","18.4845","73.8583","VIT College","18.4635","73.8682","1","CANCELLED","I will wait at the hub","","20","3778","2026-10-02T05:15:00.000Z","2026-09-20T12:30:00.000Z"
"5f22f681-70ef-46a8-9477-1c0952adf6e8","38282c2a-2ede-4648-aa13-b3310c3b94f0","2e717694-7d6b-49e8-baf4-53cf8f4fbac3","VIT College","18.4635","73.8682","Kashinath Patil Nagar Stop","18.4745","73.8631","1","REJECTED","I will wait at the hub","No seats available","28","3779","2026-10-03T17:00:00.000Z","2026-09-21T06:30:00.000Z"
"2e94eff4-ca1e-41e1-a0e4-55117c6bc195","a0848fe1-7530-48c1-bb1f-27797dc0407a","9c7182f6-1906-4c8c-b228-eca6a245931d","Chintamani Nagar","18.4651","73.864","VIT College","18.4635","73.8682","1","CANCELLED","Please confirm pickup","","9","3780","2026-10-05T11:15:00.000Z","2026-09-20T12:30:00.000Z"
"12e145e2-d6c1-41b2-bc6c-dac46bcfec18","606bfa56-80b9-4c4f-9b20-9823c64ecd4e","03b1388a-04d6-4ee8-b7ee-b8541ca330f1","VIT College","18.4635","73.8682","Shankar Maharaj Math","18.4735","73.8579","1","PENDING","Please confirm pickup","","20","3781","2026-10-07T06:00:00.000Z","2026-09-20T14:30:00.000Z"
"57775de9-bc97-4ce8-bcd2-83216ffe369f","489e7212-7651-44f8-9127-cfa5880e0795","82251b7c-39c1-4612-9777-0028617b08fc","Upper Indira Nagar Bus Depot","18.4682","73.8623","VIT College","18.4635","73.8682","1","COMPLETED","Please confirm pickup","","36","3782","2026-10-09T01:15:00.000Z","2026-09-20T21:30:00.000Z"
"9d33e783-3938-4e9e-856b-5da6d3c4a02a","7b0d36aa-8237-4d28-9df9-a5482f4deb56","90fbd646-a8a0-4f77-af4f-4746feda3a10","VIT College","18.4635","73.8682","Katraj Terminal","18.4471","73.8562","1","CANCELLED","","","25","3783","2026-10-08T14:00:00.000Z","2026-09-21T04:30:00.000Z"
"2468b1ae-44e1-4909-987c-6e0e09ba748d","4f2a34af-d58a-4515-9ad5-f218b4838650","3cba72c9-ac53-4442-8d16-3fa4f75f696d","Swargate PMPML Main Bus Stand","18.4991","73.8583","VIT College","18.4635","73.8682","1","PENDING","Please confirm pickup","","22","3784","2026-10-09T03:15:00.000Z","2026-09-20T15:30:00.000Z"
"d5385a06-e164-468d-ab58-7aa2645a62cd","77cf314a-71ba-4db1-b7c2-1340dffd1580","dbffce9e-93ca-460b-a2e6-fec327ae8a6e","VIT College","18.4635","73.8682","Shankar Maharaj Math","18.4735","73.8579","1","ACCEPTED","I will wait at the hub","","49","3785","2026-10-10T11:00:00.000Z","2026-09-20T18:30:00.000Z"
"422e6504-b615-4fad-a100-e594a7e8747c","4663534b-ba27-41ea-83d3-554aff15c460","6767d864-c164-421c-8b90-0f29abc5af41","Panchami BRTS","18.4902","73.8586","VIT College","18.4635","73.8682","1","PENDING","Please confirm pickup","","11","3786","2026-10-12T19:15:00.000Z","2026-09-20T19:30:00.000Z"
"dc7051bc-e8f3-4a88-8ade-482ff704e876","79590f44-0967-42fd-b0b2-a39251b5dc46","b8ece9b4-d515-405a-952d-1ccdc242c410","VIT College","18.4635","73.8682","Balaji Nagar BRTS","18.4628","73.8577","1","REJECTED","I will wait at the hub","No seats available","18","3787","2026-10-11T15:00:00.000Z","2026-09-20T12:30:00.000Z"
"496ca7ff-b8bb-4dde-bdf2-8599e37a0420","f5a29d7e-8658-4fca-8260-746bf71cbc3e","e443e68b-7cb4-4260-8ec6-64c485de79d5","Panchami BRTS","18.4902","73.8586","VIT College","18.4635","73.8682","1","REJECTED","Please confirm pickup","No seats available","30","3788","2026-10-14T01:15:00.000Z","2026-09-20T15:30:00.000Z"
"685cdbbb-6e2d-436e-bf73-e027fd6bb8f2","e268d994-28cc-4698-8d36-13bfcfd92c0b","ed6b366d-9f31-4216-84e6-747030d98fda","VIT College","18.4635","73.8682","Lower Indira Nagar Stop","18.4718","73.8618","1","REJECTED","Please confirm pickup","No seats available","5","3789","2026-10-14T18:00:00.000Z","2026-09-21T04:30:00.000Z"
"eaf6122b-b1ca-4912-9cd7-fc7071837ea6","3a7e4fd8-1932-460e-ab7a-d3cede393e3a","b049f74f-7dd1-454b-91ad-b27eeaeed095","Upper Indira Nagar Bus Depot","18.4682","73.8623","VIT College","18.4635","73.8682","1","PENDING","Please confirm pickup","","26","3790","2026-10-14T09:15:00.000Z","2026-09-21T01:30:00.000Z"
"463a114d-8717-482a-9cd1-e94b034cb69c","98ddfa6a-b8dc-480c-ab44-4e18618e574d","bfe5c77b-945d-47a5-81f7-7ae8e1ff5d5b","VIT College","18.4635","73.8682","Bibwewadi Bus Stop","18.4792","73.8615","1","REJECTED","","No seats available","42","3791","2026-10-16T13:00:00.000Z","2026-09-20T22:30:00.000Z"
"1648a25c-6b20-4fa2-a23e-127e92230942","8eb11c9b-704b-49ef-9705-750658c1b7c6","c283b8d4-e85f-4f55-a686-461ce166d95c","Upper Indira Nagar Bus Depot","18.4682","73.8623","VIT College","18.4635","73.8682","1","PENDING","I will wait at the hub","","13","3792","2026-10-16T11:15:00.000Z","2026-09-20T18:30:00.000Z"
"eaa8b895-8530-4b94-bf06-0a01c39baf3e","838fc599-3923-43de-a423-cab1369604cd","aba3000b-d3fe-45b0-93f8-1eb12fe76121","VIT College","18.4635","73.8682","Katraj Terminal","18.4471","73.8562","1","REJECTED","Please confirm pickup","No seats available","2","3793","2026-10-18T00:00:00.000Z","2026-09-20T13:30:00.000Z"
"3ff5de3b-1552-4f1e-9c07-00ef52d3b4bd","8199f561-4f70-4b8c-b716-2b3f4bed1b28","fbade199-d957-41f1-9c4b-bef677c6f400","Kashinath Patil Nagar Stop","18.4745","73.8631","VIT College","18.4635","73.8682","1","PENDING","Please confirm pickup","","20","3794","2026-10-20T10:15:00.000Z","2026-09-21T02:30:00.000Z"
"02b50186-9eed-49c9-beb2-823929f2b9ca","c8bf692e-7598-49c5-bbfc-aee094a11115","ac0cf495-0f8e-40d8-b476-4ac4d53bdc5b","VIT College","18.4635","73.8682","Katraj Dairy BRTS","18.4508","73.8569","1","CANCELLED","","","18","3795","2026-10-20T10:00:00.000Z","2026-09-20T11:30:00.000Z"
"8ee88c96-eca1-495c-acfe-51df59036946","01312676-73a4-4ce7-8860-74087a03f0c6","bbd2b08c-34a8-4439-a7fa-b253b6a9fe04","Chintamani Nagar","18.4651","73.864","VIT College","18.4635","73.8682","1","REJECTED","","No seats available","26","3796","2026-10-22T22:15:00.000Z","2026-09-20T20:30:00.000Z"
"758c9595-1427-455b-9273-3e2290e6224c","5c1b3efb-7c50-49a5-b5d1-3d644f237d61","9c9999da-6c7c-4b0f-ba28-7f852899325d","VIT College","18.4635","73.8682","Market Yard Corner","18.4792","73.8581","1","REJECTED","I will wait at the hub","No seats available","13","3797","2026-10-23T07:00:00.000Z","2026-09-20T10:30:00.000Z"
"fb5f515b-3b00-4227-8cf9-2ea1bce96080","9033334b-bfa8-423c-8fe1-8590201a5c3d","856fb0bc-3ae4-454f-9f56-312a33995404","City Pride BRTS","18.4845","73.8583","VIT College","18.4635","73.8682","1","ACCEPTED","I will wait at the hub","","12","3798","2026-10-22T05:15:00.000Z","2026-09-21T01:30:00.000Z"
"afa60d30-086a-40e5-b4ba-877c66a2d956","68326949-6fc7-41c0-a02b-5666ac81045d","f7676189-9518-498b-a982-6c245aff61a1","VIT College","18.4635","73.8682","Bibwewadi Bus Stop","18.4792","73.8615","1","REJECTED","Please confirm pickup","No seats available","7","3799","2026-10-25T13:00:00.000Z","2026-09-21T04:30:00.000Z"
"af50bcea-9632-4a89-a985-61637534f8d8","478bb025-bace-45fa-8187-1ae9987e5428","03dfc805-e814-4e5f-a637-8a041faf9ad7","City Pride BRTS","18.4845","73.8583","VIT College","18.4635","73.8682","1","PENDING","","","3","3800","2026-10-25T19:15:00.000Z","2026-09-20T13:30:00.000Z"
"24e32ce6-146a-4e31-be17-01077b1a8ea8","c92b4087-a422-4d8c-8e79-26bfac9ca101","508e57b4-544e-4392-bbd1-17b3a4e613c3","VIT College","18.4635","73.8682","Bibwewadi Bus Stop","18.4792","73.8615","1","REJECTED","","No seats available","15","3801","2026-10-26T16:00:00.000Z","2026-09-20T22:30:00.000Z"
"087e14d9-c776-4637-ad9f-f1a347927a4c","11bc1a50-2f31-48c5-9c56-1de186423417","81213212-6e43-4b70-96e8-51e59fb5e735","Panchami BRTS","18.4902","73.8586","VIT College","18.4635","73.8682","1","PENDING","","","47","3802","2026-10-28T06:15:00.000Z","2026-09-20T20:30:00.000Z"
"ef639cce-cad6-48b0-8b8f-62488cca74d0","b004db2c-bb58-4659-b373-891c966e24fb","5118be9b-6811-4a52-9a62-a0ced3f60e27","VIT College","18.4635","73.8682","Bibwewadi Bus Stop","18.4792","73.8615","1","PENDING","Please confirm pickup","","14","3803","2026-10-30T03:00:00.000Z","2026-09-20T21:30:00.000Z"
"e145702c-316d-4c06-b081-8bea10d860fd","e63bc4eb-1cc1-4558-8970-eae47d229ce3","17983e48-5904-4312-9f6c-9d6f749c8539","City Pride BRTS","18.4845","73.8583","VIT College","18.4635","73.8682","1","COMPLETED","","","14","3804","2026-10-30T09:15:00.000Z","2026-09-21T05:30:00.000Z"
"ea015752-21a9-4a88-b008-5e70476f020c","40ce5803-9ea2-4fde-86be-d19f64893f91","669af901-6937-4b2d-a11b-46de7e09eced","VIT College","18.4635","73.8682","Lower Indira Nagar Stop","18.4718","73.8618","1","CANCELLED","","","27","3805","2026-11-01T04:00:00.000Z","2026-09-21T02:30:00.000Z"
"2f460284-2373-4a91-8675-95a3918f0338","07c1f54f-5628-491b-8876-6ea47f6a3a6f","08c75e3d-df80-427a-b942-864b9136eb2a","Laxmi Narayan Theatre","18.4965","73.8584","VIT College","18.4635","73.8682","1","PENDING","I will wait at the hub","","2","3806","2026-10-31T11:15:00.000Z","2026-09-20T10:30:00.000Z"
"d530570f-d5e7-4b87-a413-df8115550000","b7e53912-d7ee-4b46-abc7-66df936c9135","8583b128-6eef-4c56-a566-5dc44a8d0a70","VIT College","18.4635","73.8682","Bharati Vidyapeeth","18.456","73.8574","1","ACCEPTED","I will wait at the hub","","2","3807","2026-11-03T03:00:00.000Z","2026-09-21T01:30:00.000Z"
"afb4fa7b-e288-4983-99e3-cdb52272f1f0","2a624fa6-6ead-486a-8633-35da388c9345","f2ff9e67-5a69-4146-a543-f1fed27fb87a","Laxmi Narayan Theatre","18.4965","73.8584","VIT College","18.4635","73.8682","1","REJECTED","I will wait at the hub","No seats available","19","3808","2026-11-02T11:15:00.000Z","2026-09-20T20:30:00.000Z"
"b039d155-b0d7-450c-ac9d-fb0b133b138b","1a5421f5-f61c-4571-90b4-fb8985851bbf","f34b84c7-eb95-4dff-958a-ef69c608f272","VIT College","18.4635","73.8682","Bharati Vidyapeeth","18.456","73.8574","1","PENDING","Please confirm pickup","","19","3809","2026-11-02T12:00:00.000Z","2026-09-20T12:30:00.000Z"
"352a948f-9692-4e0e-b6b9-8e27ee1f0a2d","eae4c192-f26a-40a5-b957-fdb141661848","c4608e10-532e-42df-b9ca-6399d157bc77","Bibwewadi Bus Stop","18.4792","73.8615","VIT College","18.4635","73.8682","1","REJECTED","I will wait at the hub","No seats available","0","3810","2026-08-06T15:15:00.000Z","2026-09-20T21:30:00.000Z"
"aba75d6e-a30d-47e0-896f-b4e54c504423","1aaa9fc5-7bce-4483-b4fb-c182a69f8ba9","a53ad219-be12-4a6b-9852-64dfe8aa6236","VIT College","18.4635","73.8682","Katraj Terminal","18.4471","73.8562","1","REJECTED","","No seats available","34","3811","2026-08-07T03:00:00.000Z","2026-09-20T22:30:00.000Z"
"77b7f1e8-915c-4a04-99d0-b5b3df4ab686","193d021d-25af-4656-bf78-26221ef96d4e","30e63cfd-4d4a-41f2-9c08-fe7bb0c7d4b0","Swargate PMPML Main Bus Stand","18.4991","73.8583","VIT College","18.4635","73.8682","1","PENDING","I will wait at the hub","","10","3812","2026-08-09T08:15:00.000Z","2026-09-21T03:30:00.000Z"
"ef57e822-2dad-4341-813b-2791b84a886a","cd08e074-68c5-4017-ba6f-50ac68f03372","61caa1f5-7dee-45a4-964a-8e5ed8b6a158","VIT College","18.4635","73.8682","Balaji Nagar BRTS","18.4628","73.8577","1","REJECTED","Please confirm pickup","No seats available","26","3813","2026-08-08T20:00:00.000Z","2026-09-20T15:30:00.000Z"
"a71873dc-c408-44f6-be25-507436039d53","b7ce6a32-3f3a-4a2e-a8ed-55d1a2e0e090","be9c6ca4-6ee9-481b-8039-dcc0a742224e","City Pride BRTS","18.4845","73.8583","VIT College","18.4635","73.8682","1","COMPLETED","I will wait at the hub","","24","3814","2026-08-11T09:15:00.000Z","2026-09-20T21:30:00.000Z"
"26116a7b-c8c5-4166-89b8-e1bf92e26c82","ee4251ed-106b-4b49-85cf-fc59e57243b4","fbd59ae5-86aa-4b7c-b82b-b7c0b9d357a3","VIT College","18.4635","73.8682","Upper Indira Nagar Bus Depot","18.4682","73.8623","1","PENDING","Please confirm pickup","","1","3815","2026-08-13T03:00:00.000Z","2026-09-21T01:30:00.000Z"
"a0f352a2-8484-47be-a9b1-2eae8b7ceb3a","2306fa33-a81f-46a1-916c-cb1abe55fcea","228adcc3-430e-4eba-ba35-403a9eae4ae6","Laxmi Narayan Theatre","18.4965","73.8584","VIT College","18.4635","73.8682","1","REJECTED","","No seats available","15","3816","2026-08-13T11:15:00.000Z","2026-09-20T19:30:00.000Z"
"8580a27f-8200-43f3-b72a-9a3e77c21c04","accdbd4b-396d-4079-9176-3ca5c9e76929","db21b52b-86e1-49c0-82fe-f5d33db4323f","VIT College","18.4635","73.8682","KK Market BRTS","18.4683","73.8579","1","PENDING","Please confirm pickup","","29","3817","2026-08-12T16:00:00.000Z","2026-09-21T05:30:00.000Z"
"149b8824-edf4-4ef0-9cad-22fc2fa793a6","d6c17434-0d4d-4199-b0bc-f6b9c07bc630","a1ef1ce8-9cb0-499a-bca0-636d395b8e27","Laxmi Narayan Theatre","18.4965","73.8584","VIT College","18.4635","73.8682","1","COMPLETED","Please confirm pickup","","18","3818","2026-08-15T01:15:00.000Z","2026-09-20T16:30:00.000Z"
"40cefc65-f2bd-42bb-9ad6-de6deb9fa5ae","9e7f8a10-8c34-4309-9abb-26fc9dc0f90f","5bed2f04-01f9-4e95-995a-1a0c306ae9c3","VIT College","18.4635","73.8682","Bibwewadi Bus Stop","18.4792","73.8615","1","REJECTED","I will wait at the hub","No seats available","4","3819","2026-08-15T08:00:00.000Z","2026-09-20T22:30:00.000Z"
"3d8b9b3c-7a0f-4372-ba50-df3bd7190606","347998d6-1193-4173-aba0-3adf84a035d8","b351304c-33e4-4dfa-bbfe-0e46f5cda915","Laxmi Narayan Theatre","18.4965","73.8584","VIT College","18.4635","73.8682","1","REJECTED","I will wait at the hub","No seats available","6","3820","2026-08-17T10:15:00.000Z","2026-09-20T20:30:00.000Z"
"b71ecc04-7052-4947-9d2e-4f5d9276efec","4cb06401-c831-4878-8d3a-0cf284dd9b3a","f69ef11d-7551-4545-967a-f045a72ebb93","VIT College","18.4635","73.8682","Bharati Vidyapeeth","18.456","73.8574","1","CANCELLED","Please confirm pickup","","30","3821","2026-08-16T14:00:00.000Z","2026-09-20T15:30:00.000Z"
"957fc69c-a359-420a-82bd-4cddb379b656","c2903257-5007-4e17-ae40-b7c8060b32a1","76b965ae-22a7-4a52-a8af-e41b3fbabb12","Swargate PMPML Main Bus Stand","18.4991","73.8583","VIT College","18.4635","73.8682","1","REJECTED","","No seats available","9","3822","2026-08-17T08:15:00.000Z","2026-09-21T01:30:00.000Z"
"fe36e188-a31e-4a3d-84fe-84fbaa4dcf9d","b0526699-f3dc-4f5d-9b48-6a8535184646","47fb716c-faad-411e-a3e5-d13e542643c1","VIT College","18.4635","73.8682","KK Market BRTS","18.4683","73.8579","1","ACCEPTED","","","20","3823","2026-08-19T00:00:00.000Z","2026-09-20T20:30:00.000Z"
"2716dc7d-9359-4535-9d1a-54c1b7121609","ca939ded-9104-42cf-a4b3-6843b47783c2","4c3a0823-a2f6-449e-a285-51b92ef1ef89","Lower Indira Nagar Stop","18.4718","73.8618","VIT College","18.4635","73.8682","1","REJECTED","Please confirm pickup","No seats available","21","3824","2026-08-21T13:15:00.000Z","2026-09-20T11:30:00.000Z"
"71e9b3b3-dcf8-4757-8678-efa513ba8f85","a82b0c1a-886f-4211-a0a9-054ebf2de948","6d4eadbe-2e7e-4907-9dac-2e7ca825fe4f","VIT College","18.4635","73.8682","Katraj Terminal","18.4471","73.8562","1","COMPLETED","","","29","3825","2026-08-22T04:00:00.000Z","2026-09-21T06:30:00.000Z"
"57a748cf-f4ae-4326-b435-374a731e59e0","9c4be972-a9b9-40d6-aa1d-6f5408282dac","cdec7465-1f6a-4948-bdff-48b43a5e174c","Lower Indira Nagar Stop","18.4718","73.8618","VIT College","18.4635","73.8682","1","REJECTED","","No seats available","5","3826","2026-08-22T06:15:00.000Z","2026-09-21T03:30:00.000Z"
"8689f0a9-6bb8-486c-a4be-8cd7f6800b6b","87db7b35-55db-4c56-99f0-a6ba239c2439","287a280f-3e96-473f-a98b-7fea3a6ff244","VIT College","18.4635","73.8682","KK Market BRTS","18.4683","73.8579","1","REJECTED","","No seats available","6","3827","2026-08-24T03:00:00.000Z","2026-09-20T11:30:00.000Z"
"cc7eacc8-77bc-4cdf-813c-96dbf81b563e","4a54e2bf-6545-4272-ad64-bd47d61df079","cb3f3ef2-5ef7-449a-8f63-2d283dcb08cf","Laxmi Narayan Theatre","18.4965","73.8584","VIT College","18.4635","73.8682","1","REJECTED","Please confirm pickup","No seats available","18","3828","2026-08-25T23:15:00.000Z","2026-09-20T15:30:00.000Z"
"a4c5bddb-858c-47e9-b966-47c13e0d2dd5","84595fe1-7158-45b5-867b-e6a74628a5e6","b407e420-bc95-44d7-9048-179efe644dba","VIT College","18.4635","73.8682","Kashinath Patil Nagar Stop","18.4745","73.8631","1","REJECTED","Please confirm pickup","No seats available","5","3829","2026-08-25T16:00:00.000Z","2026-09-20T20:30:00.000Z"
"c35902c0-e3b0-431f-a738-884ffdd92990","01a4582b-778c-4fd3-9763-2d85857beef3","22cd2c32-c447-4e38-8e94-504aa1dee620","Swargate BRTS Stop","18.4982","73.8588","VIT College","18.4635","73.8682","1","REJECTED","I will wait at the hub","No seats available","22","3830","2026-08-25T21:15:00.000Z","2026-09-21T00:30:00.000Z"
"099421b2-37f1-4052-ae9c-a3b3a494abb1","91cd9721-950d-4891-95b6-560672d57fde","8a8524b8-3506-433a-9249-833aa24fb089","VIT College","18.4635","73.8682","Balaji Nagar BRTS","18.4628","73.8577","1","PENDING","Please confirm pickup","","17","3831","2026-08-28T11:00:00.000Z","2026-09-20T12:30:00.000Z"
"3e8dc37f-0d5b-4f89-b40c-065c6bfe2efd","0fe39544-ef36-496d-bd05-d021888a50a5","86105958-87be-4dcd-b670-bf501ca8dcdd","Laxmi Narayan Theatre","18.4965","73.8584","VIT College","18.4635","73.8682","1","CANCELLED","","","47","3832","2026-08-27T05:15:00.000Z","2026-09-20T19:30:00.000Z"
"ee3377da-c7ba-460d-8e27-ccce6d6b0ac5","f30ce3ff-9b76-4031-8fe8-c6dfbcd28cdd","6f3fcde3-7927-4673-8e83-5d19997e04eb","VIT College","18.4635","73.8682","Katraj Terminal","18.4471","73.8562","1","REJECTED","Please confirm pickup","No seats available","21","3833","2026-08-29T23:00:00.000Z","2026-09-20T12:30:00.000Z"
"58381ced-52a4-41ce-b891-447734fb6157","8fc39df0-6017-41f5-afb5-7a113699cf79","3934e51d-f7fc-439d-a64b-1e11c068f9b5","Bibwewadi Bus Stop","18.4792","73.8615","VIT College","18.4635","73.8682","1","PENDING","","","47","3834","2026-08-31T04:15:00.000Z","2026-09-21T01:30:00.000Z"
"c73ab261-b80f-491e-b6c3-5cbc877bf3a0","6ca9283c-c81a-41cb-9262-2b1bee36f6d0","fac65e5b-f1a5-4896-b38a-74849ccdc168","VIT College","18.4635","73.8682","Lower Indira Nagar Stop","18.4718","73.8618","1","CANCELLED","I will wait at the hub","","9","3835","2026-09-02T05:00:00.000Z","2026-09-20T10:30:00.000Z"
"06360eca-4e34-494e-9b12-abc3c71afd3c","20245922-7f9b-4d65-9cc1-3246fbca71bb","29b6b79c-7351-4ba6-a9ad-66967f535c3c","Swargate PMPML Main Bus Stand","18.4991","73.8583","VIT College","18.4635","73.8682","1","PENDING","I will wait at the hub","","27","3836","2026-09-02T02:15:00.000Z","2026-09-20T20:30:00.000Z"
"a2baad3f-4769-4174-a688-7e6dd1d8f786","f762400f-e44c-4c3b-b9c8-9bfd561b6e20","5b47c5b4-ec85-43dd-9c75-f074a7d568d2","VIT College","18.4635","73.8682","Katraj Terminal","18.4471","73.8562","1","CANCELLED","Please confirm pickup","","18","3837","2026-09-04T08:00:00.000Z","2026-09-20T16:30:00.000Z"
"0042d2c0-1463-432f-aba7-cf7ec4962b46","3d9e423d-918c-494a-a8bd-2f6488df70c0","edf92a9c-96cf-4fe7-b02c-abdaad634737","Swargate PMPML Main Bus Stand","18.4991","73.8583","VIT College","18.4635","73.8682","1","REJECTED","Please confirm pickup","No seats available","27","3838","2026-09-04T20:15:00.000Z","2026-09-21T05:30:00.000Z"
"494f1a28-01e1-43a7-af40-fe06441f26b4","5cc08185-b339-4bb7-814a-7014a409b6b6","877fcad2-68c5-48bf-942c-586c3d86867f","VIT College","18.4635","73.8682","Kashinath Patil Nagar Stop","18.4745","73.8631","1","REJECTED","I will wait at the hub","No seats available","7","3839","2026-09-05T20:00:00.000Z","2026-09-21T04:30:00.000Z"
"d989dc1c-2255-4bc0-b97b-6158bc3707a1","d0147f0f-9dff-4ab5-829e-07e2649721a2","926e6fcc-8a51-46f5-85e4-e8eefbfe9ddc","Kashinath Patil Nagar Stop","18.4745","73.8631","VIT College","18.4635","73.8682","1","REJECTED","I will wait at the hub","No seats available","30","3840","2026-09-04T14:15:00.000Z","2026-09-21T02:30:00.000Z"
"44bcdc5b-1e03-4100-a962-ec007f8389ec","ae052ba8-5c1a-4561-9c33-141130e5628f","750f9bd3-e937-4388-a25a-3cc6be098aa7","VIT College","18.4635","73.8682","Bibwewadi Bus Stop","18.4792","73.8615","1","REJECTED","I will wait at the hub","No seats available","19","3841","2026-09-08T02:00:00.000Z","2026-09-21T04:30:00.000Z"
"31b7c166-3ba5-4974-a236-889ddb18a288","b51b91cf-cfeb-4048-87c0-520d2ff484ab","9310e53a-bd9e-441e-911c-031aa1551243","Kashinath Patil Nagar Stop","18.4745","73.8631","VIT College","18.4635","73.8682","1","PENDING","","","41","3842","2026-09-07T00:15:00.000Z","2026-09-20T10:30:00.000Z"
"d6fec77a-2fd5-4242-a782-49be6ba66547","7b2f6b74-e8ca-4181-bbe7-02b790bc0115","5ce9e64f-f50b-4da1-9486-37f9f09551ed","VIT College","18.4635","73.8682","Bharati Vidyapeeth","18.456","73.8574","1","REJECTED","Please confirm pickup","No seats available","30","3843","2026-09-09T22:00:00.000Z","2026-09-20T23:30:00.000Z"
"414ab584-7371-4a91-b5fb-9167b8e84bbe","cfffa02c-1431-4c2c-9c09-2884923e9ff6","eb5a4f04-4ebf-43f6-a099-11c15b1dfbe5","Lower Indira Nagar Stop","18.4718","73.8618","VIT College","18.4635","73.8682","1","CANCELLED","I will wait at the hub","","53","3844","2026-09-09T13:15:00.000Z","2026-09-20T22:30:00.000Z"
"b17dd753-5c08-41e3-9154-ec141335904a","eda848cc-b22a-4858-8df8-8b63259cb5e6","461b5690-97cf-4151-95af-7899c536787b","VIT College","18.4635","73.8682","Kashinath Patil Nagar Stop","18.4745","73.8631","1","CANCELLED","I will wait at the hub","","56","3845","2026-09-10T17:00:00.000Z","2026-09-20T10:30:00.000Z"
"774c8524-e0f4-4349-8d61-8aa270270256","43936d16-adac-4c03-80f8-01e6ef744e96","91d3e190-f0bb-4908-a504-df3c03c7e6a6","City Pride BRTS","18.4845","73.8583","VIT College","18.4635","73.8682","1","PENDING","Please confirm pickup","","24","3846","2026-09-11T04:15:00.000Z","2026-09-20T22:30:00.000Z"
"eec03b2c-2533-4776-8793-ed4eea569010","b8f2df5d-91ef-4966-84e0-982f34d11796","8a7e159e-c7d0-49fb-9915-996ec39b4c3f","VIT College","18.4635","73.8682","Shankar Maharaj Math","18.4735","73.8579","1","REJECTED","Please confirm pickup","No seats available","13","3847","2026-09-12T21:00:00.000Z","2026-09-20T18:30:00.000Z"
"a7fdc857-bf69-48d8-a0bb-4b07d0efa076","ec246858-3b03-4b2a-8b16-9341d9321c78","33e24ac2-b991-402e-96fe-a60f7d88716b","Panchami BRTS","18.4902","73.8586","VIT College","18.4635","73.8682","1","CANCELLED","Please confirm pickup","","29","3848","2026-09-12T13:15:00.000Z","2026-09-20T15:30:00.000Z"
"e475f66a-b901-4283-9769-bbda595292ad","9e25ce2d-696f-40ba-a21d-adc579773a7e","cce669d0-24ee-4095-8136-3ddc6f61da10","VIT College","18.4635","73.8682","Katraj Terminal","18.4471","73.8562","1","CANCELLED","Please confirm pickup","","4","3849","2026-09-15T09:00:00.000Z","2026-09-20T23:30:00.000Z"
"410d6075-dc89-4915-87ed-3dc04ff9734b","e10054d7-019d-4661-8acf-a7c02793c39d","b08272f1-2eae-461f-9382-c184fe741279","Laxmi Narayan Theatre","18.4965","73.8584","VIT College","18.4635","73.8682","1","REJECTED","Please confirm pickup","No seats available","4","3850","2026-09-16T01:15:00.000Z","2026-09-20T18:30:00.000Z"
"1b04e13e-61e2-4016-9b4e-7d552b3535ac","a2ada4c5-5541-46f5-9ba3-ca2738625fbe","7f81c4c3-c234-4bd0-80d1-215c711a0283","VIT College","18.4635","73.8682","Chintamani Nagar","18.4651","73.864","1","REJECTED","I will wait at the hub","No seats available","30","3851","2026-09-15T22:00:00.000Z","2026-09-20T19:30:00.000Z"
"d3ce020d-24b9-42e2-9485-92fe2f937b38","1bcbf866-59f4-4ef4-adde-62fce4947855","80ca3ea6-d467-4f49-97eb-b6dc6f476676","Lower Indira Nagar Stop","18.4718","73.8618","VIT College","18.4635","73.8682","1","PENDING","I will wait at the hub","","11","3852","2026-09-16T18:15:00.000Z","2026-09-20T12:30:00.000Z"
"a4b838bf-a64a-45f7-a30e-8600a46ffefa","3db3257f-3d10-4e5f-84eb-67dfbc67f98b","90d5fa4d-50ca-4080-ae76-6f8158f4c9a5","VIT College","18.4635","73.8682","Market Yard Corner","18.4792","73.8581","1","REJECTED","Please confirm pickup","No seats available","9","3853","2026-09-18T23:00:00.000Z","2026-09-20T21:30:00.000Z"
"000e34f7-1d6d-4fbd-ab2d-ccfa8405594e","58cc2256-2ec1-4cd2-8c61-7a6dfc93ecc3","34887a09-84f2-49c3-97c8-eaa9e671e141","Swargate BRTS Stop","18.4982","73.8588","VIT College","18.4635","73.8682","1","REJECTED","Please confirm pickup","No seats available","26","3854","2026-09-20T03:15:00.000Z","2026-09-20T18:30:00.000Z"
"60d7317c-3033-491f-a848-ef0892999db9","04a66207-3f8e-4650-b19e-1692d8444905","70d0f859-149d-4503-9629-7e2b03c67a3f","VIT College","18.4635","73.8682","Upper Indira Nagar Bus Depot","18.4682","73.8623","1","REJECTED","I will wait at the hub","No seats available","26","3855","2026-09-19T17:00:00.000Z","2026-09-20T22:30:00.000Z"
"d0baa804-abab-4ca3-8ecd-aed1e76315d8","80ec623e-6857-448c-b901-d80a0141ee25","4bb40fa4-b428-432e-aca2-1a954ebd5186","Market Yard Corner","18.4792","73.8581","VIT College","18.4635","73.8682","1","CANCELLED","","","4","3856","2026-09-20T15:15:00.000Z","2026-09-20T11:30:00.000Z"
"5bb01299-2709-4808-ab6e-1799c44975b7","ce84c9d5-53b0-4049-bef8-2c863c4743f4","d3b6bef4-14dc-43ee-b1ea-5df640bff3ea","VIT College","18.4635","73.8682","Kashinath Patil Nagar Stop","18.4745","73.8631","1","REJECTED","Please confirm pickup","No seats available","13","3857","2026-09-23T17:00:00.000Z","2026-09-20T22:30:00.000Z"
"55f58a17-33a2-48e4-8049-9702818c389b","d31bc2e3-d543-430f-8694-03deef0d03a0","e0bd240d-0573-4a8a-830a-c46264dbd855","Chintamani Nagar","18.4651","73.864","VIT College","18.4635","73.8682","1","REJECTED","I will wait at the hub","No seats available","8","3858","2026-09-24T20:15:00.000Z","2026-09-20T11:30:00.000Z"
"d2b23de5-6a3b-48f0-94c9-784af3089a17","98981a53-c80c-4f63-91fb-2b433181ec4e","8100f2b8-79e0-4059-be98-ced465000a2e","VIT College","18.4635","73.8682","Kashinath Patil Nagar Stop","18.4745","73.8631","1","PENDING","","","30","3859","2026-09-24T08:00:00.000Z","2026-09-20T15:30:00.000Z"
"06e7978f-6b20-47a9-81eb-ab40bcb55b58","785ea47f-a0e2-4e25-8534-f6b42b5194f7","b2f0c20b-d66e-41c9-b60f-6562ae71b956","Swargate BRTS Stop","18.4982","73.8588","VIT College","18.4635","73.8682","1","CANCELLED","Please confirm pickup","","2","3860","2026-09-26T21:15:00.000Z","2026-09-20T21:30:00.000Z"
"b0447483-28d1-4dfe-a56f-03d33cd2773c","b060f8ea-8adb-4269-aac4-410824a6548d","afabde80-8412-4536-8a7d-443441b6329d","VIT College","18.4635","73.8682","Chintamani Nagar","18.4651","73.864","1","REJECTED","Please confirm pickup","No seats available","15","3861","2026-09-28T03:00:00.000Z","2026-09-21T03:30:00.000Z"
"17d517a7-e93d-4893-a669-1d0955ec311b","530061fe-8a66-4f85-8836-dc417f7912f2","e977337e-9b7d-4b79-9851-7a31a276eaf5","Upper Indira Nagar Bus Depot","18.4682","73.8623","VIT College","18.4635","73.8682","1","CANCELLED","Please confirm pickup","","66","3862","2026-09-28T02:15:00.000Z","2026-09-20T21:30:00.000Z"
"faacd509-20d6-47e2-ae79-8c570c52baf8","6d0a333b-623b-499b-9752-7def665d02ff","0234ea7e-b8a5-4a4f-8b12-eb48fefff06e","VIT College","18.4635","73.8682","KK Market BRTS","18.4683","73.8579","1","REJECTED","","No seats available","23","3863","2026-09-28T23:00:00.000Z","2026-09-21T01:30:00.000Z"
"5a1bf2db-69d0-4ed5-a70e-6fc00c91f739","7384de82-d9f3-4a09-b9d7-c1096ae96fe9","8d2bb992-3062-4ae3-b2ae-9d47074dec68","Panchami BRTS","18.4902","73.8586","VIT College","18.4635","73.8682","1","ACCEPTED","Please confirm pickup","","14","3864","2026-09-30T02:15:00.000Z","2026-09-20T22:30:00.000Z"
"0c0a2317-c490-43c8-ab01-ea5887afc305","54ed5c0b-6bee-488b-8fa0-b18ac7448c5d","95e5d040-6f8f-43de-b101-0a1abbfde269","VIT College","18.4635","73.8682","KK Market BRTS","18.4683","73.8579","1","CANCELLED","I will wait at the hub","","13","3865","2026-09-29T21:00:00.000Z","2026-09-21T01:30:00.000Z"
"50708aa2-ec4c-4c56-8b26-37ea1bf70331","5fe68a5e-2b41-450c-9ea7-7a4f1919c026","d138941d-1b44-42fe-975d-1a4eb78e7f92","Chintamani Nagar","18.4651","73.864","VIT College","18.4635","73.8682","1","ACCEPTED","I will wait at the hub","","53","3866","2026-09-30T05:15:00.000Z","2026-09-21T01:30:00.000Z"
"1fe3d5fe-07a3-48bd-b806-9df910e7ffb9","5ca7ba09-c9d8-4156-94a2-4924d514c253","dbb7296e-eb2b-4e18-9aed-9b61128e1b95","VIT College","18.4635","73.8682","Kashinath Patil Nagar Stop","18.4745","73.8631","1","CANCELLED","I will wait at the hub","","67","3867","2026-10-01T19:00:00.000Z","2026-09-20T14:30:00.000Z"
"d8f99b07-f8eb-4426-b83b-de8c5024b850","ba9278c7-bf64-4d67-8b6e-d30a5cfedd4f","c3c94b51-2803-4c25-9e1e-bbe1eb6386cc","Swargate BRTS Stop","18.4982","73.8588","VIT College","18.4635","73.8682","1","COMPLETED","","","80","3868","2026-10-04T19:15:00.000Z","2026-09-20T18:30:00.000Z"
"a7916d93-e7d4-4d4c-8918-d7e2051c87e9","2741c327-9739-4f41-b232-e2de2842ce22","6cc8d264-2c05-4a80-90d4-2b29b4ccd802","VIT College","18.4635","73.8682","Balaji Nagar BRTS","18.4628","73.8577","1","COMPLETED","Please confirm pickup","","78","3869","2026-10-04T07:00:00.000Z","2026-09-20T18:30:00.000Z"
"22b5f5f1-9c8e-44f6-a3a8-a0986e398567","8f48bc14-eb02-42c5-806b-a120caae63de","6a3f9cb7-ea70-4c12-87b0-f7ee4a38b313","Market Yard Corner","18.4792","73.8581","VIT College","18.4635","73.8682","1","REJECTED","I will wait at the hub","No seats available","9","3870","2026-10-06T16:15:00.000Z","2026-09-21T01:30:00.000Z"
"ee7674b3-6951-4ebd-9f5f-68e26d1573eb","7ad8de96-cb66-47b2-8679-79d581a35a38","105772de-3e2e-4525-873d-28205793d14f","VIT College","18.4635","73.8682","Bibwewadi Bus Stop","18.4792","73.8615","1","REJECTED","I will wait at the hub","No seats available","7","3871","2026-10-05T18:00:00.000Z","2026-09-20T14:30:00.000Z"
"ab781b6f-86bf-4756-a876-e30c7dd19d26","556b3dff-8a8f-45c0-ab04-846ea2b3481e","b5eb2319-5923-4823-9cfb-fa0ca41f597b","Laxmi Narayan Theatre","18.4965","73.8584","VIT College","18.4635","73.8682","1","COMPLETED","Please confirm pickup","","17","3872","2026-10-06T23:15:00.000Z","2026-09-20T13:30:00.000Z"
"1e28cba8-37c7-49c1-8bad-f0d31a8ccd0a","06e4ac6c-d55f-4bb8-a35e-d68c49aa6fe0","e4b9e33a-9380-46ad-8b5f-37aca78f2d78","VIT College","18.4635","73.8682","Lower Indira Nagar Stop","18.4718","73.8618","1","REJECTED","Please confirm pickup","No seats available","22","3873","2026-10-09T15:00:00.000Z","2026-09-21T02:30:00.000Z"
"23a11aae-9870-4e5d-856e-93612ff2ad02","138e0e96-2ae0-42eb-925a-2efd6cc07f88","f1320520-f547-4abc-be6f-66bd5f323eb5","Market Yard Corner","18.4792","73.8581","VIT College","18.4635","73.8682","1","PENDING","","","28","3874","2026-10-10T01:15:00.000Z","2026-09-21T01:30:00.000Z"
"f28655fc-9961-4d4a-b0d9-450a4c39d416","399c90ae-f9b2-4636-b216-eefe642d5e68","c36606d7-b032-4936-8403-b0f1a43f756a","VIT College","18.4635","73.8682","Upper Indira Nagar Bus Depot","18.4682","73.8623","1","COMPLETED","I will wait at the hub","","49","3875","2026-10-12T09:00:00.000Z","2026-09-20T23:30:00.000Z"
"351c5e00-b027-4335-96ae-6492689cad2e","11a1a211-ed80-4b47-832d-744d54e3697a","f10fac1a-d7f2-4f4e-a8f2-d72fd48b371a","Bibwewadi Bus Stop","18.4792","73.8615","VIT College","18.4635","73.8682","1","REJECTED","I will wait at the hub","No seats available","4","3876","2026-10-12T02:15:00.000Z","2026-09-20T17:30:00.000Z"
"2da0fabc-12cc-4eca-bd3d-1fa55e476ff1","ef01b520-394f-42d7-80ea-7c9e4d54ceb9","5ab9a35e-6ac7-4156-95ae-cc1e59bb9fa7","VIT College","18.4635","73.8682","Chintamani Nagar","18.4651","73.864","1","REJECTED","I will wait at the hub","No seats available","27","3877","2026-10-12T10:00:00.000Z","2026-09-21T01:30:00.000Z"
"9032f7ca-9391-42c5-9126-d1825b209271","8dca88da-214d-418a-9950-3820c5a0025c","364c0441-918b-402a-a77c-fc9446ad8d71","Chintamani Nagar","18.4651","73.864","VIT College","18.4635","73.8682","1","CANCELLED","I will wait at the hub","","53","3878","2026-10-13T15:15:00.000Z","2026-09-20T18:30:00.000Z"
"01ddb1ad-f42d-494b-ac2c-88d0d1cb4ccf","6aab06c3-ca46-4e55-935a-b585c41aaf77","1de804a1-1c04-4d9b-88a6-03aa475b2f23","VIT College","18.4635","73.8682","Katraj Dairy BRTS","18.4508","73.8569","1","CANCELLED","Please confirm pickup","","4","3879","2026-10-15T15:00:00.000Z","2026-09-21T05:30:00.000Z"
"6b054b8f-9d5f-4998-853c-878d8407188c","97e0576b-a371-4489-a6e6-1050d8cd2b6c","8fcb293d-bce3-4068-b448-c15533882e86","Chintamani Nagar","18.4651","73.864","VIT College","18.4635","73.8682","1","REJECTED","I will wait at the hub","No seats available","4","3880","2026-10-16T20:15:00.000Z","2026-09-20T11:30:00.000Z"
"46c90055-b8aa-437b-90d5-6347b6d2d383","0350367a-d053-4acd-8222-3218fa42a97c","6b38852c-3199-4130-9bef-739d2cbf98cd","VIT College","18.4635","73.8682","Katraj Terminal","18.4471","73.8562","1","ACCEPTED","","","23","3881","2026-10-16T17:00:00.000Z","2026-09-20T17:30:00.000Z"
"f5638d1a-f6d5-4e76-aced-0cfcc22693c7","5719265d-325a-4a00-9690-103e22dae62e","ac87c729-c400-43ff-9619-cd867435a982","Kashinath Patil Nagar Stop","18.4745","73.8631","VIT College","18.4635","73.8682","1","PENDING","I will wait at the hub","","61","3882","2026-10-16T12:15:00.000Z","2026-09-21T05:30:00.000Z"
"79279e9e-d159-4cc7-a1fa-cf0f083d30dc","7b31edae-9abe-4dcc-b7cc-3c3720dc9fb5","2b79909a-3fc7-4286-93ba-521d9aa64a8f","VIT College","18.4635","73.8682","Katraj Terminal","18.4471","73.8562","1","REJECTED","","No seats available","4","3883","2026-10-19T14:00:00.000Z","2026-09-20T16:30:00.000Z"
"cd5987ac-270e-451b-9fec-d20bd6fe8954","3934bbc8-793b-4112-8542-53c265426f32","2cabb8ae-b3d7-4c51-8207-1b8fc7300e2c","Kashinath Patil Nagar Stop","18.4745","73.8631","VIT College","18.4635","73.8682","1","REJECTED","I will wait at the hub","No seats available","4","3884","2026-10-21T00:15:00.000Z","2026-09-20T11:30:00.000Z"
"70070519-20f3-48d5-999f-c297a075608b","3733cf77-96d4-4dc1-a9ec-da302478c3d5","843078cc-2ea7-483f-83b3-cc8bae6695c6","VIT College","18.4635","73.8682","Lower Indira Nagar Stop","18.4718","73.8618","1","CANCELLED","I will wait at the hub","","18","3885","2026-10-21T11:00:00.000Z","2026-09-20T10:30:00.000Z"
"0b488bf8-6771-4339-b432-ca836ea44d50","a89e487d-58b0-4fad-9d7c-706e74dd8e1b","d79a63da-78e9-4b42-a5b3-c04b428ae1c7","Upper Indira Nagar Bus Depot","18.4682","73.8623","VIT College","18.4635","73.8682","1","ACCEPTED","Please confirm pickup","","75","3886","2026-10-22T01:15:00.000Z","2026-09-20T16:30:00.000Z"
"966331cb-cb4d-4a37-b868-c0f41aa2d872","9f828941-9783-46be-bee8-44b76122f777","ced6df1d-3ee8-4c76-8610-955b666d02b6","VIT College","18.4635","73.8682","Market Yard Corner","18.4792","73.8581","1","PENDING","Please confirm pickup","","12","3887","2026-10-23T12:00:00.000Z","2026-09-21T05:30:00.000Z"
"7e10aafb-490e-4e12-871c-019e2e1f8f42","68f26ce5-b4bb-472d-b600-5ea3e62e9c2f","2a786db0-f79e-4a08-a45d-7143a56be137","Bibwewadi Bus Stop","18.4792","73.8615","VIT College","18.4635","73.8682","1","REJECTED","I will wait at the hub","No seats available","31","3888","2026-10-24T04:15:00.000Z","2026-09-21T04:30:00.000Z"
"76097b82-9291-4799-877e-272c16db1be6","ab08ed30-ba47-4fb9-b022-78e8de44f5cf","2c463203-2185-4bb6-ac9c-dbf4b358d3f9","VIT College","18.4635","73.8682","Chintamani Nagar","18.4651","73.864","1","REJECTED","","No seats available","44","3889","2026-10-23T18:00:00.000Z","2026-09-21T02:30:00.000Z"
"0b88ad9a-e5e3-4c6f-9459-de06f72db449","fbb61ac1-f9d2-4cdf-bf75-96014fa681aa","50b52ef7-937a-4ad7-a6ea-5df63741b351","Swargate PMPML Main Bus Stand","18.4991","73.8583","VIT College","18.4635","73.8682","1","CANCELLED","","","64","3890","2026-10-26T00:15:00.000Z","2026-09-20T22:30:00.000Z"
"fe9b6d18-fc31-4516-8139-f3e2379bbdef","c3a84aea-f9a3-48d9-b74d-9290f38e6112","23cdcd88-f49b-408a-af81-20c714c4290b","VIT College","18.4635","73.8682","Bibwewadi Bus Stop","18.4792","73.8615","1","COMPLETED","I will wait at the hub","","58","3891","2026-10-27T10:00:00.000Z","2026-09-20T13:30:00.000Z"
"5cc8e73e-f091-48e3-ac10-fb9c32383934","7c15c186-d066-4586-95d9-6c15ab96b1ca","8fe8486d-63f9-47dc-b19e-cee4aa0ac9c0","City Pride BRTS","18.4845","73.8583","VIT College","18.4635","73.8682","1","PENDING","","","2","3892","2026-10-28T13:15:00.000Z","2026-09-20T14:30:00.000Z"
"e9757858-748c-4d9e-b858-8d0dcc06f73b","f9e07fb2-20a3-41bf-b1a3-a8cd544569d3","e448284e-7dcf-4d42-b0eb-1d902bcd1366","VIT College","18.4635","73.8682","Shankar Maharaj Math","18.4735","73.8579","1","ACCEPTED","","","13","3893","2026-10-30T07:00:00.000Z","2026-09-20T16:30:00.000Z"
"1b251d3b-3e67-450a-a94a-2a15672fee82","65474831-05b7-4a37-8459-e593b5ec272a","10da92ee-210d-4710-88f2-423a285dd142","Lower Indira Nagar Stop","18.4718","73.8618","VIT College","18.4635","73.8682","1","CANCELLED","Please confirm pickup","","10","3894","2026-10-28T03:15:00.000Z","2026-09-21T05:30:00.000Z"
"25f592cd-efbb-4e37-bd6e-cc32dfb89965","2e038fee-9718-4868-a45b-74849aa62d4e","420b1194-1446-4c01-a90b-9ad6313738f8","VIT College","18.4635","73.8682","Bharati Vidyapeeth","18.456","73.8574","1","PENDING","Please confirm pickup","","24","3895","2026-10-31T22:00:00.000Z","2026-09-21T00:30:00.000Z"
"bebf4c60-f390-4398-a549-cebc9b03c929","5700c7ad-a661-41ac-8de3-0caa8edd4916","542484e9-c9f4-48df-8789-a3dffda2107d","Laxmi Narayan Theatre","18.4965","73.8584","VIT College","18.4635","73.8682","1","CANCELLED","","","7","3896","2026-11-01T23:15:00.000Z","2026-09-21T06:30:00.000Z"
"5837e21c-0421-4a45-a137-f4715ea0773d","8a037316-bd88-4f1b-854e-4024f3773942","b478ed02-c175-49c9-846a-0e9a7f6aa6be","VIT College","18.4635","73.8682","Katraj Dairy BRTS","18.4508","73.8569","1","CANCELLED","Please confirm pickup","","29","3897","2026-11-02T10:00:00.000Z","2026-09-20T14:30:00.000Z"
"f8edb2b7-c864-4596-b2d6-c64103a39040","d0cab530-3c33-4d4a-ae79-520a75ef8312","1c8d0824-69a8-4346-9507-05d4a6013c68","Market Yard Corner","18.4792","73.8581","VIT College","18.4635","73.8682","1","REJECTED","","No seats available","11","3898","2026-11-04T01:15:00.000Z","2026-09-21T02:30:00.000Z"
"bb4039b2-7b85-4dc5-8d03-35a64ad2d252","b7ba8e54-92be-434c-ba84-25ccd8366591","5f049c18-2f70-4261-b271-889d9956d23d","VIT College","18.4635","73.8682","Bharati Vidyapeeth","18.456","73.8574","1","PENDING","I will wait at the hub","","53","3899","2026-11-04T05:00:00.000Z","2026-09-20T22:30:00.000Z"
"51e35f97-b8b9-469a-82fe-c477f5bd2f88","373e7fa0-1c24-487c-a052-39be59600702","f6c03d6c-620f-48f6-af10-83f362b1c35a","Kashinath Patil Nagar Stop","18.4745","73.8631","VIT College","18.4635","73.8682","1","COMPLETED","Please confirm pickup","","56","3900","2026-08-06T10:15:00.000Z","2026-09-20T22:30:00.000Z"
"5208c67c-e0d0-49bd-b20d-10192f969c9b","82d6e312-ea3e-4afc-80b2-29f1e2db19d2","72a2f2bb-d751-41f3-8634-e09d45e07917","VIT College","18.4635","73.8682","Upper Indira Nagar Bus Depot","18.4682","73.8623","1","CANCELLED","I will wait at the hub","","8","3901","2026-08-08T18:00:00.000Z","2026-09-20T17:30:00.000Z"
"5559eeeb-eb9a-4da0-bb91-1b2f5c8d368e","4fa31dbb-5e33-4dd3-a43e-79f543fe1378","1712b652-bce4-4309-8027-92304c9fed8f","Swargate BRTS Stop","18.4982","73.8588","VIT College","18.4635","73.8682","1","CANCELLED","","","6","3902","2026-08-07T05:15:00.000Z","2026-09-20T13:30:00.000Z"
"e0ea930b-c8b7-45c3-8ff8-f3dbc0955e83","974ff15c-c038-4dc5-987b-3071cb4137f1","22829531-9959-4ca6-a928-9f36eb4703e1","VIT College","18.4635","73.8682","Bharati Vidyapeeth","18.456","73.8574","1","REJECTED","I will wait at the hub","No seats available","26","3903","2026-08-09T17:00:00.000Z","2026-09-21T02:30:00.000Z"
"b1aba595-1878-4daa-b643-71558d6584c4","0a9c89f4-ad9e-46c8-8338-2757a38d5122","81e5312b-7123-490f-977b-7f79504efcd6","Market Yard Corner","18.4792","73.8581","VIT College","18.4635","73.8682","1","COMPLETED","Please confirm pickup","","76","3904","2026-08-10T01:15:00.000Z","2026-09-21T06:30:00.000Z"
"db0df64e-b6f3-4423-8a8c-04ec0d6abab5","bb6447da-be36-4483-a6db-f03969d1306d","e57ff715-25a1-426c-97cf-87015c1bf680","VIT College","18.4635","73.8682","Bharati Vidyapeeth","18.456","73.8574","1","PENDING","Please confirm pickup","","43","3905","2026-08-13T05:00:00.000Z","2026-09-21T00:30:00.000Z"
"079aed46-da26-4cb3-af28-357bc1b7d1bb","5be2a491-d5dd-4af1-8d73-36810402dca8","5493fbc0-789f-4b10-8644-f8ec21cd0b14","City Pride BRTS","18.4845","73.8583","VIT College","18.4635","73.8682","1","PENDING","I will wait at the hub","","4","3906","2026-08-13T11:15:00.000Z","2026-09-21T04:30:00.000Z"
"f0cd1dd2-7e7e-47a3-b569-c4c29b6364ff","5490818a-2bc2-4ef4-937f-aa45c186f23e","ef8bce94-feeb-4e53-b72f-1a7c2e5bddf1","VIT College","18.4635","73.8682","Balaji Nagar BRTS","18.4628","73.8577","1","REJECTED","","No seats available","22","3907","2026-08-14T22:00:00.000Z","2026-09-20T11:30:00.000Z"
"6a88fce6-fa4e-4fe4-9f43-af502b568337","da735137-ace5-43af-ab24-22dac49fda23","4f4e35d9-739c-4f3d-b0b4-2067faa30741","Bibwewadi Bus Stop","18.4792","73.8615","VIT College","18.4635","73.8682","1","CANCELLED","Please confirm pickup","","42","3908","2026-08-13T22:15:00.000Z","2026-09-21T06:30:00.000Z"
"a4f5fdd4-e914-4d2a-83de-bb3e1fd67ce1","3242d9fc-9ffa-4468-a6bc-e5b75acf07a6","9d0ef4fe-a576-4770-9ab1-5eafc46b6be0","VIT College","18.4635","73.8682","Bibwewadi Bus Stop","18.4792","73.8615","1","PENDING","","","75","3909","2026-08-16T16:00:00.000Z","2026-09-21T02:30:00.000Z"
"0cc7db89-9b1b-4441-bbeb-d9c27165fef1","7a765650-b258-434b-bbbc-98ea7db7530e","4056717c-9798-4214-8fbd-07c4e3a98b6b","Market Yard Corner","18.4792","73.8581","VIT College","18.4635","73.8682","1","REJECTED","I will wait at the hub","No seats available","24","3910","2026-08-18T00:15:00.000Z","2026-09-20T21:30:00.000Z"
"c177319f-7683-4170-a11a-492b37f0aeb2","65577061-4435-4338-8873-ff30ff5a901c","3a33f6e7-07ab-4e3d-a721-814ac739de5e","VIT College","18.4635","73.8682","Shankar Maharaj Math","18.4735","73.8579","1","PENDING","Please confirm pickup","","48","3911","2026-08-17T06:00:00.000Z","2026-09-20T16:30:00.000Z"
"c575ecf1-bfd3-4794-ac76-13330d622145","57bdea97-fabb-456a-a374-e4980b70f1bb","3009cc84-1259-4bbc-a108-8462919b7c19","Lower Indira Nagar Stop","18.4718","73.8618","VIT College","18.4635","73.8682","1","CANCELLED","I will wait at the hub","","21","3912","2026-08-18T21:15:00.000Z","2026-09-20T17:30:00.000Z"
"cb075023-8531-4988-938e-02973549a45a","a64c3a42-0e72-4c06-9c85-60c0039d0c26","7e9c129c-4156-4ca9-af99-d00fb8d1aadd","VIT College","18.4635","73.8682","Kashinath Patil Nagar Stop","18.4745","73.8631","1","PENDING","I will wait at the hub","","72","3913","2026-08-20T18:00:00.000Z","2026-09-21T03:30:00.000Z"
"2c9bcf14-a738-40e4-8c5d-0f48eb1f1276","ecd1eddd-48f7-4b16-b5d6-c74e0ffa0f96","21c63f77-2d39-4f11-9e0c-1c7312653c75","City Pride BRTS","18.4845","73.8583","VIT College","18.4635","73.8682","1","ACCEPTED","Please confirm pickup","","3","3914","2026-08-20T05:15:00.000Z","2026-09-21T06:30:00.000Z"
"56652d71-9827-4dc9-8d75-4a837268425e","64b15a17-a6a0-4c29-a956-bcc463b3e06d","657e344f-90aa-4e48-a3e5-9a6235100f2e","VIT College","18.4635","73.8682","Market Yard Corner","18.4792","73.8581","1","PENDING","I will wait at the hub","","13","3915","2026-08-20T19:00:00.000Z","2026-09-20T22:30:00.000Z"
"17d3256c-d3f8-457e-83e1-911c36d6ff7d","880eece1-35c6-47cc-9b13-df7a4dafa75b","b69aeeb6-95cd-4c93-b1fd-e8588a274731","Panchami BRTS","18.4902","73.8586","VIT College","18.4635","73.8682","1","REJECTED","","No seats available","27","3916","2026-08-21T05:15:00.000Z","2026-09-20T14:30:00.000Z"
"54cf5e63-c3c8-4254-956c-65c0b94b3ebe","fcd79093-8bbb-4802-9025-22dddfd1bbd8","896d4da2-8fa8-41c5-b3c6-164a6ce57775","VIT College","18.4635","73.8682","Katraj Terminal","18.4471","73.8562","1","REJECTED","","No seats available","52","3917","2026-08-23T18:00:00.000Z","2026-09-21T06:30:00.000Z"
"fafc1718-f848-49c7-8166-8ec00bec5dfe","537be75e-2e48-4216-8457-cd11d3b726a2","c64460b2-879f-4506-882f-92adfc9e63ac","Lower Indira Nagar Stop","18.4718","73.8618","VIT College","18.4635","73.8682","1","REJECTED","","No seats available","11","3918","2026-08-25T07:15:00.000Z","2026-09-20T12:30:00.000Z"
"6dda5421-eb23-44be-a62c-0180ebcc0f34","10d4ae0f-d589-4996-8aa8-b10e0baf2e0b","cd9196d9-a849-4e71-b98a-4e48a614e104","VIT College","18.4635","73.8682","Shankar Maharaj Math","18.4735","73.8579","1","REJECTED","I will wait at the hub","No seats available","16","3919","2026-08-26T07:00:00.000Z","2026-09-20T21:30:00.000Z"
"6cd7a723-071f-4155-a95a-e2838f4172a0","874e7b82-c4f1-47b2-9f14-d08d51a04b90","ed18db93-5780-4297-ae97-bbe311886b02","Lower Indira Nagar Stop","18.4718","73.8618","VIT College","18.4635","73.8682","1","COMPLETED","I will wait at the hub","","34","3920","2026-08-27T15:15:00.000Z","2026-09-21T03:30:00.000Z"
"4014b723-5231-422c-bccd-91389877f8c1","56c645af-8b79-43bc-a739-c8cb8fbf2680","43dd383b-7c2d-4840-8095-5e3518602750","VIT College","18.4635","73.8682","Kashinath Patil Nagar Stop","18.4745","73.8631","1","ACCEPTED","","","2","3921","2026-08-29T10:00:00.000Z","2026-09-20T16:30:00.000Z"
"446cc3c3-0e2d-4b4e-84d5-25affd44d26e","93e23fb9-63b7-406f-a4b1-96c0dba5a981","2e0cc7b0-3544-40fe-910b-e573a7d33c9a","Kashinath Patil Nagar Stop","18.4745","73.8631","VIT College","18.4635","73.8682","1","REJECTED","I will wait at the hub","No seats available","30","3922","2026-08-29T10:15:00.000Z","2026-09-20T22:30:00.000Z"
"830ab360-bfa9-43a6-8ee1-8294ce6f2f43","8066116b-42f6-40aa-87fd-8d4056b46e4d","715c6bfc-3ccb-48eb-9e74-b58e93075303","VIT College","18.4635","73.8682","Upper Indira Nagar Bus Depot","18.4682","73.8623","1","CANCELLED","","","14","3923","2026-08-30T17:00:00.000Z","2026-09-20T16:30:00.000Z"
"cba21adb-3f15-4220-a991-240d67cc3493","b1dca3b9-155b-457a-a18c-bea536d908b9","3916a068-e6a5-4012-812a-fbcd946203e9","Kashinath Patil Nagar Stop","18.4745","73.8631","VIT College","18.4635","73.8682","1","ACCEPTED","I will wait at the hub","","58","3924","2026-08-31T01:15:00.000Z","2026-09-20T14:30:00.000Z"
"4bcc3571-2d8b-42df-a5f8-e5ec07acf60a","7c526082-d595-4d19-87ba-ee5aee3916ce","6884857e-84bf-44a3-a6b7-57ffce28a733","VIT College","18.4635","73.8682","Market Yard Corner","18.4792","73.8581","1","CANCELLED","I will wait at the hub","","18","3925","2026-08-31T17:00:00.000Z","2026-09-20T13:30:00.000Z"
"8f26c418-6bfb-42d9-b65c-efcf28df512c","e5c29427-4d28-4be5-bf7a-580d4952ab5d","b25e6ea6-d736-435b-aead-e9d0d69b728d","Lower Indira Nagar Stop","18.4718","73.8618","VIT College","18.4635","73.8682","1","PENDING","I will wait at the hub","","23","3926","2026-08-31T03:15:00.000Z","2026-09-20T20:30:00.000Z"
"d1e8f144-4f15-4642-b984-2eceb9635742","720d41ac-d1b4-4dc9-ba7a-6acf0042e745","29ba1c6f-943a-462e-a307-a6c327c39a57","VIT College","18.4635","73.8682","Shankar Maharaj Math","18.4735","73.8579","1","PENDING","","","2","3927","2026-09-02T04:00:00.000Z","2026-09-20T10:30:00.000Z"
"9c199c57-a36d-4d1d-aade-243eac93644c","b38065ef-acd7-4f75-831e-a3883a7c083b","20bdc7ae-7082-421e-b675-6c4002d0295b","City Pride BRTS","18.4845","73.8583","VIT College","18.4635","73.8682","1","ACCEPTED","I will wait at the hub","","40","3928","2026-09-03T06:15:00.000Z","2026-09-20T10:30:00.000Z"
"30125b6d-465f-46a5-9af5-5569a96c51bb","56676370-b1ed-4512-a806-de2335804b90","62390621-3521-47ba-869a-f822874bb453","VIT College","18.4635","73.8682","Balaji Nagar BRTS","18.4628","73.8577","1","REJECTED","I will wait at the hub","No seats available","10","3929","2026-09-04T17:00:00.000Z","2026-09-20T18:30:00.000Z"
"e0b65cb6-bc0f-4300-bf71-d70be67ef065","9e9d3c36-4fab-4b7a-b4d5-2d97e2d9323d","08eb06b4-7805-4b0c-998b-d919358e8b0f","Market Yard Corner","18.4792","73.8581","VIT College","18.4635","73.8682","1","REJECTED","","No seats available","28","3930","2026-09-06T12:15:00.000Z","2026-09-21T04:30:00.000Z"
"3f4085aa-0ca4-4576-9c48-6a0bdb2a39ba","c4300939-e4a1-4f47-bdee-6b1b2bfff264","697c28b3-7690-4ffd-bfa8-c30e27f63214","VIT College","18.4635","73.8682","Lower Indira Nagar Stop","18.4718","73.8618","1","CANCELLED","","","0","3931","2026-09-06T19:00:00.000Z","2026-09-21T00:30:00.000Z"
"ca0a2fe9-6bca-4529-a483-4d618e44ff87","009f4a96-e552-4848-bef5-7a21b796a829","1f726f94-16aa-417d-8d05-1b3dd96d0827","Lower Indira Nagar Stop","18.4718","73.8618","VIT College","18.4635","73.8682","1","CANCELLED","I will wait at the hub","","23","3932","2026-09-06T22:15:00.000Z","2026-09-21T05:30:00.000Z"
"d4b1a3ec-45c2-4d78-adeb-416b7d586176","3beb3b27-79ed-44b0-9627-62428b551e82","ea3fd43b-e1e5-4d62-a163-dae19fc740bd","VIT College","18.4635","73.8682","Bharati Vidyapeeth","18.456","73.8574","1","REJECTED","I will wait at the hub","No seats available","41","3933","2026-09-08T06:00:00.000Z","2026-09-20T17:30:00.000Z"
"e3994f80-f81a-471a-9cc8-949983e52ad5","35101783-fa01-4108-9a78-87e5da2fce52","5def974b-b8b4-4ef7-8825-5a50ee6710cd","Panchami BRTS","18.4902","73.8586","VIT College","18.4635","73.8682","1","REJECTED","I will wait at the hub","No seats available","35","3934","2026-09-08T17:15:00.000Z","2026-09-21T03:30:00.000Z"
"abf69a89-c35a-4692-ad58-5d610f1cb3d2","a1113ccb-74a8-4188-b35a-bec65d08d99e","a7ff8669-7d2a-4462-beb0-0d9e874f1dc8","VIT College","18.4635","73.8682","Bibwewadi Bus Stop","18.4792","73.8615","1","REJECTED","I will wait at the hub","No seats available","22","3935","2026-09-10T13:00:00.000Z","2026-09-20T23:30:00.000Z"
"d9bb77f8-cf44-463a-b207-11ed295a58ed","bd75dfb8-8351-408f-b038-cd01a8ea5c7e","0f35346d-5638-4de0-b685-b0f5e42ff331","City Pride BRTS","18.4845","73.8583","VIT College","18.4635","73.8682","1","ACCEPTED","Please confirm pickup","","29","3936","2026-09-12T07:15:00.000Z","2026-09-20T23:30:00.000Z"
"ab23c369-48b9-4ac8-94de-673697e6a9b2","722b279b-dccd-4554-b6b0-583efd80ad3b","ffe56b11-38f8-4fa2-936c-d19021b522b8","VIT College","18.4635","73.8682","Shankar Maharaj Math","18.4735","73.8579","1","CANCELLED","","","14","3937","2026-09-14T00:00:00.000Z","2026-09-20T15:30:00.000Z"
"c8d325ab-cdea-4e51-b522-d3d0ac4dedad","7b68f551-2656-4109-92ec-c54f71db7d11","93c44edd-bbc5-4ac3-9dba-63f636b8ed0b","Swargate BRTS Stop","18.4982","73.8588","VIT College","18.4635","73.8682","1","PENDING","","","12","3938","2026-09-15T01:15:00.000Z","2026-09-20T21:30:00.000Z"
"8757f3d5-18eb-4cd9-83f2-1eee8cdb2234","04c461eb-f5d7-4f2b-a227-edba582fcd38","7d4898cc-54f3-4bd1-b9da-b31ff1cb26c3","VIT College","18.4635","73.8682","Kashinath Patil Nagar Stop","18.4745","73.8631","1","REJECTED","","No seats available","27","3939","2026-09-14T20:00:00.000Z","2026-09-20T21:30:00.000Z"
"d374c47f-02d2-4d3e-ad9b-b1219829172b","7f11746a-ddb5-4b52-8c2f-b9ab9ecd24eb","1f497524-0e6c-424a-94f9-93905b5a9755","Kashinath Patil Nagar Stop","18.4745","73.8631","VIT College","18.4635","73.8682","1","CANCELLED","","","0","3940","2026-09-15T01:15:00.000Z","2026-09-20T16:30:00.000Z"
"b9541e9b-2ca3-4f8c-a4a4-5d7a2127a65e","1e936a3f-b640-432e-8ff8-bf3b94f3c7fb","609a5aa2-e576-472b-ae03-3d339a90c45c","VIT College","18.4635","73.8682","Shankar Maharaj Math","18.4735","73.8579","1","PENDING","","","11","3941","2026-09-16T23:00:00.000Z","2026-09-20T16:30:00.000Z"
"ad4b2003-02c5-4d9b-8c58-c0e0cdafd13e","9c1377e0-63e5-4921-a677-2c4cb32569d2","829e7fa5-0c38-47a9-a715-877dada17b24","Swargate PMPML Main Bus Stand","18.4991","73.8583","VIT College","18.4635","73.8682","1","PENDING","I will wait at the hub","","29","3942","2026-09-17T12:15:00.000Z","2026-09-21T01:30:00.000Z"
"8306bc85-ccb0-4939-9abb-ea10b49a00e0","de36d91d-800f-4ad4-b9e1-2a6be77027d4","2fd77d02-9eed-432b-bc2b-69984e53b256","VIT College","18.4635","73.8682","Katraj Dairy BRTS","18.4508","73.8569","1","REJECTED","I will wait at the hub","No seats available","30","3943","2026-09-19T14:00:00.000Z","2026-09-20T22:30:00.000Z"
"49410586-6ba7-4d89-b27d-9960d7a3a665","f577c4c8-21b9-4f67-8824-92084fc00604","2e269fc9-9682-468b-b756-d02e46a395d8","Swargate PMPML Main Bus Stand","18.4991","73.8583","VIT College","18.4635","73.8682","1","REJECTED","","No seats available","27","3944","2026-09-20T01:15:00.000Z","2026-09-20T20:30:00.000Z"
"f73da4fb-f9eb-46ef-83c4-577cb73dd6eb","8766f53e-2624-498b-8250-73a29b3c3c25","ae43995b-0b10-49a4-a37e-36a29c7b89fa","VIT College","18.4635","73.8682","Market Yard Corner","18.4792","73.8581","1","PENDING","","","63","3945","2026-09-19T14:00:00.000Z","2026-09-21T04:30:00.000Z"
"0f20b0b4-37cc-4084-8fa4-3feb54d90a29","c381757c-59d6-4043-86ec-c0f5fd5e3529","ccfa0157-3dc7-4140-84a7-8283ed55f1e4","Lower Indira Nagar Stop","18.4718","73.8618","VIT College","18.4635","73.8682","1","PENDING","","","20","3946","2026-09-21T20:15:00.000Z","2026-09-21T01:30:00.000Z"
"5b97cb78-3b40-4f14-8f3f-a9c3fdd6967e","0233b488-5cba-414c-afb1-1ed73840054d","fb85cd08-9134-4e91-ad82-1bf40b5e18fe","VIT College","18.4635","73.8682","Katraj Terminal","18.4471","73.8562","1","REJECTED","I will wait at the hub","No seats available","1","3947","2026-09-22T21:00:00.000Z","2026-09-21T05:30:00.000Z"
"3508d3fc-bbb8-4534-a693-46e9e7cd3463","c6f65103-d2c6-4eec-89d6-f7e960b5ba24","797bc6e5-c2a2-497c-bf6e-087c71a1d8b5","Panchami BRTS","18.4902","73.8586","VIT College","18.4635","73.8682","1","REJECTED","I will wait at the hub","No seats available","13","3948","2026-09-23T07:15:00.000Z","2026-09-20T19:30:00.000Z"
"1ce97434-2339-48f4-a638-3c58621e8fc2","ee357042-a8d8-432e-8ee3-a11515f1f7b7","77d7f815-239b-4019-bf1b-76b62751a21d","VIT College","18.4635","73.8682","Lower Indira Nagar Stop","18.4718","73.8618","1","COMPLETED","","","58","3949","2026-09-25T09:00:00.000Z","2026-09-20T23:30:00.000Z"
"37787824-98a8-4bdd-a6d8-fab9fbc800e2","a937e903-39aa-449d-b394-e7a901c00589","481621b5-ffcf-4751-b9e2-151c0182f97a","Swargate BRTS Stop","18.4982","73.8588","VIT College","18.4635","73.8682","1","PENDING","","","25","3950","2026-09-26T03:15:00.000Z","2026-09-20T21:30:00.000Z"
"ad144988-57b6-4372-840f-80af801efdef","52281e5f-9bb3-49cc-9207-f8963c6daf9e","fc17bde9-8039-463a-b2df-6dd060d08969","VIT College","18.4635","73.8682","Balaji Nagar BRTS","18.4628","73.8577","1","REJECTED","","No seats available","18","3951","2026-09-26T21:00:00.000Z","2026-09-20T18:30:00.000Z"
"638d089a-2171-4917-833c-093f3f91cc18","6851c7b3-6338-4725-9bc5-a2d26fa91353","6279cde7-2c2c-4986-a9a4-55039693b818","Chintamani Nagar","18.4651","73.864","VIT College","18.4635","73.8682","1","PENDING","I will wait at the hub","","48","3952","2026-09-26T13:15:00.000Z","2026-09-20T17:30:00.000Z"
"5043f75f-7a47-41b6-9a5d-5d84186e98ff","5881764f-684f-4d17-aca7-e313a53dc378","9c577260-815e-4814-ae42-db071f0604b0","VIT College","18.4635","73.8682","Upper Indira Nagar Bus Depot","18.4682","73.8623","1","CANCELLED","","","36","3953","2026-09-29T19:00:00.000Z","2026-09-21T05:30:00.000Z"
"5e895c09-5c2e-4078-99f8-9762adc23064","4f3d34d6-eb5d-4a79-8f45-c82ef2f659fe","969131e9-4cc6-483d-82f8-990f056d6c5a","Laxmi Narayan Theatre","18.4965","73.8584","VIT College","18.4635","73.8682","1","REJECTED","Please confirm pickup","No seats available","70","3954","2026-09-29T20:15:00.000Z","2026-09-20T14:30:00.000Z"
"83a591ec-e160-4884-9005-ec52f3320d0e","ca158156-cb12-4a7a-8103-67d36572fa78","85bed899-042e-4b82-a6ac-e7f8e8652524","VIT College","18.4635","73.8682","Katraj Terminal","18.4471","73.8562","1","ACCEPTED","I will wait at the hub","","28","3955","2026-10-01T14:00:00.000Z","2026-09-20T14:30:00.000Z"
"d2f043a0-b802-40a2-815f-2af1e64da7bc","8e31b037-f501-43f3-9742-2c4238afc243","dd95ce1d-b76e-4f1f-9a03-108aea02d0d2","Kashinath Patil Nagar Stop","18.4745","73.8631","VIT College","18.4635","73.8682","1","REJECTED","Please confirm pickup","No seats available","19","3956","2026-10-01T07:15:00.000Z","2026-09-20T18:30:00.000Z"
"a378f023-499b-40a0-8f0d-dab401c5e97b","12e459f4-a197-4331-84db-2a65861c530e","39147f90-fbda-49de-88ec-5fe656c0d7b4","VIT College","18.4635","73.8682","Katraj Terminal","18.4471","73.8562","1","REJECTED","","No seats available","9","3957","2026-10-02T01:00:00.000Z","2026-09-21T01:30:00.000Z"
"8cf7fe2f-3de6-47ba-b4ff-9801645c0b61","fca24602-6c93-4056-91b7-2deabf0f9bca","51e576cc-ab7a-49bd-ad0b-21fda7d2bda2","Bibwewadi Bus Stop","18.4792","73.8615","VIT College","18.4635","73.8682","1","REJECTED","I will wait at the hub","No seats available","30","3958","2026-10-03T10:15:00.000Z","2026-09-21T06:30:00.000Z"
"1463b4ab-8f21-4837-8147-efb12e5d8dd7","4d851de1-aaf1-4bbe-a31e-b8ad43171874","9ef8f4fa-8101-4ff2-80ff-91a966e3bab8","VIT College","18.4635","73.8682","Shankar Maharaj Math","18.4735","73.8579","1","ACCEPTED","","","19","3959","2026-10-04T13:00:00.000Z","2026-09-21T01:30:00.000Z"
"d6592f4f-6a85-4023-81d6-5ddc2eb5bf7f","fd009b67-3ae7-4bdd-9c46-4e9c71db9f8c","f0c7e0ed-5ec8-43e2-aabe-d0c93c5234e3","Kashinath Patil Nagar Stop","18.4745","73.8631","VIT College","18.4635","73.8682","1","CANCELLED","I will wait at the hub","","25","3960","2026-10-05T11:15:00.000Z","2026-09-20T12:30:00.000Z"
"c0cfe9af-69a5-44ba-b246-48a0d067b54b","3cce6f20-8e5e-4932-b2e7-725646c5f1e4","39d3794d-33e3-4ffe-b495-fbaa9d28a26b","VIT College","18.4635","73.8682","Bibwewadi Bus Stop","18.4792","73.8615","1","REJECTED","Please confirm pickup","No seats available","69","3961","2026-10-07T21:00:00.000Z","2026-09-21T06:30:00.000Z"
"6e07ad6b-ebc0-4f7d-9890-4c34699ce39a","e2d96fa2-a305-4a6f-a9ec-0280397eb8d9","d96dc164-dffd-4bcb-bc7b-ca59b2d88379","City Pride BRTS","18.4845","73.8583","VIT College","18.4635","73.8682","1","PENDING","Please confirm pickup","","4","3962","2026-10-08T06:15:00.000Z","2026-09-20T16:30:00.000Z"
"f29c3957-146c-406b-bbdc-9c146c3c3567","b5a76907-4c2f-4ad2-8569-4c707d0491d9","6871daa5-011a-4255-a4bd-29f490afb889","VIT College","18.4635","73.8682","Bharati Vidyapeeth","18.456","73.8574","1","CANCELLED","","","21","3963","2026-10-09T23:00:00.000Z","2026-09-20T11:30:00.000Z"
"aae6238d-31fe-4216-ba92-09efd541f39a","aa82c21a-5784-4162-aea1-c9366db711e8","72cddc2e-6ec2-4e48-aa1a-fc6654d24fab","Panchami BRTS","18.4902","73.8586","VIT College","18.4635","73.8682","1","PENDING","Please confirm pickup","","56","3964","2026-10-09T08:15:00.000Z","2026-09-20T16:30:00.000Z"
"690fcdbe-abae-473b-9f1f-7fd3ed061281","cfcd71f3-64d5-4c5c-bf60-d93e484a87ef","26dcafa5-e28f-4c96-bd7f-75ca1113e108","VIT College","18.4635","73.8682","Kashinath Patil Nagar Stop","18.4745","73.8631","1","CANCELLED","","","17","3965","2026-10-11T10:00:00.000Z","2026-09-21T02:30:00.000Z"
"8b18e048-de30-447f-858b-d63c1d3251c4","9338a5c7-a28c-4b61-a813-8eb9691e3c56","5ac71c5e-4117-49f2-9551-e2487ee014ca","Market Yard Corner","18.4792","73.8581","VIT College","18.4635","73.8682","1","REJECTED","Please confirm pickup","No seats available","75","3966","2026-10-10T10:15:00.000Z","2026-09-20T17:30:00.000Z"
"c75af3a3-a69b-4411-913c-3f7827d45b69","0dc2c06e-723c-4616-88fe-b8959158b482","2bf63d4b-4be8-4a3d-b079-2a7b714b0da3","VIT College","18.4635","73.8682","Katraj Terminal","18.4471","73.8562","1","REJECTED","","No seats available","7","3967","2026-10-13T02:00:00.000Z","2026-09-21T02:30:00.000Z"
"f1641068-d7df-497b-b44a-f30a1cefad04","90eea363-7e5d-4c95-929a-862c8fcb8d9e","f24e7e05-582d-47da-aa31-e435fb66bfa2","City Pride BRTS","18.4845","73.8583","VIT College","18.4635","73.8682","1","PENDING","Please confirm pickup","","19","3968","2026-10-12T05:15:00.000Z","2026-09-20T22:30:00.000Z"
"360e359d-4a51-4666-9c89-18076b7401bf","ab694b13-6aa0-4aa4-98f1-38188790098d","e36d6950-fda1-4e0a-b9a4-3109c1ef3afd","VIT College","18.4635","73.8682","Shankar Maharaj Math","18.4735","73.8579","1","REJECTED","I will wait at the hub","No seats available","0","3969","2026-10-16T00:00:00.000Z","2026-09-20T18:30:00.000Z"
"4b318115-f185-4ea9-837f-ef9cd567d868","2075418e-f94c-4e07-8c10-1c9b8f557ca9","8dc944aa-aca1-45be-a9af-21bd271602d1","Bibwewadi Bus Stop","18.4792","73.8615","VIT College","18.4635","73.8682","1","PENDING","I will wait at the hub","","22","3970","2026-10-15T11:15:00.000Z","2026-09-21T04:30:00.000Z"
"99083b85-1c3a-4b4f-b45d-a0fe27116cc9","24496544-286d-4884-872d-9825d267b0ea","69158428-13ec-44bc-be1b-661be60211b1","VIT College","18.4635","73.8682","Chintamani Nagar","18.4651","73.864","1","PENDING","Please confirm pickup","","15","3971","2026-10-15T12:00:00.000Z","2026-09-20T20:30:00.000Z"
"3eafc3fa-55f5-4dbd-934e-39c87f23b65d","94270a5f-8991-4d87-b1df-21a194650720","17be73c9-0769-4965-981b-a5457dd33ba5","Lower Indira Nagar Stop","18.4718","73.8618","VIT College","18.4635","73.8682","1","PENDING","Please confirm pickup","","10","3972","2026-10-18T10:15:00.000Z","2026-09-20T17:30:00.000Z"
"dbff5219-b750-470d-9bc1-727bab96d042","8fc74d29-8668-4c29-b46e-3de3d3214c0f","049a400b-5043-4cc0-8f0c-a2000b0bc7c2","VIT College","18.4635","73.8682","Upper Indira Nagar Bus Depot","18.4682","73.8623","1","CANCELLED","Please confirm pickup","","7","3973","2026-10-18T23:00:00.000Z","2026-09-21T00:30:00.000Z"
"b9d76b89-9c64-4757-99a7-8a35e0e2d15d","0956db94-bc8d-46e8-b954-438af60bb66e","8ea08f3a-4be1-4f97-9251-d633e633dc41","Chintamani Nagar","18.4651","73.864","VIT College","18.4635","73.8682","1","PENDING","I will wait at the hub","","24","3974","2026-10-20T09:15:00.000Z","2026-09-20T22:30:00.000Z"
"83e5c70f-a483-4080-ac2d-a307e52ba20e","e34c05af-4ea5-4901-a451-6a551a89777c","d318afa9-113f-46e4-bd9a-1ae0cbe4cec9","VIT College","18.4635","73.8682","Katraj Dairy BRTS","18.4508","73.8569","1","COMPLETED","","","23","3975","2026-10-21T11:00:00.000Z","2026-09-21T03:30:00.000Z"
"4ded549d-5dd8-4f71-8be0-2e3e6392bfcd","66787283-0589-4690-a5eb-98871bb937b5","2bba79b1-7549-484e-89e1-bf3b93c66b88","Lower Indira Nagar Stop","18.4718","73.8618","VIT College","18.4635","73.8682","1","REJECTED","","No seats available","30","3976","2026-10-21T22:15:00.000Z","2026-09-21T04:30:00.000Z"
"5e95bb6a-e1f5-4a2e-811b-fb06f901c077","11f5f859-d820-4866-a902-fe4d64cc5049","17982a72-f4c8-4037-9da7-01d2b81b4f51","VIT College","18.4635","73.8682","Chintamani Nagar","18.4651","73.864","1","REJECTED","Please confirm pickup","No seats available","3","3977","2026-10-23T08:00:00.000Z","2026-09-20T14:30:00.000Z"
"6eb04865-6779-4c26-81f7-81b4ccddf73c","4b211acc-47a1-4736-b9f2-f22224c155f2","a33b3b67-373b-4a19-ab84-94afce2d3cf6","Chintamani Nagar","18.4651","73.864","VIT College","18.4635","73.8682","1","CANCELLED","","","6","3978","2026-10-22T03:15:00.000Z","2026-09-20T16:30:00.000Z"
"87cc3d77-3eb0-4269-b7bb-0262045bb9fd","823ada67-5898-4e1c-8c61-a3bfbfd766f0","b03a0f23-2e1f-438e-b34e-47d7681219f2","VIT College","18.4635","73.8682","Upper Indira Nagar Bus Depot","18.4682","73.8623","1","PENDING","","","9","3979","2026-10-26T04:00:00.000Z","2026-09-21T01:30:00.000Z"
"f8a565d2-4ad4-4498-b326-33da704aaeb5","c3a4b71a-d84a-4aee-acff-7f1e9b1a3c6a","f49a7a5a-e945-4e5c-9e00-e0e22be3b1cd","City Pride BRTS","18.4845","73.8583","VIT College","18.4635","73.8682","1","REJECTED","Please confirm pickup","No seats available","9","3980","2026-10-24T06:15:00.000Z","2026-09-21T01:30:00.000Z"
"4a8d0298-9e9b-4c65-863a-9d686a24bd3b","502bbbdd-e142-4ba2-81de-98012e1dd479","3e48df00-372b-4e64-9ef2-a432d0530793","VIT College","18.4635","73.8682","Katraj Terminal","18.4471","73.8562","1","PENDING","I will wait at the hub","","25","3981","2026-10-25T23:00:00.000Z","2026-09-20T17:30:00.000Z"
"f5b032f8-042f-4d2a-9f78-cb53be95197e","d2abba0a-9602-4839-97cd-770b9fc4b168","feff947d-b17e-452e-8f42-3a47e3538dae","Lower Indira Nagar Stop","18.4718","73.8618","VIT College","18.4635","73.8682","1","REJECTED","Please confirm pickup","No seats available","17","3982","2026-10-26T17:15:00.000Z","2026-09-20T12:30:00.000Z"
"1d66a702-a8ac-4d10-9454-87f686371bbf","a5fb05e8-401e-4fac-9f1a-aa6bdb375cf0","3514e5d2-6b02-4d6b-ac2b-59caf1561997","VIT College","18.4635","73.8682","Market Yard Corner","18.4792","73.8581","1","PENDING","","","28","3983","2026-10-30T03:00:00.000Z","2026-09-20T21:30:00.000Z"
"7b50b3c5-c8f7-499a-9bea-7948ccafb90f","7c6ed6df-3051-4e7d-b873-0c2b4aebbba5","1f869515-a5a9-4eb5-955d-cc39b514d6d4","Upper Indira Nagar Bus Depot","18.4682","73.8623","VIT College","18.4635","73.8682","1","PENDING","Please confirm pickup","","15","3984","2026-10-28T09:15:00.000Z","2026-09-21T03:30:00.000Z"
"a6d14b47-f6f9-496f-8be4-f843a82b4776","eb4d9fa1-be32-424f-823f-30fd8e8bdd17","de3ce989-9f1f-4440-bace-a75a4256201a","VIT College","18.4635","73.8682","Bharati Vidyapeeth","18.456","73.8574","1","REJECTED","Please confirm pickup","No seats available","7","3985","2026-11-01T00:00:00.000Z","2026-09-20T19:30:00.000Z"
"6e68627c-4a65-4aec-abe0-ae876058c55c","7c49e5a7-8572-4d25-bede-89b7312a5ad4","ea497014-e432-4e85-93b4-c928f4928526","Panchami BRTS","18.4902","73.8586","VIT College","18.4635","73.8682","1","ACCEPTED","I will wait at the hub","","34","3986","2026-10-30T23:15:00.000Z","2026-09-20T22:30:00.000Z"
"6942b518-5ea2-41da-a1b4-92ba9452967c","b5129ec5-87ef-4d74-96c3-c1fa95d7b873","f3823776-2961-40e6-9f5b-0eb8213276b9","VIT College","18.4635","73.8682","Katraj Terminal","18.4471","73.8562","1","CANCELLED","","","19","3987","2026-11-02T09:00:00.000Z","2026-09-20T17:30:00.000Z"
"2513ded5-663b-4f13-872a-0be13ffeb4bb","6ba2286e-6a29-4561-80b6-ca95fe1de44b","2aa9eabe-95db-4ea2-bb38-66742013ed82","City Pride BRTS","18.4845","73.8583","VIT College","18.4635","73.8682","1","PENDING","","","65","3988","2026-11-01T07:15:00.000Z","2026-09-21T01:30:00.000Z"
"b8c8b840-b42a-4575-a9fa-9159f57385cb","25a9ee57-3555-4329-ab62-b71d775970ec","91a6f354-971a-42d5-907b-b61d60bd2863","VIT College","18.4635","73.8682","Lower Indira Nagar Stop","18.4718","73.8618","1","REJECTED","","No seats available","26","3989","2026-11-02T20:00:00.000Z","2026-09-20T15:30:00.000Z"
"03d0253a-16c9-4874-8e38-a6c0dff12be3","39602255-227b-45f9-ae82-1c286858ecff","ddde26f0-a657-4cc5-8ef1-1171caad0347","Swargate PMPML Main Bus Stand","18.4991","73.8583","VIT College","18.4635","73.8682","1","PENDING","Please confirm pickup","","28","3990","2026-08-05T03:15:00.000Z","2026-09-21T04:30:00.000Z"
"33eb6bb6-62b0-452b-9875-49f07c0292ee","cebf1226-a787-4f79-b686-280e039bf09b","f054fa78-46b9-4920-a246-d949c994ef39","VIT College","18.4635","73.8682","Upper Indira Nagar Bus Depot","18.4682","73.8623","1","PENDING","Please confirm pickup","","3","3991","2026-08-08T23:00:00.000Z","2026-09-21T05:30:00.000Z"
"e938e43c-fdcb-44e6-a1b7-8f6ec247c080","7bc3ed98-a013-4f8f-ba30-dafebbec50ec","cf49cf74-3f6e-4709-821d-0f560bf5bf11","Bibwewadi Bus Stop","18.4792","73.8615","VIT College","18.4635","73.8682","1","PENDING","Please confirm pickup","","64","3992","2026-08-09T02:15:00.000Z","2026-09-20T22:30:00.000Z"
"af774faf-0bf7-4cbe-9bd8-19fbe1e3ac50","7558b4c3-cd3c-448e-907f-e4937e5d9c77","f36c8d35-39b1-4fd4-98f7-5ac3c530eab3","VIT College","18.4635","73.8682","Bibwewadi Bus Stop","18.4792","73.8615","1","CANCELLED","I will wait at the hub","","28","3993","2026-08-09T00:00:00.000Z","2026-09-21T02:30:00.000Z"
"713301be-f640-41bd-bbc5-d9f8f0e2dbb0","1b24ad7f-82fe-4482-abe4-dc2d49f3376b","d9f990c4-afb2-4074-8034-6a62f6c93ce4","Upper Indira Nagar Bus Depot","18.4682","73.8623","VIT College","18.4635","73.8682","1","CANCELLED","","","30","3994","2026-08-12T00:15:00.000Z","2026-09-20T13:30:00.000Z"
"0f7d9d66-4a52-4d21-a552-8aa85e902836","595b1b65-1e92-4713-be1c-585cd1fcf629","55511d2e-aa5e-4cf6-ac0c-2f79fd94ad59","VIT College","18.4635","73.8682","KK Market BRTS","18.4683","73.8579","1","REJECTED","Please confirm pickup","No seats available","45","3995","2026-08-12T23:00:00.000Z","2026-09-20T14:30:00.000Z"
"7a964099-e351-492a-b861-99167869434f","9e9a4e21-b4ed-41bf-89e4-d737b3072366","be3f8ff0-be2c-4cc2-bb19-b7c7caedba70","Panchami BRTS","18.4902","73.8586","VIT College","18.4635","73.8682","1","REJECTED","Please confirm pickup","No seats available","0","3996","2026-08-13T14:15:00.000Z","2026-09-21T00:30:00.000Z"
"06b1b000-0748-4b3a-b753-e84ca564b15c","9f380028-a07d-4fcc-a93d-1cdfe76e3f75","f6f5aab6-7eb0-41b3-a1ab-500ca62c77fa","VIT College","18.4635","73.8682","Upper Indira Nagar Bus Depot","18.4682","73.8623","1","REJECTED","Please confirm pickup","No seats available","1","3997","2026-08-14T20:00:00.000Z","2026-09-21T02:30:00.000Z"
"ff5f4609-01a1-4956-a4c3-d947e9ff0cb9","cbab3ff1-e1e7-416c-b6c4-fadc3636d525","21dd28b5-e343-467c-9b41-b7f373986e3d","Lower Indira Nagar Stop","18.4718","73.8618","VIT College","18.4635","73.8682","1","COMPLETED","","","52","3998","2026-08-14T11:15:00.000Z","2026-09-20T19:30:00.000Z"
"6e7bce37-dd1d-4fac-83b1-d552d96256a6","53475675-923c-4297-9c83-889d539d5dde","96f0bff7-4a51-45fe-924a-7fd40bd96af0","VIT College","18.4635","73.8682","Market Yard Corner","18.4792","73.8581","1","REJECTED","I will wait at the hub","No seats available","27","3999","2026-08-16T06:00:00.000Z","2026-09-20T14:30:00.000Z"
