"id","driverId","corridorId","originHubId","destinationHubId","originName","originLat","originLng","destName","destLat","destLng","departureTime","totalSeats","availableSeats","vehicleType","helmetProvided","contribution","notes","status","originSequence","destinationSequence"
"2160327c-0a56-458c-8e3a-b0a653bb488a","29ba1c6f-943a-462e-a307-a6c327c39a57","swargate-vit","a80964b4-72f5-43de-ad1a-bdcb9fca796e","6c30c56b-74ce-4c24-a819-98b9ab6387f5","Lower Indira Nagar Stop","18.4718","73.8618","VIT College","18.4635","73.8682","2026-08-08T02:15:00.000Z","1","0","scooty","true","19","Please arrive five minutes early","COMPLETED","8","12"
"a3e970e9-75ee-4f20-9165-255a51a84ca8","abc3a47b-8ad1-4b85-9c68-7d9ca2c6091e","katraj-vit","6c30c56b-74ce-4c24-a819-98b9ab6387f5","0ad9adea-2c75-4d2a-86ae-34dcc0727788","VIT College","18.4635","73.8682","Shankar Maharaj Math","18.4735","73.8579","2026-08-09T12:00:00.000Z","1","0","scooty","false","11","Please arrive five minutes early","SCHEDULED","13","6"
"2c93da10-5ccc-4b4f-b9be-663dbc43be74","0195616c-ec89-4a4d-8990-b9d0d41435fa","swargate-vit","86e290a5-7e39-4f7a-805e-a6154d820f01","6c30c56b-74ce-4c24-a819-98b9ab6387f5","Market Yard Corner","18.4792","73.8581","VIT College","18.4635","73.8682","2026-08-10T02:15:00.000Z","3","2","car","false","50","Morning campus commute","COMPLETED","6","12"
"12b7724e-5d38-4e12-a9c5-92b757d48e24","4bb40fa4-b428-432e-aca2-1a954ebd5186","katraj-vit","6c30c56b-74ce-4c24-a819-98b9ab6387f5","af5c22fe-11db-4392-b90e-85f946c0a37b","VIT College","18.4635","73.8682","KK Market BRTS","18.4683","73.8579","2026-08-11T12:00:00.000Z","1","0","scooty","false","8","Please arrive five minutes early","COMPLETED","13","5"
"c94642e2-10f3-48f6-badb-f7cb639224cd","96f0bff7-4a51-45fe-924a-7fd40bd96af0","swargate-vit","1bc21bdf-5bcc-4dd4-8140-eac24ae23b69","6c30c56b-74ce-4c24-a819-98b9ab6387f5","Kashinath Patil Nagar Stop","18.4745","73.8631","VIT College","18.4635","73.8682","2026-08-12T02:15:00.000Z","1","0","scooty","false","3","Morning campus commute","COMPLETED","9","12"
"bb34fe76-14af-4ae5-9f5c-603285cfbd25","856c5003-10e0-491c-b001-245c65a8fb4b","katraj-vit","6c30c56b-74ce-4c24-a819-98b9ab6387f5","0ad9adea-2c75-4d2a-86ae-34dcc0727788","VIT College","18.4635","73.8682","Shankar Maharaj Math","18.4735","73.8579","2026-08-13T12:00:00.000Z","1","0","scooty","false","12","","COMPLETED","13","6"
"ac13c8ae-3f73-4440-bc4f-791d0d7630f4","dbffce9e-93ca-460b-a2e6-fec327ae8a6e","swargate-vit","596f6d76-b8c5-4cf2-9058-1a1a334d424d","6c30c56b-74ce-4c24-a819-98b9ab6387f5","Panchami BRTS","18.4902","73.8586","VIT College","18.4635","73.8682","2026-08-14T02:15:00.000Z","1","1","bike","false","2","Morning campus commute","SCHEDULED","4","12"
"2b9eb664-e252-4eb4-aaf1-0330d9b229fb","20bdc7ae-7082-421e-b675-6c4002d0295b","katraj-vit","6c30c56b-74ce-4c24-a819-98b9ab6387f5","fea32ab3-d832-43d3-a3a0-788e8711526d","VIT College","18.4635","73.8682","Balaji Nagar BRTS","18.4628","73.8577","2026-08-15T12:00:00.000Z","1","1","scooty","false","7","Please arrive five minutes early","COMPLETED","13","4"
"6373477b-6351-4807-9c1f-290fbf1561ef","a4e13249-216e-49cd-8abf-6f5bd9c3fe4c","swargate-vit","1bc21bdf-5bcc-4dd4-8140-eac24ae23b69","6c30c56b-74ce-4c24-a819-98b9ab6387f5","Kashinath Patil Nagar Stop","18.4745","73.8631","VIT College","18.4635","73.8682","2026-08-16T02:15:00.000Z","2","0","car","false","59","Morning campus commute","COMPLETED","9","12"
"e4faf1af-7b41-4c8f-bb4e-2647ba612763","1137a11d-2e66-45ed-b840-8d12e6722bfa","katraj-vit","6c30c56b-74ce-4c24-a819-98b9ab6387f5","fea32ab3-d832-43d3-a3a0-788e8711526d","VIT College","18.4635","73.8682","Balaji Nagar BRTS","18.4628","73.8577","2026-08-17T12:00:00.000Z","2","2","car","false","32","Pickup near the hub","COMPLETED","13","4"
"5cef133f-2e32-48e4-a7eb-2811979c2847","d3b6bef4-14dc-43ee-b1ea-5df640bff3ea","swargate-vit","0c2d013a-9422-4c89-905f-4ec287ba2251","6c30c56b-74ce-4c24-a819-98b9ab6387f5","Swargate BRTS Stop","18.4982","73.8588","VIT College","18.4635","73.8682","2026-08-18T02:15:00.000Z","1","0","bike","true","20","Pickup near the hub","COMPLETED","2","12"
"76179ba1-30e0-477b-ae29-d600f715e9ee","a78892d9-93b0-4a78-9a2f-2fad3db5becb","katraj-vit","6c30c56b-74ce-4c24-a819-98b9ab6387f5","eb0d92a7-38aa-446a-9f38-091814ea3abd","VIT College","18.4635","73.8682","Chintamani Nagar","18.4651","73.864","2026-08-19T12:00:00.000Z","3","1","car","false","72","","SCHEDULED","13","12"
"7ecc5433-f388-49c8-89a7-e6af39dbbed2","613365a0-56e0-41a2-a7c9-48b35ec746a1","swargate-vit","596f6d76-b8c5-4cf2-9058-1a1a334d424d","6c30c56b-74ce-4c24-a819-98b9ab6387f5","Panchami BRTS","18.4902","73.8586","VIT College","18.4635","73.8682","2026-08-20T02:15:00.000Z","1","0","scooty","true","19","Pickup near the hub","SCHEDULED","4","12"
"8c70b215-94c9-4465-96d0-72dafdb7fecb","6767d864-c164-421c-8b90-0f29abc5af41","katraj-vit","6c30c56b-74ce-4c24-a819-98b9ab6387f5","af5c22fe-11db-4392-b90e-85f946c0a37b","VIT College","18.4635","73.8682","KK Market BRTS","18.4683","73.8579","2026-08-21T12:00:00.000Z","1","0","bike","true","24","Please arrive five minutes early","COMPLETED","13","5"
"26196210-9e3e-4195-bc14-5659986c1e39","62390621-3521-47ba-869a-f822874bb453","swargate-vit","eb0d92a7-38aa-446a-9f38-091814ea3abd","6c30c56b-74ce-4c24-a819-98b9ab6387f5","Chintamani Nagar","18.4651","73.864","VIT College","18.4635","73.8682","2026-08-22T02:15:00.000Z","1","0","bike","true","25","Morning campus commute","COMPLETED","11","12"
"7b014dba-0df2-4338-9833-b2ad08eea006","9449171f-669b-4ae3-8a11-85c2698005b4","katraj-vit","6c30c56b-74ce-4c24-a819-98b9ab6387f5","1bc21bdf-5bcc-4dd4-8140-eac24ae23b69","VIT College","18.4635","73.8682","Kashinath Patil Nagar Stop","18.4745","73.8631","2026-08-23T12:00:00.000Z","1","0","scooty","false","7","Please arrive five minutes early","SCHEDULED","13","10"
"e740fbe6-08b2-48ab-9ea5-fdea46ba33a2","8005e16b-eaf8-45be-b4d8-a5fcd5431201","swargate-vit","86e290a5-7e39-4f7a-805e-a6154d820f01","6c30c56b-74ce-4c24-a819-98b9ab6387f5","Market Yard Corner","18.4792","73.8581","VIT College","18.4635","73.8682","2026-08-24T02:15:00.000Z","1","0","scooty","true","26","Pickup near the hub","COMPLETED","6","12"
"5f011875-d174-456e-8e7f-72ee59c5e164","e0bd240d-0573-4a8a-830a-c46264dbd855","katraj-vit","6c30c56b-74ce-4c24-a819-98b9ab6387f5","0ad9adea-2c75-4d2a-86ae-34dcc0727788","VIT College","18.4635","73.8682","Shankar Maharaj Math","18.4735","73.8579","2026-08-25T12:00:00.000Z","1","0","scooty","true","5","Pickup near the hub","COMPLETED","13","6"
"6464cd59-ff68-4a0e-9445-5c85c2202968","f256e949-f4e4-4ba3-8ea9-d6a3d0ba8526","swargate-vit","11cd5543-db39-4321-9f12-008b367d2ce1","6c30c56b-74ce-4c24-a819-98b9ab6387f5","Upper Indira Nagar Bus Depot","18.4682","73.8623","VIT College","18.4635","73.8682","2026-08-26T02:15:00.000Z","4","4","car","false","31","","COMPLETED","10","12"
"edc119e1-9174-402e-b23c-6da190e38c4c","ce3592dc-d951-4134-a2cd-52dbc233a3f4","katraj-vit","6c30c56b-74ce-4c24-a819-98b9ab6387f5","a80964b4-72f5-43de-ad1a-bdcb9fca796e","VIT College","18.4635","73.8682","Lower Indira Nagar Stop","18.4718","73.8618","2026-08-27T12:00:00.000Z","1","0","bike","true","6","Morning campus commute","CANCELLED","13","9"
"409dc43c-6d61-425a-9ad3-6cf9f3497009","b8ece9b4-d515-405a-952d-1ccdc242c410","swargate-vit","eb0d92a7-38aa-446a-9f38-091814ea3abd","6c30c56b-74ce-4c24-a819-98b9ab6387f5","Chintamani Nagar","18.4651","73.864","VIT College","18.4635","73.8682","2026-08-28T02:15:00.000Z","1","1","bike","true","26","Please arrive five minutes early","COMPLETED","11","12"
"358dcfdc-19d7-46c5-9792-db4cafb39e25","08eb06b4-7805-4b0c-998b-d919358e8b0f","katraj-vit","6c30c56b-74ce-4c24-a819-98b9ab6387f5","86e290a5-7e39-4f7a-805e-a6154d820f01","VIT College","18.4635","73.8682","Market Yard Corner","18.4792","73.8581","2026-08-29T12:00:00.000Z","1","0","bike","true","2","Morning campus commute","COMPLETED","13","7"
"a9f57098-6b56-47c2-a905-943792856563","7b50af0a-e87a-4600-b547-06ff9da50ada","swargate-vit","86e290a5-7e39-4f7a-805e-a6154d820f01","6c30c56b-74ce-4c24-a819-98b9ab6387f5","Market Yard Corner","18.4792","73.8581","VIT College","18.4635","73.8682","2026-08-30T02:15:00.000Z","1","1","scooty","true","23","","COMPLETED","6","12"
"9acaa625-8ac9-4eb2-b657-e5fefadadb13","0b95ee62-3f26-4837-bdb3-8120bae0deda","katraj-vit","6c30c56b-74ce-4c24-a819-98b9ab6387f5","0ad9adea-2c75-4d2a-86ae-34dcc0727788","VIT College","18.4635","73.8682","Shankar Maharaj Math","18.4735","73.8579","2026-08-31T12:00:00.000Z","1","0","scooty","true","23","Morning campus commute","SCHEDULED","13","6"
"bb68714e-cc99-4298-a0ab-f0964a1a3277","8100f2b8-79e0-4059-be98-ced465000a2e","swargate-vit","1bc21bdf-5bcc-4dd4-8140-eac24ae23b69","6c30c56b-74ce-4c24-a819-98b9ab6387f5","Kashinath Patil Nagar Stop","18.4745","73.8631","VIT College","18.4635","73.8682","2026-09-01T02:15:00.000Z","2","2","car","false","65","Pickup near the hub","CANCELLED","9","12"
"07f12c9d-b137-490c-bc05-6847b466144c","a85fce63-b4a4-4d71-9d87-2fb5e4653681","katraj-vit","6c30c56b-74ce-4c24-a819-98b9ab6387f5","af5c22fe-11db-4392-b90e-85f946c0a37b","VIT College","18.4635","73.8682","KK Market BRTS","18.4683","73.8579","2026-09-02T12:00:00.000Z","2","1","car","false","74","Please arrive five minutes early","COMPLETED","13","5"
"b054dae5-6749-4f45-bd70-90a5261bb3cb","a6724b4c-1f36-4019-9072-772bbdeeca30","swargate-vit","11cd5543-db39-4321-9f12-008b367d2ce1","6c30c56b-74ce-4c24-a819-98b9ab6387f5","Upper Indira Nagar Bus Depot","18.4682","73.8623","VIT College","18.4635","73.8682","2026-09-03T02:15:00.000Z","1","0","scooty","true","13","Morning campus commute","CANCELLED","10","12"
"f519bf84-2469-4645-94a5-4b64c74736be","e443e68b-7cb4-4260-8ec6-64c485de79d5","katraj-vit","6c30c56b-74ce-4c24-a819-98b9ab6387f5","a80964b4-72f5-43de-ad1a-bdcb9fca796e","VIT College","18.4635","73.8682","Lower Indira Nagar Stop","18.4718","73.8618","2026-09-04T12:00:00.000Z","4","2","car","false","45","Pickup near the hub","SCHEDULED","13","9"
"ca529453-1096-4d6d-b73c-844960b24c84","697c28b3-7690-4ffd-bfa8-c30e27f63214","swargate-vit","3221d156-13e7-4834-84ce-848f49b87be2","6c30c56b-74ce-4c24-a819-98b9ab6387f5","Bibwewadi Bus Stop","18.4792","73.8615","VIT College","18.4635","73.8682","2026-09-05T02:15:00.000Z","1","0","bike","true","1","Pickup near the hub","COMPLETED","7","12"
"2c44cc2e-2b1a-407b-b6f4-6d379c613876","49e5dc79-ab6d-4188-9d10-62c1b84c7f5c","katraj-vit","6c30c56b-74ce-4c24-a819-98b9ab6387f5","0ad9adea-2c75-4d2a-86ae-34dcc0727788","VIT College","18.4635","73.8682","Shankar Maharaj Math","18.4735","73.8579","2026-09-06T12:00:00.000Z","1","0","scooty","true","29","Morning campus commute","CANCELLED","13","6"
"9bd7e7cc-c3b8-44a4-bb94-071ae012af07","c2483f77-a251-4434-8d94-6a2c53e2d38e","swargate-vit","596f6d76-b8c5-4cf2-9058-1a1a334d424d","6c30c56b-74ce-4c24-a819-98b9ab6387f5","Panchami BRTS","18.4902","73.8586","VIT College","18.4635","73.8682","2026-09-07T02:15:00.000Z","4","2","car","false","22","Pickup near the hub","COMPLETED","4","12"
"6cbc24c9-997a-4575-8f50-74a63c8817db","b2f0c20b-d66e-41c9-b60f-6562ae71b956","katraj-vit","6c30c56b-74ce-4c24-a819-98b9ab6387f5","ebb92112-ef31-4ebe-a259-4e999c52f0fd","VIT College","18.4635","73.8682","Bharati Vidyapeeth","18.456","73.8574","2026-09-08T12:00:00.000Z","1","0","bike","true","17","Please arrive five minutes early","COMPLETED","13","3"
"d4d9d3bf-e1ec-4b6c-8fd1-77e5c98c2dfc","fc8036f4-d3bf-49ee-baff-431b84d612ea","swargate-vit","3221d156-13e7-4834-84ce-848f49b87be2","6c30c56b-74ce-4c24-a819-98b9ab6387f5","Bibwewadi Bus Stop","18.4792","73.8615","VIT College","18.4635","73.8682","2026-09-09T02:15:00.000Z","1","0","bike","true","5","","CANCELLED","7","12"
"78c3715a-e0d6-4e72-8e78-0812a9f0dc30","2d02ada0-aefc-4d76-9f2f-c57bee3201ac","katraj-vit","6c30c56b-74ce-4c24-a819-98b9ab6387f5","a80964b4-72f5-43de-ad1a-bdcb9fca796e","VIT College","18.4635","73.8682","Lower Indira Nagar Stop","18.4718","73.8618","2026-09-10T12:00:00.000Z","3","2","car","false","26","Please arrive five minutes early","COMPLETED","13","9"
"080c0231-8db6-4bf8-af7e-18f1897059cb","ed6b366d-9f31-4216-84e6-747030d98fda","swargate-vit","0095597e-ebd1-4f83-a6c0-a8e94be6a92b","6c30c56b-74ce-4c24-a819-98b9ab6387f5","Laxmi Narayan Theatre","18.4965","73.8584","VIT College","18.4635","73.8682","2026-09-11T02:15:00.000Z","1","1","scooty","true","14","Pickup near the hub","COMPLETED","3","12"
"545281f3-0f0e-4257-b59e-65b48e3321bc","1f726f94-16aa-417d-8d05-1b3dd96d0827","katraj-vit","6c30c56b-74ce-4c24-a819-98b9ab6387f5","fea32ab3-d832-43d3-a3a0-788e8711526d","VIT College","18.4635","73.8682","Balaji Nagar BRTS","18.4628","73.8577","2026-09-12T12:00:00.000Z","2","2","car","false","35","Pickup near the hub","SCHEDULED","13","4"
"e014b291-f580-4258-b975-b7b590db113d","b9d9e60d-de32-4732-8eb8-480e0e81bcbf","swargate-vit","a80964b4-72f5-43de-ad1a-bdcb9fca796e","6c30c56b-74ce-4c24-a819-98b9ab6387f5","Lower Indira Nagar Stop","18.4718","73.8618","VIT College","18.4635","73.8682","2026-09-13T02:15:00.000Z","1","1","scooty","true","29","Pickup near the hub","SCHEDULED","8","12"
"0989abd2-b57c-4ede-a394-bb7842c14348","442efbff-6f39-436d-bf7a-2cbb6404a6ed","katraj-vit","6c30c56b-74ce-4c24-a819-98b9ab6387f5","eb0d92a7-38aa-446a-9f38-091814ea3abd","VIT College","18.4635","73.8682","Chintamani Nagar","18.4651","73.864","2026-09-14T12:00:00.000Z","2","1","car","false","62","","COMPLETED","13","12"
"80d22281-505f-4704-b42a-1fb05dcf59f6","afabde80-8412-4536-8a7d-443441b6329d","swargate-vit","a80964b4-72f5-43de-ad1a-bdcb9fca796e","6c30c56b-74ce-4c24-a819-98b9ab6387f5","Lower Indira Nagar Stop","18.4718","73.8618","VIT College","18.4635","73.8682","2026-09-15T02:15:00.000Z","1","1","bike","true","9","Morning campus commute","CANCELLED","8","12"
"95daa436-49ea-4a26-ae45-05b68c07a3c6","6c3f7adf-4f2a-4914-ba78-8b1548f14a1a","katraj-vit","6c30c56b-74ce-4c24-a819-98b9ab6387f5","1bc21bdf-5bcc-4dd4-8140-eac24ae23b69","VIT College","18.4635","73.8682","Kashinath Patil Nagar Stop","18.4745","73.8631","2026-09-16T12:00:00.000Z","1","1","bike","true","5","","CANCELLED","13","10"
"64d9b517-5a5e-48f8-9ce7-d05be280f5a0","81dfda4a-3ec9-4eae-a7f1-0692e03bb1d0","swargate-vit","0c2d013a-9422-4c89-905f-4ec287ba2251","6c30c56b-74ce-4c24-a819-98b9ab6387f5","Swargate BRTS Stop","18.4982","73.8588","VIT College","18.4635","73.8682","2026-09-17T02:15:00.000Z","1","1","scooty","true","20","","SCHEDULED","2","12"
"392cb2f8-d9df-427a-8ec9-95de2ae3799e","b049f74f-7dd1-454b-91ad-b27eeaeed095","katraj-vit","6c30c56b-74ce-4c24-a819-98b9ab6387f5","a80964b4-72f5-43de-ad1a-bdcb9fca796e","VIT College","18.4635","73.8682","Lower Indira Nagar Stop","18.4718","73.8618","2026-09-18T12:00:00.000Z","1","1","scooty","true","18","","COMPLETED","13","9"
"8f639569-9d2b-4e19-9a44-45d0f3118bac","ea3fd43b-e1e5-4d62-a163-dae19fc740bd","swargate-vit","19cfadd2-1ff7-4a2f-b5e3-eeb73f44cc28","6c30c56b-74ce-4c24-a819-98b9ab6387f5","Swargate PMPML Main Bus Stand","18.4991","73.8583","VIT College","18.4635","73.8682","2026-09-19T02:15:00.000Z","1","0","bike","true","17","Morning campus commute","COMPLETED","1","12"
"505a1ac1-40b5-4652-8fbf-67b3a88f1740","15d12fa2-5285-4e19-a290-344ead002d9f","katraj-vit","6c30c56b-74ce-4c24-a819-98b9ab6387f5","eb0d92a7-38aa-446a-9f38-091814ea3abd","VIT College","18.4635","73.8682","Chintamani Nagar","18.4651","73.864","2026-09-20T12:00:00.000Z","1","0","bike","true","4","Morning campus commute","COMPLETED","13","12"
"d7357d00-84c1-4e53-8ca5-9ac52c5a58f5","687e3195-2599-427f-a4e3-990ead4c2985","swargate-vit","eb0d92a7-38aa-446a-9f38-091814ea3abd","6c30c56b-74ce-4c24-a819-98b9ab6387f5","Chintamani Nagar","18.4651","73.864","VIT College","18.4635","73.8682","2026-09-21T02:15:00.000Z","2","2","car","false","34","Morning campus commute","CANCELLED","11","12"
"78ab243a-4567-42f8-baa5-d6fb3f981e4f","e977337e-9b7d-4b79-9851-7a31a276eaf5","katraj-vit","6c30c56b-74ce-4c24-a819-98b9ab6387f5","86597dc2-00ef-475a-8a9a-daf0323897ca","VIT College","18.4635","73.8682","Katraj Terminal","18.4471","73.8562","2026-09-22T12:00:00.000Z","1","0","bike","true","10","","SCHEDULED","13","1"
"3f5dbb31-a588-4482-8a07-b0ec50fbd83f","7833fb03-c858-4574-92d0-cb72030a18eb","swargate-vit","3221d156-13e7-4834-84ce-848f49b87be2","6c30c56b-74ce-4c24-a819-98b9ab6387f5","Bibwewadi Bus Stop","18.4792","73.8615","VIT College","18.4635","73.8682","2026-09-23T02:15:00.000Z","1","1","scooty","true","25","Pickup near the hub","SCHEDULED","7","12"
"9470df63-a388-477a-ab7c-5c3d550c74ed","71cd4f7b-3e01-44d7-9657-d28c4544f992","katraj-vit","6c30c56b-74ce-4c24-a819-98b9ab6387f5","86597dc2-00ef-475a-8a9a-daf0323897ca","VIT College","18.4635","73.8682","Katraj Terminal","18.4471","73.8562","2026-09-24T12:00:00.000Z","1","0","scooty","true","11","Morning campus commute","SCHEDULED","13","1"
"636ac1e5-e8b4-4cbf-afec-60e548a2c3dd","bfe5c77b-945d-47a5-81f7-7ae8e1ff5d5b","swargate-vit","3221d156-13e7-4834-84ce-848f49b87be2","6c30c56b-74ce-4c24-a819-98b9ab6387f5","Bibwewadi Bus Stop","18.4792","73.8615","VIT College","18.4635","73.8682","2026-09-25T02:15:00.000Z","2","2","car","false","54","Morning campus commute","SCHEDULED","7","12"
"f49031a7-61f3-4710-8dca-29a16eb403d0","5def974b-b8b4-4ef7-8825-5a50ee6710cd","katraj-vit","6c30c56b-74ce-4c24-a819-98b9ab6387f5","1bc21bdf-5bcc-4dd4-8140-eac24ae23b69","VIT College","18.4635","73.8682","Kashinath Patil Nagar Stop","18.4745","73.8631","2026-09-26T12:00:00.000Z","4","2","car","false","68","Pickup near the hub","SCHEDULED","13","10"
"2c6ab345-9777-45b4-a794-95db08ae07c2","772a4089-be1c-415b-9115-5af745dcbd7e","swargate-vit","11cd5543-db39-4321-9f12-008b367d2ce1","6c30c56b-74ce-4c24-a819-98b9ab6387f5","Upper Indira Nagar Bus Depot","18.4682","73.8623","VIT College","18.4635","73.8682","2026-09-27T02:15:00.000Z","2","0","car","false","26","","SCHEDULED","10","12"
"e3355ceb-b08d-4951-a32a-8d52582985af","04bfe73e-1142-4d3f-8bbf-57dbee041dd2","katraj-vit","6c30c56b-74ce-4c24-a819-98b9ab6387f5","11cd5543-db39-4321-9f12-008b367d2ce1","VIT College","18.4635","73.8682","Upper Indira Nagar Bus Depot","18.4682","73.8623","2026-09-28T12:00:00.000Z","1","0","scooty","true","27","Pickup near the hub","SCHEDULED","13","11"
"7d02b32f-7429-403a-8b78-9abb2743d54c","0234ea7e-b8a5-4a4f-8b12-eb48fefff06e","swargate-vit","596f6d76-b8c5-4cf2-9058-1a1a334d424d","6c30c56b-74ce-4c24-a819-98b9ab6387f5","Panchami BRTS","18.4902","73.8586","VIT College","18.4635","73.8682","2026-09-29T02:15:00.000Z","1","1","scooty","true","6","","SCHEDULED","4","12"
"a46b8abb-7f58-4ce7-8fbe-c3a9393eb841","2e0f5d10-9fa3-4578-9046-adc52e9f52d6","katraj-vit","6c30c56b-74ce-4c24-a819-98b9ab6387f5","876d2e4d-fad4-4ee2-916c-e5ad147030cf","VIT College","18.4635","73.8682","Katraj Dairy BRTS","18.4508","73.8569","2026-09-30T12:00:00.000Z","1","1","bike","true","16","Pickup near the hub","SCHEDULED","13","2"
"1b3f6749-f0ae-4234-8f8a-04caf7f11e60","29bb8b65-a83a-4f6b-b7c4-0a86fd9b82a1","swargate-vit","a80964b4-72f5-43de-ad1a-bdcb9fca796e","6c30c56b-74ce-4c24-a819-98b9ab6387f5","Lower Indira Nagar Stop","18.4718","73.8618","VIT College","18.4635","73.8682","2026-10-01T02:15:00.000Z","2","0","car","false","33","Morning campus commute","SCHEDULED","8","12"
"36b2c460-a1cd-457c-92fe-8f2b55f34de3","c283b8d4-e85f-4f55-a686-461ce166d95c","katraj-vit","6c30c56b-74ce-4c24-a819-98b9ab6387f5","fea32ab3-d832-43d3-a3a0-788e8711526d","VIT College","18.4635","73.8682","Balaji Nagar BRTS","18.4628","73.8577","2026-10-02T12:00:00.000Z","2","0","car","false","77","Please arrive five minutes early","SCHEDULED","13","4"
"c95c3cbe-06de-4f02-8209-d537672df89e","a7ff8669-7d2a-4462-beb0-0d9e874f1dc8","swargate-vit","0c2d013a-9422-4c89-905f-4ec287ba2251","6c30c56b-74ce-4c24-a819-98b9ab6387f5","Swargate BRTS Stop","18.4982","73.8588","VIT College","18.4635","73.8682","2026-10-03T02:15:00.000Z","1","0","bike","false","2","Pickup near the hub","SCHEDULED","2","12"
"7af251b1-c357-4a1b-bd99-dcc1d92cebaf","dae29690-62f3-4202-8961-05b05ec7dcc6","katraj-vit","6c30c56b-74ce-4c24-a819-98b9ab6387f5","86597dc2-00ef-475a-8a9a-daf0323897ca","VIT College","18.4635","73.8682","Katraj Terminal","18.4471","73.8562","2026-10-04T12:00:00.000Z","1","0","scooty","true","20","Pickup near the hub","SCHEDULED","13","1"
"93704f8f-9b3d-4658-9df9-7297a09efb6d","856b4feb-c8f1-4731-b41e-d21be114be5d","swargate-vit","0095597e-ebd1-4f83-a6c0-a8e94be6a92b","6c30c56b-74ce-4c24-a819-98b9ab6387f5","Laxmi Narayan Theatre","18.4965","73.8584","VIT College","18.4635","73.8682","2026-10-05T02:15:00.000Z","1","1","bike","true","28","Morning campus commute","SCHEDULED","3","12"
"49077169-77dd-4c65-bdc5-b78766d672c2","8d2bb992-3062-4ae3-b2ae-9d47074dec68","katraj-vit","6c30c56b-74ce-4c24-a819-98b9ab6387f5","86597dc2-00ef-475a-8a9a-daf0323897ca","VIT College","18.4635","73.8682","Katraj Terminal","18.4471","73.8562","2026-10-06T12:00:00.000Z","1","1","bike","true","28","Pickup near the hub","SCHEDULED","13","1"
"5b4c231d-27bf-408c-951f-fddd27a7e9e0","b94bb3da-92c3-4ecf-b576-f9dbbce590b5","swargate-vit","a80964b4-72f5-43de-ad1a-bdcb9fca796e","6c30c56b-74ce-4c24-a819-98b9ab6387f5","Lower Indira Nagar Stop","18.4718","73.8618","VIT College","18.4635","73.8682","2026-10-07T02:15:00.000Z","1","0","bike","true","11","Pickup near the hub","SCHEDULED","8","12"
"096bba8c-0116-411d-9f14-1c96839712fc","db6d13c6-50ea-4ee7-98cb-daab8b877783","katraj-vit","6c30c56b-74ce-4c24-a819-98b9ab6387f5","3221d156-13e7-4834-84ce-848f49b87be2","VIT College","18.4635","73.8682","Bibwewadi Bus Stop","18.4792","73.8615","2026-10-08T12:00:00.000Z","1","1","scooty","true","3","","SCHEDULED","13","8"
"50e7e7af-1469-4648-8b4e-455511038b4b","aba3000b-d3fe-45b0-93f8-1eb12fe76121","swargate-vit","86e290a5-7e39-4f7a-805e-a6154d820f01","6c30c56b-74ce-4c24-a819-98b9ab6387f5","Market Yard Corner","18.4792","73.8581","VIT College","18.4635","73.8682","2026-10-09T02:15:00.000Z","1","0","bike","true","20","Please arrive five minutes early","SCHEDULED","6","12"
"aced7d47-d250-420a-9774-e2988bf4185a","0f35346d-5638-4de0-b685-b0f5e42ff331","katraj-vit","6c30c56b-74ce-4c24-a819-98b9ab6387f5","0ad9adea-2c75-4d2a-86ae-34dcc0727788","VIT College","18.4635","73.8682","Shankar Maharaj Math","18.4735","73.8579","2026-10-10T12:00:00.000Z","1","0","bike","true","22","Pickup near the hub","SCHEDULED","13","6"
"3e84b24e-d459-4a5c-ab02-b23b20357c43","b53fb963-29ea-4299-915f-2cf34647fe2b","swargate-vit","eb0d92a7-38aa-446a-9f38-091814ea3abd","6c30c56b-74ce-4c24-a819-98b9ab6387f5","Chintamani Nagar","18.4651","73.864","VIT College","18.4635","73.8682","2026-10-11T02:15:00.000Z","4","2","car","false","36","Please arrive five minutes early","SCHEDULED","11","12"
"51804ff0-732e-4f33-9d16-ce45d3f78ad0","a2cb33f4-0739-4e42-9665-4bae72ebfb2a","katraj-vit","6c30c56b-74ce-4c24-a819-98b9ab6387f5","1bc21bdf-5bcc-4dd4-8140-eac24ae23b69","VIT College","18.4635","73.8682","Kashinath Patil Nagar Stop","18.4745","73.8631","2026-10-12T12:00:00.000Z","3","2","car","false","63","Please arrive five minutes early","SCHEDULED","13","10"
"b329300e-ced4-4596-85e2-2463a21ba4f9","95e5d040-6f8f-43de-b101-0a1abbfde269","swargate-vit","86e290a5-7e39-4f7a-805e-a6154d820f01","6c30c56b-74ce-4c24-a819-98b9ab6387f5","Market Yard Corner","18.4792","73.8581","VIT College","18.4635","73.8682","2026-10-13T02:15:00.000Z","1","0","bike","true","4","Morning campus commute","SCHEDULED","6","12"
"2e26e5e6-8a2c-49a0-9e59-effa2baf3812","b4419d49-c195-4f67-8a68-1e38418429ef","katraj-vit","6c30c56b-74ce-4c24-a819-98b9ab6387f5","11cd5543-db39-4321-9f12-008b367d2ce1","VIT College","18.4635","73.8682","Upper Indira Nagar Bus Depot","18.4682","73.8623","2026-10-14T12:00:00.000Z","3","1","car","false","71","Please arrive five minutes early","SCHEDULED","13","11"
"a7379bc1-41fc-4653-9c0b-b1912b205e68","ada304c3-1114-48bb-bacb-69446eecee2a","swargate-vit","570167fe-7324-46a2-9cf4-fbea6048e8be","6c30c56b-74ce-4c24-a819-98b9ab6387f5","City Pride BRTS","18.4845","73.8583","VIT College","18.4635","73.8682","2026-10-15T02:15:00.000Z","1","0","bike","true","9","","SCHEDULED","5","12"
"39f52ca3-2357-46c5-a98e-8b35ad97689d","fbade199-d957-41f1-9c4b-bef677c6f400","katraj-vit","6c30c56b-74ce-4c24-a819-98b9ab6387f5","86597dc2-00ef-475a-8a9a-daf0323897ca","VIT College","18.4635","73.8682","Katraj Terminal","18.4471","73.8562","2026-10-16T12:00:00.000Z","1","1","bike","true","30","Pickup near the hub","SCHEDULED","13","1"
"6cfcfb66-bb8d-4fd1-8063-a7710b4de356","ffe56b11-38f8-4fa2-936c-d19021b522b8","swargate-vit","a80964b4-72f5-43de-ad1a-bdcb9fca796e","6c30c56b-74ce-4c24-a819-98b9ab6387f5","Lower Indira Nagar Stop","18.4718","73.8618","VIT College","18.4635","73.8682","2026-10-17T02:15:00.000Z","1","0","scooty","true","9","Morning campus commute","SCHEDULED","8","12"
"29639fe3-fba9-4ec1-8c2a-beeec3698b93","02927b89-ffa8-40e0-963e-2651a35e576d","katraj-vit","6c30c56b-74ce-4c24-a819-98b9ab6387f5","a80964b4-72f5-43de-ad1a-bdcb9fca796e","VIT College","18.4635","73.8682","Lower Indira Nagar Stop","18.4718","73.8618","2026-10-18T12:00:00.000Z","1","0","scooty","true","6","Morning campus commute","SCHEDULED","13","9"
"b4f0bd24-29c0-49cf-8011-acbec3fd9ef2","e9ac0d57-c267-41a2-84aa-846e6f118304","swargate-vit","0c2d013a-9422-4c89-905f-4ec287ba2251","6c30c56b-74ce-4c24-a819-98b9ab6387f5","Swargate BRTS Stop","18.4982","73.8588","VIT College","18.4635","73.8682","2026-10-19T02:15:00.000Z","3","1","car","false","38","","SCHEDULED","2","12"
"09678e7e-77d5-401a-a91f-fb0664afca57","d138941d-1b44-42fe-975d-1a4eb78e7f92","katraj-vit","6c30c56b-74ce-4c24-a819-98b9ab6387f5","3221d156-13e7-4834-84ce-848f49b87be2","VIT College","18.4635","73.8682","Bibwewadi Bus Stop","18.4792","73.8615","2026-10-20T12:00:00.000Z","1","0","bike","true","24","Please arrive five minutes early","SCHEDULED","13","8"
"95d59f60-f6b4-44df-aad2-9883ffe95be1","f50ed78b-09ac-4340-b6dd-86ae124a356e","swargate-vit","11cd5543-db39-4321-9f12-008b367d2ce1","6c30c56b-74ce-4c24-a819-98b9ab6387f5","Upper Indira Nagar Bus Depot","18.4682","73.8623","VIT College","18.4635","73.8682","2026-10-21T02:15:00.000Z","1","0","scooty","true","23","Please arrive five minutes early","SCHEDULED","10","12"
"b7ff1174-56c9-45b7-b1b5-f94890f4a440","3857e3b0-5efa-484e-a045-2777f41b2610","katraj-vit","6c30c56b-74ce-4c24-a819-98b9ab6387f5","11cd5543-db39-4321-9f12-008b367d2ce1","VIT College","18.4635","73.8682","Upper Indira Nagar Bus Depot","18.4682","73.8623","2026-10-22T12:00:00.000Z","1","0","scooty","true","25","","SCHEDULED","13","11"
"40cdaa64-0cc4-4366-91b4-6ad064592b70","ac0cf495-0f8e-40d8-b476-4ac4d53bdc5b","swargate-vit","0095597e-ebd1-4f83-a6c0-a8e94be6a92b","6c30c56b-74ce-4c24-a819-98b9ab6387f5","Laxmi Narayan Theatre","18.4965","73.8584","VIT College","18.4635","73.8682","2026-10-23T02:15:00.000Z","1","1","scooty","true","22","","SCHEDULED","3","12"
"446815d8-3895-4b64-a9a5-7699f549864d","93c44edd-bbc5-4ac3-9dba-63f636b8ed0b","katraj-vit","6c30c56b-74ce-4c24-a819-98b9ab6387f5","86e290a5-7e39-4f7a-805e-a6154d820f01","VIT College","18.4635","73.8682","Market Yard Corner","18.4792","73.8581","2026-10-24T12:00:00.000Z","4","2","car","false","73","Please arrive five minutes early","SCHEDULED","13","7"
"0535125f-5e07-41b4-8183-c0bc955d24ff","aa3e3c66-ecde-4e1f-9ce3-1617c0ecdcef","swargate-vit","596f6d76-b8c5-4cf2-9058-1a1a334d424d","6c30c56b-74ce-4c24-a819-98b9ab6387f5","Panchami BRTS","18.4902","73.8586","VIT College","18.4635","73.8682","2026-10-25T02:15:00.000Z","1","0","scooty","true","29","Pickup near the hub","SCHEDULED","4","12"
"8e053454-b287-451b-a1c0-86dc06f9f919","fa7fbc07-c93a-4085-a4f5-6f1e0fc83121","katraj-vit","6c30c56b-74ce-4c24-a819-98b9ab6387f5","0ad9adea-2c75-4d2a-86ae-34dcc0727788","VIT College","18.4635","73.8682","Shankar Maharaj Math","18.4735","73.8579","2026-10-26T12:00:00.000Z","3","2","car","false","72","","SCHEDULED","13","6"
"c8978e26-ad18-49dd-bb87-9c0ea1a29e0c","dbb7296e-eb2b-4e18-9aed-9b61128e1b95","swargate-vit","1bc21bdf-5bcc-4dd4-8140-eac24ae23b69","6c30c56b-74ce-4c24-a819-98b9ab6387f5","Kashinath Patil Nagar Stop","18.4745","73.8631","VIT College","18.4635","73.8682","2026-10-27T02:15:00.000Z","1","0","scooty","true","18","Please arrive five minutes early","SCHEDULED","9","12"
"cdfa824a-f854-4855-a964-448c5420caed","f996d0d8-1d3e-4780-bb40-a3c76aeca0fe","katraj-vit","6c30c56b-74ce-4c24-a819-98b9ab6387f5","0ad9adea-2c75-4d2a-86ae-34dcc0727788","VIT College","18.4635","73.8682","Shankar Maharaj Math","18.4735","73.8579","2026-10-28T12:00:00.000Z","4","1","car","false","79","Please arrive five minutes early","SCHEDULED","13","6"
"bf7e7173-707d-409a-bb59-ec2ffaf87c16","24be40cc-fd8a-4efb-95f0-6ec1a107c563","swargate-vit","19cfadd2-1ff7-4a2f-b5e3-eeb73f44cc28","6c30c56b-74ce-4c24-a819-98b9ab6387f5","Swargate PMPML Main Bus Stand","18.4991","73.8583","VIT College","18.4635","73.8682","2026-10-29T02:15:00.000Z","1","0","scooty","true","0","Pickup near the hub","SCHEDULED","1","12"
"169fc2f0-d836-43d1-83b1-ae1763e64fbe","bbd2b08c-34a8-4439-a7fa-b253b6a9fe04","katraj-vit","6c30c56b-74ce-4c24-a819-98b9ab6387f5","1bc21bdf-5bcc-4dd4-8140-eac24ae23b69","VIT College","18.4635","73.8682","Kashinath Patil Nagar Stop","18.4745","73.8631","2026-10-30T12:00:00.000Z","1","1","scooty","true","6","Pickup near the hub","SCHEDULED","13","10"
"e9bf46ef-8967-4464-94e3-2bb4e3e3b2e4","7d4898cc-54f3-4bd1-b9da-b31ff1cb26c3","swargate-vit","570167fe-7324-46a2-9cf4-fbea6048e8be","6c30c56b-74ce-4c24-a819-98b9ab6387f5","City Pride BRTS","18.4845","73.8583","VIT College","18.4635","73.8682","2026-10-31T02:15:00.000Z","1","1","bike","true","8","Please arrive five minutes early","SCHEDULED","5","12"
"bc79fdd2-1cc0-4c64-be42-1c9072fc1859","e0ad93ac-7350-43c7-be63-6b8925810342","katraj-vit","6c30c56b-74ce-4c24-a819-98b9ab6387f5","fea32ab3-d832-43d3-a3a0-788e8711526d","VIT College","18.4635","73.8682","Balaji Nagar BRTS","18.4628","73.8577","2026-11-01T12:00:00.000Z","2","2","car","false","22","Please arrive five minutes early","SCHEDULED","13","4"
"3bfcbbe5-ec10-4944-a9dd-ba509007b715","40ae73ca-67b2-4b5e-97c1-474a92b2d8d3","swargate-vit","0c2d013a-9422-4c89-905f-4ec287ba2251","6c30c56b-74ce-4c24-a819-98b9ab6387f5","Swargate BRTS Stop","18.4982","73.8588","VIT College","18.4635","73.8682","2026-11-02T02:15:00.000Z","1","0","scooty","true","22","Pickup near the hub","SCHEDULED","2","12"
"4c1da699-4a95-4e14-9e46-fd8dcda4c5d3","c3c94b51-2803-4c25-9e1e-bbe1eb6386cc","katraj-vit","6c30c56b-74ce-4c24-a819-98b9ab6387f5","a80964b4-72f5-43de-ad1a-bdcb9fca796e","VIT College","18.4635","73.8682","Lower Indira Nagar Stop","18.4718","73.8618","2026-11-03T12:00:00.000Z","1","0","bike","true","27","","SCHEDULED","13","9"
"c000e5c3-2f7b-4545-b8f0-e0043eb13933","a61af15b-11ce-4c02-a80b-bdf8f24338bc","swargate-vit","1bc21bdf-5bcc-4dd4-8140-eac24ae23b69","6c30c56b-74ce-4c24-a819-98b9ab6387f5","Kashinath Patil Nagar Stop","18.4745","73.8631","VIT College","18.4635","73.8682","2026-11-04T02:15:00.000Z","4","2","car","false","37","Please arrive five minutes early","SCHEDULED","9","12"
"10dd458e-25b6-43e5-92b7-c13023c64c59","6aa130d0-4c4b-48c2-bc80-80079a81385f","katraj-vit","6c30c56b-74ce-4c24-a819-98b9ab6387f5","11cd5543-db39-4321-9f12-008b367d2ce1","VIT College","18.4635","73.8682","Upper Indira Nagar Bus Depot","18.4682","73.8623","2026-11-05T12:00:00.000Z","3","2","car","false","57","Please arrive five minutes early","SCHEDULED","13","11"
"bf613fbf-71a6-43c2-b744-db05e823fdf8","9c9999da-6c7c-4b0f-ba28-7f852899325d","swargate-vit","11cd5543-db39-4321-9f12-008b367d2ce1","6c30c56b-74ce-4c24-a819-98b9ab6387f5","Upper Indira Nagar Bus Depot","18.4682","73.8623","VIT College","18.4635","73.8682","2026-08-08T02:15:00.000Z","3","3","car","false","27","Morning campus commute","COMPLETED","10","12"
"65fc0765-171e-4768-8f13-83aa789737e0","1f497524-0e6c-424a-94f9-93905b5a9755","katraj-vit","6c30c56b-74ce-4c24-a819-98b9ab6387f5","af5c22fe-11db-4392-b90e-85f946c0a37b","VIT College","18.4635","73.8682","KK Market BRTS","18.4683","73.8579","2026-08-09T12:00:00.000Z","4","3","car","false","78","Please arrive five minutes early","COMPLETED","13","5"
"237da348-7907-4718-866e-335cde0139c1","1734859f-c79f-4dfa-95dd-e252c5d669fc","swargate-vit","3221d156-13e7-4834-84ce-848f49b87be2","6c30c56b-74ce-4c24-a819-98b9ab6387f5","Bibwewadi Bus Stop","18.4792","73.8615","VIT College","18.4635","73.8682","2026-08-10T02:15:00.000Z","1","0","scooty","true","27","","COMPLETED","7","12"
"60ea93c4-68ee-45c3-989b-ed8b3a08e7cc","f03cb019-ecb8-42fc-ad8b-4be7116d9966","katraj-vit","6c30c56b-74ce-4c24-a819-98b9ab6387f5","af5c22fe-11db-4392-b90e-85f946c0a37b","VIT College","18.4635","73.8682","KK Market BRTS","18.4683","73.8579","2026-08-11T12:00:00.000Z","1","0","scooty","true","22","Morning campus commute","COMPLETED","13","5"
"2f2c5365-84d3-4d5c-b8d1-6f264b5f4215","6cc8d264-2c05-4a80-90d4-2b29b4ccd802","swargate-vit","19cfadd2-1ff7-4a2f-b5e3-eeb73f44cc28","6c30c56b-74ce-4c24-a819-98b9ab6387f5","Swargate PMPML Main Bus Stand","18.4991","73.8583","VIT College","18.4635","73.8682","2026-08-12T02:15:00.000Z","1","0","scooty","true","14","Pickup near the hub","CANCELLED","1","12"
"c1eebeb2-db41-4cb7-a3b5-691292698f91","a49cc7a3-0beb-4fbf-8d54-c676dfe72f4b","katraj-vit","6c30c56b-74ce-4c24-a819-98b9ab6387f5","11cd5543-db39-4321-9f12-008b367d2ce1","VIT College","18.4635","73.8682","Upper Indira Nagar Bus Depot","18.4682","73.8623","2026-08-13T12:00:00.000Z","1","0","scooty","true","10","","COMPLETED","13","11"
"51a9e42c-d1f6-478c-b886-b626dcbd18f3","998a2999-5be3-435d-8015-2a973a6e97cc","swargate-vit","86e290a5-7e39-4f7a-805e-a6154d820f01","6c30c56b-74ce-4c24-a819-98b9ab6387f5","Market Yard Corner","18.4792","73.8581","VIT College","18.4635","73.8682","2026-08-14T02:15:00.000Z","1","0","bike","true","10","Pickup near the hub","CANCELLED","6","12"
"7ae097cf-045e-409a-bfb2-c726c8bc06e4","856fb0bc-3ae4-454f-9f56-312a33995404","katraj-vit","6c30c56b-74ce-4c24-a819-98b9ab6387f5","a80964b4-72f5-43de-ad1a-bdcb9fca796e","VIT College","18.4635","73.8682","Lower Indira Nagar Stop","18.4718","73.8618","2026-08-15T12:00:00.000Z","1","1","scooty","true","23","Pickup near the hub","COMPLETED","13","9"
"3bee09b2-95a6-498d-b915-d3ee887867aa","609a5aa2-e576-472b-ae03-3d339a90c45c","swargate-vit","596f6d76-b8c5-4cf2-9058-1a1a334d424d","6c30c56b-74ce-4c24-a819-98b9ab6387f5","Panchami BRTS","18.4902","73.8586","VIT College","18.4635","73.8682","2026-08-16T02:15:00.000Z","1","0","bike","true","0","Pickup near the hub","CANCELLED","4","12"
"8515b1ea-25b5-4b79-a405-967ef14578af","3a8f1c12-2394-4eb5-8694-7152af59c7d0","katraj-vit","6c30c56b-74ce-4c24-a819-98b9ab6387f5","86597dc2-00ef-475a-8a9a-daf0323897ca","VIT College","18.4635","73.8682","Katraj Terminal","18.4471","73.8562","2026-08-17T12:00:00.000Z","1","1","bike","true","15","","SCHEDULED","13","1"
"c49264b1-69a1-495c-9e81-1661b261b3a1","73c6ef3d-a748-4db3-bd54-68c614823c0d","swargate-vit","eb0d92a7-38aa-446a-9f38-091814ea3abd","6c30c56b-74ce-4c24-a819-98b9ab6387f5","Chintamani Nagar","18.4651","73.864","VIT College","18.4635","73.8682","2026-08-18T02:15:00.000Z","1","1","scooty","false","13","Please arrive five minutes early","SCHEDULED","11","12"
"69ee0216-5020-4028-b822-cf3a10cc01dc","6a3f9cb7-ea70-4c12-87b0-f7ee4a38b313","katraj-vit","6c30c56b-74ce-4c24-a819-98b9ab6387f5","fea32ab3-d832-43d3-a3a0-788e8711526d","VIT College","18.4635","73.8682","Balaji Nagar BRTS","18.4628","73.8577","2026-08-19T12:00:00.000Z","1","0","bike","true","14","Pickup near the hub","CANCELLED","13","4"
"61279771-2695-403c-bef6-29837a8ac5cd","df718002-b68d-406f-af02-b7ebdc19dfaa","swargate-vit","570167fe-7324-46a2-9cf4-fbea6048e8be","6c30c56b-74ce-4c24-a819-98b9ab6387f5","City Pride BRTS","18.4845","73.8583","VIT College","18.4635","73.8682","2026-08-20T02:15:00.000Z","1","0","scooty","true","26","Pickup near the hub","SCHEDULED","5","12"
"da00e29b-5b94-4c48-9058-fdc14b347db5","5d577020-68d2-4a61-b36d-861bf1486666","katraj-vit","6c30c56b-74ce-4c24-a819-98b9ab6387f5","fea32ab3-d832-43d3-a3a0-788e8711526d","VIT College","18.4635","73.8682","Balaji Nagar BRTS","18.4628","73.8577","2026-08-21T12:00:00.000Z","4","4","car","false","27","Morning campus commute","CANCELLED","13","4"
"9f0f2b67-68d7-468f-af8a-6e7eacc996bd","f7676189-9518-498b-a982-6c245aff61a1","swargate-vit","86e290a5-7e39-4f7a-805e-a6154d820f01","6c30c56b-74ce-4c24-a819-98b9ab6387f5","Market Yard Corner","18.4792","73.8581","VIT College","18.4635","73.8682","2026-08-22T02:15:00.000Z","1","0","bike","true","15","Pickup near the hub","COMPLETED","6","12"
"6cd39986-2957-4c10-aeb1-988bf7f9c642","829e7fa5-0c38-47a9-a715-877dada17b24","katraj-vit","6c30c56b-74ce-4c24-a819-98b9ab6387f5","86597dc2-00ef-475a-8a9a-daf0323897ca","VIT College","18.4635","73.8682","Katraj Terminal","18.4471","73.8562","2026-08-23T12:00:00.000Z","1","0","bike","true","17","Pickup near the hub","COMPLETED","13","1"
"81a7f5ab-2161-41ba-9b2a-461a7e131be7","443d0a1a-c4da-4cf7-9517-4c02de0dff9c","swargate-vit","19cfadd2-1ff7-4a2f-b5e3-eeb73f44cc28","6c30c56b-74ce-4c24-a819-98b9ab6387f5","Swargate PMPML Main Bus Stand","18.4991","73.8583","VIT College","18.4635","73.8682","2026-08-24T02:15:00.000Z","1","0","scooty","true","23","","CANCELLED","1","12"
"02b9654f-0b9c-4c0f-8d0b-7ee75d69869b","e7cc1cf8-531c-4ba4-ae07-b3b8c7ed12b4","katraj-vit","6c30c56b-74ce-4c24-a819-98b9ab6387f5","3221d156-13e7-4834-84ce-848f49b87be2","VIT College","18.4635","73.8682","Bibwewadi Bus Stop","18.4792","73.8615","2026-08-25T12:00:00.000Z","1","0","scooty","true","4","","COMPLETED","13","8"
"219a9f81-23af-4a87-82c9-00103d3c4c10","105772de-3e2e-4525-873d-28205793d14f","swargate-vit","596f6d76-b8c5-4cf2-9058-1a1a334d424d","6c30c56b-74ce-4c24-a819-98b9ab6387f5","Panchami BRTS","18.4902","73.8586","VIT College","18.4635","73.8682","2026-08-26T02:15:00.000Z","2","1","car","false","24","Pickup near the hub","CANCELLED","4","12"
"d8a7cd4b-6991-4356-b70c-0812f3a06a17","665f2a26-5d69-41bd-bd37-5d34e2366453","katraj-vit","6c30c56b-74ce-4c24-a819-98b9ab6387f5","ebb92112-ef31-4ebe-a259-4e999c52f0fd","VIT College","18.4635","73.8682","Bharati Vidyapeeth","18.456","73.8574","2026-08-27T12:00:00.000Z","1","0","scooty","true","22","Please arrive five minutes early","SCHEDULED","13","3"
"eab07b26-75e6-4d60-b37d-b2672ac13f7b","c4023d4b-7895-4d6b-ba0a-7cbce21340b7","swargate-vit","1bc21bdf-5bcc-4dd4-8140-eac24ae23b69","6c30c56b-74ce-4c24-a819-98b9ab6387f5","Kashinath Patil Nagar Stop","18.4745","73.8631","VIT College","18.4635","73.8682","2026-08-28T02:15:00.000Z","4","2","car","false","59","Morning campus commute","SCHEDULED","9","12"
"b95d44b1-a000-4708-a130-d08780d6485d","03dfc805-e814-4e5f-a637-8a041faf9ad7","katraj-vit","6c30c56b-74ce-4c24-a819-98b9ab6387f5","0ad9adea-2c75-4d2a-86ae-34dcc0727788","VIT College","18.4635","73.8682","Shankar Maharaj Math","18.4735","73.8579","2026-08-29T12:00:00.000Z","1","1","bike","true","14","Pickup near the hub","COMPLETED","13","6"
"4b1e205a-ed42-48bd-b784-7fbcff6779c6","2fd77d02-9eed-432b-bc2b-69984e53b256","swargate-vit","11cd5543-db39-4321-9f12-008b367d2ce1","6c30c56b-74ce-4c24-a819-98b9ab6387f5","Upper Indira Nagar Bus Depot","18.4682","73.8623","VIT College","18.4635","73.8682","2026-08-30T02:15:00.000Z","1","0","bike","true","21","Morning campus commute","CANCELLED","10","12"
"68e11ca0-3e59-47eb-8235-9af12559df44","5c76a658-080e-4482-b7f5-3c04ef99ff4f","katraj-vit","6c30c56b-74ce-4c24-a819-98b9ab6387f5","ebb92112-ef31-4ebe-a259-4e999c52f0fd","VIT College","18.4635","73.8682","Bharati Vidyapeeth","18.456","73.8574","2026-08-31T12:00:00.000Z","1","0","scooty","true","21","Please arrive five minutes early","COMPLETED","13","3"
"2c00669e-dc0c-456d-ba1d-8920b4c821fc","2df45663-f8d0-4308-b79d-fd6c1ff852c9","swargate-vit","596f6d76-b8c5-4cf2-9058-1a1a334d424d","6c30c56b-74ce-4c24-a819-98b9ab6387f5","Panchami BRTS","18.4902","73.8586","VIT College","18.4635","73.8682","2026-09-01T02:15:00.000Z","2","1","car","false","24","Pickup near the hub","COMPLETED","4","12"
"78e46e6e-9c6f-4b0f-b064-7d4e9460e632","b5eb2319-5923-4823-9cfb-fa0ca41f597b","katraj-vit","6c30c56b-74ce-4c24-a819-98b9ab6387f5","af5c22fe-11db-4392-b90e-85f946c0a37b","VIT College","18.4635","73.8682","KK Market BRTS","18.4683","73.8579","2026-09-02T12:00:00.000Z","1","0","bike","true","26","Pickup near the hub","SCHEDULED","13","5"
"aef59bda-2e4a-4d2a-a535-36263ae82a38","36ffa906-e6db-4e16-8e9b-e3f24ede715c","swargate-vit","1bc21bdf-5bcc-4dd4-8140-eac24ae23b69","6c30c56b-74ce-4c24-a819-98b9ab6387f5","Kashinath Patil Nagar Stop","18.4745","73.8631","VIT College","18.4635","73.8682","2026-09-03T02:15:00.000Z","1","1","bike","true","1","Please arrive five minutes early","COMPLETED","9","12"
"f64767c4-af3a-47be-acc7-3ea11da42274","e163653a-9bbe-4e9d-81ab-acf5fb7c4166","katraj-vit","6c30c56b-74ce-4c24-a819-98b9ab6387f5","86597dc2-00ef-475a-8a9a-daf0323897ca","VIT College","18.4635","73.8682","Katraj Terminal","18.4471","73.8562","2026-09-04T12:00:00.000Z","1","0","scooty","true","11","Please arrive five minutes early","COMPLETED","13","1"
"2237f2ca-1d00-4f56-814d-2c6c92751071","508e57b4-544e-4392-bbd1-17b3a4e613c3","swargate-vit","3221d156-13e7-4834-84ce-848f49b87be2","6c30c56b-74ce-4c24-a819-98b9ab6387f5","Bibwewadi Bus Stop","18.4792","73.8615","VIT College","18.4635","73.8682","2026-09-05T02:15:00.000Z","4","3","car","false","66","Morning campus commute","COMPLETED","7","12"
"ec18becf-f762-45c6-859c-32b7cb0f07d6","2e269fc9-9682-468b-b756-d02e46a395d8","katraj-vit","6c30c56b-74ce-4c24-a819-98b9ab6387f5","876d2e4d-fad4-4ee2-916c-e5ad147030cf","VIT College","18.4635","73.8682","Katraj Dairy BRTS","18.4508","73.8569","2026-09-06T12:00:00.000Z","1","0","scooty","true","22","Morning campus commute","COMPLETED","13","2"
"70f69ca4-d226-4e06-8c3f-95690772183e","fa4b13bc-6768-4b5d-843e-2b8836ed9113","swargate-vit","0c2d013a-9422-4c89-905f-4ec287ba2251","6c30c56b-74ce-4c24-a819-98b9ab6387f5","Swargate BRTS Stop","18.4982","73.8588","VIT College","18.4635","73.8682","2026-09-07T02:15:00.000Z","1","0","scooty","true","28","Morning campus commute","COMPLETED","2","12"
"461e5561-1342-4de9-9f6e-44c7fdcf8d5d","8190565d-9fb1-4428-a386-4bb1b2f4fdee","katraj-vit","6c30c56b-74ce-4c24-a819-98b9ab6387f5","11cd5543-db39-4321-9f12-008b367d2ce1","VIT College","18.4635","73.8682","Upper Indira Nagar Bus Depot","18.4682","73.8623","2026-09-08T12:00:00.000Z","1","0","bike","true","29","Morning campus commute","CANCELLED","13","11"
"cb373836-670c-4979-b437-20673338636b","e4b9e33a-9380-46ad-8b5f-37aca78f2d78","swargate-vit","596f6d76-b8c5-4cf2-9058-1a1a334d424d","6c30c56b-74ce-4c24-a819-98b9ab6387f5","Panchami BRTS","18.4902","73.8586","VIT College","18.4635","73.8682","2026-09-09T02:15:00.000Z","1","0","bike","true","11","Pickup near the hub","SCHEDULED","4","12"
"9580a374-62b1-4eae-bcd0-ac7f6a06f671","61b7de30-6ccf-41d6-881f-85e56e865717","katraj-vit","6c30c56b-74ce-4c24-a819-98b9ab6387f5","eb0d92a7-38aa-446a-9f38-091814ea3abd","VIT College","18.4635","73.8682","Chintamani Nagar","18.4651","73.864","2026-09-10T12:00:00.000Z","1","0","scooty","true","8","Please arrive five minutes early","COMPLETED","13","12"
"c5afd19e-a176-4f40-a45b-6f111ad868a9","b3224a72-ff85-487a-a6c9-b6a1e3beb8dc","swargate-vit","eb0d92a7-38aa-446a-9f38-091814ea3abd","6c30c56b-74ce-4c24-a819-98b9ab6387f5","Chintamani Nagar","18.4651","73.864","VIT College","18.4635","73.8682","2026-09-11T02:15:00.000Z","1","0","scooty","true","18","","COMPLETED","11","12"
"8e78585e-3cca-4d71-ae2d-e3ad9e95dc8b","81213212-6e43-4b70-96e8-51e59fb5e735","katraj-vit","6c30c56b-74ce-4c24-a819-98b9ab6387f5","0ad9adea-2c75-4d2a-86ae-34dcc0727788","VIT College","18.4635","73.8682","Shankar Maharaj Math","18.4735","73.8579","2026-09-12T12:00:00.000Z","1","0","bike","true","7","Pickup near the hub","COMPLETED","13","6"
"9545e0e9-642e-4404-a573-e92a596150aa","ae43995b-0b10-49a4-a37e-36a29c7b89fa","swargate-vit","19cfadd2-1ff7-4a2f-b5e3-eeb73f44cc28","6c30c56b-74ce-4c24-a819-98b9ab6387f5","Swargate PMPML Main Bus Stand","18.4991","73.8583","VIT College","18.4635","73.8682","2026-09-13T02:15:00.000Z","2","1","car","false","75","","COMPLETED","1","12"
"71ad94f4-57f7-4fac-817a-5a2a1cb72cad","2139d70e-ad87-4ff0-985d-00ddaa9d1f33","katraj-vit","6c30c56b-74ce-4c24-a819-98b9ab6387f5","af5c22fe-11db-4392-b90e-85f946c0a37b","VIT College","18.4635","73.8682","KK Market BRTS","18.4683","73.8579","2026-09-14T12:00:00.000Z","1","0","bike","true","13","Pickup near the hub","COMPLETED","13","5"
"04d4075a-882a-44da-a10d-859151f3b47c","b13dc47d-8a9c-45eb-9dee-0cc214bf6ab4","swargate-vit","570167fe-7324-46a2-9cf4-fbea6048e8be","6c30c56b-74ce-4c24-a819-98b9ab6387f5","City Pride BRTS","18.4845","73.8583","VIT College","18.4635","73.8682","2026-09-15T02:15:00.000Z","2","0","car","false","72","Pickup near the hub","COMPLETED","5","12"
"d27e67f4-e6a7-4cab-9dd0-1692b1b0a82a","f1320520-f547-4abc-be6f-66bd5f323eb5","katraj-vit","6c30c56b-74ce-4c24-a819-98b9ab6387f5","0ad9adea-2c75-4d2a-86ae-34dcc0727788","VIT College","18.4635","73.8682","Shankar Maharaj Math","18.4735","73.8579","2026-09-16T12:00:00.000Z","1","0","bike","true","27","Please arrive five minutes early","COMPLETED","13","6"
"afd4311b-966f-4fc9-9674-d1effabc820f","acb16d87-c821-4f83-a7a0-8733496f99be","swargate-vit","a80964b4-72f5-43de-ad1a-bdcb9fca796e","6c30c56b-74ce-4c24-a819-98b9ab6387f5","Lower Indira Nagar Stop","18.4718","73.8618","VIT College","18.4635","73.8682","2026-09-17T02:15:00.000Z","1","1","scooty","true","28","Morning campus commute","CANCELLED","8","12"
"beb44845-453e-4d94-bb99-749e6b27cb1e","d4a58744-1f9c-4554-9321-1fd9d20b1035","katraj-vit","6c30c56b-74ce-4c24-a819-98b9ab6387f5","ebb92112-ef31-4ebe-a259-4e999c52f0fd","VIT College","18.4635","73.8682","Bharati Vidyapeeth","18.456","73.8574","2026-09-18T12:00:00.000Z","3","2","car","false","68","Please arrive five minutes early","COMPLETED","13","3"
"14e7ccea-1a48-4de5-984c-54c7fd2a09f4","5118be9b-6811-4a52-9a62-a0ced3f60e27","swargate-vit","86e290a5-7e39-4f7a-805e-a6154d820f01","6c30c56b-74ce-4c24-a819-98b9ab6387f5","Market Yard Corner","18.4792","73.8581","VIT College","18.4635","73.8682","2026-09-19T02:15:00.000Z","1","0","scooty","true","12","Please arrive five minutes early","COMPLETED","6","12"
"04f91d61-b13b-4d4c-9c9c-e6b2cef78c12","ccfa0157-3dc7-4140-84a7-8283ed55f1e4","katraj-vit","6c30c56b-74ce-4c24-a819-98b9ab6387f5","0ad9adea-2c75-4d2a-86ae-34dcc0727788","VIT College","18.4635","73.8682","Shankar Maharaj Math","18.4735","73.8579","2026-09-20T12:00:00.000Z","1","1","scooty","false","24","Morning campus commute","COMPLETED","13","6"
"8ab28b94-da4a-47a7-856e-bb3f911a092f","916eed74-db65-4e11-bce1-ffc16e674a10","swargate-vit","eb0d92a7-38aa-446a-9f38-091814ea3abd","6c30c56b-74ce-4c24-a819-98b9ab6387f5","Chintamani Nagar","18.4651","73.864","VIT College","18.4635","73.8682","2026-09-21T02:15:00.000Z","1","1","scooty","true","24","","SCHEDULED","11","12"
"e9d984c5-4020-4da0-80d0-e3c032d9fb7a","f64e308c-4a0b-433f-bebb-09536f52d5f4","katraj-vit","6c30c56b-74ce-4c24-a819-98b9ab6387f5","ebb92112-ef31-4ebe-a259-4e999c52f0fd","VIT College","18.4635","73.8682","Bharati Vidyapeeth","18.456","73.8574","2026-09-22T12:00:00.000Z","3","3","car","false","51","","SCHEDULED","13","3"
"28fd002f-07f7-4e68-9dad-d29d9248e218","c36606d7-b032-4936-8403-b0f1a43f756a","swargate-vit","19cfadd2-1ff7-4a2f-b5e3-eeb73f44cc28","6c30c56b-74ce-4c24-a819-98b9ab6387f5","Swargate PMPML Main Bus Stand","18.4991","73.8583","VIT College","18.4635","73.8682","2026-09-23T02:15:00.000Z","1","0","bike","true","26","Pickup near the hub","SCHEDULED","1","12"
"713cddf2-c3b7-4289-8da9-84c9aec1d256","dc034266-a00f-4347-8cd9-5799da807274","katraj-vit","6c30c56b-74ce-4c24-a819-98b9ab6387f5","86597dc2-00ef-475a-8a9a-daf0323897ca","VIT College","18.4635","73.8682","Katraj Terminal","18.4471","73.8562","2026-09-24T12:00:00.000Z","3","1","car","false","46","Morning campus commute","SCHEDULED","13","1"
"994d541c-a0d6-4253-adf5-dee93277ee0d","917b003b-c912-4ed9-afb7-f7eba33fcb14","swargate-vit","0095597e-ebd1-4f83-a6c0-a8e94be6a92b","6c30c56b-74ce-4c24-a819-98b9ab6387f5","Laxmi Narayan Theatre","18.4965","73.8584","VIT College","18.4635","73.8682","2026-09-25T02:15:00.000Z","1","1","scooty","true","4","","SCHEDULED","3","12"
"97c6b31c-5466-45f4-874b-ec58b23010e4","17983e48-5904-4312-9f6c-9d6f749c8539","katraj-vit","6c30c56b-74ce-4c24-a819-98b9ab6387f5","11cd5543-db39-4321-9f12-008b367d2ce1","VIT College","18.4635","73.8682","Upper Indira Nagar Bus Depot","18.4682","73.8623","2026-09-26T12:00:00.000Z","1","0","bike","false","21","Morning campus commute","SCHEDULED","13","11"
"c6b6ec8c-fa82-4bc7-811e-2d6a2e654539","fb85cd08-9134-4e91-ad82-1bf40b5e18fe","swargate-vit","86e290a5-7e39-4f7a-805e-a6154d820f01","6c30c56b-74ce-4c24-a819-98b9ab6387f5","Market Yard Corner","18.4792","73.8581","VIT College","18.4635","73.8682","2026-09-27T02:15:00.000Z","1","0","bike","true","28","Morning campus commute","SCHEDULED","6","12"
"ea4686ae-04a6-4e3c-bf15-6aad0dee5c58","bab50b6c-7a07-4417-adaf-0a3f199ba726","katraj-vit","6c30c56b-74ce-4c24-a819-98b9ab6387f5","fea32ab3-d832-43d3-a3a0-788e8711526d","VIT College","18.4635","73.8682","Balaji Nagar BRTS","18.4628","73.8577","2026-09-28T12:00:00.000Z","2","1","car","false","70","Pickup near the hub","SCHEDULED","13","4"
"5a2df2dd-cc6c-4a73-b584-fd67715f78e0","aada7730-4500-49e3-9240-e7ca2f69db98","swargate-vit","19cfadd2-1ff7-4a2f-b5e3-eeb73f44cc28","6c30c56b-74ce-4c24-a819-98b9ab6387f5","Swargate PMPML Main Bus Stand","18.4991","73.8583","VIT College","18.4635","73.8682","2026-09-29T02:15:00.000Z","1","1","bike","false","16","","SCHEDULED","1","12"
"b706d681-5745-448b-a469-ef6a7454950f","f10fac1a-d7f2-4f4e-a8f2-d72fd48b371a","katraj-vit","6c30c56b-74ce-4c24-a819-98b9ab6387f5","a80964b4-72f5-43de-ad1a-bdcb9fca796e","VIT College","18.4635","73.8682","Lower Indira Nagar Stop","18.4718","73.8618","2026-09-30T12:00:00.000Z","3","2","car","false","69","","SCHEDULED","13","9"
"4b43287c-b8d6-4144-801f-8fc738d1f660","7a49978a-5b30-4a61-89ea-d655c3a89110","swargate-vit","eb0d92a7-38aa-446a-9f38-091814ea3abd","6c30c56b-74ce-4c24-a819-98b9ab6387f5","Chintamani Nagar","18.4651","73.864","VIT College","18.4635","73.8682","2026-10-01T02:15:00.000Z","1","0","bike","true","9","Please arrive five minutes early","SCHEDULED","11","12"
"2663d3af-98fe-4997-a9a5-c2079a3eb8e3","08fe57ab-1152-4527-a359-68c4e78e68d5","katraj-vit","6c30c56b-74ce-4c24-a819-98b9ab6387f5","0ad9adea-2c75-4d2a-86ae-34dcc0727788","VIT College","18.4635","73.8682","Shankar Maharaj Math","18.4735","73.8579","2026-10-02T12:00:00.000Z","1","0","bike","true","16","Please arrive five minutes early","SCHEDULED","13","6"
"60c3d7e5-9d4d-4553-87ac-9b1142f3ef9f","669af901-6937-4b2d-a11b-46de7e09eced","swargate-vit","1bc21bdf-5bcc-4dd4-8140-eac24ae23b69","6c30c56b-74ce-4c24-a819-98b9ab6387f5","Kashinath Patil Nagar Stop","18.4745","73.8631","VIT College","18.4635","73.8682","2026-10-03T02:15:00.000Z","1","0","scooty","true","7","","SCHEDULED","9","12"
"ed757b00-7bf5-43f0-a726-ba6bc7a83108","797bc6e5-c2a2-497c-bf6e-087c71a1d8b5","katraj-vit","6c30c56b-74ce-4c24-a819-98b9ab6387f5","fea32ab3-d832-43d3-a3a0-788e8711526d","VIT College","18.4635","73.8682","Balaji Nagar BRTS","18.4628","73.8577","2026-10-04T12:00:00.000Z","1","0","bike","true","4","Please arrive five minutes early","SCHEDULED","13","4"
"abd4cbef-dd87-4896-8b4d-0e1f2563b91f","7f819a59-7908-47e3-8d88-f31823ce6b9f","swargate-vit","a80964b4-72f5-43de-ad1a-bdcb9fca796e","6c30c56b-74ce-4c24-a819-98b9ab6387f5","Lower Indira Nagar Stop","18.4718","73.8618","VIT College","18.4635","73.8682","2026-10-05T02:15:00.000Z","1","0","bike","true","16","Please arrive five minutes early","SCHEDULED","8","12"
"07b55c01-5682-4721-8b66-2b08d0c5c419","08cf7a8e-ecd3-4df0-8139-226218b0981a","katraj-vit","6c30c56b-74ce-4c24-a819-98b9ab6387f5","0ad9adea-2c75-4d2a-86ae-34dcc0727788","VIT College","18.4635","73.8682","Shankar Maharaj Math","18.4735","73.8579","2026-10-06T12:00:00.000Z","1","0","scooty","true","3","Morning campus commute","SCHEDULED","13","6"
"6b14a4fc-2f9f-4e6e-b23d-4e2689cc7ef0","5ab9a35e-6ac7-4156-95ae-cc1e59bb9fa7","swargate-vit","570167fe-7324-46a2-9cf4-fbea6048e8be","6c30c56b-74ce-4c24-a819-98b9ab6387f5","City Pride BRTS","18.4845","73.8583","VIT College","18.4635","73.8682","2026-10-07T02:15:00.000Z","1","0","bike","true","11","Pickup near the hub","SCHEDULED","5","12"
"c982b386-100e-4b39-9d32-15aa2528aadb","53329683-b608-43d8-93dd-40f75fc7d319","katraj-vit","6c30c56b-74ce-4c24-a819-98b9ab6387f5","1bc21bdf-5bcc-4dd4-8140-eac24ae23b69","VIT College","18.4635","73.8682","Kashinath Patil Nagar Stop","18.4745","73.8631","2026-10-08T12:00:00.000Z","1","0","scooty","true","26","Please arrive five minutes early","SCHEDULED","13","10"
"8d0dd793-8e37-43a1-bac8-aa697bd633ce","984e14a4-a27e-416c-9397-0cf2fb53101f","swargate-vit","0c2d013a-9422-4c89-905f-4ec287ba2251","6c30c56b-74ce-4c24-a819-98b9ab6387f5","Swargate BRTS Stop","18.4982","73.8588","VIT College","18.4635","73.8682","2026-10-09T02:15:00.000Z","2","1","car","false","58","Pickup near the hub","SCHEDULED","2","12"
"61f52e72-52a3-4b0e-b0a2-2ea7ccf1e263","08c75e3d-df80-427a-b942-864b9136eb2a","katraj-vit","6c30c56b-74ce-4c24-a819-98b9ab6387f5","fea32ab3-d832-43d3-a3a0-788e8711526d","VIT College","18.4635","73.8682","Balaji Nagar BRTS","18.4628","73.8577","2026-10-10T12:00:00.000Z","1","0","scooty","true","20","Morning campus commute","SCHEDULED","13","4"
"8b3cee6b-4a19-4c8d-b82f-21d325d81f9b","77d7f815-239b-4019-bf1b-76b62751a21d","swargate-vit","3221d156-13e7-4834-84ce-848f49b87be2","6c30c56b-74ce-4c24-a819-98b9ab6387f5","Bibwewadi Bus Stop","18.4792","73.8615","VIT College","18.4635","73.8682","2026-10-11T02:15:00.000Z","1","0","bike","true","17","Please arrive five minutes early","SCHEDULED","7","12"
"60e51d1c-4db6-41cc-a466-d71fa743e3a1","fa8313a6-d0cd-4c89-ac5a-1bcf559767e4","katraj-vit","6c30c56b-74ce-4c24-a819-98b9ab6387f5","86e290a5-7e39-4f7a-805e-a6154d820f01","VIT College","18.4635","73.8682","Market Yard Corner","18.4792","73.8581","2026-10-12T12:00:00.000Z","1","0","scooty","true","26","Please arrive five minutes early","SCHEDULED","13","7"
"e1833241-4414-40fa-b50b-490641907094","26f04940-3483-4462-a324-84a3c523c941","swargate-vit","a80964b4-72f5-43de-ad1a-bdcb9fca796e","6c30c56b-74ce-4c24-a819-98b9ab6387f5","Lower Indira Nagar Stop","18.4718","73.8618","VIT College","18.4635","73.8682","2026-10-13T02:15:00.000Z","1","0","bike","true","23","Morning campus commute","SCHEDULED","8","12"
"3ac9de7e-bec1-42f7-8fa9-65df107e439c","364c0441-918b-402a-a77c-fc9446ad8d71","katraj-vit","6c30c56b-74ce-4c24-a819-98b9ab6387f5","af5c22fe-11db-4392-b90e-85f946c0a37b","VIT College","18.4635","73.8682","KK Market BRTS","18.4683","73.8579","2026-10-14T12:00:00.000Z","1","0","bike","true","15","Pickup near the hub","SCHEDULED","13","5"
"e18ffa39-51b9-4c89-87c6-2375d3dfec8a","1d69f9fe-09f6-4a0a-8dc1-753c6b3015e6","swargate-vit","0095597e-ebd1-4f83-a6c0-a8e94be6a92b","6c30c56b-74ce-4c24-a819-98b9ab6387f5","Laxmi Narayan Theatre","18.4965","73.8584","VIT College","18.4635","73.8682","2026-10-15T02:15:00.000Z","2","1","car","false","31","Morning campus commute","SCHEDULED","3","12"
"ebf383f1-6041-477c-8b39-eb74e9f66ff1","0c422408-fcb3-49ec-919b-15b6c943586f","katraj-vit","6c30c56b-74ce-4c24-a819-98b9ab6387f5","876d2e4d-fad4-4ee2-916c-e5ad147030cf","VIT College","18.4635","73.8682","Katraj Dairy BRTS","18.4508","73.8569","2026-10-16T12:00:00.000Z","1","0","scooty","true","21","Pickup near the hub","SCHEDULED","13","2"
"d54bc263-6d96-4e23-9154-7242e74a758b","8583b128-6eef-4c56-a566-5dc44a8d0a70","swargate-vit","1bc21bdf-5bcc-4dd4-8140-eac24ae23b69","6c30c56b-74ce-4c24-a819-98b9ab6387f5","Kashinath Patil Nagar Stop","18.4745","73.8631","VIT College","18.4635","73.8682","2026-10-17T02:15:00.000Z","1","1","bike","true","8","","SCHEDULED","9","12"
"dae7abf9-1dea-47a8-a3e3-3baccf480ef5","481621b5-ffcf-4751-b9e2-151c0182f97a","katraj-vit","6c30c56b-74ce-4c24-a819-98b9ab6387f5","86e290a5-7e39-4f7a-805e-a6154d820f01","VIT College","18.4635","73.8682","Market Yard Corner","18.4792","73.8581","2026-10-18T12:00:00.000Z","1","1","bike","false","11","","SCHEDULED","13","7"
"8f6f07bc-40b3-4d20-ad36-f204245382be","25e86fcd-e6f3-4cae-abe5-69da8dc4879a","swargate-vit","19cfadd2-1ff7-4a2f-b5e3-eeb73f44cc28","6c30c56b-74ce-4c24-a819-98b9ab6387f5","Swargate PMPML Main Bus Stand","18.4991","73.8583","VIT College","18.4635","73.8682","2026-10-19T02:15:00.000Z","4","2","car","false","41","Please arrive five minutes early","SCHEDULED","1","12"
"9332f881-ccfc-4094-9dc8-c4d5cd07b1b1","a78816e2-8aae-4e54-8410-968bc321f082","katraj-vit","6c30c56b-74ce-4c24-a819-98b9ab6387f5","fea32ab3-d832-43d3-a3a0-788e8711526d","VIT College","18.4635","73.8682","Balaji Nagar BRTS","18.4628","73.8577","2026-10-20T12:00:00.000Z","1","0","scooty","true","19","","SCHEDULED","13","4"
"ba1e12e2-9eb9-4b6c-a607-fc906828f215","1de804a1-1c04-4d9b-88a6-03aa475b2f23","swargate-vit","1bc21bdf-5bcc-4dd4-8140-eac24ae23b69","6c30c56b-74ce-4c24-a819-98b9ab6387f5","Kashinath Patil Nagar Stop","18.4745","73.8631","VIT College","18.4635","73.8682","2026-10-21T02:15:00.000Z","1","0","bike","true","0","Please arrive five minutes early","SCHEDULED","9","12"
"e15c187d-7956-4a3e-9360-b632c088ec79","c366b16a-709a-4bd5-99f4-4d48e2a64d10","katraj-vit","6c30c56b-74ce-4c24-a819-98b9ab6387f5","0ad9adea-2c75-4d2a-86ae-34dcc0727788","VIT College","18.4635","73.8682","Shankar Maharaj Math","18.4735","73.8579","2026-10-22T12:00:00.000Z","4","2","car","false","32","Pickup near the hub","SCHEDULED","13","6"
"0c045a71-d9cc-43be-9b09-97b1a3968080","b1b24393-ed6c-4074-a261-01b7aa240011","swargate-vit","3221d156-13e7-4834-84ce-848f49b87be2","6c30c56b-74ce-4c24-a819-98b9ab6387f5","Bibwewadi Bus Stop","18.4792","73.8615","VIT College","18.4635","73.8682","2026-10-23T02:15:00.000Z","1","0","scooty","true","1","","SCHEDULED","7","12"
"1b8626db-a68f-476b-bda8-b29605dcd776","f2ff9e67-5a69-4146-a543-f1fed27fb87a","katraj-vit","6c30c56b-74ce-4c24-a819-98b9ab6387f5","86597dc2-00ef-475a-8a9a-daf0323897ca","VIT College","18.4635","73.8682","Katraj Terminal","18.4471","73.8562","2026-10-24T12:00:00.000Z","2","0","car","false","22","Morning campus commute","SCHEDULED","13","1"
"f41ffac4-95e0-499c-9b01-ae2b4bc42c21","fc17bde9-8039-463a-b2df-6dd060d08969","swargate-vit","1bc21bdf-5bcc-4dd4-8140-eac24ae23b69","6c30c56b-74ce-4c24-a819-98b9ab6387f5","Kashinath Patil Nagar Stop","18.4745","73.8631","VIT College","18.4635","73.8682","2026-10-25T02:15:00.000Z","3","1","car","false","45","Please arrive five minutes early","SCHEDULED","9","12"
"d6ebd3f4-914a-4517-9eef-f1d87a4c2492","7ecb9a58-e71e-47e3-b199-1b14f78ab1cd","katraj-vit","6c30c56b-74ce-4c24-a819-98b9ab6387f5","11cd5543-db39-4321-9f12-008b367d2ce1","VIT College","18.4635","73.8682","Upper Indira Nagar Bus Depot","18.4682","73.8623","2026-10-26T12:00:00.000Z","1","0","bike","true","18","Please arrive five minutes early","SCHEDULED","13","11"
"48e9d49e-e4c1-48af-887f-45f8af95b056","50ca192e-d3dc-40d0-996b-6eea924c44d8","swargate-vit","11cd5543-db39-4321-9f12-008b367d2ce1","6c30c56b-74ce-4c24-a819-98b9ab6387f5","Upper Indira Nagar Bus Depot","18.4682","73.8623","VIT College","18.4635","73.8682","2026-10-27T02:15:00.000Z","2","0","car","false","66","Pickup near the hub","SCHEDULED","10","12"
"fde6ff47-b7a0-4c75-9ca8-424f0aea8b8a","8fcb293d-bce3-4068-b448-c15533882e86","katraj-vit","6c30c56b-74ce-4c24-a819-98b9ab6387f5","11cd5543-db39-4321-9f12-008b367d2ce1","VIT College","18.4635","73.8682","Upper Indira Nagar Bus Depot","18.4682","73.8623","2026-10-28T12:00:00.000Z","4","4","car","false","57","Morning campus commute","SCHEDULED","13","11"
"973aa5ca-1a17-4a55-bc64-48aa4f3d91d9","399cdebc-51c2-422b-87a5-220f8cc2d7ac","swargate-vit","86e290a5-7e39-4f7a-805e-a6154d820f01","6c30c56b-74ce-4c24-a819-98b9ab6387f5","Market Yard Corner","18.4792","73.8581","VIT College","18.4635","73.8682","2026-10-29T02:15:00.000Z","1","0","scooty","true","10","","SCHEDULED","6","12"
"e5ab4d78-27aa-4a41-9db3-993370985546","ff933861-ecae-470a-9ee4-3663e749fdbc","katraj-vit","6c30c56b-74ce-4c24-a819-98b9ab6387f5","fea32ab3-d832-43d3-a3a0-788e8711526d","VIT College","18.4635","73.8682","Balaji Nagar BRTS","18.4628","73.8577","2026-10-30T12:00:00.000Z","4","4","car","false","72","Morning campus commute","SCHEDULED","13","4"
"a9e80342-6cec-42ba-b981-0e229d2d5046","f34b84c7-eb95-4dff-958a-ef69c608f272","swargate-vit","596f6d76-b8c5-4cf2-9058-1a1a334d424d","6c30c56b-74ce-4c24-a819-98b9ab6387f5","Panchami BRTS","18.4902","73.8586","VIT College","18.4635","73.8682","2026-10-31T02:15:00.000Z","3","1","car","false","66","","SCHEDULED","4","12"
"acf93cf4-9e54-4569-887d-4289bedf6b9c","6279cde7-2c2c-4986-a9a4-55039693b818","katraj-vit","6c30c56b-74ce-4c24-a819-98b9ab6387f5","0ad9adea-2c75-4d2a-86ae-34dcc0727788","VIT College","18.4635","73.8682","Shankar Maharaj Math","18.4735","73.8579","2026-11-01T12:00:00.000Z","1","1","scooty","false","19","Please arrive five minutes early","SCHEDULED","13","6"
"e8667c4f-2d5f-42ec-8e58-87839a8d1747","61a5fb10-8cc3-48db-a009-2fdb4eb9c378","swargate-vit","11cd5543-db39-4321-9f12-008b367d2ce1","6c30c56b-74ce-4c24-a819-98b9ab6387f5","Upper Indira Nagar Bus Depot","18.4682","73.8623","VIT College","18.4635","73.8682","2026-11-02T02:15:00.000Z","4","3","car","false","22","","SCHEDULED","10","12"
"dc4f1378-fa9d-491f-989b-2adebf496cbc","aa4ac675-15bc-49db-b7fa-84335d28cdc7","katraj-vit","6c30c56b-74ce-4c24-a819-98b9ab6387f5","fea32ab3-d832-43d3-a3a0-788e8711526d","VIT College","18.4635","73.8682","Balaji Nagar BRTS","18.4628","73.8577","2026-11-03T12:00:00.000Z","1","0","scooty","true","10","Please arrive five minutes early","SCHEDULED","13","4"
"99f441eb-bb0f-43c9-9137-0a1796ac06ca","6b38852c-3199-4130-9bef-739d2cbf98cd","swargate-vit","a80964b4-72f5-43de-ad1a-bdcb9fca796e","6c30c56b-74ce-4c24-a819-98b9ab6387f5","Lower Indira Nagar Stop","18.4718","73.8618","VIT College","18.4635","73.8682","2026-11-04T02:15:00.000Z","1","0","scooty","true","25","Morning campus commute","SCHEDULED","8","12"
"3ef932f8-9b79-48ff-abbc-2273cdb6085b","32c9560a-e267-4d5f-85c7-ca585ac3975e","katraj-vit","6c30c56b-74ce-4c24-a819-98b9ab6387f5","0ad9adea-2c75-4d2a-86ae-34dcc0727788","VIT College","18.4635","73.8682","Shankar Maharaj Math","18.4735","73.8579","2026-11-05T12:00:00.000Z","1","0","scooty","true","2","","SCHEDULED","13","6"
"7f6f7c81-be98-40f5-aa11-509328ce383f","15ef891e-746f-4219-8638-297ada541a3a","swargate-vit","570167fe-7324-46a2-9cf4-fbea6048e8be","6c30c56b-74ce-4c24-a819-98b9ab6387f5","City Pride BRTS","18.4845","73.8583","VIT College","18.4635","73.8682","2026-08-08T02:15:00.000Z","1","0","bike","true","23","Morning campus commute","COMPLETED","5","12"
"214b642e-0f38-471f-a2f5-2ef1c70c23dc","c4608e10-532e-42df-b9ca-6399d157bc77","katraj-vit","6c30c56b-74ce-4c24-a819-98b9ab6387f5","876d2e4d-fad4-4ee2-916c-e5ad147030cf","VIT College","18.4635","73.8682","Katraj Dairy BRTS","18.4508","73.8569","2026-08-09T12:00:00.000Z","3","2","car","false","75","Pickup near the hub","COMPLETED","13","2"
"892e5adb-bb66-43ba-b497-55611d3ffa6e","9c577260-815e-4814-ae42-db071f0604b0","swargate-vit","596f6d76-b8c5-4cf2-9058-1a1a334d424d","6c30c56b-74ce-4c24-a819-98b9ab6387f5","Panchami BRTS","18.4902","73.8586","VIT College","18.4635","73.8682","2026-08-10T02:15:00.000Z","2","0","car","false","54","Pickup near the hub","CANCELLED","4","12"
"f8b3b161-489a-47e1-97f1-0478054aa733","11e76d6b-888c-4c86-a3f2-2d4bab255598","katraj-vit","6c30c56b-74ce-4c24-a819-98b9ab6387f5","86597dc2-00ef-475a-8a9a-daf0323897ca","VIT College","18.4635","73.8682","Katraj Terminal","18.4471","73.8562","2026-08-11T12:00:00.000Z","3","3","car","false","71","Please arrive five minutes early","CANCELLED","13","1"
"ab7c2a2d-d1ea-446d-bdd8-99f2f29b6db6","12e82429-ecad-4a76-bc1b-fddf73c8c117","swargate-vit","0095597e-ebd1-4f83-a6c0-a8e94be6a92b","6c30c56b-74ce-4c24-a819-98b9ab6387f5","Laxmi Narayan Theatre","18.4965","73.8584","VIT College","18.4635","73.8682","2026-08-12T02:15:00.000Z","1","0","scooty","true","30","Please arrive five minutes early","COMPLETED","3","12"
"2436d6b5-ff6c-4acd-a0a3-cb8dee6af77e","ac87c729-c400-43ff-9619-cd867435a982","katraj-vit","6c30c56b-74ce-4c24-a819-98b9ab6387f5","86e290a5-7e39-4f7a-805e-a6154d820f01","VIT College","18.4635","73.8682","Market Yard Corner","18.4792","73.8581","2026-08-13T12:00:00.000Z","1","0","scooty","true","6","Please arrive five minutes early","CANCELLED","13","7"
"c9abd69a-95fb-4047-88aa-1a4f0b89e684","65caf2f5-0b5e-452f-a096-f7f73ba694f9","swargate-vit","19cfadd2-1ff7-4a2f-b5e3-eeb73f44cc28","6c30c56b-74ce-4c24-a819-98b9ab6387f5","Swargate PMPML Main Bus Stand","18.4991","73.8583","VIT College","18.4635","73.8682","2026-08-14T02:15:00.000Z","3","2","car","false","35","Morning campus commute","COMPLETED","1","12"
"02a9338d-3033-411e-9890-d4215b1f489e","e1b6b10d-5653-452d-a57d-24e8752b2f52","katraj-vit","6c30c56b-74ce-4c24-a819-98b9ab6387f5","11cd5543-db39-4321-9f12-008b367d2ce1","VIT College","18.4635","73.8682","Upper Indira Nagar Bus Depot","18.4682","73.8623","2026-08-15T12:00:00.000Z","1","1","scooty","true","4","Please arrive five minutes early","CANCELLED","13","11"
"843d409e-ee28-4db1-8b51-6f0676ff96f8","a53ad219-be12-4a6b-9852-64dfe8aa6236","swargate-vit","596f6d76-b8c5-4cf2-9058-1a1a334d424d","6c30c56b-74ce-4c24-a819-98b9ab6387f5","Panchami BRTS","18.4902","73.8586","VIT College","18.4635","73.8682","2026-08-16T02:15:00.000Z","1","0","scooty","true","3","Morning campus commute","SCHEDULED","4","12"
"5dd3314d-5acc-49a3-b1f7-a4223ac2c922","969131e9-4cc6-483d-82f8-990f056d6c5a","katraj-vit","6c30c56b-74ce-4c24-a819-98b9ab6387f5","1bc21bdf-5bcc-4dd4-8140-eac24ae23b69","VIT College","18.4635","73.8682","Kashinath Patil Nagar Stop","18.4745","73.8631","2026-08-17T12:00:00.000Z","1","0","scooty","true","17","Pickup near the hub","COMPLETED","13","10"
"dab37055-85ba-475d-b0f7-35641b127e7e","38d92c3f-f6e4-4c90-add9-6f5ecbcd5bde","swargate-vit","1bc21bdf-5bcc-4dd4-8140-eac24ae23b69","6c30c56b-74ce-4c24-a819-98b9ab6387f5","Kashinath Patil Nagar Stop","18.4745","73.8631","VIT College","18.4635","73.8682","2026-08-18T02:15:00.000Z","1","0","bike","true","11","Please arrive five minutes early","SCHEDULED","9","12"
"88d1d342-cfe3-469a-b549-4361d99d2379","a7b7dfcb-b36f-4cfc-abf8-afd48e896a75","katraj-vit","6c30c56b-74ce-4c24-a819-98b9ab6387f5","a80964b4-72f5-43de-ad1a-bdcb9fca796e","VIT College","18.4635","73.8682","Lower Indira Nagar Stop","18.4718","73.8618","2026-08-19T12:00:00.000Z","1","0","scooty","true","17","","COMPLETED","13","9"
"03036283-52a2-43ac-8f47-2960e7def183","2b79909a-3fc7-4286-93ba-521d9aa64a8f","swargate-vit","11cd5543-db39-4321-9f12-008b367d2ce1","6c30c56b-74ce-4c24-a819-98b9ab6387f5","Upper Indira Nagar Bus Depot","18.4682","73.8623","VIT College","18.4635","73.8682","2026-08-20T02:15:00.000Z","1","0","bike","true","16","Pickup near the hub","CANCELLED","10","12"
"ead236c5-2b28-4552-9ef6-7359bc6cebe2","5a240b3c-f182-4a30-82d1-ae0f6586bff3","katraj-vit","6c30c56b-74ce-4c24-a819-98b9ab6387f5","af5c22fe-11db-4392-b90e-85f946c0a37b","VIT College","18.4635","73.8682","KK Market BRTS","18.4683","73.8579","2026-08-21T12:00:00.000Z","1","0","bike","false","19","Please arrive five minutes early","CANCELLED","13","5"
"985b307c-1207-41da-bd03-297623770ad0","9beabcea-410e-43e0-9c0e-c32f2476c785","swargate-vit","0095597e-ebd1-4f83-a6c0-a8e94be6a92b","6c30c56b-74ce-4c24-a819-98b9ab6387f5","Laxmi Narayan Theatre","18.4965","73.8584","VIT College","18.4635","73.8682","2026-08-22T02:15:00.000Z","1","0","scooty","false","8","Please arrive five minutes early","COMPLETED","3","12"
"e85c32ab-28e2-49d3-b6b5-8164b3e2d9b1","30e63cfd-4d4a-41f2-9c08-fe7bb0c7d4b0","katraj-vit","6c30c56b-74ce-4c24-a819-98b9ab6387f5","1bc21bdf-5bcc-4dd4-8140-eac24ae23b69","VIT College","18.4635","73.8682","Kashinath Patil Nagar Stop","18.4745","73.8631","2026-08-23T12:00:00.000Z","4","4","car","false","36","Morning campus commute","COMPLETED","13","10"
"c37d81f7-cada-4bb7-96c0-550745d2d5c2","85bed899-042e-4b82-a6ac-e7f8e8652524","swargate-vit","1bc21bdf-5bcc-4dd4-8140-eac24ae23b69","6c30c56b-74ce-4c24-a819-98b9ab6387f5","Kashinath Patil Nagar Stop","18.4745","73.8631","VIT College","18.4635","73.8682","2026-08-24T02:15:00.000Z","4","3","car","false","70","Please arrive five minutes early","COMPLETED","9","12"
"e72019a5-1885-454c-ae6a-1db99599b533","5b9101ca-8247-4c12-bf7c-68abf2b98166","katraj-vit","6c30c56b-74ce-4c24-a819-98b9ab6387f5","eb0d92a7-38aa-446a-9f38-091814ea3abd","VIT College","18.4635","73.8682","Chintamani Nagar","18.4651","73.864","2026-08-25T12:00:00.000Z","1","0","scooty","true","19","Morning campus commute","COMPLETED","13","12"
"4129545e-a9da-496b-8833-fe612ba9d51d","5468079d-9fdf-4eb9-9b29-ed8a7c650d7c","swargate-vit","0095597e-ebd1-4f83-a6c0-a8e94be6a92b","6c30c56b-74ce-4c24-a819-98b9ab6387f5","Laxmi Narayan Theatre","18.4965","73.8584","VIT College","18.4635","73.8682","2026-08-26T02:15:00.000Z","3","3","car","false","33","Morning campus commute","COMPLETED","3","12"
"851a8b7d-f37d-4d07-9a56-8af7bdfa64a6","2cabb8ae-b3d7-4c51-8207-1b8fc7300e2c","katraj-vit","6c30c56b-74ce-4c24-a819-98b9ab6387f5","fea32ab3-d832-43d3-a3a0-788e8711526d","VIT College","18.4635","73.8682","Balaji Nagar BRTS","18.4628","73.8577","2026-08-27T12:00:00.000Z","1","0","scooty","true","5","Please arrive five minutes early","SCHEDULED","13","4"
"7c840af6-4171-4bcd-bcfb-daf55b13aa67","e16a421d-031b-47d3-936b-9d6bed68b285","swargate-vit","1bc21bdf-5bcc-4dd4-8140-eac24ae23b69","6c30c56b-74ce-4c24-a819-98b9ab6387f5","Kashinath Patil Nagar Stop","18.4745","73.8631","VIT College","18.4635","73.8682","2026-08-28T02:15:00.000Z","1","0","scooty","false","4","Morning campus commute","COMPLETED","9","12"
"0b37b0e9-5d02-4741-96d2-c7256cb5a0c5","2cb66b98-63d0-4a21-a9ed-c884d238b71c","katraj-vit","6c30c56b-74ce-4c24-a819-98b9ab6387f5","86597dc2-00ef-475a-8a9a-daf0323897ca","VIT College","18.4635","73.8682","Katraj Terminal","18.4471","73.8562","2026-08-29T12:00:00.000Z","1","0","scooty","false","3","Pickup near the hub","CANCELLED","13","1"
"b2ad7e38-3eaf-4e1f-bd3a-207f163f0991","61caa1f5-7dee-45a4-964a-8e5ed8b6a158","swargate-vit","11cd5543-db39-4321-9f12-008b367d2ce1","6c30c56b-74ce-4c24-a819-98b9ab6387f5","Upper Indira Nagar Bus Depot","18.4682","73.8623","VIT College","18.4635","73.8682","2026-08-30T02:15:00.000Z","4","2","car","false","30","Morning campus commute","CANCELLED","10","12"
"282d040b-e458-4f43-87ce-6e90e60a984e","dd95ce1d-b76e-4f1f-9a03-108aea02d0d2","katraj-vit","6c30c56b-74ce-4c24-a819-98b9ab6387f5","86597dc2-00ef-475a-8a9a-daf0323897ca","VIT College","18.4635","73.8682","Katraj Terminal","18.4471","73.8562","2026-08-31T12:00:00.000Z","1","0","scooty","true","14","Please arrive five minutes early","COMPLETED","13","1"
"dfec08f0-d98e-4253-9921-8a8d2f0a104f","95204930-6f62-4024-8493-801a30e46f1a","swargate-vit","86e290a5-7e39-4f7a-805e-a6154d820f01","6c30c56b-74ce-4c24-a819-98b9ab6387f5","Market Yard Corner","18.4792","73.8581","VIT College","18.4635","73.8682","2026-09-01T02:15:00.000Z","4","2","car","false","24","Please arrive five minutes early","COMPLETED","6","12"
"4793818c-9038-444e-9a31-d8ccf26be3c5","037ed347-fb73-4043-a8e2-c7edc58d6dac","katraj-vit","6c30c56b-74ce-4c24-a819-98b9ab6387f5","11cd5543-db39-4321-9f12-008b367d2ce1","VIT College","18.4635","73.8682","Upper Indira Nagar Bus Depot","18.4682","73.8623","2026-09-02T12:00:00.000Z","1","0","scooty","true","21","","COMPLETED","13","11"
"93f7539a-51b9-4ec8-a0d5-6e9b125e2c9d","843078cc-2ea7-483f-83b3-cc8bae6695c6","swargate-vit","596f6d76-b8c5-4cf2-9058-1a1a334d424d","6c30c56b-74ce-4c24-a819-98b9ab6387f5","Panchami BRTS","18.4902","73.8586","VIT College","18.4635","73.8682","2026-09-03T02:15:00.000Z","2","2","car","false","56","Pickup near the hub","COMPLETED","4","12"
"a779d34a-da11-45ce-b862-8cb194d96518","d04ea078-3e78-494d-83a0-92fee39d6bb7","katraj-vit","6c30c56b-74ce-4c24-a819-98b9ab6387f5","ebb92112-ef31-4ebe-a259-4e999c52f0fd","VIT College","18.4635","73.8682","Bharati Vidyapeeth","18.456","73.8574","2026-09-04T12:00:00.000Z","1","0","bike","true","17","Morning campus commute","COMPLETED","13","3"
"630d16a7-18c7-422e-b6ef-712ff998edf2","d022c9ae-ee6b-4085-b2c1-11a5c9e6c784","swargate-vit","86e290a5-7e39-4f7a-805e-a6154d820f01","6c30c56b-74ce-4c24-a819-98b9ab6387f5","Market Yard Corner","18.4792","73.8581","VIT College","18.4635","73.8682","2026-09-05T02:15:00.000Z","1","0","scooty","true","14","","CANCELLED","6","12"
"0760b464-4565-493d-a922-94ca9e91fc6e","be9c6ca4-6ee9-481b-8039-dcc0a742224e","katraj-vit","6c30c56b-74ce-4c24-a819-98b9ab6387f5","a80964b4-72f5-43de-ad1a-bdcb9fca796e","VIT College","18.4635","73.8682","Lower Indira Nagar Stop","18.4718","73.8618","2026-09-06T12:00:00.000Z","1","0","bike","true","16","Please arrive five minutes early","COMPLETED","13","9"
"86d85086-7769-434c-94ed-99cb9e53e17f","39147f90-fbda-49de-88ec-5fe656c0d7b4","swargate-vit","86e290a5-7e39-4f7a-805e-a6154d820f01","6c30c56b-74ce-4c24-a819-98b9ab6387f5","Market Yard Corner","18.4792","73.8581","VIT College","18.4635","73.8682","2026-09-07T02:15:00.000Z","1","0","bike","true","24","","SCHEDULED","6","12"
"42d0dc10-3ea3-455f-b23d-3388179c0489","ce05a8a6-09ab-4705-92d1-3f61a51fd69d","katraj-vit","6c30c56b-74ce-4c24-a819-98b9ab6387f5","ebb92112-ef31-4ebe-a259-4e999c52f0fd","VIT College","18.4635","73.8682","Bharati Vidyapeeth","18.456","73.8574","2026-09-08T12:00:00.000Z","1","0","bike","true","30","Morning campus commute","CANCELLED","13","3"
"6a6e2627-f884-4cca-8c1d-82b75cc700a8","be4d340c-e4ae-41d8-a1a2-337d84d2bfc1","swargate-vit","570167fe-7324-46a2-9cf4-fbea6048e8be","6c30c56b-74ce-4c24-a819-98b9ab6387f5","City Pride BRTS","18.4845","73.8583","VIT College","18.4635","73.8682","2026-09-09T02:15:00.000Z","2","2","car","false","38","","COMPLETED","5","12"
"83792133-906a-4a54-925e-9cf2ffbbd04c","d79a63da-78e9-4b42-a5b3-c04b428ae1c7","katraj-vit","6c30c56b-74ce-4c24-a819-98b9ab6387f5","0ad9adea-2c75-4d2a-86ae-34dcc0727788","VIT College","18.4635","73.8682","Shankar Maharaj Math","18.4735","73.8579","2026-09-10T12:00:00.000Z","2","2","car","false","55","Please arrive five minutes early","CANCELLED","13","6"
"d565f92d-9cc8-45c7-8ae3-6c26ad5485ce","b0ac27cd-c785-4a92-96f7-125faca0aafd","swargate-vit","19cfadd2-1ff7-4a2f-b5e3-eeb73f44cc28","6c30c56b-74ce-4c24-a819-98b9ab6387f5","Swargate PMPML Main Bus Stand","18.4991","73.8583","VIT College","18.4635","73.8682","2026-09-11T02:15:00.000Z","1","0","scooty","true","12","Morning campus commute","SCHEDULED","1","12"
"32064162-b31e-4d34-8d16-0b054cd4c9f3","7cbb830b-c6bc-4fec-a09b-14b8c825bef8","katraj-vit","6c30c56b-74ce-4c24-a819-98b9ab6387f5","eb0d92a7-38aa-446a-9f38-091814ea3abd","VIT College","18.4635","73.8682","Chintamani Nagar","18.4651","73.864","2026-09-12T12:00:00.000Z","1","0","scooty","true","3","Pickup near the hub","CANCELLED","13","12"
"1bb0ca9f-7ac2-480a-abe5-64665cad0575","fbd59ae5-86aa-4b7c-b82b-b7c0b9d357a3","swargate-vit","a80964b4-72f5-43de-ad1a-bdcb9fca796e","6c30c56b-74ce-4c24-a819-98b9ab6387f5","Lower Indira Nagar Stop","18.4718","73.8618","VIT College","18.4635","73.8682","2026-09-13T02:15:00.000Z","1","0","bike","true","26","","COMPLETED","8","12"
"156cd93a-db1d-418b-a796-dc3c5cb50b91","51e576cc-ab7a-49bd-ad0b-21fda7d2bda2","katraj-vit","6c30c56b-74ce-4c24-a819-98b9ab6387f5","0ad9adea-2c75-4d2a-86ae-34dcc0727788","VIT College","18.4635","73.8682","Shankar Maharaj Math","18.4735","73.8579","2026-09-14T12:00:00.000Z","4","2","car","false","66","Please arrive five minutes early","CANCELLED","13","6"
"a19cd6f6-71fe-46ad-95dd-c6c8c35314ca","2f12a413-553c-4203-bffb-955e3123875f","swargate-vit","0095597e-ebd1-4f83-a6c0-a8e94be6a92b","6c30c56b-74ce-4c24-a819-98b9ab6387f5","Laxmi Narayan Theatre","18.4965","73.8584","VIT College","18.4635","73.8682","2026-09-15T02:15:00.000Z","1","0","scooty","true","10","","COMPLETED","3","12"
"adea95bf-9fe1-4684-ad59-00188f08489f","666980bd-8e4f-4f8c-8b8f-e0c3b08af505","katraj-vit","6c30c56b-74ce-4c24-a819-98b9ab6387f5","3221d156-13e7-4834-84ce-848f49b87be2","VIT College","18.4635","73.8682","Bibwewadi Bus Stop","18.4792","73.8615","2026-09-16T12:00:00.000Z","3","2","car","false","65","Please arrive five minutes early","COMPLETED","13","8"
"4c716616-f7ba-45a6-b4d7-12f375280467","ced6df1d-3ee8-4c76-8610-955b666d02b6","swargate-vit","1bc21bdf-5bcc-4dd4-8140-eac24ae23b69","6c30c56b-74ce-4c24-a819-98b9ab6387f5","Kashinath Patil Nagar Stop","18.4745","73.8631","VIT College","18.4635","73.8682","2026-09-17T02:15:00.000Z","1","0","scooty","true","8","","SCHEDULED","9","12"
"0dbe9480-abd0-4b2b-8f43-4565b347cd43","f599bc96-4841-492f-a111-bec5b3b961ae","katraj-vit","6c30c56b-74ce-4c24-a819-98b9ab6387f5","1bc21bdf-5bcc-4dd4-8140-eac24ae23b69","VIT College","18.4635","73.8682","Kashinath Patil Nagar Stop","18.4745","73.8631","2026-09-18T12:00:00.000Z","1","0","bike","true","23","Pickup near the hub","SCHEDULED","13","10"
"9cc2d8f9-1876-4ae4-98af-98018dcd81af","523365f0-54d7-48ce-b828-50e1b0a2737e","swargate-vit","1bc21bdf-5bcc-4dd4-8140-eac24ae23b69","6c30c56b-74ce-4c24-a819-98b9ab6387f5","Kashinath Patil Nagar Stop","18.4745","73.8631","VIT College","18.4635","73.8682","2026-09-19T02:15:00.000Z","4","1","car","false","74","Morning campus commute","COMPLETED","9","12"
"64d96317-728b-4d23-a13f-6ae10f4f1329","228adcc3-430e-4eba-ba35-403a9eae4ae6","katraj-vit","6c30c56b-74ce-4c24-a819-98b9ab6387f5","a80964b4-72f5-43de-ad1a-bdcb9fca796e","VIT College","18.4635","73.8682","Lower Indira Nagar Stop","18.4718","73.8618","2026-09-20T12:00:00.000Z","1","0","bike","true","5","Morning campus commute","COMPLETED","13","9"
"315ddd6c-622c-4ebe-a3eb-f9b6ad14e648","9ef8f4fa-8101-4ff2-80ff-91a966e3bab8","swargate-vit","eb0d92a7-38aa-446a-9f38-091814ea3abd","6c30c56b-74ce-4c24-a819-98b9ab6387f5","Chintamani Nagar","18.4651","73.864","VIT College","18.4635","73.8682","2026-09-21T02:15:00.000Z","2","1","car","false","45","","COMPLETED","11","12"
"7c834078-49c1-4e0a-8841-5baac9295798","7a6f894d-c3ee-4aa4-a5c8-b62bdfa18164","katraj-vit","6c30c56b-74ce-4c24-a819-98b9ab6387f5","a80964b4-72f5-43de-ad1a-bdcb9fca796e","VIT College","18.4635","73.8682","Lower Indira Nagar Stop","18.4718","73.8618","2026-09-22T12:00:00.000Z","1","1","scooty","false","27","Please arrive five minutes early","SCHEDULED","13","9"
"798cea49-a3f2-47da-a394-f1df78ffd48b","fcfaa482-6492-469b-ba42-8abf44531f61","swargate-vit","19cfadd2-1ff7-4a2f-b5e3-eeb73f44cc28","6c30c56b-74ce-4c24-a819-98b9ab6387f5","Swargate PMPML Main Bus Stand","18.4991","73.8583","VIT College","18.4635","73.8682","2026-09-23T02:15:00.000Z","1","0","bike","true","11","Morning campus commute","SCHEDULED","1","12"
"4234d333-5e7a-4777-a843-8cd872cc0bfc","2a786db0-f79e-4a08-a45d-7143a56be137","katraj-vit","6c30c56b-74ce-4c24-a819-98b9ab6387f5","af5c22fe-11db-4392-b90e-85f946c0a37b","VIT College","18.4635","73.8682","KK Market BRTS","18.4683","73.8579","2026-09-24T12:00:00.000Z","4","4","car","false","22","Pickup near the hub","SCHEDULED","13","5"
"a406a9d2-3472-429f-8408-867383a9a8b2","20b672de-a2b7-4ee4-8a1e-2dd98d7a3278","swargate-vit","a80964b4-72f5-43de-ad1a-bdcb9fca796e","6c30c56b-74ce-4c24-a819-98b9ab6387f5","Lower Indira Nagar Stop","18.4718","73.8618","VIT College","18.4635","73.8682","2026-09-25T02:15:00.000Z","4","4","car","false","43","Morning campus commute","SCHEDULED","8","12"
"7e620c50-e782-40ce-ac1b-b7e8d5025931","1386d7bb-79eb-4e36-b78d-7ac74357b589","katraj-vit","6c30c56b-74ce-4c24-a819-98b9ab6387f5","876d2e4d-fad4-4ee2-916c-e5ad147030cf","VIT College","18.4635","73.8682","Katraj Dairy BRTS","18.4508","73.8569","2026-09-26T12:00:00.000Z","1","0","scooty","true","2","Morning campus commute","SCHEDULED","13","2"
"81918c19-9464-4372-9030-04ffda40efb8","db21b52b-86e1-49c0-82fe-f5d33db4323f","swargate-vit","570167fe-7324-46a2-9cf4-fbea6048e8be","6c30c56b-74ce-4c24-a819-98b9ab6387f5","City Pride BRTS","18.4845","73.8583","VIT College","18.4635","73.8682","2026-09-27T02:15:00.000Z","1","0","scooty","true","22","Morning campus commute","SCHEDULED","5","12"
"754bfc2b-64ca-4525-b5de-492ae2b6d51f","f0c7e0ed-5ec8-43e2-aabe-d0c93c5234e3","katraj-vit","6c30c56b-74ce-4c24-a819-98b9ab6387f5","ebb92112-ef31-4ebe-a259-4e999c52f0fd","VIT College","18.4635","73.8682","Bharati Vidyapeeth","18.456","73.8574","2026-09-28T12:00:00.000Z","1","0","bike","false","22","Pickup near the hub","SCHEDULED","13","3"
"e579d5f0-50ee-4f65-900e-fe3953746e2b","f0be6e7d-be56-4dae-a215-ca68d901c731","swargate-vit","1bc21bdf-5bcc-4dd4-8140-eac24ae23b69","6c30c56b-74ce-4c24-a819-98b9ab6387f5","Kashinath Patil Nagar Stop","18.4745","73.8631","VIT College","18.4635","73.8682","2026-09-29T02:15:00.000Z","1","0","scooty","true","17","Please arrive five minutes early","SCHEDULED","9","12"
"fc8084d7-fb94-493e-ad46-839c3772664f","be4ef771-c8b1-4464-b4f7-41e3ea277c87","katraj-vit","6c30c56b-74ce-4c24-a819-98b9ab6387f5","fea32ab3-d832-43d3-a3a0-788e8711526d","VIT College","18.4635","73.8682","Balaji Nagar BRTS","18.4628","73.8577","2026-09-30T12:00:00.000Z","2","0","car","false","68","Morning campus commute","SCHEDULED","13","4"
"baa74fca-c5e2-4b4c-bc70-07c5daf25c80","2c463203-2185-4bb6-ac9c-dbf4b358d3f9","swargate-vit","596f6d76-b8c5-4cf2-9058-1a1a334d424d","6c30c56b-74ce-4c24-a819-98b9ab6387f5","Panchami BRTS","18.4902","73.8586","VIT College","18.4635","73.8682","2026-10-01T02:15:00.000Z","3","3","car","false","52","Please arrive five minutes early","SCHEDULED","4","12"
"6313d76a-6e12-474b-b22e-51493289f629","e0a60ad9-cc73-4c06-a3f4-008b5f55a00b","katraj-vit","6c30c56b-74ce-4c24-a819-98b9ab6387f5","3221d156-13e7-4834-84ce-848f49b87be2","VIT College","18.4635","73.8682","Bibwewadi Bus Stop","18.4792","73.8615","2026-10-02T12:00:00.000Z","2","1","car","false","29","","SCHEDULED","13","8"
"54a4f39a-97cf-453f-a124-b59b4e6629a1","bf4c6c59-6b96-40c9-9575-8528b27b985c","swargate-vit","eb0d92a7-38aa-446a-9f38-091814ea3abd","6c30c56b-74ce-4c24-a819-98b9ab6387f5","Chintamani Nagar","18.4651","73.864","VIT College","18.4635","73.8682","2026-10-03T02:15:00.000Z","1","1","scooty","false","20","Morning campus commute","SCHEDULED","11","12"
"5053d06e-fd46-4fda-be75-b06eadee4d35","a1ef1ce8-9cb0-499a-bca0-636d395b8e27","katraj-vit","6c30c56b-74ce-4c24-a819-98b9ab6387f5","86597dc2-00ef-475a-8a9a-daf0323897ca","VIT College","18.4635","73.8682","Katraj Terminal","18.4471","73.8562","2026-10-04T12:00:00.000Z","1","0","scooty","true","21","Pickup near the hub","SCHEDULED","13","1"
"a405d83e-943e-4c22-a878-6d593f4ecb07","39d3794d-33e3-4ffe-b495-fbaa9d28a26b","swargate-vit","1bc21bdf-5bcc-4dd4-8140-eac24ae23b69","6c30c56b-74ce-4c24-a819-98b9ab6387f5","Kashinath Patil Nagar Stop","18.4745","73.8631","VIT College","18.4635","73.8682","2026-10-05T02:15:00.000Z","1","0","scooty","true","27","Morning campus commute","SCHEDULED","9","12"
"294c18ad-4603-47a3-b97a-5dd9489da0fc","6afa4784-41a5-471b-8dbf-dcd4ef8d1af1","katraj-vit","6c30c56b-74ce-4c24-a819-98b9ab6387f5","fea32ab3-d832-43d3-a3a0-788e8711526d","VIT College","18.4635","73.8682","Balaji Nagar BRTS","18.4628","73.8577","2026-10-06T12:00:00.000Z","1","0","scooty","true","17","Please arrive five minutes early","SCHEDULED","13","4"
"534008bb-bb9d-4d43-a19c-55954eca4d94","9907b9e1-2eaf-4019-b6c3-d17953880b08","swargate-vit","86e290a5-7e39-4f7a-805e-a6154d820f01","6c30c56b-74ce-4c24-a819-98b9ab6387f5","Market Yard Corner","18.4792","73.8581","VIT College","18.4635","73.8682","2026-10-07T02:15:00.000Z","1","0","scooty","true","18","Morning campus commute","SCHEDULED","6","12"
"8ce4f130-c051-4df3-a29d-391d2149aac5","50b52ef7-937a-4ad7-a6ea-5df63741b351","katraj-vit","6c30c56b-74ce-4c24-a819-98b9ab6387f5","1bc21bdf-5bcc-4dd4-8140-eac24ae23b69","VIT College","18.4635","73.8682","Kashinath Patil Nagar Stop","18.4745","73.8631","2026-10-08T12:00:00.000Z","1","0","scooty","true","25","","SCHEDULED","13","10"
"4c74c905-796e-4af0-a90e-10a8fbd87d68","aa992245-dc20-4688-8711-279522417636","swargate-vit","3221d156-13e7-4834-84ce-848f49b87be2","6c30c56b-74ce-4c24-a819-98b9ab6387f5","Bibwewadi Bus Stop","18.4792","73.8615","VIT College","18.4635","73.8682","2026-10-09T02:15:00.000Z","1","0","scooty","true","28","Morning campus commute","SCHEDULED","7","12"
"26fbe6a5-a5f4-4bc6-a39c-3e9c413b447f","b5e29269-7643-45b9-ac7a-a2ccd2b93983","katraj-vit","6c30c56b-74ce-4c24-a819-98b9ab6387f5","fea32ab3-d832-43d3-a3a0-788e8711526d","VIT College","18.4635","73.8682","Balaji Nagar BRTS","18.4628","73.8577","2026-10-10T12:00:00.000Z","1","0","scooty","true","20","Pickup near the hub","SCHEDULED","13","4"
"6fb95ba1-a6fd-4716-ab7a-245bb3d2b8ef","5bed2f04-01f9-4e95-995a-1a0c306ae9c3","swargate-vit","11cd5543-db39-4321-9f12-008b367d2ce1","6c30c56b-74ce-4c24-a819-98b9ab6387f5","Upper Indira Nagar Bus Depot","18.4682","73.8623","VIT College","18.4635","73.8682","2026-10-11T02:15:00.000Z","1","1","bike","true","17","Please arrive five minutes early","SCHEDULED","10","12"
"92f1deee-31f9-435c-92e3-0788db8a5791","d96dc164-dffd-4bcb-bc7b-ca59b2d88379","katraj-vit","6c30c56b-74ce-4c24-a819-98b9ab6387f5","86e290a5-7e39-4f7a-805e-a6154d820f01","VIT College","18.4635","73.8682","Market Yard Corner","18.4792","73.8581","2026-10-12T12:00:00.000Z","1","0","scooty","false","14","Pickup near the hub","SCHEDULED","13","7"
"c4a2525b-0825-4968-85f6-dff63273b533","ef881127-bf53-4e44-ac88-4d08e32ca7a0","swargate-vit","eb0d92a7-38aa-446a-9f38-091814ea3abd","6c30c56b-74ce-4c24-a819-98b9ab6387f5","Chintamani Nagar","18.4651","73.864","VIT College","18.4635","73.8682","2026-10-13T02:15:00.000Z","1","0","bike","true","23","Pickup near the hub","SCHEDULED","11","12"
"e85f858f-3e89-47d7-b09d-2bdd21c63625","694401c9-b4fa-4309-b22d-16609d61782c","katraj-vit","6c30c56b-74ce-4c24-a819-98b9ab6387f5","eb0d92a7-38aa-446a-9f38-091814ea3abd","VIT College","18.4635","73.8682","Chintamani Nagar","18.4651","73.864","2026-10-14T12:00:00.000Z","1","0","scooty","true","13","Morning campus commute","SCHEDULED","13","12"
"b9d2d5c9-7180-4967-80f3-6fb3fe576965","23cdcd88-f49b-408a-af81-20c714c4290b","swargate-vit","a80964b4-72f5-43de-ad1a-bdcb9fca796e","6c30c56b-74ce-4c24-a819-98b9ab6387f5","Lower Indira Nagar Stop","18.4718","73.8618","VIT College","18.4635","73.8682","2026-10-15T02:15:00.000Z","4","3","car","false","53","Morning campus commute","SCHEDULED","8","12"
"dc2c56c2-eb8a-4210-8e60-bcede454c7a4","3a674059-212e-43b5-bfeb-fc6ed59e20f7","katraj-vit","6c30c56b-74ce-4c24-a819-98b9ab6387f5","ebb92112-ef31-4ebe-a259-4e999c52f0fd","VIT College","18.4635","73.8682","Bharati Vidyapeeth","18.456","73.8574","2026-10-16T12:00:00.000Z","1","0","scooty","true","8","Morning campus commute","SCHEDULED","13","3"
"9d994eef-e6f9-4dbb-b1db-39cf4b47f848","0d570a75-885b-4a1d-a33c-3705d1a1e89a","swargate-vit","596f6d76-b8c5-4cf2-9058-1a1a334d424d","6c30c56b-74ce-4c24-a819-98b9ab6387f5","Panchami BRTS","18.4902","73.8586","VIT College","18.4635","73.8682","2026-10-17T02:15:00.000Z","1","0","bike","true","23","Please arrive five minutes early","SCHEDULED","4","12"
"af797ae8-5cf3-4024-ab53-aef9bc4e8ec7","b351304c-33e4-4dfa-bbfe-0e46f5cda915","katraj-vit","6c30c56b-74ce-4c24-a819-98b9ab6387f5","fea32ab3-d832-43d3-a3a0-788e8711526d","VIT College","18.4635","73.8682","Balaji Nagar BRTS","18.4628","73.8577","2026-10-18T12:00:00.000Z","1","0","scooty","false","25","Morning campus commute","SCHEDULED","13","4"
"5c77f55a-aaf8-4425-862a-2294834228a2","6871daa5-011a-4255-a4bd-29f490afb889","swargate-vit","1bc21bdf-5bcc-4dd4-8140-eac24ae23b69","6c30c56b-74ce-4c24-a819-98b9ab6387f5","Kashinath Patil Nagar Stop","18.4745","73.8631","VIT College","18.4635","73.8682","2026-10-19T02:15:00.000Z","1","0","scooty","true","6","Pickup near the hub","SCHEDULED","9","12"
"c2c38f5d-0d9e-4585-bac4-525d9033ec76","b2a75502-d4ef-429e-8b73-61e440e0983f","katraj-vit","6c30c56b-74ce-4c24-a819-98b9ab6387f5","ebb92112-ef31-4ebe-a259-4e999c52f0fd","VIT College","18.4635","73.8682","Bharati Vidyapeeth","18.456","73.8574","2026-10-20T12:00:00.000Z","1","0","scooty","true","16","Pickup near the hub","SCHEDULED","13","3"
"3a7eab18-4ccb-4f40-8d3a-92b7140502e0","0da0c5dd-c04a-461b-bdd7-3d9daceaa0ff","swargate-vit","86e290a5-7e39-4f7a-805e-a6154d820f01","6c30c56b-74ce-4c24-a819-98b9ab6387f5","Market Yard Corner","18.4792","73.8581","VIT College","18.4635","73.8682","2026-10-21T02:15:00.000Z","1","0","scooty","true","4","Pickup near the hub","SCHEDULED","6","12"
"3ce5026b-7ab8-40ba-8766-ef2004cc5179","8fe8486d-63f9-47dc-b19e-cee4aa0ac9c0","katraj-vit","6c30c56b-74ce-4c24-a819-98b9ab6387f5","876d2e4d-fad4-4ee2-916c-e5ad147030cf","VIT College","18.4635","73.8682","Katraj Dairy BRTS","18.4508","73.8569","2026-10-22T12:00:00.000Z","1","0","scooty","true","10","Morning campus commute","SCHEDULED","13","2"
"8435501f-1d0d-44b9-8f9f-d03a191d583d","e49978a2-3a3c-40a9-aa44-f434bfa66b81","swargate-vit","1bc21bdf-5bcc-4dd4-8140-eac24ae23b69","6c30c56b-74ce-4c24-a819-98b9ab6387f5","Kashinath Patil Nagar Stop","18.4745","73.8631","VIT College","18.4635","73.8682","2026-10-23T02:15:00.000Z","1","0","bike","true","5","Pickup near the hub","SCHEDULED","9","12"
"20492f19-9cf0-4a4b-b9f9-0a047f712444","91bce675-58bc-4bd2-b962-52dc6f401671","katraj-vit","6c30c56b-74ce-4c24-a819-98b9ab6387f5","876d2e4d-fad4-4ee2-916c-e5ad147030cf","VIT College","18.4635","73.8682","Katraj Dairy BRTS","18.4508","73.8569","2026-10-24T12:00:00.000Z","2","1","car","false","78","Pickup near the hub","SCHEDULED","13","2"
"f353b960-f67d-460d-b194-3900c9230d39","f69ef11d-7551-4545-967a-f045a72ebb93","swargate-vit","0095597e-ebd1-4f83-a6c0-a8e94be6a92b","6c30c56b-74ce-4c24-a819-98b9ab6387f5","Laxmi Narayan Theatre","18.4965","73.8584","VIT College","18.4635","73.8682","2026-10-25T02:15:00.000Z","2","1","car","false","79","Morning campus commute","SCHEDULED","3","12"
"e908adf9-8739-455d-a325-21cdee725a50","72cddc2e-6ec2-4e48-aa1a-fc6654d24fab","katraj-vit","6c30c56b-74ce-4c24-a819-98b9ab6387f5","86597dc2-00ef-475a-8a9a-daf0323897ca","VIT College","18.4635","73.8682","Katraj Terminal","18.4471","73.8562","2026-10-26T12:00:00.000Z","1","1","scooty","true","21","","SCHEDULED","13","1"
"885d9b68-9f62-4504-b320-cd39df00b196","b3d23434-7107-4dee-ad1b-eebdb7958392","swargate-vit","86e290a5-7e39-4f7a-805e-a6154d820f01","6c30c56b-74ce-4c24-a819-98b9ab6387f5","Market Yard Corner","18.4792","73.8581","VIT College","18.4635","73.8682","2026-10-27T02:15:00.000Z","2","2","car","false","38","Morning campus commute","SCHEDULED","6","12"
"2882f12e-3f35-4b3b-ad04-f163fe5380b7","8dcbd23c-4a1c-425e-b9e1-56d690d064a1","katraj-vit","6c30c56b-74ce-4c24-a819-98b9ab6387f5","1bc21bdf-5bcc-4dd4-8140-eac24ae23b69","VIT College","18.4635","73.8682","Kashinath Patil Nagar Stop","18.4745","73.8631","2026-10-28T12:00:00.000Z","2","2","car","false","64","Morning campus commute","SCHEDULED","13","10"
"3a23c523-f2fb-4842-a328-7d147d8d9ca2","e448284e-7dcf-4d42-b0eb-1d902bcd1366","swargate-vit","eb0d92a7-38aa-446a-9f38-091814ea3abd","6c30c56b-74ce-4c24-a819-98b9ab6387f5","Chintamani Nagar","18.4651","73.864","VIT College","18.4635","73.8682","2026-10-29T02:15:00.000Z","3","2","car","false","33","","SCHEDULED","11","12"
"f82dfe7d-38e0-4ebc-acc5-6d7288963e93","e338d25f-f71d-4949-82c9-72ff79bd50e0","katraj-vit","6c30c56b-74ce-4c24-a819-98b9ab6387f5","11cd5543-db39-4321-9f12-008b367d2ce1","VIT College","18.4635","73.8682","Upper Indira Nagar Bus Depot","18.4682","73.8623","2026-10-30T12:00:00.000Z","1","0","bike","true","15","Morning campus commute","SCHEDULED","13","11"
"88007d2e-42ba-4e61-9e3a-f9f344086c3a","edb3c65f-3d50-40e9-9a77-b8be3c596e3d","swargate-vit","19cfadd2-1ff7-4a2f-b5e3-eeb73f44cc28","6c30c56b-74ce-4c24-a819-98b9ab6387f5","Swargate PMPML Main Bus Stand","18.4991","73.8583","VIT College","18.4635","73.8682","2026-10-31T02:15:00.000Z","1","0","bike","true","7","Pickup near the hub","SCHEDULED","1","12"
"2b488433-1028-4b11-ae93-c76b4784ee5a","76b965ae-22a7-4a52-a8af-e41b3fbabb12","katraj-vit","6c30c56b-74ce-4c24-a819-98b9ab6387f5","86597dc2-00ef-475a-8a9a-daf0323897ca","VIT College","18.4635","73.8682","Katraj Terminal","18.4471","73.8562","2026-11-01T12:00:00.000Z","1","0","bike","true","0","","SCHEDULED","13","1"
"a0a52b3c-f29e-4edc-8ade-c6a73ea4d624","26dcafa5-e28f-4c96-bd7f-75ca1113e108","swargate-vit","3221d156-13e7-4834-84ce-848f49b87be2","6c30c56b-74ce-4c24-a819-98b9ab6387f5","Bibwewadi Bus Stop","18.4792","73.8615","VIT College","18.4635","73.8682","2026-11-02T02:15:00.000Z","2","2","car","false","65","Morning campus commute","SCHEDULED","7","12"
"3305a0cb-6348-4dfd-a984-9180665c5bad","24d2a11e-ee6c-4f5b-80ff-7fb9eb39ac32","katraj-vit","6c30c56b-74ce-4c24-a819-98b9ab6387f5","876d2e4d-fad4-4ee2-916c-e5ad147030cf","VIT College","18.4635","73.8682","Katraj Dairy BRTS","18.4508","73.8569","2026-11-03T12:00:00.000Z","2","1","car","false","54","","SCHEDULED","13","2"
"73b567d9-c873-4524-86d9-de9cad1f211c","d4ebe4da-1cf5-41e9-a052-ad2e992e76f1","swargate-vit","3221d156-13e7-4834-84ce-848f49b87be2","6c30c56b-74ce-4c24-a819-98b9ab6387f5","Bibwewadi Bus Stop","18.4792","73.8615","VIT College","18.4635","73.8682","2026-11-04T02:15:00.000Z","1","0","bike","true","25","","SCHEDULED","7","12"
"14e8bb6c-b0b8-466e-b65f-13c23ea52937","10da92ee-210d-4710-88f2-423a285dd142","katraj-vit","6c30c56b-74ce-4c24-a819-98b9ab6387f5","3221d156-13e7-4834-84ce-848f49b87be2","VIT College","18.4635","73.8682","Bibwewadi Bus Stop","18.4792","73.8615","2026-11-05T12:00:00.000Z","1","0","bike","false","11","Please arrive five minutes early","SCHEDULED","13","8"
"4e6c4d4d-4bd5-4eb8-856e-04ee3c8512da","fd00b702-8bbe-4108-ab3e-1e21ba029f40","swargate-vit","a80964b4-72f5-43de-ad1a-bdcb9fca796e","6c30c56b-74ce-4c24-a819-98b9ab6387f5","Lower Indira Nagar Stop","18.4718","73.8618","VIT College","18.4635","73.8682","2026-08-08T02:15:00.000Z","1","1","scooty","true","6","Please arrive five minutes early","COMPLETED","8","12"
"777d2dd9-907d-4036-9bf8-794e94c6b55d","36032724-576b-47c8-a7f3-a44c9abca1ae","katraj-vit","6c30c56b-74ce-4c24-a819-98b9ab6387f5","0ad9adea-2c75-4d2a-86ae-34dcc0727788","VIT College","18.4635","73.8682","Shankar Maharaj Math","18.4735","73.8579","2026-08-09T12:00:00.000Z","2","1","car","false","70","Morning campus commute","COMPLETED","13","6"
"082a036b-5dff-41ff-97d7-2c4c01385db0","47fb716c-faad-411e-a3e5-d13e542643c1","swargate-vit","570167fe-7324-46a2-9cf4-fbea6048e8be","6c30c56b-74ce-4c24-a819-98b9ab6387f5","City Pride BRTS","18.4845","73.8583","VIT College","18.4635","73.8682","2026-08-10T02:15:00.000Z","1","1","scooty","false","29","Pickup near the hub","COMPLETED","5","12"
"62a2a1ea-fd3d-4a56-af2d-8a4b5cc2f660","5ac71c5e-4117-49f2-9551-e2487ee014ca","katraj-vit","6c30c56b-74ce-4c24-a819-98b9ab6387f5","ebb92112-ef31-4ebe-a259-4e999c52f0fd","VIT College","18.4635","73.8682","Bharati Vidyapeeth","18.456","73.8574","2026-08-11T12:00:00.000Z","3","1","car","false","67","Morning campus commute","COMPLETED","13","3"
"1947e8c9-ff88-4af2-b502-e17983fea62d","37b52895-1597-4763-836c-78a8301f11b4","swargate-vit","0c2d013a-9422-4c89-905f-4ec287ba2251","6c30c56b-74ce-4c24-a819-98b9ab6387f5","Swargate BRTS Stop","18.4982","73.8588","VIT College","18.4635","73.8682","2026-08-12T02:15:00.000Z","1","0","bike","true","12","Morning campus commute","COMPLETED","2","12"
"aa73ed93-d74c-4151-8d2e-53a9a8b20405","d731dccd-0e69-472d-8310-13e8f5708fe5","katraj-vit","6c30c56b-74ce-4c24-a819-98b9ab6387f5","0ad9adea-2c75-4d2a-86ae-34dcc0727788","VIT College","18.4635","73.8682","Shankar Maharaj Math","18.4735","73.8579","2026-08-13T12:00:00.000Z","1","1","scooty","false","30","Pickup near the hub","CANCELLED","13","6"
"07cb54f9-402e-439c-ba9b-69a50f85b1ef","420b1194-1446-4c01-a90b-9ad6313738f8","swargate-vit","eb0d92a7-38aa-446a-9f38-091814ea3abd","6c30c56b-74ce-4c24-a819-98b9ab6387f5","Chintamani Nagar","18.4651","73.864","VIT College","18.4635","73.8682","2026-08-14T02:15:00.000Z","1","0","scooty","true","27","","CANCELLED","11","12"
"e692f83e-6602-4c3b-a3db-621f127f10f1","b4c86de6-995d-4335-a3bb-265de522aecf","katraj-vit","6c30c56b-74ce-4c24-a819-98b9ab6387f5","a80964b4-72f5-43de-ad1a-bdcb9fca796e","VIT College","18.4635","73.8682","Lower Indira Nagar Stop","18.4718","73.8618","2026-08-15T12:00:00.000Z","2","2","car","false","56","Morning campus commute","SCHEDULED","13","9"
"64113ad8-c1b9-410f-9e05-efd756ba2ffc","d52bd72b-f975-4a9d-a394-ead49b80912b","swargate-vit","86e290a5-7e39-4f7a-805e-a6154d820f01","6c30c56b-74ce-4c24-a819-98b9ab6387f5","Market Yard Corner","18.4792","73.8581","VIT College","18.4635","73.8682","2026-08-16T02:15:00.000Z","1","0","bike","false","6","Please arrive five minutes early","COMPLETED","6","12"
"e7032ada-8a95-4784-82c5-56fc02ed54f9","4c3a0823-a2f6-449e-a285-51b92ef1ef89","katraj-vit","6c30c56b-74ce-4c24-a819-98b9ab6387f5","1bc21bdf-5bcc-4dd4-8140-eac24ae23b69","VIT College","18.4635","73.8682","Kashinath Patil Nagar Stop","18.4745","73.8631","2026-08-17T12:00:00.000Z","1","0","scooty","true","25","Please arrive five minutes early","SCHEDULED","13","10"
"a67cb91a-08d8-4bd2-9481-d3c540607fc0","2bf63d4b-4be8-4a3d-b079-2a7b714b0da3","swargate-vit","eb0d92a7-38aa-446a-9f38-091814ea3abd","6c30c56b-74ce-4c24-a819-98b9ab6387f5","Chintamani Nagar","18.4651","73.864","VIT College","18.4635","73.8682","2026-08-18T02:15:00.000Z","1","0","scooty","true","13","Please arrive five minutes early","COMPLETED","11","12"
"8c621c96-730c-4739-bdf6-5be6a4b9b611","5adcb3aa-a473-41ba-8a29-2fa570db158b","katraj-vit","6c30c56b-74ce-4c24-a819-98b9ab6387f5","86e290a5-7e39-4f7a-805e-a6154d820f01","VIT College","18.4635","73.8682","Market Yard Corner","18.4792","73.8581","2026-08-19T12:00:00.000Z","3","2","car","false","80","","CANCELLED","13","7"
"1a4e863f-c031-4524-bb27-2963abd60f5a","0c95fe70-a0ca-4d73-8f55-0b0e62001fb9","swargate-vit","eb0d92a7-38aa-446a-9f38-091814ea3abd","6c30c56b-74ce-4c24-a819-98b9ab6387f5","Chintamani Nagar","18.4651","73.864","VIT College","18.4635","73.8682","2026-08-20T02:15:00.000Z","1","0","bike","true","20","Please arrive five minutes early","COMPLETED","11","12"
"0ce13de0-220c-4e27-836d-2f6fe71d9845","542484e9-c9f4-48df-8789-a3dffda2107d","katraj-vit","6c30c56b-74ce-4c24-a819-98b9ab6387f5","11cd5543-db39-4321-9f12-008b367d2ce1","VIT College","18.4635","73.8682","Upper Indira Nagar Bus Depot","18.4682","73.8623","2026-08-21T12:00:00.000Z","1","0","scooty","true","28","","COMPLETED","13","11"
"6ad9dd1f-a784-4ac0-a90b-9344e16aa0ef","c9ab0de5-362b-43a7-9367-b620469096dd","swargate-vit","0c2d013a-9422-4c89-905f-4ec287ba2251","6c30c56b-74ce-4c24-a819-98b9ab6387f5","Swargate BRTS Stop","18.4982","73.8588","VIT College","18.4635","73.8682","2026-08-22T02:15:00.000Z","1","0","scooty","true","3","Morning campus commute","SCHEDULED","2","12"
"1356c62d-7cd1-4bf7-b4d8-9c54a1d3abad","2611b03a-dd3f-4f47-9599-e17430f77e92","katraj-vit","6c30c56b-74ce-4c24-a819-98b9ab6387f5","86597dc2-00ef-475a-8a9a-daf0323897ca","VIT College","18.4635","73.8682","Katraj Terminal","18.4471","73.8562","2026-08-23T12:00:00.000Z","1","0","scooty","true","2","Please arrive five minutes early","COMPLETED","13","1"
"d5596f61-fb1d-4690-b26e-861d6f0a258f","6d4eadbe-2e7e-4907-9dac-2e7ca825fe4f","swargate-vit","eb0d92a7-38aa-446a-9f38-091814ea3abd","6c30c56b-74ce-4c24-a819-98b9ab6387f5","Chintamani Nagar","18.4651","73.864","VIT College","18.4635","73.8682","2026-08-24T02:15:00.000Z","1","1","scooty","true","25","","COMPLETED","11","12"
"925257e1-2ca6-4281-948d-3104b0b4425b","f24e7e05-582d-47da-aa31-e435fb66bfa2","katraj-vit","6c30c56b-74ce-4c24-a819-98b9ab6387f5","a80964b4-72f5-43de-ad1a-bdcb9fca796e","VIT College","18.4635","73.8682","Lower Indira Nagar Stop","18.4718","73.8618","2026-08-25T12:00:00.000Z","1","0","scooty","true","29","Morning campus commute","CANCELLED","13","9"
"fe0ff35c-e4d8-43eb-bb66-8adef99679f5","3e9526f5-f65f-4da1-a2b1-553ce23973f7","swargate-vit","1bc21bdf-5bcc-4dd4-8140-eac24ae23b69","6c30c56b-74ce-4c24-a819-98b9ab6387f5","Kashinath Patil Nagar Stop","18.4745","73.8631","VIT College","18.4635","73.8682","2026-08-26T02:15:00.000Z","1","0","scooty","true","23","","COMPLETED","9","12"
"6f8f22e3-a3d5-4b96-a2c2-2971f613d884","e1692737-3062-4352-86d9-10ad597efff1","katraj-vit","6c30c56b-74ce-4c24-a819-98b9ab6387f5","eb0d92a7-38aa-446a-9f38-091814ea3abd","VIT College","18.4635","73.8682","Chintamani Nagar","18.4651","73.864","2026-08-27T12:00:00.000Z","3","2","car","false","38","Morning campus commute","CANCELLED","13","12"
"b6423514-73e1-4c71-9429-9bd1c2b0b703","b478ed02-c175-49c9-846a-0e9a7f6aa6be","swargate-vit","3221d156-13e7-4834-84ce-848f49b87be2","6c30c56b-74ce-4c24-a819-98b9ab6387f5","Bibwewadi Bus Stop","18.4792","73.8615","VIT College","18.4635","73.8682","2026-08-28T02:15:00.000Z","1","0","scooty","false","6","","COMPLETED","7","12"
"23389bf4-6bd0-4c6b-a0a6-8c5a5893aea4","ec928319-dcb1-4ffc-9713-393fac2f402a","katraj-vit","6c30c56b-74ce-4c24-a819-98b9ab6387f5","3221d156-13e7-4834-84ce-848f49b87be2","VIT College","18.4635","73.8682","Bibwewadi Bus Stop","18.4792","73.8615","2026-08-29T12:00:00.000Z","1","0","scooty","true","19","Morning campus commute","COMPLETED","13","8"
"d5de26f2-8389-44c1-a190-3f405251c404","fe0b23a7-80b0-4776-aec0-0e53d369acc1","swargate-vit","11cd5543-db39-4321-9f12-008b367d2ce1","6c30c56b-74ce-4c24-a819-98b9ab6387f5","Upper Indira Nagar Bus Depot","18.4682","73.8623","VIT College","18.4635","73.8682","2026-08-30T02:15:00.000Z","1","0","bike","true","11","Morning campus commute","COMPLETED","10","12"
"a2df8bae-b220-43a5-90b8-2522bc66f739","cdec7465-1f6a-4948-bdff-48b43a5e174c","katraj-vit","6c30c56b-74ce-4c24-a819-98b9ab6387f5","eb0d92a7-38aa-446a-9f38-091814ea3abd","VIT College","18.4635","73.8682","Chintamani Nagar","18.4651","73.864","2026-08-31T12:00:00.000Z","1","0","bike","true","1","Morning campus commute","COMPLETED","13","12"
"77ace4c3-e753-4f9e-a70e-81645ffd8890","e36d6950-fda1-4e0a-b9a4-3109c1ef3afd","swargate-vit","3221d156-13e7-4834-84ce-848f49b87be2","6c30c56b-74ce-4c24-a819-98b9ab6387f5","Bibwewadi Bus Stop","18.4792","73.8615","VIT College","18.4635","73.8682","2026-09-01T02:15:00.000Z","3","2","car","false","32","Please arrive five minutes early","COMPLETED","7","12"
"80c8daa3-c3ab-448f-8b97-7d9be6874353","fbb85f19-6812-469a-9a7e-c060b8e1330e","katraj-vit","6c30c56b-74ce-4c24-a819-98b9ab6387f5","a80964b4-72f5-43de-ad1a-bdcb9fca796e","VIT College","18.4635","73.8682","Lower Indira Nagar Stop","18.4718","73.8618","2026-09-02T12:00:00.000Z","1","0","scooty","true","27","Morning campus commute","COMPLETED","13","9"
"e7435db3-63b3-4fba-a0ed-be3066168d9f","6fc4cb33-0af8-44b4-af29-e2f5e70c3ca5","swargate-vit","0c2d013a-9422-4c89-905f-4ec287ba2251","6c30c56b-74ce-4c24-a819-98b9ab6387f5","Swargate BRTS Stop","18.4982","73.8588","VIT College","18.4635","73.8682","2026-09-03T02:15:00.000Z","4","3","car","false","49","Morning campus commute","SCHEDULED","2","12"
"1692bbe8-0371-4f8b-95b0-433c7915274f","1c8d0824-69a8-4346-9507-05d4a6013c68","katraj-vit","6c30c56b-74ce-4c24-a819-98b9ab6387f5","1bc21bdf-5bcc-4dd4-8140-eac24ae23b69","VIT College","18.4635","73.8682","Kashinath Patil Nagar Stop","18.4745","73.8631","2026-09-04T12:00:00.000Z","3","2","car","false","35","Morning campus commute","CANCELLED","13","10"
"083c0a94-bab3-4647-9069-9fee74ab732b","4fee29cb-0687-44a2-9f09-3ba85cef33d1","swargate-vit","0c2d013a-9422-4c89-905f-4ec287ba2251","6c30c56b-74ce-4c24-a819-98b9ab6387f5","Swargate BRTS Stop","18.4982","73.8588","VIT College","18.4635","73.8682","2026-09-05T02:15:00.000Z","1","0","scooty","false","15","Morning campus commute","COMPLETED","2","12"
"4069fcd3-a0ed-4717-a44e-5fe45894ac1a","8db40dff-f7cd-4508-9c85-9ffd35177784","katraj-vit","6c30c56b-74ce-4c24-a819-98b9ab6387f5","ebb92112-ef31-4ebe-a259-4e999c52f0fd","VIT College","18.4635","73.8682","Bharati Vidyapeeth","18.456","73.8574","2026-09-06T12:00:00.000Z","1","1","bike","false","30","","COMPLETED","13","3"
"68cc07d1-b0a5-4160-b161-3ebe9ae829b4","287a280f-3e96-473f-a98b-7fea3a6ff244","swargate-vit","0c2d013a-9422-4c89-905f-4ec287ba2251","6c30c56b-74ce-4c24-a819-98b9ab6387f5","Swargate BRTS Stop","18.4982","73.8588","VIT College","18.4635","73.8682","2026-09-07T02:15:00.000Z","1","1","bike","true","5","Please arrive five minutes early","SCHEDULED","2","12"
"7f608994-54fa-49cd-ad44-ba63a9b8f945","8dc944aa-aca1-45be-a9af-21bd271602d1","katraj-vit","6c30c56b-74ce-4c24-a819-98b9ab6387f5","1bc21bdf-5bcc-4dd4-8140-eac24ae23b69","VIT College","18.4635","73.8682","Kashinath Patil Nagar Stop","18.4745","73.8631","2026-09-08T12:00:00.000Z","4","3","car","false","30","Please arrive five minutes early","SCHEDULED","13","10"
"71ecd16c-73ec-46bc-9ff5-28862574cbe0","4e00ed27-5fe2-4835-b43b-aad7700f4e90","swargate-vit","a80964b4-72f5-43de-ad1a-bdcb9fca796e","6c30c56b-74ce-4c24-a819-98b9ab6387f5","Lower Indira Nagar Stop","18.4718","73.8618","VIT College","18.4635","73.8682","2026-09-09T02:15:00.000Z","1","1","scooty","true","17","Please arrive five minutes early","COMPLETED","8","12"
"6987b167-7709-46d8-b12b-b7ee6d98235b","8d1d180b-18bc-4087-9270-19ce1583e574","katraj-vit","6c30c56b-74ce-4c24-a819-98b9ab6387f5","a80964b4-72f5-43de-ad1a-bdcb9fca796e","VIT College","18.4635","73.8682","Lower Indira Nagar Stop","18.4718","73.8618","2026-09-10T12:00:00.000Z","1","0","scooty","true","24","Pickup near the hub","COMPLETED","13","9"
"02364f96-9af8-47cb-83df-f07d5045526f","5f049c18-2f70-4261-b271-889d9956d23d","swargate-vit","a80964b4-72f5-43de-ad1a-bdcb9fca796e","6c30c56b-74ce-4c24-a819-98b9ab6387f5","Lower Indira Nagar Stop","18.4718","73.8618","VIT College","18.4635","73.8682","2026-09-11T02:15:00.000Z","1","0","scooty","true","21","Please arrive five minutes early","SCHEDULED","8","12"
"7a356257-b76e-4261-a3ee-d3a7d1782078","9e5cb7c9-7ef5-48c4-9a63-9e419dbc1b10","katraj-vit","6c30c56b-74ce-4c24-a819-98b9ab6387f5","11cd5543-db39-4321-9f12-008b367d2ce1","VIT College","18.4635","73.8682","Upper Indira Nagar Bus Depot","18.4682","73.8623","2026-09-12T12:00:00.000Z","4","1","car","false","21","","COMPLETED","13","11"
"f266d8db-f4f8-493b-9dc6-a27deba9e0eb","18da61b6-4b5b-4090-ae04-48fad27b6a3d","swargate-vit","570167fe-7324-46a2-9cf4-fbea6048e8be","6c30c56b-74ce-4c24-a819-98b9ab6387f5","City Pride BRTS","18.4845","73.8583","VIT College","18.4635","73.8682","2026-09-13T02:15:00.000Z","1","0","bike","true","10","Morning campus commute","COMPLETED","5","12"
"58d3c330-aa1f-4a79-92e6-38a7f94481f8","cb3f3ef2-5ef7-449a-8f63-2d283dcb08cf","katraj-vit","6c30c56b-74ce-4c24-a819-98b9ab6387f5","1bc21bdf-5bcc-4dd4-8140-eac24ae23b69","VIT College","18.4635","73.8682","Kashinath Patil Nagar Stop","18.4745","73.8631","2026-09-14T12:00:00.000Z","1","0","bike","true","29","Pickup near the hub","COMPLETED","13","10"
"60c4d276-ee79-4edf-bcdd-fdc356d37b8f","69158428-13ec-44bc-be1b-661be60211b1","swargate-vit","11cd5543-db39-4321-9f12-008b367d2ce1","6c30c56b-74ce-4c24-a819-98b9ab6387f5","Upper Indira Nagar Bus Depot","18.4682","73.8623","VIT College","18.4635","73.8682","2026-09-15T02:15:00.000Z","1","0","scooty","false","12","Morning campus commute","COMPLETED","10","12"
"f4c827fd-4aaa-4675-9e5a-07fcfe74bca1","85802130-aece-4a5c-b091-be9de76fa62e","katraj-vit","6c30c56b-74ce-4c24-a819-98b9ab6387f5","af5c22fe-11db-4392-b90e-85f946c0a37b","VIT College","18.4635","73.8682","KK Market BRTS","18.4683","73.8579","2026-09-16T12:00:00.000Z","1","0","scooty","true","29","Pickup near the hub","SCHEDULED","13","5"
"46fe3db0-a3ea-47af-b853-382e4b9795c6","a8d214fd-de07-4ea1-bae5-557d146f9b27","swargate-vit","570167fe-7324-46a2-9cf4-fbea6048e8be","6c30c56b-74ce-4c24-a819-98b9ab6387f5","City Pride BRTS","18.4845","73.8583","VIT College","18.4635","73.8682","2026-09-17T02:15:00.000Z","4","3","car","false","65","Morning campus commute","CANCELLED","5","12"
"06c84b3c-865a-458d-b963-35b8b8e145b7","f6c03d6c-620f-48f6-af10-83f362b1c35a","katraj-vit","6c30c56b-74ce-4c24-a819-98b9ab6387f5","af5c22fe-11db-4392-b90e-85f946c0a37b","VIT College","18.4635","73.8682","KK Market BRTS","18.4683","73.8579","2026-09-18T12:00:00.000Z","1","0","bike","true","12","Morning campus commute","COMPLETED","13","5"
"b56f8db3-a5ea-4a98-8fd2-6eae9e7c7a64","8e8cd61b-b7bc-4aca-9fce-e812388f43cc","swargate-vit","1bc21bdf-5bcc-4dd4-8140-eac24ae23b69","6c30c56b-74ce-4c24-a819-98b9ab6387f5","Kashinath Patil Nagar Stop","18.4745","73.8631","VIT College","18.4635","73.8682","2026-09-19T02:15:00.000Z","1","1","bike","true","21","Please arrive five minutes early","COMPLETED","9","12"
"140474d4-92ac-41bc-ae19-6fb4cc891c2f","5b1a8339-482f-4cfd-adca-c91175dce9e8","katraj-vit","6c30c56b-74ce-4c24-a819-98b9ab6387f5","a80964b4-72f5-43de-ad1a-bdcb9fca796e","VIT College","18.4635","73.8682","Lower Indira Nagar Stop","18.4718","73.8618","2026-09-20T12:00:00.000Z","1","1","scooty","true","20","Pickup near the hub","CANCELLED","13","9"
"80791095-ce9c-4a9e-8e12-08e482c12297","b407e420-bc95-44d7-9048-179efe644dba","swargate-vit","1bc21bdf-5bcc-4dd4-8140-eac24ae23b69","6c30c56b-74ce-4c24-a819-98b9ab6387f5","Kashinath Patil Nagar Stop","18.4745","73.8631","VIT College","18.4635","73.8682","2026-09-21T02:15:00.000Z","1","0","scooty","true","16","","SCHEDULED","9","12"
"9157f9dd-1e77-4590-9528-19f14d6dee73","17be73c9-0769-4965-981b-a5457dd33ba5","katraj-vit","6c30c56b-74ce-4c24-a819-98b9ab6387f5","af5c22fe-11db-4392-b90e-85f946c0a37b","VIT College","18.4635","73.8682","KK Market BRTS","18.4683","73.8579","2026-09-22T12:00:00.000Z","4","2","car","false","71","Pickup near the hub","SCHEDULED","13","5"
"5ba5f76c-fa67-48f4-89ed-6861d02e466c","1e8f38cb-b0ae-4701-9268-3c8e55456ef9","swargate-vit","0c2d013a-9422-4c89-905f-4ec287ba2251","6c30c56b-74ce-4c24-a819-98b9ab6387f5","Swargate BRTS Stop","18.4982","73.8588","VIT College","18.4635","73.8682","2026-09-23T02:15:00.000Z","1","0","bike","true","26","Pickup near the hub","SCHEDULED","2","12"
"8180a3b0-aae4-4caf-bdfb-e0995738cee7","fe668d59-83f5-4167-b303-948c22591f60","katraj-vit","6c30c56b-74ce-4c24-a819-98b9ab6387f5","eb0d92a7-38aa-446a-9f38-091814ea3abd","VIT College","18.4635","73.8682","Chintamani Nagar","18.4651","73.864","2026-09-24T12:00:00.000Z","1","0","bike","true","20","Morning campus commute","SCHEDULED","13","12"
"e7c7fac0-f7a5-499b-b364-4d432538e656","72a2f2bb-d751-41f3-8634-e09d45e07917","swargate-vit","1bc21bdf-5bcc-4dd4-8140-eac24ae23b69","6c30c56b-74ce-4c24-a819-98b9ab6387f5","Kashinath Patil Nagar Stop","18.4745","73.8631","VIT College","18.4635","73.8682","2026-09-25T02:15:00.000Z","4","3","car","false","80","Please arrive five minutes early","SCHEDULED","9","12"
"40d408d2-a75b-437a-b0eb-c0763539e0d8","286cf4ab-43ca-4259-b0fc-da25195d0244","katraj-vit","6c30c56b-74ce-4c24-a819-98b9ab6387f5","86597dc2-00ef-475a-8a9a-daf0323897ca","VIT College","18.4635","73.8682","Katraj Terminal","18.4471","73.8562","2026-09-26T12:00:00.000Z","1","0","scooty","true","22","Morning campus commute","SCHEDULED","13","1"
"17bbd8d2-9f98-4560-84a0-cd720c21c507","71828ca0-ebd4-4211-ba24-a16f7159e15d","swargate-vit","19cfadd2-1ff7-4a2f-b5e3-eeb73f44cc28","6c30c56b-74ce-4c24-a819-98b9ab6387f5","Swargate PMPML Main Bus Stand","18.4991","73.8583","VIT College","18.4635","73.8682","2026-09-27T02:15:00.000Z","4","3","car","false","42","","SCHEDULED","1","12"
"b7c5c67f-b349-4ca1-90e1-f85f51629ab9","22cd2c32-c447-4e38-8e94-504aa1dee620","katraj-vit","6c30c56b-74ce-4c24-a819-98b9ab6387f5","a80964b4-72f5-43de-ad1a-bdcb9fca796e","VIT College","18.4635","73.8682","Lower Indira Nagar Stop","18.4718","73.8618","2026-09-28T12:00:00.000Z","1","0","bike","true","14","Pickup near the hub","SCHEDULED","13","9"
"a14352a7-dd09-485a-93f4-cc9ed1f83047","049a400b-5043-4cc0-8f0c-a2000b0bc7c2","swargate-vit","86e290a5-7e39-4f7a-805e-a6154d820f01","6c30c56b-74ce-4c24-a819-98b9ab6387f5","Market Yard Corner","18.4792","73.8581","VIT College","18.4635","73.8682","2026-09-29T02:15:00.000Z","1","0","scooty","true","27","","SCHEDULED","6","12"
"3b3e2f78-4eb4-42f0-bf47-8f5fe96cff72","033a0415-353b-46da-a08f-1e6fb661c073","katraj-vit","6c30c56b-74ce-4c24-a819-98b9ab6387f5","876d2e4d-fad4-4ee2-916c-e5ad147030cf","VIT College","18.4635","73.8682","Katraj Dairy BRTS","18.4508","73.8569","2026-09-30T12:00:00.000Z","4","4","car","false","46","","SCHEDULED","13","2"
"26e698f3-a297-4a6d-831d-1054ef5fbe8e","4eb4654f-b132-4610-b82a-80fd5aa524c0","swargate-vit","86e290a5-7e39-4f7a-805e-a6154d820f01","6c30c56b-74ce-4c24-a819-98b9ab6387f5","Market Yard Corner","18.4792","73.8581","VIT College","18.4635","73.8682","2026-10-01T02:15:00.000Z","1","0","scooty","false","3","","SCHEDULED","6","12"
"721903fb-06fd-4816-8fe4-1410457eef3c","1712b652-bce4-4309-8027-92304c9fed8f","katraj-vit","6c30c56b-74ce-4c24-a819-98b9ab6387f5","a80964b4-72f5-43de-ad1a-bdcb9fca796e","VIT College","18.4635","73.8682","Lower Indira Nagar Stop","18.4718","73.8618","2026-10-02T12:00:00.000Z","1","0","scooty","true","23","","SCHEDULED","13","9"
"a2135296-612a-4c7e-b11d-c34a3d788adb","8574ead2-c80a-462a-8ad9-5f880cff1bd5","swargate-vit","eb0d92a7-38aa-446a-9f38-091814ea3abd","6c30c56b-74ce-4c24-a819-98b9ab6387f5","Chintamani Nagar","18.4651","73.864","VIT College","18.4635","73.8682","2026-10-03T02:15:00.000Z","1","0","bike","true","11","Please arrive five minutes early","SCHEDULED","11","12"
"d82fb1b7-633b-492e-a897-fb6a329c723f","52467296-cc1a-4959-869c-83e18fa9c89e","katraj-vit","6c30c56b-74ce-4c24-a819-98b9ab6387f5","86e290a5-7e39-4f7a-805e-a6154d820f01","VIT College","18.4635","73.8682","Market Yard Corner","18.4792","73.8581","2026-10-04T12:00:00.000Z","2","0","car","false","47","Please arrive five minutes early","SCHEDULED","13","7"
"d496eed9-0f73-4a18-b29c-43436e627d88","8a8524b8-3506-433a-9249-833aa24fb089","swargate-vit","3221d156-13e7-4834-84ce-848f49b87be2","6c30c56b-74ce-4c24-a819-98b9ab6387f5","Bibwewadi Bus Stop","18.4792","73.8615","VIT College","18.4635","73.8682","2026-10-05T02:15:00.000Z","3","2","car","false","51","Morning campus commute","SCHEDULED","7","12"
"608a1b41-f4f4-4ffa-b129-e9c87a3b0578","8ea08f3a-4be1-4f97-9251-d633e633dc41","katraj-vit","6c30c56b-74ce-4c24-a819-98b9ab6387f5","ebb92112-ef31-4ebe-a259-4e999c52f0fd","VIT College","18.4635","73.8682","Bharati Vidyapeeth","18.456","73.8574","2026-10-06T12:00:00.000Z","3","2","car","false","38","Pickup near the hub","SCHEDULED","13","3"
"a3d7f628-948b-4ed8-b220-4933b8bc251d","09fad991-eb28-483c-a92f-412d005f86e1","swargate-vit","a80964b4-72f5-43de-ad1a-bdcb9fca796e","6c30c56b-74ce-4c24-a819-98b9ab6387f5","Lower Indira Nagar Stop","18.4718","73.8618","VIT College","18.4635","73.8682","2026-10-07T02:15:00.000Z","1","1","bike","true","24","Please arrive five minutes early","SCHEDULED","8","12"
"9105cdb4-1781-44d8-8505-ddf60de543ff","4ca5fb96-60cc-461f-9950-c00386ae3d0d","katraj-vit","6c30c56b-74ce-4c24-a819-98b9ab6387f5","86597dc2-00ef-475a-8a9a-daf0323897ca","VIT College","18.4635","73.8682","Katraj Terminal","18.4471","73.8562","2026-10-08T12:00:00.000Z","1","0","bike","true","3","Please arrive five minutes early","SCHEDULED","13","1"
"38b44d57-b7d1-4977-b3a5-8c22e66d679a","22829531-9959-4ca6-a928-9f36eb4703e1","swargate-vit","19cfadd2-1ff7-4a2f-b5e3-eeb73f44cc28","6c30c56b-74ce-4c24-a819-98b9ab6387f5","Swargate PMPML Main Bus Stand","18.4991","73.8583","VIT College","18.4635","73.8682","2026-10-09T02:15:00.000Z","2","1","car","false","55","Morning campus commute","SCHEDULED","1","12"
"233e3fe2-c2d8-4e69-b6e1-8863bf84ea51","97e2c868-d328-4e04-a87f-cdd9bf32f321","katraj-vit","6c30c56b-74ce-4c24-a819-98b9ab6387f5","1bc21bdf-5bcc-4dd4-8140-eac24ae23b69","VIT College","18.4635","73.8682","Kashinath Patil Nagar Stop","18.4745","73.8631","2026-10-10T12:00:00.000Z","1","0","scooty","true","26","","SCHEDULED","13","10"
"ce558404-d67a-4366-8a39-c7d343a60edb","53476aa4-9daa-46aa-9332-69d4a4566a3d","swargate-vit","0c2d013a-9422-4c89-905f-4ec287ba2251","6c30c56b-74ce-4c24-a819-98b9ab6387f5","Swargate BRTS Stop","18.4982","73.8588","VIT College","18.4635","73.8682","2026-10-11T02:15:00.000Z","1","1","bike","true","24","","SCHEDULED","2","12"
"64248799-ea70-49df-9f1b-105a25fe31be","86105958-87be-4dcd-b670-bf501ca8dcdd","katraj-vit","6c30c56b-74ce-4c24-a819-98b9ab6387f5","af5c22fe-11db-4392-b90e-85f946c0a37b","VIT College","18.4635","73.8682","KK Market BRTS","18.4683","73.8579","2026-10-12T12:00:00.000Z","3","1","car","false","25","Morning campus commute","SCHEDULED","13","5"
"7b87c305-59f3-4fd8-a861-c8ab5ded409e","d318afa9-113f-46e4-bd9a-1ae0cbe4cec9","swargate-vit","19cfadd2-1ff7-4a2f-b5e3-eeb73f44cc28","6c30c56b-74ce-4c24-a819-98b9ab6387f5","Swargate PMPML Main Bus Stand","18.4991","73.8583","VIT College","18.4635","73.8682","2026-10-13T02:15:00.000Z","3","2","car","false","47","Please arrive five minutes early","SCHEDULED","1","12"
"746b8ee1-8873-421c-baa5-10176fa1cfb9","47cbbcf7-3a62-4033-9a9b-5d2ebe48617b","katraj-vit","6c30c56b-74ce-4c24-a819-98b9ab6387f5","a80964b4-72f5-43de-ad1a-bdcb9fca796e","VIT College","18.4635","73.8682","Lower Indira Nagar Stop","18.4718","73.8618","2026-10-14T12:00:00.000Z","1","0","scooty","true","2","","SCHEDULED","13","9"
"06663373-1e24-4ffb-ba01-aa810fb5c054","f6bd0cb8-14b6-4983-84a7-6090b75c1bf2","swargate-vit","11cd5543-db39-4321-9f12-008b367d2ce1","6c30c56b-74ce-4c24-a819-98b9ab6387f5","Upper Indira Nagar Bus Depot","18.4682","73.8623","VIT College","18.4635","73.8682","2026-10-15T02:15:00.000Z","1","0","scooty","true","17","Morning campus commute","SCHEDULED","10","12"
"6fa49c8f-921a-4914-a10d-b105a8f2ea6f","81e5312b-7123-490f-977b-7f79504efcd6","katraj-vit","6c30c56b-74ce-4c24-a819-98b9ab6387f5","11cd5543-db39-4321-9f12-008b367d2ce1","VIT College","18.4635","73.8682","Upper Indira Nagar Bus Depot","18.4682","73.8623","2026-10-16T12:00:00.000Z","1","0","scooty","true","16","","SCHEDULED","13","11"
"2647b6a0-2031-43c0-906c-792292a85840","6dbaac16-eca9-4619-9461-cf1f791691ff","swargate-vit","570167fe-7324-46a2-9cf4-fbea6048e8be","6c30c56b-74ce-4c24-a819-98b9ab6387f5","City Pride BRTS","18.4845","73.8583","VIT College","18.4635","73.8682","2026-10-17T02:15:00.000Z","1","0","scooty","true","24","","SCHEDULED","5","12"
"15c43573-9026-4514-96b2-386aa2b78dd8","219ae89a-62d9-41de-a1e7-1597cd661ca8","katraj-vit","6c30c56b-74ce-4c24-a819-98b9ab6387f5","0ad9adea-2c75-4d2a-86ae-34dcc0727788","VIT College","18.4635","73.8682","Shankar Maharaj Math","18.4735","73.8579","2026-10-18T12:00:00.000Z","3","1","car","false","62","Please arrive five minutes early","SCHEDULED","13","6"
"3e53cd37-6ad0-48fa-bfdb-fe5ff1db5eec","6f3fcde3-7927-4673-8e83-5d19997e04eb","swargate-vit","0095597e-ebd1-4f83-a6c0-a8e94be6a92b","6c30c56b-74ce-4c24-a819-98b9ab6387f5","Laxmi Narayan Theatre","18.4965","73.8584","VIT College","18.4635","73.8682","2026-10-19T02:15:00.000Z","1","1","scooty","true","22","","SCHEDULED","3","12"
"8c3f9541-cd27-4e9e-9080-5d388e3dacd8","2bba79b1-7549-484e-89e1-bf3b93c66b88","katraj-vit","6c30c56b-74ce-4c24-a819-98b9ab6387f5","af5c22fe-11db-4392-b90e-85f946c0a37b","VIT College","18.4635","73.8682","KK Market BRTS","18.4683","73.8579","2026-10-20T12:00:00.000Z","2","1","car","false","32","Morning campus commute","SCHEDULED","13","5"
"f82a46bb-988d-4b31-ab14-17e83991a52b","ab1c3a5c-50fe-4a26-b80d-4cd36938d001","swargate-vit","1bc21bdf-5bcc-4dd4-8140-eac24ae23b69","6c30c56b-74ce-4c24-a819-98b9ab6387f5","Kashinath Patil Nagar Stop","18.4745","73.8631","VIT College","18.4635","73.8682","2026-10-21T02:15:00.000Z","1","0","scooty","true","17","","SCHEDULED","9","12"
"5d8e823c-adde-43a3-b70a-4a96ebf53f8d","89d25526-5e75-4c71-a504-7c0e208f52ae","katraj-vit","6c30c56b-74ce-4c24-a819-98b9ab6387f5","ebb92112-ef31-4ebe-a259-4e999c52f0fd","VIT College","18.4635","73.8682","Bharati Vidyapeeth","18.456","73.8574","2026-10-22T12:00:00.000Z","1","0","bike","true","25","","SCHEDULED","13","3"
"8e33a30a-a606-40e3-b90d-d88a9a9afca9","e57ff715-25a1-426c-97cf-87015c1bf680","swargate-vit","0c2d013a-9422-4c89-905f-4ec287ba2251","6c30c56b-74ce-4c24-a819-98b9ab6387f5","Swargate BRTS Stop","18.4982","73.8588","VIT College","18.4635","73.8682","2026-10-23T02:15:00.000Z","1","0","bike","true","11","Pickup near the hub","SCHEDULED","2","12"
"5016b04d-54b7-4df8-9aea-d96dc510bda5","a0c0f44b-0991-4b2f-8eac-5c0f929d5d9a","katraj-vit","6c30c56b-74ce-4c24-a819-98b9ab6387f5","11cd5543-db39-4321-9f12-008b367d2ce1","VIT College","18.4635","73.8682","Upper Indira Nagar Bus Depot","18.4682","73.8623","2026-10-24T12:00:00.000Z","1","0","scooty","true","26","","SCHEDULED","13","11"
"345a6260-5564-4211-b0ce-12b0b4a4d09c","97169492-6066-4681-a1f9-9a132e78bbd1","swargate-vit","1bc21bdf-5bcc-4dd4-8140-eac24ae23b69","6c30c56b-74ce-4c24-a819-98b9ab6387f5","Kashinath Patil Nagar Stop","18.4745","73.8631","VIT College","18.4635","73.8682","2026-10-25T02:15:00.000Z","1","0","bike","true","0","Pickup near the hub","SCHEDULED","9","12"
"e0cfee26-22ca-46fd-9681-a98cb9b7694a","3934e51d-f7fc-439d-a64b-1e11c068f9b5","katraj-vit","6c30c56b-74ce-4c24-a819-98b9ab6387f5","86e290a5-7e39-4f7a-805e-a6154d820f01","VIT College","18.4635","73.8682","Market Yard Corner","18.4792","73.8581","2026-10-26T12:00:00.000Z","4","2","car","false","54","","SCHEDULED","13","7"
"2b96b839-ef3d-4b88-898d-96ad74b9e8d1","29ba1c6f-943a-462e-a307-a6c327c39a57","swargate-vit","3221d156-13e7-4834-84ce-848f49b87be2","6c30c56b-74ce-4c24-a819-98b9ab6387f5","Bibwewadi Bus Stop","18.4792","73.8615","VIT College","18.4635","73.8682","2026-10-27T02:15:00.000Z","1","0","bike","true","12","","SCHEDULED","7","12"
"f58d712b-7078-477a-b43f-fed9d0ed3ccb","abc3a47b-8ad1-4b85-9c68-7d9ca2c6091e","katraj-vit","6c30c56b-74ce-4c24-a819-98b9ab6387f5","86597dc2-00ef-475a-8a9a-daf0323897ca","VIT College","18.4635","73.8682","Katraj Terminal","18.4471","73.8562","2026-10-28T12:00:00.000Z","1","1","bike","true","8","Morning campus commute","SCHEDULED","13","1"
"a2bdc5e3-efbd-4b73-a3ac-deb12dae33eb","0195616c-ec89-4a4d-8990-b9d0d41435fa","swargate-vit","3221d156-13e7-4834-84ce-848f49b87be2","6c30c56b-74ce-4c24-a819-98b9ab6387f5","Bibwewadi Bus Stop","18.4792","73.8615","VIT College","18.4635","73.8682","2026-10-29T02:15:00.000Z","4","2","car","false","77","","SCHEDULED","7","12"
"639b8dab-868e-46c8-9985-2b24c67e426f","4bb40fa4-b428-432e-aca2-1a954ebd5186","katraj-vit","6c30c56b-74ce-4c24-a819-98b9ab6387f5","86e290a5-7e39-4f7a-805e-a6154d820f01","VIT College","18.4635","73.8682","Market Yard Corner","18.4792","73.8581","2026-10-30T12:00:00.000Z","1","0","scooty","false","28","","SCHEDULED","13","7"
"d5d03f89-3122-4eef-93db-48240a7c078c","96f0bff7-4a51-45fe-924a-7fd40bd96af0","swargate-vit","570167fe-7324-46a2-9cf4-fbea6048e8be","6c30c56b-74ce-4c24-a819-98b9ab6387f5","City Pride BRTS","18.4845","73.8583","VIT College","18.4635","73.8682","2026-10-31T02:15:00.000Z","1","0","bike","true","11","","SCHEDULED","5","12"
"80c739c0-028a-4aeb-bb97-4a8b74e9b783","856c5003-10e0-491c-b001-245c65a8fb4b","katraj-vit","6c30c56b-74ce-4c24-a819-98b9ab6387f5","eb0d92a7-38aa-446a-9f38-091814ea3abd","VIT College","18.4635","73.8682","Chintamani Nagar","18.4651","73.864","2026-11-01T12:00:00.000Z","1","0","scooty","true","16","Morning campus commute","SCHEDULED","13","12"
"4278af89-7ca1-422c-b386-0688986e3bc7","dbffce9e-93ca-460b-a2e6-fec327ae8a6e","swargate-vit","86e290a5-7e39-4f7a-805e-a6154d820f01","6c30c56b-74ce-4c24-a819-98b9ab6387f5","Market Yard Corner","18.4792","73.8581","VIT College","18.4635","73.8682","2026-11-02T02:15:00.000Z","4","4","car","false","65","","SCHEDULED","6","12"
"17fa5741-b7f9-4a82-b0d6-00329164d053","20bdc7ae-7082-421e-b675-6c4002d0295b","katraj-vit","6c30c56b-74ce-4c24-a819-98b9ab6387f5","ebb92112-ef31-4ebe-a259-4e999c52f0fd","VIT College","18.4635","73.8682","Bharati Vidyapeeth","18.456","73.8574","2026-11-03T12:00:00.000Z","1","1","scooty","true","18","Please arrive five minutes early","SCHEDULED","13","3"
"c0ef7bdf-89cb-4b88-a736-93e509b4d96c","a4e13249-216e-49cd-8abf-6f5bd9c3fe4c","swargate-vit","0095597e-ebd1-4f83-a6c0-a8e94be6a92b","6c30c56b-74ce-4c24-a819-98b9ab6387f5","Laxmi Narayan Theatre","18.4965","73.8584","VIT College","18.4635","73.8682","2026-11-04T02:15:00.000Z","1","0","bike","true","2","Pickup near the hub","SCHEDULED","3","12"
"62e27b61-872d-44c5-8c1c-cbb7242572e6","1137a11d-2e66-45ed-b840-8d12e6722bfa","katraj-vit","6c30c56b-74ce-4c24-a819-98b9ab6387f5","fea32ab3-d832-43d3-a3a0-788e8711526d","VIT College","18.4635","73.8682","Balaji Nagar BRTS","18.4628","73.8577","2026-11-05T12:00:00.000Z","1","0","scooty","false","18","","SCHEDULED","13","4"
"a430118d-8cb5-4b44-85cd-cdf9977b103b","d3b6bef4-14dc-43ee-b1ea-5df640bff3ea","swargate-vit","19cfadd2-1ff7-4a2f-b5e3-eeb73f44cc28","6c30c56b-74ce-4c24-a819-98b9ab6387f5","Swargate PMPML Main Bus Stand","18.4991","73.8583","VIT College","18.4635","73.8682","2026-08-08T02:15:00.000Z","1","1","scooty","true","22","Please arrive five minutes early","CANCELLED","1","12"
"fda53875-8de3-4343-95dc-4bd627b41573","a78892d9-93b0-4a78-9a2f-2fad3db5becb","katraj-vit","6c30c56b-74ce-4c24-a819-98b9ab6387f5","876d2e4d-fad4-4ee2-916c-e5ad147030cf","VIT College","18.4635","73.8682","Katraj Dairy BRTS","18.4508","73.8569","2026-08-09T12:00:00.000Z","4","3","car","false","63","Please arrive five minutes early","SCHEDULED","13","2"
"5c55ad94-091b-4dbe-a90e-a6c42aec12c8","613365a0-56e0-41a2-a7c9-48b35ec746a1","swargate-vit","1bc21bdf-5bcc-4dd4-8140-eac24ae23b69","6c30c56b-74ce-4c24-a819-98b9ab6387f5","Kashinath Patil Nagar Stop","18.4745","73.8631","VIT College","18.4635","73.8682","2026-08-10T02:15:00.000Z","1","0","bike","false","24","Pickup near the hub","COMPLETED","9","12"
"9ddfc12d-47f7-4408-abc6-123d3cbebe36","6767d864-c164-421c-8b90-0f29abc5af41","katraj-vit","6c30c56b-74ce-4c24-a819-98b9ab6387f5","1bc21bdf-5bcc-4dd4-8140-eac24ae23b69","VIT College","18.4635","73.8682","Kashinath Patil Nagar Stop","18.4745","73.8631","2026-08-11T12:00:00.000Z","3","1","car","false","33","Please arrive five minutes early","SCHEDULED","13","10"
"08c3a1d6-e243-4a53-b251-a83bde67a85b","62390621-3521-47ba-869a-f822874bb453","swargate-vit","0095597e-ebd1-4f83-a6c0-a8e94be6a92b","6c30c56b-74ce-4c24-a819-98b9ab6387f5","Laxmi Narayan Theatre","18.4965","73.8584","VIT College","18.4635","73.8682","2026-08-12T02:15:00.000Z","1","0","scooty","true","10","Morning campus commute","CANCELLED","3","12"
"c5fe6c7b-15ea-41e0-833c-774eb1cb567a","9449171f-669b-4ae3-8a11-85c2698005b4","katraj-vit","6c30c56b-74ce-4c24-a819-98b9ab6387f5","3221d156-13e7-4834-84ce-848f49b87be2","VIT College","18.4635","73.8682","Bibwewadi Bus Stop","18.4792","73.8615","2026-08-13T12:00:00.000Z","1","0","scooty","true","27","Please arrive five minutes early","COMPLETED","13","8"
"3730edf5-ca9b-413a-95bb-067c438692c2","8005e16b-eaf8-45be-b4d8-a5fcd5431201","swargate-vit","1bc21bdf-5bcc-4dd4-8140-eac24ae23b69","6c30c56b-74ce-4c24-a819-98b9ab6387f5","Kashinath Patil Nagar Stop","18.4745","73.8631","VIT College","18.4635","73.8682","2026-08-14T02:15:00.000Z","1","1","bike","true","21","","SCHEDULED","9","12"
"f117153d-b75c-47d1-947e-f27607f3057a","e0bd240d-0573-4a8a-830a-c46264dbd855","katraj-vit","6c30c56b-74ce-4c24-a819-98b9ab6387f5","86e290a5-7e39-4f7a-805e-a6154d820f01","VIT College","18.4635","73.8682","Market Yard Corner","18.4792","73.8581","2026-08-15T12:00:00.000Z","1","0","bike","true","19","","COMPLETED","13","7"
"911a32ff-755c-43b4-922c-c51c050bf8e0","f256e949-f4e4-4ba3-8ea9-d6a3d0ba8526","swargate-vit","19cfadd2-1ff7-4a2f-b5e3-eeb73f44cc28","6c30c56b-74ce-4c24-a819-98b9ab6387f5","Swargate PMPML Main Bus Stand","18.4991","73.8583","VIT College","18.4635","73.8682","2026-08-16T02:15:00.000Z","2","0","car","false","24","Pickup near the hub","COMPLETED","1","12"
"cc98cbb9-08a3-45c7-b8a5-e280f4b53054","ce3592dc-d951-4134-a2cd-52dbc233a3f4","katraj-vit","6c30c56b-74ce-4c24-a819-98b9ab6387f5","af5c22fe-11db-4392-b90e-85f946c0a37b","VIT College","18.4635","73.8682","KK Market BRTS","18.4683","73.8579","2026-08-17T12:00:00.000Z","1","0","scooty","true","0","Please arrive five minutes early","CANCELLED","13","5"
"1aa98afc-f3ae-4d22-84ab-8cf9d8b0ba8c","b8ece9b4-d515-405a-952d-1ccdc242c410","swargate-vit","596f6d76-b8c5-4cf2-9058-1a1a334d424d","6c30c56b-74ce-4c24-a819-98b9ab6387f5","Panchami BRTS","18.4902","73.8586","VIT College","18.4635","73.8682","2026-08-18T02:15:00.000Z","4","4","car","false","59","Please arrive five minutes early","COMPLETED","4","12"
"d965a0a0-ff46-45b2-8e29-70e0218009fd","08eb06b4-7805-4b0c-998b-d919358e8b0f","katraj-vit","6c30c56b-74ce-4c24-a819-98b9ab6387f5","86e290a5-7e39-4f7a-805e-a6154d820f01","VIT College","18.4635","73.8682","Market Yard Corner","18.4792","73.8581","2026-08-19T12:00:00.000Z","1","0","scooty","true","4","","COMPLETED","13","7"
"7587378b-5f55-48cb-b882-7cfb86c63877","7b50af0a-e87a-4600-b547-06ff9da50ada","swargate-vit","11cd5543-db39-4321-9f12-008b367d2ce1","6c30c56b-74ce-4c24-a819-98b9ab6387f5","Upper Indira Nagar Bus Depot","18.4682","73.8623","VIT College","18.4635","73.8682","2026-08-20T02:15:00.000Z","1","0","scooty","false","3","Pickup near the hub","COMPLETED","10","12"
"dba407b5-fbba-4861-9f88-6ba37756fbdf","0b95ee62-3f26-4837-bdb3-8120bae0deda","katraj-vit","6c30c56b-74ce-4c24-a819-98b9ab6387f5","11cd5543-db39-4321-9f12-008b367d2ce1","VIT College","18.4635","73.8682","Upper Indira Nagar Bus Depot","18.4682","73.8623","2026-08-21T12:00:00.000Z","1","0","bike","true","14","Morning campus commute","SCHEDULED","13","11"
"6190e8cb-ea61-4828-b3cf-4b3599c9cc1a","8100f2b8-79e0-4059-be98-ced465000a2e","swargate-vit","11cd5543-db39-4321-9f12-008b367d2ce1","6c30c56b-74ce-4c24-a819-98b9ab6387f5","Upper Indira Nagar Bus Depot","18.4682","73.8623","VIT College","18.4635","73.8682","2026-08-22T02:15:00.000Z","1","0","bike","true","7","Pickup near the hub","COMPLETED","10","12"
"2064366f-bdb4-4956-a2de-33b98bfbf9dc","a85fce63-b4a4-4d71-9d87-2fb5e4653681","katraj-vit","6c30c56b-74ce-4c24-a819-98b9ab6387f5","3221d156-13e7-4834-84ce-848f49b87be2","VIT College","18.4635","73.8682","Bibwewadi Bus Stop","18.4792","73.8615","2026-08-23T12:00:00.000Z","1","0","bike","true","17","Pickup near the hub","COMPLETED","13","8"
"d1875620-c234-42fa-959e-3c604b96cdcc","a6724b4c-1f36-4019-9072-772bbdeeca30","swargate-vit","1bc21bdf-5bcc-4dd4-8140-eac24ae23b69","6c30c56b-74ce-4c24-a819-98b9ab6387f5","Kashinath Patil Nagar Stop","18.4745","73.8631","VIT College","18.4635","73.8682","2026-08-24T02:15:00.000Z","4","2","car","false","59","Please arrive five minutes early","CANCELLED","9","12"
"a1630283-894c-4a39-856e-c89470bedb88","e443e68b-7cb4-4260-8ec6-64c485de79d5","katraj-vit","6c30c56b-74ce-4c24-a819-98b9ab6387f5","0ad9adea-2c75-4d2a-86ae-34dcc0727788","VIT College","18.4635","73.8682","Shankar Maharaj Math","18.4735","73.8579","2026-08-25T12:00:00.000Z","4","2","car","false","49","","COMPLETED","13","6"
"3c8643cd-cd89-40ef-89a0-a73f4387d15c","697c28b3-7690-4ffd-bfa8-c30e27f63214","swargate-vit","0c2d013a-9422-4c89-905f-4ec287ba2251","6c30c56b-74ce-4c24-a819-98b9ab6387f5","Swargate BRTS Stop","18.4982","73.8588","VIT College","18.4635","73.8682","2026-08-26T02:15:00.000Z","1","0","bike","true","8","","COMPLETED","2","12"
"ccff349f-403c-4b6c-9e06-9c56b1f665f4","49e5dc79-ab6d-4188-9d10-62c1b84c7f5c","katraj-vit","6c30c56b-74ce-4c24-a819-98b9ab6387f5","11cd5543-db39-4321-9f12-008b367d2ce1","VIT College","18.4635","73.8682","Upper Indira Nagar Bus Depot","18.4682","73.8623","2026-08-27T12:00:00.000Z","1","1","scooty","true","14","Please arrive five minutes early","CANCELLED","13","11"
"1b5a74ec-7181-4008-adee-2fea688239c4","c2483f77-a251-4434-8d94-6a2c53e2d38e","swargate-vit","1bc21bdf-5bcc-4dd4-8140-eac24ae23b69","6c30c56b-74ce-4c24-a819-98b9ab6387f5","Kashinath Patil Nagar Stop","18.4745","73.8631","VIT College","18.4635","73.8682","2026-08-28T02:15:00.000Z","1","1","scooty","false","27","","COMPLETED","9","12"
"b65a297f-80ed-487e-8d43-fb5cbc1de73c","b2f0c20b-d66e-41c9-b60f-6562ae71b956","katraj-vit","6c30c56b-74ce-4c24-a819-98b9ab6387f5","3221d156-13e7-4834-84ce-848f49b87be2","VIT College","18.4635","73.8682","Bibwewadi Bus Stop","18.4792","73.8615","2026-08-29T12:00:00.000Z","1","0","bike","false","14","","COMPLETED","13","8"
"5c388faa-23cb-4c2b-9581-221eb4d2f9db","fc8036f4-d3bf-49ee-baff-431b84d612ea","swargate-vit","11cd5543-db39-4321-9f12-008b367d2ce1","6c30c56b-74ce-4c24-a819-98b9ab6387f5","Upper Indira Nagar Bus Depot","18.4682","73.8623","VIT College","18.4635","73.8682","2026-08-30T02:15:00.000Z","1","0","bike","true","28","Morning campus commute","COMPLETED","10","12"
"5663e112-eabf-49eb-ab35-ec5082302f65","2d02ada0-aefc-4d76-9f2f-c57bee3201ac","katraj-vit","6c30c56b-74ce-4c24-a819-98b9ab6387f5","eb0d92a7-38aa-446a-9f38-091814ea3abd","VIT College","18.4635","73.8682","Chintamani Nagar","18.4651","73.864","2026-08-31T12:00:00.000Z","1","0","scooty","true","25","Pickup near the hub","COMPLETED","13","12"
"6c883375-f532-4a65-9710-278143c39f97","ed6b366d-9f31-4216-84e6-747030d98fda","swargate-vit","11cd5543-db39-4321-9f12-008b367d2ce1","6c30c56b-74ce-4c24-a819-98b9ab6387f5","Upper Indira Nagar Bus Depot","18.4682","73.8623","VIT College","18.4635","73.8682","2026-09-01T02:15:00.000Z","1","0","scooty","true","5","","COMPLETED","10","12"
"826db2db-593b-4193-a5ef-2c473e13d1f5","1f726f94-16aa-417d-8d05-1b3dd96d0827","katraj-vit","6c30c56b-74ce-4c24-a819-98b9ab6387f5","1bc21bdf-5bcc-4dd4-8140-eac24ae23b69","VIT College","18.4635","73.8682","Kashinath Patil Nagar Stop","18.4745","73.8631","2026-09-02T12:00:00.000Z","4","3","car","false","77","Please arrive five minutes early","COMPLETED","13","10"
"ad795069-7baf-4a04-a5f9-628dd6a9fa79","b9d9e60d-de32-4732-8eb8-480e0e81bcbf","swargate-vit","570167fe-7324-46a2-9cf4-fbea6048e8be","6c30c56b-74ce-4c24-a819-98b9ab6387f5","City Pride BRTS","18.4845","73.8583","VIT College","18.4635","73.8682","2026-09-03T02:15:00.000Z","1","0","bike","true","12","Please arrive five minutes early","COMPLETED","5","12"
"5a627008-6213-4d82-a416-c3848627168a","442efbff-6f39-436d-bf7a-2cbb6404a6ed","katraj-vit","6c30c56b-74ce-4c24-a819-98b9ab6387f5","11cd5543-db39-4321-9f12-008b367d2ce1","VIT College","18.4635","73.8682","Upper Indira Nagar Bus Depot","18.4682","73.8623","2026-09-04T12:00:00.000Z","1","0","scooty","true","27","Morning campus commute","COMPLETED","13","11"
"cb0261b9-ca17-42fa-aa13-259055b48769","afabde80-8412-4536-8a7d-443441b6329d","swargate-vit","a80964b4-72f5-43de-ad1a-bdcb9fca796e","6c30c56b-74ce-4c24-a819-98b9ab6387f5","Lower Indira Nagar Stop","18.4718","73.8618","VIT College","18.4635","73.8682","2026-09-05T02:15:00.000Z","1","0","bike","true","20","Morning campus commute","CANCELLED","8","12"
"606a433e-0f40-4d84-ad55-6406defd9620","6c3f7adf-4f2a-4914-ba78-8b1548f14a1a","katraj-vit","6c30c56b-74ce-4c24-a819-98b9ab6387f5","fea32ab3-d832-43d3-a3a0-788e8711526d","VIT College","18.4635","73.8682","Balaji Nagar BRTS","18.4628","73.8577","2026-09-06T12:00:00.000Z","1","0","bike","true","8","Please arrive five minutes early","COMPLETED","13","4"
"65637234-30d3-41cb-9ace-a4af79b5b756","81dfda4a-3ec9-4eae-a7f1-0692e03bb1d0","swargate-vit","a80964b4-72f5-43de-ad1a-bdcb9fca796e","6c30c56b-74ce-4c24-a819-98b9ab6387f5","Lower Indira Nagar Stop","18.4718","73.8618","VIT College","18.4635","73.8682","2026-09-07T02:15:00.000Z","1","0","bike","true","30","Pickup near the hub","SCHEDULED","8","12"
"b20fb978-9a31-40bf-9dfd-0f828b064938","b049f74f-7dd1-454b-91ad-b27eeaeed095","katraj-vit","6c30c56b-74ce-4c24-a819-98b9ab6387f5","11cd5543-db39-4321-9f12-008b367d2ce1","VIT College","18.4635","73.8682","Upper Indira Nagar Bus Depot","18.4682","73.8623","2026-09-08T12:00:00.000Z","1","0","scooty","true","12","Pickup near the hub","COMPLETED","13","11"
"d235edcd-33ca-481d-8cc6-1dd53cfa02ef","ea3fd43b-e1e5-4d62-a163-dae19fc740bd","swargate-vit","596f6d76-b8c5-4cf2-9058-1a1a334d424d","6c30c56b-74ce-4c24-a819-98b9ab6387f5","Panchami BRTS","18.4902","73.8586","VIT College","18.4635","73.8682","2026-09-09T02:15:00.000Z","1","0","bike","true","1","Pickup near the hub","SCHEDULED","4","12"
"a725442f-24b5-4f29-891d-13311ca8d1d8","15d12fa2-5285-4e19-a290-344ead002d9f","katraj-vit","6c30c56b-74ce-4c24-a819-98b9ab6387f5","fea32ab3-d832-43d3-a3a0-788e8711526d","VIT College","18.4635","73.8682","Balaji Nagar BRTS","18.4628","73.8577","2026-09-10T12:00:00.000Z","3","0","car","false","43","Please arrive five minutes early","COMPLETED","13","4"
"c98fdecc-4a7d-4a8c-8b10-ffec818c340b","687e3195-2599-427f-a4e3-990ead4c2985","swargate-vit","570167fe-7324-46a2-9cf4-fbea6048e8be","6c30c56b-74ce-4c24-a819-98b9ab6387f5","City Pride BRTS","18.4845","73.8583","VIT College","18.4635","73.8682","2026-09-11T02:15:00.000Z","4","3","car","false","31","Morning campus commute","COMPLETED","5","12"
"109e4886-aa35-4003-a347-74c1aae4e1a4","e977337e-9b7d-4b79-9851-7a31a276eaf5","katraj-vit","6c30c56b-74ce-4c24-a819-98b9ab6387f5","3221d156-13e7-4834-84ce-848f49b87be2","VIT College","18.4635","73.8682","Bibwewadi Bus Stop","18.4792","73.8615","2026-09-12T12:00:00.000Z","1","0","scooty","true","4","Morning campus commute","COMPLETED","13","8"
"e6938160-cc66-41d1-947e-88a4491a2bf1","7833fb03-c858-4574-92d0-cb72030a18eb","swargate-vit","1bc21bdf-5bcc-4dd4-8140-eac24ae23b69","6c30c56b-74ce-4c24-a819-98b9ab6387f5","Kashinath Patil Nagar Stop","18.4745","73.8631","VIT College","18.4635","73.8682","2026-09-13T02:15:00.000Z","1","1","scooty","false","25","Please arrive five minutes early","COMPLETED","9","12"
"f1f60433-ebf5-471d-8e6e-71e21191073c","71cd4f7b-3e01-44d7-9657-d28c4544f992","katraj-vit","6c30c56b-74ce-4c24-a819-98b9ab6387f5","fea32ab3-d832-43d3-a3a0-788e8711526d","VIT College","18.4635","73.8682","Balaji Nagar BRTS","18.4628","73.8577","2026-09-14T12:00:00.000Z","1","0","bike","true","7","Please arrive five minutes early","CANCELLED","13","4"
"a3bee6ea-b2d0-41a3-91c0-6ba053669cc1","bfe5c77b-945d-47a5-81f7-7ae8e1ff5d5b","swargate-vit","3221d156-13e7-4834-84ce-848f49b87be2","6c30c56b-74ce-4c24-a819-98b9ab6387f5","Bibwewadi Bus Stop","18.4792","73.8615","VIT College","18.4635","73.8682","2026-09-15T02:15:00.000Z","1","0","scooty","true","12","Morning campus commute","COMPLETED","7","12"
"6da7b5ac-9420-43e8-af06-b77d7cb23a0e","5def974b-b8b4-4ef7-8825-5a50ee6710cd","katraj-vit","6c30c56b-74ce-4c24-a819-98b9ab6387f5","ebb92112-ef31-4ebe-a259-4e999c52f0fd","VIT College","18.4635","73.8682","Bharati Vidyapeeth","18.456","73.8574","2026-09-16T12:00:00.000Z","1","0","scooty","false","22","Morning campus commute","SCHEDULED","13","3"
"b29d5853-3fca-44ba-ac92-f2a4f29d3e99","772a4089-be1c-415b-9115-5af745dcbd7e","swargate-vit","0095597e-ebd1-4f83-a6c0-a8e94be6a92b","6c30c56b-74ce-4c24-a819-98b9ab6387f5","Laxmi Narayan Theatre","18.4965","73.8584","VIT College","18.4635","73.8682","2026-09-17T02:15:00.000Z","1","0","bike","true","23","Morning campus commute","CANCELLED","3","12"
"217449f2-0e98-4a0a-981a-b6bdcea2b520","04bfe73e-1142-4d3f-8bbf-57dbee041dd2","katraj-vit","6c30c56b-74ce-4c24-a819-98b9ab6387f5","af5c22fe-11db-4392-b90e-85f946c0a37b","VIT College","18.4635","73.8682","KK Market BRTS","18.4683","73.8579","2026-09-18T12:00:00.000Z","2","0","car","false","75","Please arrive five minutes early","CANCELLED","13","5"
"db46069d-df86-4207-b715-0059285e73cd","0234ea7e-b8a5-4a4f-8b12-eb48fefff06e","swargate-vit","11cd5543-db39-4321-9f12-008b367d2ce1","6c30c56b-74ce-4c24-a819-98b9ab6387f5","Upper Indira Nagar Bus Depot","18.4682","73.8623","VIT College","18.4635","73.8682","2026-09-19T02:15:00.000Z","1","0","scooty","false","21","","SCHEDULED","10","12"
"598d8fe4-1151-4bfa-b95c-94c6f23b5e76","2e0f5d10-9fa3-4578-9046-adc52e9f52d6","katraj-vit","6c30c56b-74ce-4c24-a819-98b9ab6387f5","a80964b4-72f5-43de-ad1a-bdcb9fca796e","VIT College","18.4635","73.8682","Lower Indira Nagar Stop","18.4718","73.8618","2026-09-20T12:00:00.000Z","1","0","bike","true","26","","COMPLETED","13","9"
"f12a3aca-116d-4cbd-ab1a-32cf815b1071","29bb8b65-a83a-4f6b-b7c4-0a86fd9b82a1","swargate-vit","eb0d92a7-38aa-446a-9f38-091814ea3abd","6c30c56b-74ce-4c24-a819-98b9ab6387f5","Chintamani Nagar","18.4651","73.864","VIT College","18.4635","73.8682","2026-09-21T02:15:00.000Z","1","0","bike","true","19","Pickup near the hub","CANCELLED","11","12"
"0fcd948a-4a2f-4957-94a5-e7311856dff2","c283b8d4-e85f-4f55-a686-461ce166d95c","katraj-vit","6c30c56b-74ce-4c24-a819-98b9ab6387f5","af5c22fe-11db-4392-b90e-85f946c0a37b","VIT College","18.4635","73.8682","KK Market BRTS","18.4683","73.8579","2026-09-22T12:00:00.000Z","1","1","scooty","true","3","Please arrive five minutes early","SCHEDULED","13","5"
"975699cc-0b0f-44a0-a6d5-dcc77d7d78c4","a7ff8669-7d2a-4462-beb0-0d9e874f1dc8","swargate-vit","3221d156-13e7-4834-84ce-848f49b87be2","6c30c56b-74ce-4c24-a819-98b9ab6387f5","Bibwewadi Bus Stop","18.4792","73.8615","VIT College","18.4635","73.8682","2026-09-23T02:15:00.000Z","1","0","scooty","true","19","","SCHEDULED","7","12"
"a45c3567-3df1-48f9-ac25-b6adb65479b1","dae29690-62f3-4202-8961-05b05ec7dcc6","katraj-vit","6c30c56b-74ce-4c24-a819-98b9ab6387f5","876d2e4d-fad4-4ee2-916c-e5ad147030cf","VIT College","18.4635","73.8682","Katraj Dairy BRTS","18.4508","73.8569","2026-09-24T12:00:00.000Z","1","1","bike","true","24","Morning campus commute","SCHEDULED","13","2"
"1ab7f7f6-61ff-4e96-944c-3e74331a7714","856b4feb-c8f1-4731-b41e-d21be114be5d","swargate-vit","1bc21bdf-5bcc-4dd4-8140-eac24ae23b69","6c30c56b-74ce-4c24-a819-98b9ab6387f5","Kashinath Patil Nagar Stop","18.4745","73.8631","VIT College","18.4635","73.8682","2026-09-25T02:15:00.000Z","1","1","scooty","false","10","Pickup near the hub","SCHEDULED","9","12"
"70f42fa3-7d35-498a-8102-aad618602372","8d2bb992-3062-4ae3-b2ae-9d47074dec68","katraj-vit","6c30c56b-74ce-4c24-a819-98b9ab6387f5","876d2e4d-fad4-4ee2-916c-e5ad147030cf","VIT College","18.4635","73.8682","Katraj Dairy BRTS","18.4508","73.8569","2026-09-26T12:00:00.000Z","3","1","car","false","73","Morning campus commute","SCHEDULED","13","2"
"6742e1d6-251a-4342-af46-3ea267847fe9","b94bb3da-92c3-4ecf-b576-f9dbbce590b5","swargate-vit","0c2d013a-9422-4c89-905f-4ec287ba2251","6c30c56b-74ce-4c24-a819-98b9ab6387f5","Swargate BRTS Stop","18.4982","73.8588","VIT College","18.4635","73.8682","2026-09-27T02:15:00.000Z","1","0","scooty","true","19","Morning campus commute","SCHEDULED","2","12"
"e62c64fb-47f1-4303-b22d-9145aa897d78","db6d13c6-50ea-4ee7-98cb-daab8b877783","katraj-vit","6c30c56b-74ce-4c24-a819-98b9ab6387f5","86e290a5-7e39-4f7a-805e-a6154d820f01","VIT College","18.4635","73.8682","Market Yard Corner","18.4792","73.8581","2026-09-28T12:00:00.000Z","1","0","scooty","true","14","","SCHEDULED","13","7"
"1e255d12-24ab-4935-972d-9c25b0e3e0ff","aba3000b-d3fe-45b0-93f8-1eb12fe76121","swargate-vit","570167fe-7324-46a2-9cf4-fbea6048e8be","6c30c56b-74ce-4c24-a819-98b9ab6387f5","City Pride BRTS","18.4845","73.8583","VIT College","18.4635","73.8682","2026-09-29T02:15:00.000Z","1","0","scooty","true","18","Morning campus commute","SCHEDULED","5","12"
"d120ccf0-a286-49dc-97be-4e1b88604163","0f35346d-5638-4de0-b685-b0f5e42ff331","katraj-vit","6c30c56b-74ce-4c24-a819-98b9ab6387f5","86e290a5-7e39-4f7a-805e-a6154d820f01","VIT College","18.4635","73.8682","Market Yard Corner","18.4792","73.8581","2026-09-30T12:00:00.000Z","1","0","scooty","true","7","Pickup near the hub","SCHEDULED","13","7"
"cff84e6c-216b-40df-bfbc-a1c588ec8d75","b53fb963-29ea-4299-915f-2cf34647fe2b","swargate-vit","0c2d013a-9422-4c89-905f-4ec287ba2251","6c30c56b-74ce-4c24-a819-98b9ab6387f5","Swargate BRTS Stop","18.4982","73.8588","VIT College","18.4635","73.8682","2026-10-01T02:15:00.000Z","1","0","scooty","true","5","Pickup near the hub","SCHEDULED","2","12"
"63f14e9a-34ab-4413-9774-48d5cfb74128","a2cb33f4-0739-4e42-9665-4bae72ebfb2a","katraj-vit","6c30c56b-74ce-4c24-a819-98b9ab6387f5","1bc21bdf-5bcc-4dd4-8140-eac24ae23b69","VIT College","18.4635","73.8682","Kashinath Patil Nagar Stop","18.4745","73.8631","2026-10-02T12:00:00.000Z","3","2","car","false","25","Morning campus commute","SCHEDULED","13","10"
"02c305a4-eaec-4b0b-b035-315d57b846b8","95e5d040-6f8f-43de-b101-0a1abbfde269","swargate-vit","19cfadd2-1ff7-4a2f-b5e3-eeb73f44cc28","6c30c56b-74ce-4c24-a819-98b9ab6387f5","Swargate PMPML Main Bus Stand","18.4991","73.8583","VIT College","18.4635","73.8682","2026-10-03T02:15:00.000Z","1","1","bike","true","20","Morning campus commute","SCHEDULED","1","12"
"fa5e39b7-28f9-4d0f-8253-5cd2e220e39f","b4419d49-c195-4f67-8a68-1e38418429ef","katraj-vit","6c30c56b-74ce-4c24-a819-98b9ab6387f5","86e290a5-7e39-4f7a-805e-a6154d820f01","VIT College","18.4635","73.8682","Market Yard Corner","18.4792","73.8581","2026-10-04T12:00:00.000Z","1","0","scooty","true","0","Morning campus commute","SCHEDULED","13","7"
"eb5a4db3-c7f8-4c69-8793-f457bcf42d93","ada304c3-1114-48bb-bacb-69446eecee2a","swargate-vit","596f6d76-b8c5-4cf2-9058-1a1a334d424d","6c30c56b-74ce-4c24-a819-98b9ab6387f5","Panchami BRTS","18.4902","73.8586","VIT College","18.4635","73.8682","2026-10-05T02:15:00.000Z","1","0","bike","true","13","Morning campus commute","SCHEDULED","4","12"
"997271e6-d097-4602-a6ff-57a38cd3f70d","fbade199-d957-41f1-9c4b-bef677c6f400","katraj-vit","6c30c56b-74ce-4c24-a819-98b9ab6387f5","86597dc2-00ef-475a-8a9a-daf0323897ca","VIT College","18.4635","73.8682","Katraj Terminal","18.4471","73.8562","2026-10-06T12:00:00.000Z","4","3","car","false","71","Morning campus commute","SCHEDULED","13","1"
"023e3ba1-cc31-40e1-be46-c65dd5bd31bb","ffe56b11-38f8-4fa2-936c-d19021b522b8","swargate-vit","0095597e-ebd1-4f83-a6c0-a8e94be6a92b","6c30c56b-74ce-4c24-a819-98b9ab6387f5","Laxmi Narayan Theatre","18.4965","73.8584","VIT College","18.4635","73.8682","2026-10-07T02:15:00.000Z","1","0","scooty","false","20","Please arrive five minutes early","SCHEDULED","3","12"
"917d00e5-0906-4ba0-812c-55bab65705d3","02927b89-ffa8-40e0-963e-2651a35e576d","katraj-vit","6c30c56b-74ce-4c24-a819-98b9ab6387f5","3221d156-13e7-4834-84ce-848f49b87be2","VIT College","18.4635","73.8682","Bibwewadi Bus Stop","18.4792","73.8615","2026-10-08T12:00:00.000Z","1","0","scooty","true","20","","SCHEDULED","13","8"
"adab8f23-d616-4b20-a168-54930c1ddd09","e9ac0d57-c267-41a2-84aa-846e6f118304","swargate-vit","596f6d76-b8c5-4cf2-9058-1a1a334d424d","6c30c56b-74ce-4c24-a819-98b9ab6387f5","Panchami BRTS","18.4902","73.8586","VIT College","18.4635","73.8682","2026-10-09T02:15:00.000Z","4","3","car","false","57","Please arrive five minutes early","SCHEDULED","4","12"
"e2088c59-d6e0-4c38-b376-d2a2315d7cad","d138941d-1b44-42fe-975d-1a4eb78e7f92","katraj-vit","6c30c56b-74ce-4c24-a819-98b9ab6387f5","86597dc2-00ef-475a-8a9a-daf0323897ca","VIT College","18.4635","73.8682","Katraj Terminal","18.4471","73.8562","2026-10-10T12:00:00.000Z","2","2","car","false","69","Please arrive five minutes early","SCHEDULED","13","1"
"e2114b2f-0b12-414d-96d4-5d5c6cb40480","f50ed78b-09ac-4340-b6dd-86ae124a356e","swargate-vit","0095597e-ebd1-4f83-a6c0-a8e94be6a92b","6c30c56b-74ce-4c24-a819-98b9ab6387f5","Laxmi Narayan Theatre","18.4965","73.8584","VIT College","18.4635","73.8682","2026-10-11T02:15:00.000Z","1","0","bike","true","30","","SCHEDULED","3","12"
"0800a880-40ea-4828-a4f2-3019129efa7a","3857e3b0-5efa-484e-a045-2777f41b2610","katraj-vit","6c30c56b-74ce-4c24-a819-98b9ab6387f5","11cd5543-db39-4321-9f12-008b367d2ce1","VIT College","18.4635","73.8682","Upper Indira Nagar Bus Depot","18.4682","73.8623","2026-10-12T12:00:00.000Z","2","1","car","false","59","Pickup near the hub","SCHEDULED","13","11"
"949a90c6-6e5a-479a-b0ca-4fe5faf16eef","ac0cf495-0f8e-40d8-b476-4ac4d53bdc5b","swargate-vit","19cfadd2-1ff7-4a2f-b5e3-eeb73f44cc28","6c30c56b-74ce-4c24-a819-98b9ab6387f5","Swargate PMPML Main Bus Stand","18.4991","73.8583","VIT College","18.4635","73.8682","2026-10-13T02:15:00.000Z","1","0","scooty","true","23","Please arrive five minutes early","SCHEDULED","1","12"
"342be07a-afa0-4324-8032-276c3227e194","93c44edd-bbc5-4ac3-9dba-63f636b8ed0b","katraj-vit","6c30c56b-74ce-4c24-a819-98b9ab6387f5","ebb92112-ef31-4ebe-a259-4e999c52f0fd","VIT College","18.4635","73.8682","Bharati Vidyapeeth","18.456","73.8574","2026-10-14T12:00:00.000Z","1","1","bike","true","16","Morning campus commute","SCHEDULED","13","3"
"595a469b-af0f-4bb7-a2eb-7acffb31737b","aa3e3c66-ecde-4e1f-9ce3-1617c0ecdcef","swargate-vit","0095597e-ebd1-4f83-a6c0-a8e94be6a92b","6c30c56b-74ce-4c24-a819-98b9ab6387f5","Laxmi Narayan Theatre","18.4965","73.8584","VIT College","18.4635","73.8682","2026-10-15T02:15:00.000Z","3","2","car","false","31","Morning campus commute","SCHEDULED","3","12"
"8be7a3a6-1b6c-4a10-860d-c488a8945fb8","fa7fbc07-c93a-4085-a4f5-6f1e0fc83121","katraj-vit","6c30c56b-74ce-4c24-a819-98b9ab6387f5","a80964b4-72f5-43de-ad1a-bdcb9fca796e","VIT College","18.4635","73.8682","Lower Indira Nagar Stop","18.4718","73.8618","2026-10-16T12:00:00.000Z","3","3","car","false","79","Pickup near the hub","SCHEDULED","13","9"
"fbb6ff31-de42-4e7a-b295-d0017fc3294b","dbb7296e-eb2b-4e18-9aed-9b61128e1b95","swargate-vit","596f6d76-b8c5-4cf2-9058-1a1a334d424d","6c30c56b-74ce-4c24-a819-98b9ab6387f5","Panchami BRTS","18.4902","73.8586","VIT College","18.4635","73.8682","2026-10-17T02:15:00.000Z","1","0","bike","true","10","Please arrive five minutes early","SCHEDULED","4","12"
"9735aa85-b20d-4aef-b039-e79e9425bf91","f996d0d8-1d3e-4780-bb40-a3c76aeca0fe","katraj-vit","6c30c56b-74ce-4c24-a819-98b9ab6387f5","86e290a5-7e39-4f7a-805e-a6154d820f01","VIT College","18.4635","73.8682","Market Yard Corner","18.4792","73.8581","2026-10-18T12:00:00.000Z","1","0","bike","true","25","Pickup near the hub","SCHEDULED","13","7"
"66f53980-d2b8-410a-aaeb-581a79317e1c","24be40cc-fd8a-4efb-95f0-6ec1a107c563","swargate-vit","11cd5543-db39-4321-9f12-008b367d2ce1","6c30c56b-74ce-4c24-a819-98b9ab6387f5","Upper Indira Nagar Bus Depot","18.4682","73.8623","VIT College","18.4635","73.8682","2026-10-19T02:15:00.000Z","1","0","bike","true","19","Morning campus commute","SCHEDULED","10","12"
"0148214e-dddd-4bce-9940-d013463e8bb4","bbd2b08c-34a8-4439-a7fa-b253b6a9fe04","katraj-vit","6c30c56b-74ce-4c24-a819-98b9ab6387f5","eb0d92a7-38aa-446a-9f38-091814ea3abd","VIT College","18.4635","73.8682","Chintamani Nagar","18.4651","73.864","2026-10-20T12:00:00.000Z","1","0","scooty","false","4","","SCHEDULED","13","12"
"cf13160f-876f-40e5-aafc-efcd67d33b21","7d4898cc-54f3-4bd1-b9da-b31ff1cb26c3","swargate-vit","570167fe-7324-46a2-9cf4-fbea6048e8be","6c30c56b-74ce-4c24-a819-98b9ab6387f5","City Pride BRTS","18.4845","73.8583","VIT College","18.4635","73.8682","2026-10-21T02:15:00.000Z","1","1","bike","true","28","","SCHEDULED","5","12"
"ecaae8d7-3946-46c9-8b92-542fa9ac70d3","e0ad93ac-7350-43c7-be63-6b8925810342","katraj-vit","6c30c56b-74ce-4c24-a819-98b9ab6387f5","11cd5543-db39-4321-9f12-008b367d2ce1","VIT College","18.4635","73.8682","Upper Indira Nagar Bus Depot","18.4682","73.8623","2026-10-22T12:00:00.000Z","2","0","car","false","59","Morning campus commute","SCHEDULED","13","11"
"d9a9637e-9975-4f9c-8798-385ca4f4a516","40ae73ca-67b2-4b5e-97c1-474a92b2d8d3","swargate-vit","19cfadd2-1ff7-4a2f-b5e3-eeb73f44cc28","6c30c56b-74ce-4c24-a819-98b9ab6387f5","Swargate PMPML Main Bus Stand","18.4991","73.8583","VIT College","18.4635","73.8682","2026-10-23T02:15:00.000Z","2","1","car","false","45","Please arrive five minutes early","SCHEDULED","1","12"
"1cf68af5-401f-4e97-b9d5-708eb59a4e98","c3c94b51-2803-4c25-9e1e-bbe1eb6386cc","katraj-vit","6c30c56b-74ce-4c24-a819-98b9ab6387f5","af5c22fe-11db-4392-b90e-85f946c0a37b","VIT College","18.4635","73.8682","KK Market BRTS","18.4683","73.8579","2026-10-24T12:00:00.000Z","4","2","car","false","78","Please arrive five minutes early","SCHEDULED","13","5"
"cce5a8bf-efbb-499f-9802-95a44f72296a","a61af15b-11ce-4c02-a80b-bdf8f24338bc","swargate-vit","11cd5543-db39-4321-9f12-008b367d2ce1","6c30c56b-74ce-4c24-a819-98b9ab6387f5","Upper Indira Nagar Bus Depot","18.4682","73.8623","VIT College","18.4635","73.8682","2026-10-25T02:15:00.000Z","1","0","bike","true","19","Please arrive five minutes early","SCHEDULED","10","12"
"4c7daa33-62d3-4a43-ade7-e966545f3bdb","6aa130d0-4c4b-48c2-bc80-80079a81385f","katraj-vit","6c30c56b-74ce-4c24-a819-98b9ab6387f5","86e290a5-7e39-4f7a-805e-a6154d820f01","VIT College","18.4635","73.8682","Market Yard Corner","18.4792","73.8581","2026-10-26T12:00:00.000Z","4","2","car","false","26","","SCHEDULED","13","7"
"b49c1fa4-56ce-470d-8c3e-53fe619e49d1","9c9999da-6c7c-4b0f-ba28-7f852899325d","swargate-vit","596f6d76-b8c5-4cf2-9058-1a1a334d424d","6c30c56b-74ce-4c24-a819-98b9ab6387f5","Panchami BRTS","18.4902","73.8586","VIT College","18.4635","73.8682","2026-10-27T02:15:00.000Z","3","1","car","false","48","","SCHEDULED","4","12"
"584413f9-ded1-478d-b62a-6047efa1abbe","1f497524-0e6c-424a-94f9-93905b5a9755","katraj-vit","6c30c56b-74ce-4c24-a819-98b9ab6387f5","1bc21bdf-5bcc-4dd4-8140-eac24ae23b69","VIT College","18.4635","73.8682","Kashinath Patil Nagar Stop","18.4745","73.8631","2026-10-28T12:00:00.000Z","1","0","bike","true","25","Please arrive five minutes early","SCHEDULED","13","10"
"6b0159f7-6a47-46fd-b74b-cc1e6a1499f8","1734859f-c79f-4dfa-95dd-e252c5d669fc","swargate-vit","86e290a5-7e39-4f7a-805e-a6154d820f01","6c30c56b-74ce-4c24-a819-98b9ab6387f5","Market Yard Corner","18.4792","73.8581","VIT College","18.4635","73.8682","2026-10-29T02:15:00.000Z","1","0","bike","true","7","Please arrive five minutes early","SCHEDULED","6","12"
"41626340-8b7b-4851-969a-1bbb40f30350","f03cb019-ecb8-42fc-ad8b-4be7116d9966","katraj-vit","6c30c56b-74ce-4c24-a819-98b9ab6387f5","eb0d92a7-38aa-446a-9f38-091814ea3abd","VIT College","18.4635","73.8682","Chintamani Nagar","18.4651","73.864","2026-10-30T12:00:00.000Z","2","1","car","false","33","Morning campus commute","SCHEDULED","13","12"
"098ba033-2ec9-4018-a6cf-05c7521ae234","6cc8d264-2c05-4a80-90d4-2b29b4ccd802","swargate-vit","596f6d76-b8c5-4cf2-9058-1a1a334d424d","6c30c56b-74ce-4c24-a819-98b9ab6387f5","Panchami BRTS","18.4902","73.8586","VIT College","18.4635","73.8682","2026-10-31T02:15:00.000Z","4","3","car","false","49","Pickup near the hub","SCHEDULED","4","12"
"8b8e37b7-6d64-4ebf-a0bd-e10deee98eeb","a49cc7a3-0beb-4fbf-8d54-c676dfe72f4b","katraj-vit","6c30c56b-74ce-4c24-a819-98b9ab6387f5","1bc21bdf-5bcc-4dd4-8140-eac24ae23b69","VIT College","18.4635","73.8682","Kashinath Patil Nagar Stop","18.4745","73.8631","2026-11-01T12:00:00.000Z","1","1","bike","false","21","","SCHEDULED","13","10"
"aab6574f-7c7e-44ee-bb48-8475a970f318","998a2999-5be3-435d-8015-2a973a6e97cc","swargate-vit","0095597e-ebd1-4f83-a6c0-a8e94be6a92b","6c30c56b-74ce-4c24-a819-98b9ab6387f5","Laxmi Narayan Theatre","18.4965","73.8584","VIT College","18.4635","73.8682","2026-11-02T02:15:00.000Z","1","1","scooty","true","6","Please arrive five minutes early","SCHEDULED","3","12"
"9c96ad51-775d-41b3-95be-15ebf7d1c28d","856fb0bc-3ae4-454f-9f56-312a33995404","katraj-vit","6c30c56b-74ce-4c24-a819-98b9ab6387f5","86e290a5-7e39-4f7a-805e-a6154d820f01","VIT College","18.4635","73.8682","Market Yard Corner","18.4792","73.8581","2026-11-03T12:00:00.000Z","4","4","car","false","46","Please arrive five minutes early","SCHEDULED","13","7"
"3617f41d-0051-4001-bf6b-5d8f0407c4c9","609a5aa2-e576-472b-ae03-3d339a90c45c","swargate-vit","570167fe-7324-46a2-9cf4-fbea6048e8be","6c30c56b-74ce-4c24-a819-98b9ab6387f5","City Pride BRTS","18.4845","73.8583","VIT College","18.4635","73.8682","2026-11-04T02:15:00.000Z","1","0","scooty","false","11","","SCHEDULED","5","12"
"02e5d488-9570-4e13-b9e9-4c76b813fbc6","3a8f1c12-2394-4eb5-8694-7152af59c7d0","katraj-vit","6c30c56b-74ce-4c24-a819-98b9ab6387f5","0ad9adea-2c75-4d2a-86ae-34dcc0727788","VIT College","18.4635","73.8682","Shankar Maharaj Math","18.4735","73.8579","2026-11-05T12:00:00.000Z","3","2","car","false","63","","SCHEDULED","13","6"
"81bf55e0-625f-4ef0-aae8-59f19b21a6fa","73c6ef3d-a748-4db3-bd54-68c614823c0d","swargate-vit","a80964b4-72f5-43de-ad1a-bdcb9fca796e","6c30c56b-74ce-4c24-a819-98b9ab6387f5","Lower Indira Nagar Stop","18.4718","73.8618","VIT College","18.4635","73.8682","2026-08-08T02:15:00.000Z","1","0","bike","true","22","Please arrive five minutes early","COMPLETED","8","12"
"2a373865-6714-4035-877e-edc70025de85","6a3f9cb7-ea70-4c12-87b0-f7ee4a38b313","katraj-vit","6c30c56b-74ce-4c24-a819-98b9ab6387f5","3221d156-13e7-4834-84ce-848f49b87be2","VIT College","18.4635","73.8682","Bibwewadi Bus Stop","18.4792","73.8615","2026-08-09T12:00:00.000Z","1","1","scooty","true","27","Please arrive five minutes early","COMPLETED","13","8"
"0f47fa9f-0307-43ec-a906-f835bfd4f323","df718002-b68d-406f-af02-b7ebdc19dfaa","swargate-vit","eb0d92a7-38aa-446a-9f38-091814ea3abd","6c30c56b-74ce-4c24-a819-98b9ab6387f5","Chintamani Nagar","18.4651","73.864","VIT College","18.4635","73.8682","2026-08-10T02:15:00.000Z","1","0","scooty","true","20","Morning campus commute","COMPLETED","11","12"
"f88afde2-cf10-4261-b116-232dc7e75088","5d577020-68d2-4a61-b36d-861bf1486666","katraj-vit","6c30c56b-74ce-4c24-a819-98b9ab6387f5","eb0d92a7-38aa-446a-9f38-091814ea3abd","VIT College","18.4635","73.8682","Chintamani Nagar","18.4651","73.864","2026-08-11T12:00:00.000Z","1","0","bike","true","21","Please arrive five minutes early","CANCELLED","13","12"
"197c1866-2696-43cf-b4a6-f904274b3341","f7676189-9518-498b-a982-6c245aff61a1","swargate-vit","eb0d92a7-38aa-446a-9f38-091814ea3abd","6c30c56b-74ce-4c24-a819-98b9ab6387f5","Chintamani Nagar","18.4651","73.864","VIT College","18.4635","73.8682","2026-08-12T02:15:00.000Z","1","0","scooty","true","28","Pickup near the hub","CANCELLED","11","12"
"5d6abd1d-f8f2-46ed-b03a-82724c37791d","829e7fa5-0c38-47a9-a715-877dada17b24","katraj-vit","6c30c56b-74ce-4c24-a819-98b9ab6387f5","86597dc2-00ef-475a-8a9a-daf0323897ca","VIT College","18.4635","73.8682","Katraj Terminal","18.4471","73.8562","2026-08-13T12:00:00.000Z","2","0","car","false","55","Morning campus commute","SCHEDULED","13","1"
"4ef08299-7504-4dce-97ff-759066a69dde","443d0a1a-c4da-4cf7-9517-4c02de0dff9c","swargate-vit","0c2d013a-9422-4c89-905f-4ec287ba2251","6c30c56b-74ce-4c24-a819-98b9ab6387f5","Swargate BRTS Stop","18.4982","73.8588","VIT College","18.4635","73.8682","2026-08-14T02:15:00.000Z","1","0","scooty","true","23","Morning campus commute","SCHEDULED","2","12"
"3221d101-4df9-47aa-99cd-67e16a015384","e7cc1cf8-531c-4ba4-ae07-b3b8c7ed12b4","katraj-vit","6c30c56b-74ce-4c24-a819-98b9ab6387f5","86597dc2-00ef-475a-8a9a-daf0323897ca","VIT College","18.4635","73.8682","Katraj Terminal","18.4471","73.8562","2026-08-15T12:00:00.000Z","3","3","car","false","20","Morning campus commute","COMPLETED","13","1"
"686e426c-7cba-46f8-9b6a-bfc136e8d03b","105772de-3e2e-4525-873d-28205793d14f","swargate-vit","0c2d013a-9422-4c89-905f-4ec287ba2251","6c30c56b-74ce-4c24-a819-98b9ab6387f5","Swargate BRTS Stop","18.4982","73.8588","VIT College","18.4635","73.8682","2026-08-16T02:15:00.000Z","1","1","scooty","true","21","Please arrive five minutes early","COMPLETED","2","12"
"362666a9-c96a-4ea8-b499-517c45fe66aa","665f2a26-5d69-41bd-bd37-5d34e2366453","katraj-vit","6c30c56b-74ce-4c24-a819-98b9ab6387f5","eb0d92a7-38aa-446a-9f38-091814ea3abd","VIT College","18.4635","73.8682","Chintamani Nagar","18.4651","73.864","2026-08-17T12:00:00.000Z","1","0","scooty","true","16","Pickup near the hub","COMPLETED","13","12"
"28f9cbf9-f4d1-4f7d-8b2a-3682fc031c0d","c4023d4b-7895-4d6b-ba0a-7cbce21340b7","swargate-vit","0c2d013a-9422-4c89-905f-4ec287ba2251","6c30c56b-74ce-4c24-a819-98b9ab6387f5","Swargate BRTS Stop","18.4982","73.8588","VIT College","18.4635","73.8682","2026-08-18T02:15:00.000Z","1","0","scooty","true","4","","CANCELLED","2","12"
"202a344e-a474-466c-8cdd-25dfba8624f2","03dfc805-e814-4e5f-a637-8a041faf9ad7","katraj-vit","6c30c56b-74ce-4c24-a819-98b9ab6387f5","a80964b4-72f5-43de-ad1a-bdcb9fca796e","VIT College","18.4635","73.8682","Lower Indira Nagar Stop","18.4718","73.8618","2026-08-19T12:00:00.000Z","4","3","car","false","34","Pickup near the hub","COMPLETED","13","9"
"f11504b1-4597-4dee-84f4-e6664fc6a9d1","2fd77d02-9eed-432b-bc2b-69984e53b256","swargate-vit","19cfadd2-1ff7-4a2f-b5e3-eeb73f44cc28","6c30c56b-74ce-4c24-a819-98b9ab6387f5","Swargate PMPML Main Bus Stand","18.4991","73.8583","VIT College","18.4635","73.8682","2026-08-20T02:15:00.000Z","1","0","bike","true","13","Pickup near the hub","SCHEDULED","1","12"
"c2486bdd-4146-45d8-b812-7d292ff9e3a0","5c76a658-080e-4482-b7f5-3c04ef99ff4f","katraj-vit","6c30c56b-74ce-4c24-a819-98b9ab6387f5","11cd5543-db39-4321-9f12-008b367d2ce1","VIT College","18.4635","73.8682","Upper Indira Nagar Bus Depot","18.4682","73.8623","2026-08-21T12:00:00.000Z","1","0","scooty","true","6","","SCHEDULED","13","11"
"d188b88e-3642-44a2-b4b8-3b58020f5d47","2df45663-f8d0-4308-b79d-fd6c1ff852c9","swargate-vit","86e290a5-7e39-4f7a-805e-a6154d820f01","6c30c56b-74ce-4c24-a819-98b9ab6387f5","Market Yard Corner","18.4792","73.8581","VIT College","18.4635","73.8682","2026-08-22T02:15:00.000Z","3","2","car","false","43","Please arrive five minutes early","COMPLETED","6","12"
"129d59fe-cab7-48bd-bc70-5a1b03d912e9","b5eb2319-5923-4823-9cfb-fa0ca41f597b","katraj-vit","6c30c56b-74ce-4c24-a819-98b9ab6387f5","af5c22fe-11db-4392-b90e-85f946c0a37b","VIT College","18.4635","73.8682","KK Market BRTS","18.4683","73.8579","2026-08-23T12:00:00.000Z","1","0","bike","true","3","Please arrive five minutes early","COMPLETED","13","5"
"4f8bed90-203d-4ef1-945f-25017000cd45","36ffa906-e6db-4e16-8e9b-e3f24ede715c","swargate-vit","19cfadd2-1ff7-4a2f-b5e3-eeb73f44cc28","6c30c56b-74ce-4c24-a819-98b9ab6387f5","Swargate PMPML Main Bus Stand","18.4991","73.8583","VIT College","18.4635","73.8682","2026-08-24T02:15:00.000Z","1","0","bike","true","1","","SCHEDULED","1","12"
"9b14c880-e7ad-499c-a804-9b0a77b3e835","e163653a-9bbe-4e9d-81ab-acf5fb7c4166","katraj-vit","6c30c56b-74ce-4c24-a819-98b9ab6387f5","876d2e4d-fad4-4ee2-916c-e5ad147030cf","VIT College","18.4635","73.8682","Katraj Dairy BRTS","18.4508","73.8569","2026-08-25T12:00:00.000Z","3","1","car","false","75","","SCHEDULED","13","2"
"7eb367fe-8939-4eb0-a0f5-af3c7d1995b6","508e57b4-544e-4392-bbd1-17b3a4e613c3","swargate-vit","a80964b4-72f5-43de-ad1a-bdcb9fca796e","6c30c56b-74ce-4c24-a819-98b9ab6387f5","Lower Indira Nagar Stop","18.4718","73.8618","VIT College","18.4635","73.8682","2026-08-26T02:15:00.000Z","1","0","bike","true","2","Morning campus commute","COMPLETED","8","12"
"e1a6c223-e656-45b4-933e-163628291322","2e269fc9-9682-468b-b756-d02e46a395d8","katraj-vit","6c30c56b-74ce-4c24-a819-98b9ab6387f5","1bc21bdf-5bcc-4dd4-8140-eac24ae23b69","VIT College","18.4635","73.8682","Kashinath Patil Nagar Stop","18.4745","73.8631","2026-08-27T12:00:00.000Z","1","0","scooty","false","7","Pickup near the hub","CANCELLED","13","10"
"c54f67d2-8838-480d-9009-7e3680c8044b","fa4b13bc-6768-4b5d-843e-2b8836ed9113","swargate-vit","1bc21bdf-5bcc-4dd4-8140-eac24ae23b69","6c30c56b-74ce-4c24-a819-98b9ab6387f5","Kashinath Patil Nagar Stop","18.4745","73.8631","VIT College","18.4635","73.8682","2026-08-28T02:15:00.000Z","3","3","car","false","30","","COMPLETED","9","12"
"2af6d5fc-ec15-4cb7-9a97-50151e3f9103","8190565d-9fb1-4428-a386-4bb1b2f4fdee","katraj-vit","6c30c56b-74ce-4c24-a819-98b9ab6387f5","0ad9adea-2c75-4d2a-86ae-34dcc0727788","VIT College","18.4635","73.8682","Shankar Maharaj Math","18.4735","73.8579","2026-08-29T12:00:00.000Z","4","2","car","false","21","Pickup near the hub","COMPLETED","13","6"
"625c9e48-1153-4aa0-ba83-3d3ebb0d2d35","e4b9e33a-9380-46ad-8b5f-37aca78f2d78","swargate-vit","0095597e-ebd1-4f83-a6c0-a8e94be6a92b","6c30c56b-74ce-4c24-a819-98b9ab6387f5","Laxmi Narayan Theatre","18.4965","73.8584","VIT College","18.4635","73.8682","2026-08-30T02:15:00.000Z","3","1","car","false","63","","COMPLETED","3","12"
"ff354b32-1f2a-4307-9e7e-27b6a506a765","61b7de30-6ccf-41d6-881f-85e56e865717","katraj-vit","6c30c56b-74ce-4c24-a819-98b9ab6387f5","3221d156-13e7-4834-84ce-848f49b87be2","VIT College","18.4635","73.8682","Bibwewadi Bus Stop","18.4792","73.8615","2026-08-31T12:00:00.000Z","1","0","scooty","true","7","Pickup near the hub","CANCELLED","13","8"
"74c7c6cc-1212-4f67-8647-f4f8965dbb34","b3224a72-ff85-487a-a6c9-b6a1e3beb8dc","swargate-vit","1bc21bdf-5bcc-4dd4-8140-eac24ae23b69","6c30c56b-74ce-4c24-a819-98b9ab6387f5","Kashinath Patil Nagar Stop","18.4745","73.8631","VIT College","18.4635","73.8682","2026-09-01T02:15:00.000Z","1","0","bike","true","7","Please arrive five minutes early","CANCELLED","9","12"
"c3698a33-ca0c-4693-a489-9adb2fd56bc2","81213212-6e43-4b70-96e8-51e59fb5e735","katraj-vit","6c30c56b-74ce-4c24-a819-98b9ab6387f5","0ad9adea-2c75-4d2a-86ae-34dcc0727788","VIT College","18.4635","73.8682","Shankar Maharaj Math","18.4735","73.8579","2026-09-02T12:00:00.000Z","1","0","scooty","false","5","Please arrive five minutes early","COMPLETED","13","6"
"f1f00b1e-9947-4f6f-8688-bfa455d4625b","ae43995b-0b10-49a4-a37e-36a29c7b89fa","swargate-vit","19cfadd2-1ff7-4a2f-b5e3-eeb73f44cc28","6c30c56b-74ce-4c24-a819-98b9ab6387f5","Swargate PMPML Main Bus Stand","18.4991","73.8583","VIT College","18.4635","73.8682","2026-09-03T02:15:00.000Z","3","1","car","false","33","","COMPLETED","1","12"
"878e52d7-2def-40b6-a913-df1a54047a34","2139d70e-ad87-4ff0-985d-00ddaa9d1f33","katraj-vit","6c30c56b-74ce-4c24-a819-98b9ab6387f5","1bc21bdf-5bcc-4dd4-8140-eac24ae23b69","VIT College","18.4635","73.8682","Kashinath Patil Nagar Stop","18.4745","73.8631","2026-09-04T12:00:00.000Z","1","0","bike","false","16","Pickup near the hub","COMPLETED","13","10"
"37e2d96a-3816-4e9b-8e05-8d351c01286f","b13dc47d-8a9c-45eb-9dee-0cc214bf6ab4","swargate-vit","a80964b4-72f5-43de-ad1a-bdcb9fca796e","6c30c56b-74ce-4c24-a819-98b9ab6387f5","Lower Indira Nagar Stop","18.4718","73.8618","VIT College","18.4635","73.8682","2026-09-05T02:15:00.000Z","1","1","bike","true","23","","COMPLETED","8","12"
"2ad705d0-f96b-4878-af7c-cfca956fcabd","f1320520-f547-4abc-be6f-66bd5f323eb5","katraj-vit","6c30c56b-74ce-4c24-a819-98b9ab6387f5","a80964b4-72f5-43de-ad1a-bdcb9fca796e","VIT College","18.4635","73.8682","Lower Indira Nagar Stop","18.4718","73.8618","2026-09-06T12:00:00.000Z","3","2","car","false","60","","COMPLETED","13","9"
"ec16c9b1-7c47-4c4d-a652-dd0724b84e3c","acb16d87-c821-4f83-a7a0-8733496f99be","swargate-vit","19cfadd2-1ff7-4a2f-b5e3-eeb73f44cc28","6c30c56b-74ce-4c24-a819-98b9ab6387f5","Swargate PMPML Main Bus Stand","18.4991","73.8583","VIT College","18.4635","73.8682","2026-09-07T02:15:00.000Z","1","0","bike","true","26","Please arrive five minutes early","COMPLETED","1","12"
"baa2df2c-bc9c-4de0-8703-f981605afd42","d4a58744-1f9c-4554-9321-1fd9d20b1035","katraj-vit","6c30c56b-74ce-4c24-a819-98b9ab6387f5","1bc21bdf-5bcc-4dd4-8140-eac24ae23b69","VIT College","18.4635","73.8682","Kashinath Patil Nagar Stop","18.4745","73.8631","2026-09-08T12:00:00.000Z","1","0","bike","false","20","Please arrive five minutes early","COMPLETED","13","10"
"1c29c569-ab1a-4551-a88a-59b2652c7357","5118be9b-6811-4a52-9a62-a0ced3f60e27","swargate-vit","eb0d92a7-38aa-446a-9f38-091814ea3abd","6c30c56b-74ce-4c24-a819-98b9ab6387f5","Chintamani Nagar","18.4651","73.864","VIT College","18.4635","73.8682","2026-09-09T02:15:00.000Z","4","2","car","false","53","Pickup near the hub","CANCELLED","11","12"
"b9e526a3-a25c-41b3-8e83-5c8ad96c48a7","ccfa0157-3dc7-4140-84a7-8283ed55f1e4","katraj-vit","6c30c56b-74ce-4c24-a819-98b9ab6387f5","876d2e4d-fad4-4ee2-916c-e5ad147030cf","VIT College","18.4635","73.8682","Katraj Dairy BRTS","18.4508","73.8569","2026-09-10T12:00:00.000Z","1","0","scooty","true","19","Morning campus commute","SCHEDULED","13","2"
"cf384b4a-daf7-4010-b2fa-70f880318ea2","916eed74-db65-4e11-bce1-ffc16e674a10","swargate-vit","0095597e-ebd1-4f83-a6c0-a8e94be6a92b","6c30c56b-74ce-4c24-a819-98b9ab6387f5","Laxmi Narayan Theatre","18.4965","73.8584","VIT College","18.4635","73.8682","2026-09-11T02:15:00.000Z","1","1","scooty","true","24","Please arrive five minutes early","COMPLETED","3","12"
"24726f7e-d370-44f4-b661-389e47aa84da","f64e308c-4a0b-433f-bebb-09536f52d5f4","katraj-vit","6c30c56b-74ce-4c24-a819-98b9ab6387f5","a80964b4-72f5-43de-ad1a-bdcb9fca796e","VIT College","18.4635","73.8682","Lower Indira Nagar Stop","18.4718","73.8618","2026-09-12T12:00:00.000Z","2","0","car","false","36","","COMPLETED","13","9"
"8bcdf3ec-1525-4f90-b62c-388075b37e73","c36606d7-b032-4936-8403-b0f1a43f756a","swargate-vit","eb0d92a7-38aa-446a-9f38-091814ea3abd","6c30c56b-74ce-4c24-a819-98b9ab6387f5","Chintamani Nagar","18.4651","73.864","VIT College","18.4635","73.8682","2026-09-13T02:15:00.000Z","1","1","bike","true","4","","CANCELLED","11","12"
"83364ef7-750b-40e9-b1d7-e75c1acf2f12","dc034266-a00f-4347-8cd9-5799da807274","katraj-vit","6c30c56b-74ce-4c24-a819-98b9ab6387f5","86597dc2-00ef-475a-8a9a-daf0323897ca","VIT College","18.4635","73.8682","Katraj Terminal","18.4471","73.8562","2026-09-14T12:00:00.000Z","1","0","scooty","true","22","Please arrive five minutes early","COMPLETED","13","1"
"4e552f13-553d-493a-bdb4-e8a4726a7d50","917b003b-c912-4ed9-afb7-f7eba33fcb14","swargate-vit","3221d156-13e7-4834-84ce-848f49b87be2","6c30c56b-74ce-4c24-a819-98b9ab6387f5","Bibwewadi Bus Stop","18.4792","73.8615","VIT College","18.4635","73.8682","2026-09-15T02:15:00.000Z","1","0","scooty","true","12","","CANCELLED","7","12"
"4ab9b0e6-d621-48bc-b910-02b25ebb37f1","17983e48-5904-4312-9f6c-9d6f749c8539","katraj-vit","6c30c56b-74ce-4c24-a819-98b9ab6387f5","fea32ab3-d832-43d3-a3a0-788e8711526d","VIT College","18.4635","73.8682","Balaji Nagar BRTS","18.4628","73.8577","2026-09-16T12:00:00.000Z","1","0","scooty","false","12","Pickup near the hub","COMPLETED","13","4"
"c72ac630-2128-4bb0-aba8-84e716557c9a","fb85cd08-9134-4e91-ad82-1bf40b5e18fe","swargate-vit","eb0d92a7-38aa-446a-9f38-091814ea3abd","6c30c56b-74ce-4c24-a819-98b9ab6387f5","Chintamani Nagar","18.4651","73.864","VIT College","18.4635","73.8682","2026-09-17T02:15:00.000Z","1","0","scooty","false","6","Please arrive five minutes early","COMPLETED","11","12"
"57aebe55-c7db-4635-9fb4-d015eebc0c2d","bab50b6c-7a07-4417-adaf-0a3f199ba726","katraj-vit","6c30c56b-74ce-4c24-a819-98b9ab6387f5","eb0d92a7-38aa-446a-9f38-091814ea3abd","VIT College","18.4635","73.8682","Chintamani Nagar","18.4651","73.864","2026-09-18T12:00:00.000Z","1","1","scooty","true","10","Pickup near the hub","COMPLETED","13","12"
"a7fda605-6fbf-46ed-bf6b-e9b5e96c34a4","aada7730-4500-49e3-9240-e7ca2f69db98","swargate-vit","86e290a5-7e39-4f7a-805e-a6154d820f01","6c30c56b-74ce-4c24-a819-98b9ab6387f5","Market Yard Corner","18.4792","73.8581","VIT College","18.4635","73.8682","2026-09-19T02:15:00.000Z","3","2","car","false","62","","CANCELLED","6","12"
"3ccc7a59-3f11-4228-8299-bdbd9ccffc36","f10fac1a-d7f2-4f4e-a8f2-d72fd48b371a","katraj-vit","6c30c56b-74ce-4c24-a819-98b9ab6387f5","11cd5543-db39-4321-9f12-008b367d2ce1","VIT College","18.4635","73.8682","Upper Indira Nagar Bus Depot","18.4682","73.8623","2026-09-20T12:00:00.000Z","2","1","car","false","65","Pickup near the hub","CANCELLED","13","11"
"ca81712f-ae45-4555-b159-71839b6f96f3","7a49978a-5b30-4a61-89ea-d655c3a89110","swargate-vit","596f6d76-b8c5-4cf2-9058-1a1a334d424d","6c30c56b-74ce-4c24-a819-98b9ab6387f5","Panchami BRTS","18.4902","73.8586","VIT College","18.4635","73.8682","2026-09-21T02:15:00.000Z","2","0","car","false","75","Morning campus commute","SCHEDULED","4","12"
"0c167933-9224-46e7-84ea-7afe5ed2a269","08fe57ab-1152-4527-a359-68c4e78e68d5","katraj-vit","6c30c56b-74ce-4c24-a819-98b9ab6387f5","0ad9adea-2c75-4d2a-86ae-34dcc0727788","VIT College","18.4635","73.8682","Shankar Maharaj Math","18.4735","73.8579","2026-09-22T12:00:00.000Z","1","0","bike","false","30","Morning campus commute","SCHEDULED","13","6"
"4b05f836-ad03-4097-90c1-298e8d0a852a","669af901-6937-4b2d-a11b-46de7e09eced","swargate-vit","a80964b4-72f5-43de-ad1a-bdcb9fca796e","6c30c56b-74ce-4c24-a819-98b9ab6387f5","Lower Indira Nagar Stop","18.4718","73.8618","VIT College","18.4635","73.8682","2026-09-23T02:15:00.000Z","1","1","scooty","true","11","Morning campus commute","SCHEDULED","8","12"
"5c88d7ba-ff8e-4b56-b2be-8cb40ca3c867","797bc6e5-c2a2-497c-bf6e-087c71a1d8b5","katraj-vit","6c30c56b-74ce-4c24-a819-98b9ab6387f5","1bc21bdf-5bcc-4dd4-8140-eac24ae23b69","VIT College","18.4635","73.8682","Kashinath Patil Nagar Stop","18.4745","73.8631","2026-09-24T12:00:00.000Z","1","0","bike","true","14","Pickup near the hub","SCHEDULED","13","10"
"f3ebf2c3-9778-49de-9d49-3dc10f94c3f9","7f819a59-7908-47e3-8d88-f31823ce6b9f","swargate-vit","11cd5543-db39-4321-9f12-008b367d2ce1","6c30c56b-74ce-4c24-a819-98b9ab6387f5","Upper Indira Nagar Bus Depot","18.4682","73.8623","VIT College","18.4635","73.8682","2026-09-25T02:15:00.000Z","2","0","car","false","66","Please arrive five minutes early","SCHEDULED","10","12"
"727ed4f1-19c6-4f72-a309-afda240e2867","08cf7a8e-ecd3-4df0-8139-226218b0981a","katraj-vit","6c30c56b-74ce-4c24-a819-98b9ab6387f5","a80964b4-72f5-43de-ad1a-bdcb9fca796e","VIT College","18.4635","73.8682","Lower Indira Nagar Stop","18.4718","73.8618","2026-09-26T12:00:00.000Z","1","0","scooty","true","7","Pickup near the hub","SCHEDULED","13","9"
"74f4dd31-a309-400c-aee2-f91f7ac85193","5ab9a35e-6ac7-4156-95ae-cc1e59bb9fa7","swargate-vit","570167fe-7324-46a2-9cf4-fbea6048e8be","6c30c56b-74ce-4c24-a819-98b9ab6387f5","City Pride BRTS","18.4845","73.8583","VIT College","18.4635","73.8682","2026-09-27T02:15:00.000Z","1","0","scooty","true","25","Please arrive five minutes early","SCHEDULED","5","12"
"7faa0492-12e5-4a9e-b31b-76e3d7fef397","53329683-b608-43d8-93dd-40f75fc7d319","katraj-vit","6c30c56b-74ce-4c24-a819-98b9ab6387f5","1bc21bdf-5bcc-4dd4-8140-eac24ae23b69","VIT College","18.4635","73.8682","Kashinath Patil Nagar Stop","18.4745","73.8631","2026-09-28T12:00:00.000Z","4","1","car","false","79","Pickup near the hub","SCHEDULED","13","10"
"30e4ddae-66c9-4866-b68f-48b04d139cac","984e14a4-a27e-416c-9397-0cf2fb53101f","swargate-vit","570167fe-7324-46a2-9cf4-fbea6048e8be","6c30c56b-74ce-4c24-a819-98b9ab6387f5","City Pride BRTS","18.4845","73.8583","VIT College","18.4635","73.8682","2026-09-29T02:15:00.000Z","1","0","bike","true","15","Please arrive five minutes early","SCHEDULED","5","12"
"3de38902-f24c-4296-8974-79ab136dd31e","08c75e3d-df80-427a-b942-864b9136eb2a","katraj-vit","6c30c56b-74ce-4c24-a819-98b9ab6387f5","eb0d92a7-38aa-446a-9f38-091814ea3abd","VIT College","18.4635","73.8682","Chintamani Nagar","18.4651","73.864","2026-09-30T12:00:00.000Z","3","1","car","false","60","Pickup near the hub","SCHEDULED","13","12"
"77a42f38-3664-4bba-a2a5-288e9759124c","77d7f815-239b-4019-bf1b-76b62751a21d","swargate-vit","eb0d92a7-38aa-446a-9f38-091814ea3abd","6c30c56b-74ce-4c24-a819-98b9ab6387f5","Chintamani Nagar","18.4651","73.864","VIT College","18.4635","73.8682","2026-10-01T02:15:00.000Z","1","0","scooty","true","23","Please arrive five minutes early","SCHEDULED","11","12"
"3030c4fc-f717-4545-9a5c-be4c04749c81","fa8313a6-d0cd-4c89-ac5a-1bcf559767e4","katraj-vit","6c30c56b-74ce-4c24-a819-98b9ab6387f5","86597dc2-00ef-475a-8a9a-daf0323897ca","VIT College","18.4635","73.8682","Katraj Terminal","18.4471","73.8562","2026-10-02T12:00:00.000Z","1","0","scooty","true","7","Pickup near the hub","SCHEDULED","13","1"
"843db221-cbb4-4277-b5aa-442f03f5b602","26f04940-3483-4462-a324-84a3c523c941","swargate-vit","0095597e-ebd1-4f83-a6c0-a8e94be6a92b","6c30c56b-74ce-4c24-a819-98b9ab6387f5","Laxmi Narayan Theatre","18.4965","73.8584","VIT College","18.4635","73.8682","2026-10-03T02:15:00.000Z","1","1","scooty","false","10","Morning campus commute","SCHEDULED","3","12"
"2ff5e51f-2fc9-439d-8c7f-d9b9ad74eda4","364c0441-918b-402a-a77c-fc9446ad8d71","katraj-vit","6c30c56b-74ce-4c24-a819-98b9ab6387f5","af5c22fe-11db-4392-b90e-85f946c0a37b","VIT College","18.4635","73.8682","KK Market BRTS","18.4683","73.8579","2026-10-04T12:00:00.000Z","1","1","bike","true","30","Please arrive five minutes early","SCHEDULED","13","5"
"a60e247e-fbac-41a7-9eff-f6a02bc41929","1d69f9fe-09f6-4a0a-8dc1-753c6b3015e6","swargate-vit","0c2d013a-9422-4c89-905f-4ec287ba2251","6c30c56b-74ce-4c24-a819-98b9ab6387f5","Swargate BRTS Stop","18.4982","73.8588","VIT College","18.4635","73.8682","2026-10-05T02:15:00.000Z","1","1","scooty","true","9","","SCHEDULED","2","12"
"b702184a-dc69-4598-a58b-f13f923f328c","0c422408-fcb3-49ec-919b-15b6c943586f","katraj-vit","6c30c56b-74ce-4c24-a819-98b9ab6387f5","3221d156-13e7-4834-84ce-848f49b87be2","VIT College","18.4635","73.8682","Bibwewadi Bus Stop","18.4792","73.8615","2026-10-06T12:00:00.000Z","1","0","bike","true","17","Please arrive five minutes early","SCHEDULED","13","8"
"32ca6a58-6f35-445f-8f40-785e66838476","8583b128-6eef-4c56-a566-5dc44a8d0a70","swargate-vit","3221d156-13e7-4834-84ce-848f49b87be2","6c30c56b-74ce-4c24-a819-98b9ab6387f5","Bibwewadi Bus Stop","18.4792","73.8615","VIT College","18.4635","73.8682","2026-10-07T02:15:00.000Z","2","2","car","false","36","Morning campus commute","SCHEDULED","7","12"
"8f24f628-f076-4a48-8fae-f133471c0490","481621b5-ffcf-4751-b9e2-151c0182f97a","katraj-vit","6c30c56b-74ce-4c24-a819-98b9ab6387f5","0ad9adea-2c75-4d2a-86ae-34dcc0727788","VIT College","18.4635","73.8682","Shankar Maharaj Math","18.4735","73.8579","2026-10-08T12:00:00.000Z","1","0","scooty","true","8","Please arrive five minutes early","SCHEDULED","13","6"
"b87eed91-78e3-4bcf-af59-1b0a98afab9a","25e86fcd-e6f3-4cae-abe5-69da8dc4879a","swargate-vit","0095597e-ebd1-4f83-a6c0-a8e94be6a92b","6c30c56b-74ce-4c24-a819-98b9ab6387f5","Laxmi Narayan Theatre","18.4965","73.8584","VIT College","18.4635","73.8682","2026-10-09T02:15:00.000Z","1","0","scooty","true","17","Morning campus commute","SCHEDULED","3","12"
"5e23b2a3-8939-47b8-8ab7-543b143b14e8","a78816e2-8aae-4e54-8410-968bc321f082","katraj-vit","6c30c56b-74ce-4c24-a819-98b9ab6387f5","ebb92112-ef31-4ebe-a259-4e999c52f0fd","VIT College","18.4635","73.8682","Bharati Vidyapeeth","18.456","73.8574","2026-10-10T12:00:00.000Z","2","2","car","false","56","Please arrive five minutes early","SCHEDULED","13","3"
"17fc828a-dc45-4e59-88e8-05df14dae365","1de804a1-1c04-4d9b-88a6-03aa475b2f23","swargate-vit","0c2d013a-9422-4c89-905f-4ec287ba2251","6c30c56b-74ce-4c24-a819-98b9ab6387f5","Swargate BRTS Stop","18.4982","73.8588","VIT College","18.4635","73.8682","2026-10-11T02:15:00.000Z","4","2","car","false","67","Morning campus commute","SCHEDULED","2","12"
"fe3980ab-6681-4aaa-b6b7-f88c7f736dc4","c366b16a-709a-4bd5-99f4-4d48e2a64d10","katraj-vit","6c30c56b-74ce-4c24-a819-98b9ab6387f5","1bc21bdf-5bcc-4dd4-8140-eac24ae23b69","VIT College","18.4635","73.8682","Kashinath Patil Nagar Stop","18.4745","73.8631","2026-10-12T12:00:00.000Z","3","1","car","false","69","","SCHEDULED","13","10"
"9ae7df25-367f-42df-bfbd-788443428f8c","b1b24393-ed6c-4074-a261-01b7aa240011","swargate-vit","1bc21bdf-5bcc-4dd4-8140-eac24ae23b69","6c30c56b-74ce-4c24-a819-98b9ab6387f5","Kashinath Patil Nagar Stop","18.4745","73.8631","VIT College","18.4635","73.8682","2026-10-13T02:15:00.000Z","1","1","scooty","true","26","","SCHEDULED","9","12"
"f92e45d3-3dcd-4da4-9336-6d6bc5eafdf2","f2ff9e67-5a69-4146-a543-f1fed27fb87a","katraj-vit","6c30c56b-74ce-4c24-a819-98b9ab6387f5","af5c22fe-11db-4392-b90e-85f946c0a37b","VIT College","18.4635","73.8682","KK Market BRTS","18.4683","73.8579","2026-10-14T12:00:00.000Z","3","0","car","false","58","Morning campus commute","SCHEDULED","13","5"
"dec379fd-f1e9-4f2f-a79b-ba1513b320c6","fc17bde9-8039-463a-b2df-6dd060d08969","swargate-vit","86e290a5-7e39-4f7a-805e-a6154d820f01","6c30c56b-74ce-4c24-a819-98b9ab6387f5","Market Yard Corner","18.4792","73.8581","VIT College","18.4635","73.8682","2026-10-15T02:15:00.000Z","1","1","bike","false","17","","SCHEDULED","6","12"
"3d41d947-5b7e-4b24-89c8-0a0b168fa8f3","7ecb9a58-e71e-47e3-b199-1b14f78ab1cd","katraj-vit","6c30c56b-74ce-4c24-a819-98b9ab6387f5","fea32ab3-d832-43d3-a3a0-788e8711526d","VIT College","18.4635","73.8682","Balaji Nagar BRTS","18.4628","73.8577","2026-10-16T12:00:00.000Z","2","1","car","false","64","Please arrive five minutes early","SCHEDULED","13","4"
"c7b24a15-2300-43ef-8511-4d5e4039cf9c","50ca192e-d3dc-40d0-996b-6eea924c44d8","swargate-vit","eb0d92a7-38aa-446a-9f38-091814ea3abd","6c30c56b-74ce-4c24-a819-98b9ab6387f5","Chintamani Nagar","18.4651","73.864","VIT College","18.4635","73.8682","2026-10-17T02:15:00.000Z","2","2","car","false","53","Please arrive five minutes early","SCHEDULED","11","12"
"bcb302ed-b8e1-4e7a-b9d9-9711e6345a1a","8fcb293d-bce3-4068-b448-c15533882e86","katraj-vit","6c30c56b-74ce-4c24-a819-98b9ab6387f5","a80964b4-72f5-43de-ad1a-bdcb9fca796e","VIT College","18.4635","73.8682","Lower Indira Nagar Stop","18.4718","73.8618","2026-10-18T12:00:00.000Z","1","0","bike","true","13","Pickup near the hub","SCHEDULED","13","9"
"13ac3ac3-ca9a-4de6-a758-d65826cd9c6b","399cdebc-51c2-422b-87a5-220f8cc2d7ac","swargate-vit","570167fe-7324-46a2-9cf4-fbea6048e8be","6c30c56b-74ce-4c24-a819-98b9ab6387f5","City Pride BRTS","18.4845","73.8583","VIT College","18.4635","73.8682","2026-10-19T02:15:00.000Z","1","1","bike","true","12","","SCHEDULED","5","12"
"33bdd8b0-270a-4643-9f36-75481d848392","ff933861-ecae-470a-9ee4-3663e749fdbc","katraj-vit","6c30c56b-74ce-4c24-a819-98b9ab6387f5","86e290a5-7e39-4f7a-805e-a6154d820f01","VIT College","18.4635","73.8682","Market Yard Corner","18.4792","73.8581","2026-10-20T12:00:00.000Z","4","1","car","false","63","Morning campus commute","SCHEDULED","13","7"
"2569287c-15b2-40a3-b5e8-0dafa32939b9","f34b84c7-eb95-4dff-958a-ef69c608f272","swargate-vit","570167fe-7324-46a2-9cf4-fbea6048e8be","6c30c56b-74ce-4c24-a819-98b9ab6387f5","City Pride BRTS","18.4845","73.8583","VIT College","18.4635","73.8682","2026-10-21T02:15:00.000Z","1","0","scooty","false","11","Please arrive five minutes early","SCHEDULED","5","12"
"9ecfe2b0-5e2d-4e84-a5cd-6839f27bdeaf","6279cde7-2c2c-4986-a9a4-55039693b818","katraj-vit","6c30c56b-74ce-4c24-a819-98b9ab6387f5","86e290a5-7e39-4f7a-805e-a6154d820f01","VIT College","18.4635","73.8682","Market Yard Corner","18.4792","73.8581","2026-10-22T12:00:00.000Z","1","0","bike","true","8","","SCHEDULED","13","7"
"2195a3b0-f61c-4a52-8a25-6a6ed093f294","61a5fb10-8cc3-48db-a009-2fdb4eb9c378","swargate-vit","0095597e-ebd1-4f83-a6c0-a8e94be6a92b","6c30c56b-74ce-4c24-a819-98b9ab6387f5","Laxmi Narayan Theatre","18.4965","73.8584","VIT College","18.4635","73.8682","2026-10-23T02:15:00.000Z","2","0","car","false","21","Morning campus commute","SCHEDULED","3","12"
"6b4dac4b-18f4-4c19-a299-aa891d88d0ef","aa4ac675-15bc-49db-b7fa-84335d28cdc7","katraj-vit","6c30c56b-74ce-4c24-a819-98b9ab6387f5","3221d156-13e7-4834-84ce-848f49b87be2","VIT College","18.4635","73.8682","Bibwewadi Bus Stop","18.4792","73.8615","2026-10-24T12:00:00.000Z","1","0","bike","true","22","Morning campus commute","SCHEDULED","13","8"
"a56af269-ecfc-444d-ae56-6f7c48cdc314","6b38852c-3199-4130-9bef-739d2cbf98cd","swargate-vit","3221d156-13e7-4834-84ce-848f49b87be2","6c30c56b-74ce-4c24-a819-98b9ab6387f5","Bibwewadi Bus Stop","18.4792","73.8615","VIT College","18.4635","73.8682","2026-10-25T02:15:00.000Z","1","0","scooty","true","6","Please arrive five minutes early","SCHEDULED","7","12"
"e02c7b5c-d598-4cca-987c-7e5eeab092fd","32c9560a-e267-4d5f-85c7-ca585ac3975e","katraj-vit","6c30c56b-74ce-4c24-a819-98b9ab6387f5","eb0d92a7-38aa-446a-9f38-091814ea3abd","VIT College","18.4635","73.8682","Chintamani Nagar","18.4651","73.864","2026-10-26T12:00:00.000Z","1","0","bike","false","19","Please arrive five minutes early","SCHEDULED","13","12"
"06ff1ac1-1cdd-4882-a3d4-05e2586953d8","15ef891e-746f-4219-8638-297ada541a3a","swargate-vit","570167fe-7324-46a2-9cf4-fbea6048e8be","6c30c56b-74ce-4c24-a819-98b9ab6387f5","City Pride BRTS","18.4845","73.8583","VIT College","18.4635","73.8682","2026-10-27T02:15:00.000Z","4","2","car","false","36","Morning campus commute","SCHEDULED","5","12"
"d0ec488d-7f75-4ee0-8089-7004c1751aa4","c4608e10-532e-42df-b9ca-6399d157bc77","katraj-vit","6c30c56b-74ce-4c24-a819-98b9ab6387f5","876d2e4d-fad4-4ee2-916c-e5ad147030cf","VIT College","18.4635","73.8682","Katraj Dairy BRTS","18.4508","73.8569","2026-10-28T12:00:00.000Z","1","0","scooty","false","18","","SCHEDULED","13","2"
"84212ac4-5d8a-494b-9283-1b20b1a76cbd","9c577260-815e-4814-ae42-db071f0604b0","swargate-vit","86e290a5-7e39-4f7a-805e-a6154d820f01","6c30c56b-74ce-4c24-a819-98b9ab6387f5","Market Yard Corner","18.4792","73.8581","VIT College","18.4635","73.8682","2026-10-29T02:15:00.000Z","1","0","scooty","true","11","Please arrive five minutes early","SCHEDULED","6","12"
"65de9618-15bc-453c-955c-fd27adf9016d","11e76d6b-888c-4c86-a3f2-2d4bab255598","katraj-vit","6c30c56b-74ce-4c24-a819-98b9ab6387f5","11cd5543-db39-4321-9f12-008b367d2ce1","VIT College","18.4635","73.8682","Upper Indira Nagar Bus Depot","18.4682","73.8623","2026-10-30T12:00:00.000Z","1","0","scooty","false","23","Morning campus commute","SCHEDULED","13","11"
"7f26a95b-2271-4604-96f8-020cce5b4e5a","12e82429-ecad-4a76-bc1b-fddf73c8c117","swargate-vit","0c2d013a-9422-4c89-905f-4ec287ba2251","6c30c56b-74ce-4c24-a819-98b9ab6387f5","Swargate BRTS Stop","18.4982","73.8588","VIT College","18.4635","73.8682","2026-10-31T02:15:00.000Z","1","0","scooty","true","11","Morning campus commute","SCHEDULED","2","12"
"19cf44e4-1c4e-447c-8642-a6400160c5f6","ac87c729-c400-43ff-9619-cd867435a982","katraj-vit","6c30c56b-74ce-4c24-a819-98b9ab6387f5","3221d156-13e7-4834-84ce-848f49b87be2","VIT College","18.4635","73.8682","Bibwewadi Bus Stop","18.4792","73.8615","2026-11-01T12:00:00.000Z","1","0","bike","true","25","Please arrive five minutes early","SCHEDULED","13","8"
"d5f8b7ff-1ca7-4515-845e-2a47b27ebb3d","65caf2f5-0b5e-452f-a096-f7f73ba694f9","swargate-vit","a80964b4-72f5-43de-ad1a-bdcb9fca796e","6c30c56b-74ce-4c24-a819-98b9ab6387f5","Lower Indira Nagar Stop","18.4718","73.8618","VIT College","18.4635","73.8682","2026-11-02T02:15:00.000Z","1","0","scooty","true","13","Morning campus commute","SCHEDULED","8","12"
"72bb384d-a783-4648-9d05-e14a47cf3d8f","e1b6b10d-5653-452d-a57d-24e8752b2f52","katraj-vit","6c30c56b-74ce-4c24-a819-98b9ab6387f5","fea32ab3-d832-43d3-a3a0-788e8711526d","VIT College","18.4635","73.8682","Balaji Nagar BRTS","18.4628","73.8577","2026-11-03T12:00:00.000Z","1","0","bike","false","29","Morning campus commute","SCHEDULED","13","4"
"b2daa0a6-5836-4cf0-b8f5-5bde896f302b","a53ad219-be12-4a6b-9852-64dfe8aa6236","swargate-vit","19cfadd2-1ff7-4a2f-b5e3-eeb73f44cc28","6c30c56b-74ce-4c24-a819-98b9ab6387f5","Swargate PMPML Main Bus Stand","18.4991","73.8583","VIT College","18.4635","73.8682","2026-11-04T02:15:00.000Z","4","3","car","false","71","Please arrive five minutes early","SCHEDULED","1","12"
"7492c402-6884-42d7-b59a-744d9e152f50","969131e9-4cc6-483d-82f8-990f056d6c5a","katraj-vit","6c30c56b-74ce-4c24-a819-98b9ab6387f5","a80964b4-72f5-43de-ad1a-bdcb9fca796e","VIT College","18.4635","73.8682","Lower Indira Nagar Stop","18.4718","73.8618","2026-11-05T12:00:00.000Z","1","0","scooty","true","5","Pickup near the hub","SCHEDULED","13","9"
"69749b31-ab8f-465d-aeed-75509f596ee2","38d92c3f-f6e4-4c90-add9-6f5ecbcd5bde","swargate-vit","3221d156-13e7-4834-84ce-848f49b87be2","6c30c56b-74ce-4c24-a819-98b9ab6387f5","Bibwewadi Bus Stop","18.4792","73.8615","VIT College","18.4635","73.8682","2026-08-08T02:15:00.000Z","2","1","car","false","68","","SCHEDULED","7","12"
"613ba694-3e7c-43c2-85d9-8c48e3915e08","a7b7dfcb-b36f-4cfc-abf8-afd48e896a75","katraj-vit","6c30c56b-74ce-4c24-a819-98b9ab6387f5","ebb92112-ef31-4ebe-a259-4e999c52f0fd","VIT College","18.4635","73.8682","Bharati Vidyapeeth","18.456","73.8574","2026-08-09T12:00:00.000Z","1","0","scooty","true","8","Pickup near the hub","SCHEDULED","13","3"
"ee8ac974-e22a-48eb-886a-1e97cec25f9b","2b79909a-3fc7-4286-93ba-521d9aa64a8f","swargate-vit","0095597e-ebd1-4f83-a6c0-a8e94be6a92b","6c30c56b-74ce-4c24-a819-98b9ab6387f5","Laxmi Narayan Theatre","18.4965","73.8584","VIT College","18.4635","73.8682","2026-08-10T02:15:00.000Z","1","1","scooty","true","8","Pickup near the hub","COMPLETED","3","12"
"60be6092-85d6-46cb-86d2-64c2d92b96a5","5a240b3c-f182-4a30-82d1-ae0f6586bff3","katraj-vit","6c30c56b-74ce-4c24-a819-98b9ab6387f5","1bc21bdf-5bcc-4dd4-8140-eac24ae23b69","VIT College","18.4635","73.8682","Kashinath Patil Nagar Stop","18.4745","73.8631","2026-08-11T12:00:00.000Z","3","2","car","false","37","Morning campus commute","COMPLETED","13","10"
"21801c4b-5ec6-48d9-859b-744725bb4c6b","9beabcea-410e-43e0-9c0e-c32f2476c785","swargate-vit","596f6d76-b8c5-4cf2-9058-1a1a334d424d","6c30c56b-74ce-4c24-a819-98b9ab6387f5","Panchami BRTS","18.4902","73.8586","VIT College","18.4635","73.8682","2026-08-12T02:15:00.000Z","1","1","bike","false","29","Pickup near the hub","COMPLETED","4","12"
"f8ef6e23-d0a7-498e-9054-ac248c942867","30e63cfd-4d4a-41f2-9c08-fe7bb0c7d4b0","katraj-vit","6c30c56b-74ce-4c24-a819-98b9ab6387f5","86597dc2-00ef-475a-8a9a-daf0323897ca","VIT College","18.4635","73.8682","Katraj Terminal","18.4471","73.8562","2026-08-13T12:00:00.000Z","3","2","car","false","36","","COMPLETED","13","1"
"1f515b63-70bd-43ce-b2b6-42af637e7a4a","85bed899-042e-4b82-a6ac-e7f8e8652524","swargate-vit","0095597e-ebd1-4f83-a6c0-a8e94be6a92b","6c30c56b-74ce-4c24-a819-98b9ab6387f5","Laxmi Narayan Theatre","18.4965","73.8584","VIT College","18.4635","73.8682","2026-08-14T02:15:00.000Z","1","0","bike","true","27","Pickup near the hub","COMPLETED","3","12"
"62a6ad9d-040a-46b9-86a4-98e88b3b4478","5b9101ca-8247-4c12-bf7c-68abf2b98166","katraj-vit","6c30c56b-74ce-4c24-a819-98b9ab6387f5","3221d156-13e7-4834-84ce-848f49b87be2","VIT College","18.4635","73.8682","Bibwewadi Bus Stop","18.4792","73.8615","2026-08-15T12:00:00.000Z","1","0","bike","true","25","Please arrive five minutes early","SCHEDULED","13","8"
"6fc8d650-22f8-42f1-b4c9-bdcadd3364d9","5468079d-9fdf-4eb9-9b29-ed8a7c650d7c","swargate-vit","86e290a5-7e39-4f7a-805e-a6154d820f01","6c30c56b-74ce-4c24-a819-98b9ab6387f5","Market Yard Corner","18.4792","73.8581","VIT College","18.4635","73.8682","2026-08-16T02:15:00.000Z","1","0","scooty","true","15","","CANCELLED","6","12"
"e93b9a72-7b21-49b6-bce7-658180d0c954","2cabb8ae-b3d7-4c51-8207-1b8fc7300e2c","katraj-vit","6c30c56b-74ce-4c24-a819-98b9ab6387f5","3221d156-13e7-4834-84ce-848f49b87be2","VIT College","18.4635","73.8682","Bibwewadi Bus Stop","18.4792","73.8615","2026-08-17T12:00:00.000Z","3","2","car","false","53","","COMPLETED","13","8"
"31c4e25f-857a-4921-b0e3-4b44ed68b09f","e16a421d-031b-47d3-936b-9d6bed68b285","swargate-vit","3221d156-13e7-4834-84ce-848f49b87be2","6c30c56b-74ce-4c24-a819-98b9ab6387f5","Bibwewadi Bus Stop","18.4792","73.8615","VIT College","18.4635","73.8682","2026-08-18T02:15:00.000Z","1","0","scooty","true","29","Pickup near the hub","SCHEDULED","7","12"
"4ac163ce-436a-4798-8087-7007c8533bb9","2cb66b98-63d0-4a21-a9ed-c884d238b71c","katraj-vit","6c30c56b-74ce-4c24-a819-98b9ab6387f5","1bc21bdf-5bcc-4dd4-8140-eac24ae23b69","VIT College","18.4635","73.8682","Kashinath Patil Nagar Stop","18.4745","73.8631","2026-08-19T12:00:00.000Z","1","0","bike","true","12","Morning campus commute","CANCELLED","13","10"
"fbb01cb7-ffcc-4c55-bcb6-a3649322d9f7","61caa1f5-7dee-45a4-964a-8e5ed8b6a158","swargate-vit","a80964b4-72f5-43de-ad1a-bdcb9fca796e","6c30c56b-74ce-4c24-a819-98b9ab6387f5","Lower Indira Nagar Stop","18.4718","73.8618","VIT College","18.4635","73.8682","2026-08-20T02:15:00.000Z","1","1","scooty","true","26","Morning campus commute","SCHEDULED","8","12"
"4e0d44dd-4e24-4759-80f9-aa605a9da707","dd95ce1d-b76e-4f1f-9a03-108aea02d0d2","katraj-vit","6c30c56b-74ce-4c24-a819-98b9ab6387f5","3221d156-13e7-4834-84ce-848f49b87be2","VIT College","18.4635","73.8682","Bibwewadi Bus Stop","18.4792","73.8615","2026-08-21T12:00:00.000Z","1","0","bike","true","9","Pickup near the hub","COMPLETED","13","8"
"df163bed-b810-40fd-a447-881153897bef","95204930-6f62-4024-8493-801a30e46f1a","swargate-vit","19cfadd2-1ff7-4a2f-b5e3-eeb73f44cc28","6c30c56b-74ce-4c24-a819-98b9ab6387f5","Swargate PMPML Main Bus Stand","18.4991","73.8583","VIT College","18.4635","73.8682","2026-08-22T02:15:00.000Z","1","1","scooty","true","3","Morning campus commute","COMPLETED","1","12"
"6c7c1fe1-6540-4e1a-9e85-46a542e5a84b","037ed347-fb73-4043-a8e2-c7edc58d6dac","katraj-vit","6c30c56b-74ce-4c24-a819-98b9ab6387f5","ebb92112-ef31-4ebe-a259-4e999c52f0fd","VIT College","18.4635","73.8682","Bharati Vidyapeeth","18.456","73.8574","2026-08-23T12:00:00.000Z","1","0","bike","true","23","Pickup near the hub","COMPLETED","13","3"
"ca344930-0efc-4f26-bc6f-a9006900db8e","843078cc-2ea7-483f-83b3-cc8bae6695c6","swargate-vit","596f6d76-b8c5-4cf2-9058-1a1a334d424d","6c30c56b-74ce-4c24-a819-98b9ab6387f5","Panchami BRTS","18.4902","73.8586","VIT College","18.4635","73.8682","2026-08-24T02:15:00.000Z","1","0","scooty","true","9","Pickup near the hub","COMPLETED","4","12"
"123e508f-3ea8-4690-9d05-50b9c726385e","d04ea078-3e78-494d-83a0-92fee39d6bb7","katraj-vit","6c30c56b-74ce-4c24-a819-98b9ab6387f5","af5c22fe-11db-4392-b90e-85f946c0a37b","VIT College","18.4635","73.8682","KK Market BRTS","18.4683","73.8579","2026-08-25T12:00:00.000Z","3","3","car","false","44","Morning campus commute","COMPLETED","13","5"
"2be199f1-236b-4c4c-95d5-07a1a637ba28","d022c9ae-ee6b-4085-b2c1-11a5c9e6c784","swargate-vit","eb0d92a7-38aa-446a-9f38-091814ea3abd","6c30c56b-74ce-4c24-a819-98b9ab6387f5","Chintamani Nagar","18.4651","73.864","VIT College","18.4635","73.8682","2026-08-26T02:15:00.000Z","3","2","car","false","24","","CANCELLED","11","12"
"4f28a994-b09c-4eb8-a485-90791a66b290","be9c6ca4-6ee9-481b-8039-dcc0a742224e","katraj-vit","6c30c56b-74ce-4c24-a819-98b9ab6387f5","86597dc2-00ef-475a-8a9a-daf0323897ca","VIT College","18.4635","73.8682","Katraj Terminal","18.4471","73.8562","2026-08-27T12:00:00.000Z","4","3","car","false","37","Pickup near the hub","COMPLETED","13","1"
"486c7829-8841-4380-a7f0-e36a01eeca68","39147f90-fbda-49de-88ec-5fe656c0d7b4","swargate-vit","86e290a5-7e39-4f7a-805e-a6154d820f01","6c30c56b-74ce-4c24-a819-98b9ab6387f5","Market Yard Corner","18.4792","73.8581","VIT College","18.4635","73.8682","2026-08-28T02:15:00.000Z","1","0","bike","true","8","Please arrive five minutes early","CANCELLED","6","12"
"779af6dc-6f98-41d7-ab09-ee759fac0e2f","ce05a8a6-09ab-4705-92d1-3f61a51fd69d","katraj-vit","6c30c56b-74ce-4c24-a819-98b9ab6387f5","1bc21bdf-5bcc-4dd4-8140-eac24ae23b69","VIT College","18.4635","73.8682","Kashinath Patil Nagar Stop","18.4745","73.8631","2026-08-29T12:00:00.000Z","1","0","scooty","true","18","Morning campus commute","CANCELLED","13","10"
"5c8a72b3-0e4a-4109-b60b-3bbd846479c9","be4d340c-e4ae-41d8-a1a2-337d84d2bfc1","swargate-vit","1bc21bdf-5bcc-4dd4-8140-eac24ae23b69","6c30c56b-74ce-4c24-a819-98b9ab6387f5","Kashinath Patil Nagar Stop","18.4745","73.8631","VIT College","18.4635","73.8682","2026-08-30T02:15:00.000Z","1","0","scooty","true","14","","SCHEDULED","9","12"
"6c723a3b-9cf7-4c29-acea-b8e91eac6037","d79a63da-78e9-4b42-a5b3-c04b428ae1c7","katraj-vit","6c30c56b-74ce-4c24-a819-98b9ab6387f5","11cd5543-db39-4321-9f12-008b367d2ce1","VIT College","18.4635","73.8682","Upper Indira Nagar Bus Depot","18.4682","73.8623","2026-08-31T12:00:00.000Z","4","3","car","false","32","Pickup near the hub","COMPLETED","13","11"
"9ea78b52-e13e-41aa-b6e6-c6fb804b9d6a","b0ac27cd-c785-4a92-96f7-125faca0aafd","swargate-vit","1bc21bdf-5bcc-4dd4-8140-eac24ae23b69","6c30c56b-74ce-4c24-a819-98b9ab6387f5","Kashinath Patil Nagar Stop","18.4745","73.8631","VIT College","18.4635","73.8682","2026-09-01T02:15:00.000Z","4","3","car","false","73","Please arrive five minutes early","COMPLETED","9","12"
"c66dd1ed-18b4-4685-afa4-ba930d2ec6ae","7cbb830b-c6bc-4fec-a09b-14b8c825bef8","katraj-vit","6c30c56b-74ce-4c24-a819-98b9ab6387f5","11cd5543-db39-4321-9f12-008b367d2ce1","VIT College","18.4635","73.8682","Upper Indira Nagar Bus Depot","18.4682","73.8623","2026-09-02T12:00:00.000Z","1","0","bike","true","29","Please arrive five minutes early","COMPLETED","13","11"
"4b422e98-d5a6-4579-aa76-42b78890e429","fbd59ae5-86aa-4b7c-b82b-b7c0b9d357a3","swargate-vit","0c2d013a-9422-4c89-905f-4ec287ba2251","6c30c56b-74ce-4c24-a819-98b9ab6387f5","Swargate BRTS Stop","18.4982","73.8588","VIT College","18.4635","73.8682","2026-09-03T02:15:00.000Z","1","0","bike","true","5","Pickup near the hub","COMPLETED","2","12"
"ba00c892-2844-4ab3-879b-9a9dc2b0af3f","51e576cc-ab7a-49bd-ad0b-21fda7d2bda2","katraj-vit","6c30c56b-74ce-4c24-a819-98b9ab6387f5","0ad9adea-2c75-4d2a-86ae-34dcc0727788","VIT College","18.4635","73.8682","Shankar Maharaj Math","18.4735","73.8579","2026-09-04T12:00:00.000Z","1","0","scooty","true","27","Pickup near the hub","COMPLETED","13","6"
"3b1db765-fbbb-466f-a731-bc05630e3858","2f12a413-553c-4203-bffb-955e3123875f","swargate-vit","570167fe-7324-46a2-9cf4-fbea6048e8be","6c30c56b-74ce-4c24-a819-98b9ab6387f5","City Pride BRTS","18.4845","73.8583","VIT College","18.4635","73.8682","2026-09-05T02:15:00.000Z","1","0","scooty","true","28","Morning campus commute","COMPLETED","5","12"
"1b8a5b75-d5a5-49f6-a51f-892105a811d8","666980bd-8e4f-4f8c-8b8f-e0c3b08af505","katraj-vit","6c30c56b-74ce-4c24-a819-98b9ab6387f5","fea32ab3-d832-43d3-a3a0-788e8711526d","VIT College","18.4635","73.8682","Balaji Nagar BRTS","18.4628","73.8577","2026-09-06T12:00:00.000Z","1","0","bike","false","18","Morning campus commute","CANCELLED","13","4"
"5b9cb057-d1d3-4cf0-ad40-f0f71cabc014","ced6df1d-3ee8-4c76-8610-955b666d02b6","swargate-vit","0095597e-ebd1-4f83-a6c0-a8e94be6a92b","6c30c56b-74ce-4c24-a819-98b9ab6387f5","Laxmi Narayan Theatre","18.4965","73.8584","VIT College","18.4635","73.8682","2026-09-07T02:15:00.000Z","1","0","bike","true","21","Please arrive five minutes early","SCHEDULED","3","12"
"45ab89bc-1712-4465-8ccc-7655a5de55f9","f599bc96-4841-492f-a111-bec5b3b961ae","katraj-vit","6c30c56b-74ce-4c24-a819-98b9ab6387f5","86e290a5-7e39-4f7a-805e-a6154d820f01","VIT College","18.4635","73.8682","Market Yard Corner","18.4792","73.8581","2026-09-08T12:00:00.000Z","1","1","bike","true","15","Morning campus commute","CANCELLED","13","7"
"6db03bbb-4d28-4aa6-ab41-981cd5606957","523365f0-54d7-48ce-b828-50e1b0a2737e","swargate-vit","86e290a5-7e39-4f7a-805e-a6154d820f01","6c30c56b-74ce-4c24-a819-98b9ab6387f5","Market Yard Corner","18.4792","73.8581","VIT College","18.4635","73.8682","2026-09-09T02:15:00.000Z","1","0","bike","true","26","Morning campus commute","COMPLETED","6","12"
"60ddfbc2-dcb5-4b92-a7c4-51c191b4a376","228adcc3-430e-4eba-ba35-403a9eae4ae6","katraj-vit","6c30c56b-74ce-4c24-a819-98b9ab6387f5","876d2e4d-fad4-4ee2-916c-e5ad147030cf","VIT College","18.4635","73.8682","Katraj Dairy BRTS","18.4508","73.8569","2026-09-10T12:00:00.000Z","1","0","scooty","true","24","Morning campus commute","COMPLETED","13","2"
"c9a57223-aeb8-4e50-9854-0070f3c536ba","9ef8f4fa-8101-4ff2-80ff-91a966e3bab8","swargate-vit","596f6d76-b8c5-4cf2-9058-1a1a334d424d","6c30c56b-74ce-4c24-a819-98b9ab6387f5","Panchami BRTS","18.4902","73.8586","VIT College","18.4635","73.8682","2026-09-11T02:15:00.000Z","1","0","scooty","true","2","Please arrive five minutes early","COMPLETED","4","12"
"9ee59e35-056b-4d71-ac1c-341202fb26ed","7a6f894d-c3ee-4aa4-a5c8-b62bdfa18164","katraj-vit","6c30c56b-74ce-4c24-a819-98b9ab6387f5","eb0d92a7-38aa-446a-9f38-091814ea3abd","VIT College","18.4635","73.8682","Chintamani Nagar","18.4651","73.864","2026-09-12T12:00:00.000Z","1","0","scooty","true","1","Pickup near the hub","COMPLETED","13","12"
"95e93a87-27ee-4ca0-b3cd-8695eb53eb78","fcfaa482-6492-469b-ba42-8abf44531f61","swargate-vit","570167fe-7324-46a2-9cf4-fbea6048e8be","6c30c56b-74ce-4c24-a819-98b9ab6387f5","City Pride BRTS","18.4845","73.8583","VIT College","18.4635","73.8682","2026-09-13T02:15:00.000Z","1","1","bike","true","15","","COMPLETED","5","12"
"0065da03-c4a0-463b-bbce-a338e78a7abd","2a786db0-f79e-4a08-a45d-7143a56be137","katraj-vit","6c30c56b-74ce-4c24-a819-98b9ab6387f5","3221d156-13e7-4834-84ce-848f49b87be2","VIT College","18.4635","73.8682","Bibwewadi Bus Stop","18.4792","73.8615","2026-09-14T12:00:00.000Z","1","0","bike","true","9","Please arrive five minutes early","CANCELLED","13","8"
"f2388f06-651a-4bbc-844e-a18f213c7c17","20b672de-a2b7-4ee4-8a1e-2dd98d7a3278","swargate-vit","1bc21bdf-5bcc-4dd4-8140-eac24ae23b69","6c30c56b-74ce-4c24-a819-98b9ab6387f5","Kashinath Patil Nagar Stop","18.4745","73.8631","VIT College","18.4635","73.8682","2026-09-15T02:15:00.000Z","1","0","bike","true","3","Pickup near the hub","COMPLETED","9","12"
"9ccd89c5-9b93-4a5e-94b7-69b12d8c1962","1386d7bb-79eb-4e36-b78d-7ac74357b589","katraj-vit","6c30c56b-74ce-4c24-a819-98b9ab6387f5","eb0d92a7-38aa-446a-9f38-091814ea3abd","VIT College","18.4635","73.8682","Chintamani Nagar","18.4651","73.864","2026-09-16T12:00:00.000Z","1","1","bike","true","18","Morning campus commute","CANCELLED","13","12"
"80f4cb7d-0003-407e-aa9f-5d4d85dac997","db21b52b-86e1-49c0-82fe-f5d33db4323f","swargate-vit","eb0d92a7-38aa-446a-9f38-091814ea3abd","6c30c56b-74ce-4c24-a819-98b9ab6387f5","Chintamani Nagar","18.4651","73.864","VIT College","18.4635","73.8682","2026-09-17T02:15:00.000Z","3","3","car","false","56","","COMPLETED","11","12"
"79b43ff4-87f4-4ace-8679-16b42cb33ad5","f0c7e0ed-5ec8-43e2-aabe-d0c93c5234e3","katraj-vit","6c30c56b-74ce-4c24-a819-98b9ab6387f5","876d2e4d-fad4-4ee2-916c-e5ad147030cf","VIT College","18.4635","73.8682","Katraj Dairy BRTS","18.4508","73.8569","2026-09-18T12:00:00.000Z","1","0","bike","true","6","Morning campus commute","SCHEDULED","13","2"
"6f535cbb-80e2-4968-bcd9-f7016b177cae","f0be6e7d-be56-4dae-a215-ca68d901c731","swargate-vit","0095597e-ebd1-4f83-a6c0-a8e94be6a92b","6c30c56b-74ce-4c24-a819-98b9ab6387f5","Laxmi Narayan Theatre","18.4965","73.8584","VIT College","18.4635","73.8682","2026-09-19T02:15:00.000Z","1","0","scooty","true","22","","SCHEDULED","3","12"
"23626a72-9385-46f6-a839-c14d118dd91b","be4ef771-c8b1-4464-b4f7-41e3ea277c87","katraj-vit","6c30c56b-74ce-4c24-a819-98b9ab6387f5","a80964b4-72f5-43de-ad1a-bdcb9fca796e","VIT College","18.4635","73.8682","Lower Indira Nagar Stop","18.4718","73.8618","2026-09-20T12:00:00.000Z","1","1","scooty","true","28","Pickup near the hub","COMPLETED","13","9"
"ba7bfc1b-25ba-4a42-a0a3-a144d7ec29ae","2c463203-2185-4bb6-ac9c-dbf4b358d3f9","swargate-vit","11cd5543-db39-4321-9f12-008b367d2ce1","6c30c56b-74ce-4c24-a819-98b9ab6387f5","Upper Indira Nagar Bus Depot","18.4682","73.8623","VIT College","18.4635","73.8682","2026-09-21T02:15:00.000Z","4","3","car","false","39","Please arrive five minutes early","CANCELLED","10","12"
"f7c3edde-8d74-4490-afc2-6830ce3be3e9","e0a60ad9-cc73-4c06-a3f4-008b5f55a00b","katraj-vit","6c30c56b-74ce-4c24-a819-98b9ab6387f5","fea32ab3-d832-43d3-a3a0-788e8711526d","VIT College","18.4635","73.8682","Balaji Nagar BRTS","18.4628","73.8577","2026-09-22T12:00:00.000Z","3","2","car","false","37","Please arrive five minutes early","SCHEDULED","13","4"
"383334eb-8e6f-45e0-a74f-f27d7923a853","bf4c6c59-6b96-40c9-9575-8528b27b985c","swargate-vit","19cfadd2-1ff7-4a2f-b5e3-eeb73f44cc28","6c30c56b-74ce-4c24-a819-98b9ab6387f5","Swargate PMPML Main Bus Stand","18.4991","73.8583","VIT College","18.4635","73.8682","2026-09-23T02:15:00.000Z","1","0","bike","true","6","","SCHEDULED","1","12"
"f7b6f59b-ebce-4ea1-a91a-c0ed82b55535","a1ef1ce8-9cb0-499a-bca0-636d395b8e27","katraj-vit","6c30c56b-74ce-4c24-a819-98b9ab6387f5","1bc21bdf-5bcc-4dd4-8140-eac24ae23b69","VIT College","18.4635","73.8682","Kashinath Patil Nagar Stop","18.4745","73.8631","2026-09-24T12:00:00.000Z","3","1","car","false","26","Pickup near the hub","SCHEDULED","13","10"
"77248a4c-1d18-46aa-bda2-50badfa9a128","39d3794d-33e3-4ffe-b495-fbaa9d28a26b","swargate-vit","0c2d013a-9422-4c89-905f-4ec287ba2251","6c30c56b-74ce-4c24-a819-98b9ab6387f5","Swargate BRTS Stop","18.4982","73.8588","VIT College","18.4635","73.8682","2026-09-25T02:15:00.000Z","1","0","scooty","true","12","","SCHEDULED","2","12"
"0e23714a-8fc8-4516-913a-d61ce96d2f6c","6afa4784-41a5-471b-8dbf-dcd4ef8d1af1","katraj-vit","6c30c56b-74ce-4c24-a819-98b9ab6387f5","86597dc2-00ef-475a-8a9a-daf0323897ca","VIT College","18.4635","73.8682","Katraj Terminal","18.4471","73.8562","2026-09-26T12:00:00.000Z","2","0","car","false","30","Morning campus commute","SCHEDULED","13","1"
"659bb4cc-28f2-40ec-9aa2-12bca3d2f4c6","9907b9e1-2eaf-4019-b6c3-d17953880b08","swargate-vit","19cfadd2-1ff7-4a2f-b5e3-eeb73f44cc28","6c30c56b-74ce-4c24-a819-98b9ab6387f5","Swargate PMPML Main Bus Stand","18.4991","73.8583","VIT College","18.4635","73.8682","2026-09-27T02:15:00.000Z","1","0","scooty","true","28","Please arrive five minutes early","SCHEDULED","1","12"
"a040ab92-a6d6-4fa4-8342-cb29cac3e2b3","50b52ef7-937a-4ad7-a6ea-5df63741b351","katraj-vit","6c30c56b-74ce-4c24-a819-98b9ab6387f5","11cd5543-db39-4321-9f12-008b367d2ce1","VIT College","18.4635","73.8682","Upper Indira Nagar Bus Depot","18.4682","73.8623","2026-09-28T12:00:00.000Z","1","1","bike","true","4","","SCHEDULED","13","11"
"797003c1-bbcb-4d03-8990-1644062bd768","aa992245-dc20-4688-8711-279522417636","swargate-vit","0c2d013a-9422-4c89-905f-4ec287ba2251","6c30c56b-74ce-4c24-a819-98b9ab6387f5","Swargate BRTS Stop","18.4982","73.8588","VIT College","18.4635","73.8682","2026-09-29T02:15:00.000Z","1","0","scooty","true","28","Morning campus commute","SCHEDULED","2","12"
"efbb5164-3247-4ace-bf91-60acbfeffdd1","b5e29269-7643-45b9-ac7a-a2ccd2b93983","katraj-vit","6c30c56b-74ce-4c24-a819-98b9ab6387f5","af5c22fe-11db-4392-b90e-85f946c0a37b","VIT College","18.4635","73.8682","KK Market BRTS","18.4683","73.8579","2026-09-30T12:00:00.000Z","1","0","scooty","true","27","Morning campus commute","SCHEDULED","13","5"
"26051dbe-7196-4480-9f96-304a9a97e6a6","5bed2f04-01f9-4e95-995a-1a0c306ae9c3","swargate-vit","570167fe-7324-46a2-9cf4-fbea6048e8be","6c30c56b-74ce-4c24-a819-98b9ab6387f5","City Pride BRTS","18.4845","73.8583","VIT College","18.4635","73.8682","2026-10-01T02:15:00.000Z","1","0","scooty","true","25","","SCHEDULED","5","12"
"9b0536cc-3796-4542-a244-927ad576e6cb","d96dc164-dffd-4bcb-bc7b-ca59b2d88379","katraj-vit","6c30c56b-74ce-4c24-a819-98b9ab6387f5","86e290a5-7e39-4f7a-805e-a6154d820f01","VIT College","18.4635","73.8682","Market Yard Corner","18.4792","73.8581","2026-10-02T12:00:00.000Z","1","0","scooty","true","28","Pickup near the hub","SCHEDULED","13","7"
"b8e91512-a362-4886-a19a-d3890cbb5545","ef881127-bf53-4e44-ac88-4d08e32ca7a0","swargate-vit","19cfadd2-1ff7-4a2f-b5e3-eeb73f44cc28","6c30c56b-74ce-4c24-a819-98b9ab6387f5","Swargate PMPML Main Bus Stand","18.4991","73.8583","VIT College","18.4635","73.8682","2026-10-03T02:15:00.000Z","1","1","bike","true","6","Pickup near the hub","SCHEDULED","1","12"
"84e3ef14-da9e-426d-9e7d-2c0ac184c535","694401c9-b4fa-4309-b22d-16609d61782c","katraj-vit","6c30c56b-74ce-4c24-a819-98b9ab6387f5","876d2e4d-fad4-4ee2-916c-e5ad147030cf","VIT College","18.4635","73.8682","Katraj Dairy BRTS","18.4508","73.8569","2026-10-04T12:00:00.000Z","4","4","car","false","68","Morning campus commute","SCHEDULED","13","2"
"0b5519b2-104f-4bca-b458-64f4400b8d97","23cdcd88-f49b-408a-af81-20c714c4290b","swargate-vit","1bc21bdf-5bcc-4dd4-8140-eac24ae23b69","6c30c56b-74ce-4c24-a819-98b9ab6387f5","Kashinath Patil Nagar Stop","18.4745","73.8631","VIT College","18.4635","73.8682","2026-10-05T02:15:00.000Z","4","2","car","false","34","","SCHEDULED","9","12"
"8032cd99-e12f-4ec2-9569-017e1ae509a9","3a674059-212e-43b5-bfeb-fc6ed59e20f7","katraj-vit","6c30c56b-74ce-4c24-a819-98b9ab6387f5","86e290a5-7e39-4f7a-805e-a6154d820f01","VIT College","18.4635","73.8682","Market Yard Corner","18.4792","73.8581","2026-10-06T12:00:00.000Z","2","1","car","false","79","Please arrive five minutes early","SCHEDULED","13","7"
"56b7d79f-522f-4f5a-8729-1e0fc9091cab","0d570a75-885b-4a1d-a33c-3705d1a1e89a","swargate-vit","596f6d76-b8c5-4cf2-9058-1a1a334d424d","6c30c56b-74ce-4c24-a819-98b9ab6387f5","Panchami BRTS","18.4902","73.8586","VIT College","18.4635","73.8682","2026-10-07T02:15:00.000Z","1","0","bike","true","24","Morning campus commute","SCHEDULED","4","12"
"f15d4dc8-30c1-4d57-b9f7-d956cd6d67cb","b351304c-33e4-4dfa-bbfe-0e46f5cda915","katraj-vit","6c30c56b-74ce-4c24-a819-98b9ab6387f5","a80964b4-72f5-43de-ad1a-bdcb9fca796e","VIT College","18.4635","73.8682","Lower Indira Nagar Stop","18.4718","73.8618","2026-10-08T12:00:00.000Z","1","0","bike","true","23","","SCHEDULED","13","9"
"61821a7c-59ee-49c4-9f97-33222e7a3e05","6871daa5-011a-4255-a4bd-29f490afb889","swargate-vit","596f6d76-b8c5-4cf2-9058-1a1a334d424d","6c30c56b-74ce-4c24-a819-98b9ab6387f5","Panchami BRTS","18.4902","73.8586","VIT College","18.4635","73.8682","2026-10-09T02:15:00.000Z","4","4","car","false","47","Morning campus commute","SCHEDULED","4","12"
"56c03a0f-fed6-4ca7-82c5-f3d96fb219b8","b2a75502-d4ef-429e-8b73-61e440e0983f","katraj-vit","6c30c56b-74ce-4c24-a819-98b9ab6387f5","1bc21bdf-5bcc-4dd4-8140-eac24ae23b69","VIT College","18.4635","73.8682","Kashinath Patil Nagar Stop","18.4745","73.8631","2026-10-10T12:00:00.000Z","1","0","scooty","false","14","Please arrive five minutes early","SCHEDULED","13","10"
"ae5704d3-79c1-48bf-b46d-1a276feed183","0da0c5dd-c04a-461b-bdd7-3d9daceaa0ff","swargate-vit","19cfadd2-1ff7-4a2f-b5e3-eeb73f44cc28","6c30c56b-74ce-4c24-a819-98b9ab6387f5","Swargate PMPML Main Bus Stand","18.4991","73.8583","VIT College","18.4635","73.8682","2026-10-11T02:15:00.000Z","1","0","scooty","true","13","Pickup near the hub","SCHEDULED","1","12"
"9b4e14f4-6393-478e-9967-9ba1024e5111","8fe8486d-63f9-47dc-b19e-cee4aa0ac9c0","katraj-vit","6c30c56b-74ce-4c24-a819-98b9ab6387f5","fea32ab3-d832-43d3-a3a0-788e8711526d","VIT College","18.4635","73.8682","Balaji Nagar BRTS","18.4628","73.8577","2026-10-12T12:00:00.000Z","3","3","car","false","20","Please arrive five minutes early","SCHEDULED","13","4"
"9ee17578-577a-4d17-91ea-a1862a7bb957","e49978a2-3a3c-40a9-aa44-f434bfa66b81","swargate-vit","11cd5543-db39-4321-9f12-008b367d2ce1","6c30c56b-74ce-4c24-a819-98b9ab6387f5","Upper Indira Nagar Bus Depot","18.4682","73.8623","VIT College","18.4635","73.8682","2026-10-13T02:15:00.000Z","1","0","scooty","true","16","Morning campus commute","SCHEDULED","10","12"
"cc7a7726-535c-4056-bf4a-94ef2b88d03d","91bce675-58bc-4bd2-b962-52dc6f401671","katraj-vit","6c30c56b-74ce-4c24-a819-98b9ab6387f5","0ad9adea-2c75-4d2a-86ae-34dcc0727788","VIT College","18.4635","73.8682","Shankar Maharaj Math","18.4735","73.8579","2026-10-14T12:00:00.000Z","1","1","scooty","true","19","Pickup near the hub","SCHEDULED","13","6"
"72bf91fc-d001-4a56-82a4-d1eb501ba250","f69ef11d-7551-4545-967a-f045a72ebb93","swargate-vit","86e290a5-7e39-4f7a-805e-a6154d820f01","6c30c56b-74ce-4c24-a819-98b9ab6387f5","Market Yard Corner","18.4792","73.8581","VIT College","18.4635","73.8682","2026-10-15T02:15:00.000Z","4","2","car","false","20","Please arrive five minutes early","SCHEDULED","6","12"
"b57bb7d4-6e87-4871-8a6a-4e0c24c47d5e","72cddc2e-6ec2-4e48-aa1a-fc6654d24fab","katraj-vit","6c30c56b-74ce-4c24-a819-98b9ab6387f5","ebb92112-ef31-4ebe-a259-4e999c52f0fd","VIT College","18.4635","73.8682","Bharati Vidyapeeth","18.456","73.8574","2026-10-16T12:00:00.000Z","4","2","car","false","71","Pickup near the hub","SCHEDULED","13","3"
"de3d37bf-00e4-47d1-a5dc-f06a4ad52cc9","b3d23434-7107-4dee-ad1b-eebdb7958392","swargate-vit","86e290a5-7e39-4f7a-805e-a6154d820f01","6c30c56b-74ce-4c24-a819-98b9ab6387f5","Market Yard Corner","18.4792","73.8581","VIT College","18.4635","73.8682","2026-10-17T02:15:00.000Z","1","0","scooty","true","18","Please arrive five minutes early","SCHEDULED","6","12"
"f411ea9b-73d0-472c-95c5-b62213b7b36a","8dcbd23c-4a1c-425e-b9e1-56d690d064a1","katraj-vit","6c30c56b-74ce-4c24-a819-98b9ab6387f5","a80964b4-72f5-43de-ad1a-bdcb9fca796e","VIT College","18.4635","73.8682","Lower Indira Nagar Stop","18.4718","73.8618","2026-10-18T12:00:00.000Z","1","0","scooty","true","20","","SCHEDULED","13","9"
"b8d59a45-5514-4c99-8110-80bd75766604","e448284e-7dcf-4d42-b0eb-1d902bcd1366","swargate-vit","86e290a5-7e39-4f7a-805e-a6154d820f01","6c30c56b-74ce-4c24-a819-98b9ab6387f5","Market Yard Corner","18.4792","73.8581","VIT College","18.4635","73.8682","2026-10-19T02:15:00.000Z","2","1","car","false","21","Pickup near the hub","SCHEDULED","6","12"
"aeda5618-e936-41db-9c78-baceabe60e7c","e338d25f-f71d-4949-82c9-72ff79bd50e0","katraj-vit","6c30c56b-74ce-4c24-a819-98b9ab6387f5","a80964b4-72f5-43de-ad1a-bdcb9fca796e","VIT College","18.4635","73.8682","Lower Indira Nagar Stop","18.4718","73.8618","2026-10-20T12:00:00.000Z","1","0","scooty","true","6","Morning campus commute","SCHEDULED","13","9"
"94cdd2bb-0863-4cd7-88f6-01b233e9a98e","edb3c65f-3d50-40e9-9a77-b8be3c596e3d","swargate-vit","86e290a5-7e39-4f7a-805e-a6154d820f01","6c30c56b-74ce-4c24-a819-98b9ab6387f5","Market Yard Corner","18.4792","73.8581","VIT College","18.4635","73.8682","2026-10-21T02:15:00.000Z","1","1","bike","true","16","Pickup near the hub","SCHEDULED","6","12"
"7c208ee0-ee1a-43cd-8991-2b2d1517daa1","76b965ae-22a7-4a52-a8af-e41b3fbabb12","katraj-vit","6c30c56b-74ce-4c24-a819-98b9ab6387f5","af5c22fe-11db-4392-b90e-85f946c0a37b","VIT College","18.4635","73.8682","KK Market BRTS","18.4683","73.8579","2026-10-22T12:00:00.000Z","1","0","bike","false","30","Morning campus commute","SCHEDULED","13","5"
"9e62d7b8-e849-4ca3-a5d9-64e5775dbaee","26dcafa5-e28f-4c96-bd7f-75ca1113e108","swargate-vit","1bc21bdf-5bcc-4dd4-8140-eac24ae23b69","6c30c56b-74ce-4c24-a819-98b9ab6387f5","Kashinath Patil Nagar Stop","18.4745","73.8631","VIT College","18.4635","73.8682","2026-10-23T02:15:00.000Z","4","4","car","false","43","Morning campus commute","SCHEDULED","9","12"
"b5eb8212-e82e-482e-ad38-6ab2bbb79976","24d2a11e-ee6c-4f5b-80ff-7fb9eb39ac32","katraj-vit","6c30c56b-74ce-4c24-a819-98b9ab6387f5","86e290a5-7e39-4f7a-805e-a6154d820f01","VIT College","18.4635","73.8682","Market Yard Corner","18.4792","73.8581","2026-10-24T12:00:00.000Z","1","0","bike","true","18","Morning campus commute","SCHEDULED","13","7"
"468c8426-089c-4852-8bb4-b6e8e1d9b359","d4ebe4da-1cf5-41e9-a052-ad2e992e76f1","swargate-vit","86e290a5-7e39-4f7a-805e-a6154d820f01","6c30c56b-74ce-4c24-a819-98b9ab6387f5","Market Yard Corner","18.4792","73.8581","VIT College","18.4635","73.8682","2026-10-25T02:15:00.000Z","1","0","scooty","false","21","Pickup near the hub","SCHEDULED","6","12"
"763a762e-7137-41f7-965b-987915935713","10da92ee-210d-4710-88f2-423a285dd142","katraj-vit","6c30c56b-74ce-4c24-a819-98b9ab6387f5","876d2e4d-fad4-4ee2-916c-e5ad147030cf","VIT College","18.4635","73.8682","Katraj Dairy BRTS","18.4508","73.8569","2026-10-26T12:00:00.000Z","4","2","car","false","79","","SCHEDULED","13","2"
"3f85d0fe-d505-450d-8f11-ecd7bded9f18","fd00b702-8bbe-4108-ab3e-1e21ba029f40","swargate-vit","86e290a5-7e39-4f7a-805e-a6154d820f01","6c30c56b-74ce-4c24-a819-98b9ab6387f5","Market Yard Corner","18.4792","73.8581","VIT College","18.4635","73.8682","2026-10-27T02:15:00.000Z","1","0","scooty","true","26","Please arrive five minutes early","SCHEDULED","6","12"
"18534323-4c1a-42b5-a4dc-3c856f3ec8fb","36032724-576b-47c8-a7f3-a44c9abca1ae","katraj-vit","6c30c56b-74ce-4c24-a819-98b9ab6387f5","86597dc2-00ef-475a-8a9a-daf0323897ca","VIT College","18.4635","73.8682","Katraj Terminal","18.4471","73.8562","2026-10-28T12:00:00.000Z","1","0","bike","true","26","Morning campus commute","SCHEDULED","13","1"
"3c834951-4aec-45a4-8748-bd87d62f01f9","47fb716c-faad-411e-a3e5-d13e542643c1","swargate-vit","3221d156-13e7-4834-84ce-848f49b87be2","6c30c56b-74ce-4c24-a819-98b9ab6387f5","Bibwewadi Bus Stop","18.4792","73.8615","VIT College","18.4635","73.8682","2026-10-29T02:15:00.000Z","1","0","bike","false","21","","SCHEDULED","7","12"
"e95fdd7d-c8c4-4511-847f-3c16f8ef073a","5ac71c5e-4117-49f2-9551-e2487ee014ca","katraj-vit","6c30c56b-74ce-4c24-a819-98b9ab6387f5","86e290a5-7e39-4f7a-805e-a6154d820f01","VIT College","18.4635","73.8682","Market Yard Corner","18.4792","73.8581","2026-10-30T12:00:00.000Z","1","1","bike","true","25","Pickup near the hub","SCHEDULED","13","7"
"96d05428-1969-43da-b74a-ede422582c45","37b52895-1597-4763-836c-78a8301f11b4","swargate-vit","19cfadd2-1ff7-4a2f-b5e3-eeb73f44cc28","6c30c56b-74ce-4c24-a819-98b9ab6387f5","Swargate PMPML Main Bus Stand","18.4991","73.8583","VIT College","18.4635","73.8682","2026-10-31T02:15:00.000Z","1","0","bike","true","8","Morning campus commute","SCHEDULED","1","12"
"fb4759b7-dc26-4c49-ba24-4223ea1311a3","d731dccd-0e69-472d-8310-13e8f5708fe5","katraj-vit","6c30c56b-74ce-4c24-a819-98b9ab6387f5","1bc21bdf-5bcc-4dd4-8140-eac24ae23b69","VIT College","18.4635","73.8682","Kashinath Patil Nagar Stop","18.4745","73.8631","2026-11-01T12:00:00.000Z","1","0","scooty","true","12","Pickup near the hub","SCHEDULED","13","10"
"024a0e49-d344-43eb-bb9a-842b30d830b2","420b1194-1446-4c01-a90b-9ad6313738f8","swargate-vit","0c2d013a-9422-4c89-905f-4ec287ba2251","6c30c56b-74ce-4c24-a819-98b9ab6387f5","Swargate BRTS Stop","18.4982","73.8588","VIT College","18.4635","73.8682","2026-11-02T02:15:00.000Z","1","0","scooty","false","23","Please arrive five minutes early","SCHEDULED","2","12"
"9406b3b7-8f8c-46b1-8a1d-31da7b01ed0f","b4c86de6-995d-4335-a3bb-265de522aecf","katraj-vit","6c30c56b-74ce-4c24-a819-98b9ab6387f5","3221d156-13e7-4834-84ce-848f49b87be2","VIT College","18.4635","73.8682","Bibwewadi Bus Stop","18.4792","73.8615","2026-11-03T12:00:00.000Z","1","0","scooty","false","17","Pickup near the hub","SCHEDULED","13","8"
"84be5a55-e829-48c8-ab27-ca6cdff57bb7","d52bd72b-f975-4a9d-a394-ead49b80912b","swargate-vit","0c2d013a-9422-4c89-905f-4ec287ba2251","6c30c56b-74ce-4c24-a819-98b9ab6387f5","Swargate BRTS Stop","18.4982","73.8588","VIT College","18.4635","73.8682","2026-11-04T02:15:00.000Z","1","0","scooty","true","18","Please arrive five minutes early","SCHEDULED","2","12"
"dd8a93a1-6a2b-4e4a-8bad-33c62546942a","4c3a0823-a2f6-449e-a285-51b92ef1ef89","katraj-vit","6c30c56b-74ce-4c24-a819-98b9ab6387f5","0ad9adea-2c75-4d2a-86ae-34dcc0727788","VIT College","18.4635","73.8682","Shankar Maharaj Math","18.4735","73.8579","2026-11-05T12:00:00.000Z","4","2","car","false","48","Morning campus commute","SCHEDULED","13","6"
"a67ab61c-bb46-417e-9943-dabd0408943b","2bf63d4b-4be8-4a3d-b079-2a7b714b0da3","swargate-vit","a80964b4-72f5-43de-ad1a-bdcb9fca796e","6c30c56b-74ce-4c24-a819-98b9ab6387f5","Lower Indira Nagar Stop","18.4718","73.8618","VIT College","18.4635","73.8682","2026-08-08T02:15:00.000Z","4","2","car","false","36","","COMPLETED","8","12"
"8a209adb-8837-4493-aae6-9a4974952f22","5adcb3aa-a473-41ba-8a29-2fa570db158b","katraj-vit","6c30c56b-74ce-4c24-a819-98b9ab6387f5","0ad9adea-2c75-4d2a-86ae-34dcc0727788","VIT College","18.4635","73.8682","Shankar Maharaj Math","18.4735","73.8579","2026-08-09T12:00:00.000Z","1","0","scooty","true","25","Please arrive five minutes early","CANCELLED","13","6"
"3b08269e-3c34-4c2b-83dd-f90ea857bc90","0c95fe70-a0ca-4d73-8f55-0b0e62001fb9","swargate-vit","0095597e-ebd1-4f83-a6c0-a8e94be6a92b","6c30c56b-74ce-4c24-a819-98b9ab6387f5","Laxmi Narayan Theatre","18.4965","73.8584","VIT College","18.4635","73.8682","2026-08-10T02:15:00.000Z","1","0","bike","true","28","","COMPLETED","3","12"
"f95b602c-ebc1-4afa-93cb-c23b4f87d0c4","542484e9-c9f4-48df-8789-a3dffda2107d","katraj-vit","6c30c56b-74ce-4c24-a819-98b9ab6387f5","fea32ab3-d832-43d3-a3a0-788e8711526d","VIT College","18.4635","73.8682","Balaji Nagar BRTS","18.4628","73.8577","2026-08-11T12:00:00.000Z","1","0","scooty","false","2","Pickup near the hub","COMPLETED","13","4"
"f78ce3e9-cfc3-4da4-856f-bd789a920ba8","c9ab0de5-362b-43a7-9367-b620469096dd","swargate-vit","0c2d013a-9422-4c89-905f-4ec287ba2251","6c30c56b-74ce-4c24-a819-98b9ab6387f5","Swargate BRTS Stop","18.4982","73.8588","VIT College","18.4635","73.8682","2026-08-12T02:15:00.000Z","4","3","car","false","79","Morning campus commute","CANCELLED","2","12"
"f3c80668-b5bc-4b28-8409-aa52172c2319","2611b03a-dd3f-4f47-9599-e17430f77e92","katraj-vit","6c30c56b-74ce-4c24-a819-98b9ab6387f5","a80964b4-72f5-43de-ad1a-bdcb9fca796e","VIT College","18.4635","73.8682","Lower Indira Nagar Stop","18.4718","73.8618","2026-08-13T12:00:00.000Z","1","0","bike","true","29","","CANCELLED","13","9"
"6a1e5e22-9695-41fc-a0b5-73377192b276","6d4eadbe-2e7e-4907-9dac-2e7ca825fe4f","swargate-vit","eb0d92a7-38aa-446a-9f38-091814ea3abd","6c30c56b-74ce-4c24-a819-98b9ab6387f5","Chintamani Nagar","18.4651","73.864","VIT College","18.4635","73.8682","2026-08-14T02:15:00.000Z","1","1","bike","true","20","Morning campus commute","COMPLETED","11","12"
"47daf1e2-49a7-4733-bda8-1503d592742f","f24e7e05-582d-47da-aa31-e435fb66bfa2","katraj-vit","6c30c56b-74ce-4c24-a819-98b9ab6387f5","86e290a5-7e39-4f7a-805e-a6154d820f01","VIT College","18.4635","73.8682","Market Yard Corner","18.4792","73.8581","2026-08-15T12:00:00.000Z","4","1","car","false","57","Morning campus commute","COMPLETED","13","7"
"11a65f74-bb06-4b9e-b312-7fa0c89dd3f6","3e9526f5-f65f-4da1-a2b1-553ce23973f7","swargate-vit","0c2d013a-9422-4c89-905f-4ec287ba2251","6c30c56b-74ce-4c24-a819-98b9ab6387f5","Swargate BRTS Stop","18.4982","73.8588","VIT College","18.4635","73.8682","2026-08-16T02:15:00.000Z","2","1","car","false","57","","COMPLETED","2","12"
"899f027c-f213-466b-8a98-1687b4746bca","e1692737-3062-4352-86d9-10ad597efff1","katraj-vit","6c30c56b-74ce-4c24-a819-98b9ab6387f5","af5c22fe-11db-4392-b90e-85f946c0a37b","VIT College","18.4635","73.8682","KK Market BRTS","18.4683","73.8579","2026-08-17T12:00:00.000Z","2","1","car","false","76","Please arrive five minutes early","CANCELLED","13","5"
"5109e657-8a30-45b3-9ea4-35ee109c2708","b478ed02-c175-49c9-846a-0e9a7f6aa6be","swargate-vit","570167fe-7324-46a2-9cf4-fbea6048e8be","6c30c56b-74ce-4c24-a819-98b9ab6387f5","City Pride BRTS","18.4845","73.8583","VIT College","18.4635","73.8682","2026-08-18T02:15:00.000Z","1","0","bike","true","19","Pickup near the hub","COMPLETED","5","12"
"ec16c5ca-3405-49a3-ad78-f1f074513ee9","ec928319-dcb1-4ffc-9713-393fac2f402a","katraj-vit","6c30c56b-74ce-4c24-a819-98b9ab6387f5","876d2e4d-fad4-4ee2-916c-e5ad147030cf","VIT College","18.4635","73.8682","Katraj Dairy BRTS","18.4508","73.8569","2026-08-19T12:00:00.000Z","2","1","car","false","68","Morning campus commute","SCHEDULED","13","2"
"1e39df68-34c9-4d9c-bcf7-0a13e977d751","fe0b23a7-80b0-4776-aec0-0e53d369acc1","swargate-vit","3221d156-13e7-4834-84ce-848f49b87be2","6c30c56b-74ce-4c24-a819-98b9ab6387f5","Bibwewadi Bus Stop","18.4792","73.8615","VIT College","18.4635","73.8682","2026-08-20T02:15:00.000Z","1","0","scooty","true","8","Please arrive five minutes early","CANCELLED","7","12"
"7eb746e6-367d-42d6-a42d-bef110f307cf","cdec7465-1f6a-4948-bdff-48b43a5e174c","katraj-vit","6c30c56b-74ce-4c24-a819-98b9ab6387f5","ebb92112-ef31-4ebe-a259-4e999c52f0fd","VIT College","18.4635","73.8682","Bharati Vidyapeeth","18.456","73.8574","2026-08-21T12:00:00.000Z","1","1","scooty","false","25","Pickup near the hub","CANCELLED","13","3"
"3bec7c23-4114-4d6d-a2a8-0d9bb3bf20ad","e36d6950-fda1-4e0a-b9a4-3109c1ef3afd","swargate-vit","0095597e-ebd1-4f83-a6c0-a8e94be6a92b","6c30c56b-74ce-4c24-a819-98b9ab6387f5","Laxmi Narayan Theatre","18.4965","73.8584","VIT College","18.4635","73.8682","2026-08-22T02:15:00.000Z","1","0","bike","false","2","Please arrive five minutes early","COMPLETED","3","12"
"47a9d685-3ee4-4c75-a812-d1b50858bd9d","fbb85f19-6812-469a-9a7e-c060b8e1330e","katraj-vit","6c30c56b-74ce-4c24-a819-98b9ab6387f5","a80964b4-72f5-43de-ad1a-bdcb9fca796e","VIT College","18.4635","73.8682","Lower Indira Nagar Stop","18.4718","73.8618","2026-08-23T12:00:00.000Z","4","3","car","false","24","Morning campus commute","CANCELLED","13","9"
"61abd12f-67f8-4d49-a1fc-8dba24a42604","6fc4cb33-0af8-44b4-af29-e2f5e70c3ca5","swargate-vit","1bc21bdf-5bcc-4dd4-8140-eac24ae23b69","6c30c56b-74ce-4c24-a819-98b9ab6387f5","Kashinath Patil Nagar Stop","18.4745","73.8631","VIT College","18.4635","73.8682","2026-08-24T02:15:00.000Z","2","0","car","false","48","","COMPLETED","9","12"
"3eda466b-bfae-4cb7-b413-2599e536b7b7","1c8d0824-69a8-4346-9507-05d4a6013c68","katraj-vit","6c30c56b-74ce-4c24-a819-98b9ab6387f5","a80964b4-72f5-43de-ad1a-bdcb9fca796e","VIT College","18.4635","73.8682","Lower Indira Nagar Stop","18.4718","73.8618","2026-08-25T12:00:00.000Z","1","0","scooty","true","5","Morning campus commute","CANCELLED","13","9"
"c0301d26-daa4-4399-9270-dc6177aab1b6","4fee29cb-0687-44a2-9f09-3ba85cef33d1","swargate-vit","86e290a5-7e39-4f7a-805e-a6154d820f01","6c30c56b-74ce-4c24-a819-98b9ab6387f5","Market Yard Corner","18.4792","73.8581","VIT College","18.4635","73.8682","2026-08-26T02:15:00.000Z","1","1","bike","true","26","Please arrive five minutes early","COMPLETED","6","12"
"793bea38-1f4c-456f-9990-b9f065e182bc","8db40dff-f7cd-4508-9c85-9ffd35177784","katraj-vit","6c30c56b-74ce-4c24-a819-98b9ab6387f5","86e290a5-7e39-4f7a-805e-a6154d820f01","VIT College","18.4635","73.8682","Market Yard Corner","18.4792","73.8581","2026-08-27T12:00:00.000Z","1","0","bike","true","20","","COMPLETED","13","7"
"ca7305d3-a75d-450e-ae5b-5f0014793ce5","287a280f-3e96-473f-a98b-7fea3a6ff244","swargate-vit","a80964b4-72f5-43de-ad1a-bdcb9fca796e","6c30c56b-74ce-4c24-a819-98b9ab6387f5","Lower Indira Nagar Stop","18.4718","73.8618","VIT College","18.4635","73.8682","2026-08-28T02:15:00.000Z","1","1","scooty","true","25","","SCHEDULED","8","12"
"4128e4e5-ee69-4513-9798-384bd7040a26","8dc944aa-aca1-45be-a9af-21bd271602d1","katraj-vit","6c30c56b-74ce-4c24-a819-98b9ab6387f5","ebb92112-ef31-4ebe-a259-4e999c52f0fd","VIT College","18.4635","73.8682","Bharati Vidyapeeth","18.456","73.8574","2026-08-29T12:00:00.000Z","1","0","scooty","false","26","Please arrive five minutes early","COMPLETED","13","3"
"7437b5cf-b16c-4674-b563-f539b54b1fdc","4e00ed27-5fe2-4835-b43b-aad7700f4e90","swargate-vit","596f6d76-b8c5-4cf2-9058-1a1a334d424d","6c30c56b-74ce-4c24-a819-98b9ab6387f5","Panchami BRTS","18.4902","73.8586","VIT College","18.4635","73.8682","2026-08-30T02:15:00.000Z","1","1","scooty","true","25","Please arrive five minutes early","COMPLETED","4","12"
"d4cce896-01e7-49b9-94f4-749b28d388f7","8d1d180b-18bc-4087-9270-19ce1583e574","katraj-vit","6c30c56b-74ce-4c24-a819-98b9ab6387f5","a80964b4-72f5-43de-ad1a-bdcb9fca796e","VIT College","18.4635","73.8682","Lower Indira Nagar Stop","18.4718","73.8618","2026-08-31T12:00:00.000Z","1","0","bike","true","27","","COMPLETED","13","9"
"2d370a77-728c-4c29-b9e9-705407dbf878","5f049c18-2f70-4261-b271-889d9956d23d","swargate-vit","eb0d92a7-38aa-446a-9f38-091814ea3abd","6c30c56b-74ce-4c24-a819-98b9ab6387f5","Chintamani Nagar","18.4651","73.864","VIT College","18.4635","73.8682","2026-09-01T02:15:00.000Z","1","0","bike","false","30","Please arrive five minutes early","CANCELLED","11","12"
"445347b0-7a06-421e-8abc-0e6b0ca2cda1","9e5cb7c9-7ef5-48c4-9a63-9e419dbc1b10","katraj-vit","6c30c56b-74ce-4c24-a819-98b9ab6387f5","af5c22fe-11db-4392-b90e-85f946c0a37b","VIT College","18.4635","73.8682","KK Market BRTS","18.4683","73.8579","2026-09-02T12:00:00.000Z","1","0","scooty","true","17","","COMPLETED","13","5"
"494f77c5-5f85-4e36-bc59-f97e2d7f57aa","18da61b6-4b5b-4090-ae04-48fad27b6a3d","swargate-vit","11cd5543-db39-4321-9f12-008b367d2ce1","6c30c56b-74ce-4c24-a819-98b9ab6387f5","Upper Indira Nagar Bus Depot","18.4682","73.8623","VIT College","18.4635","73.8682","2026-09-03T02:15:00.000Z","3","0","car","false","45","Pickup near the hub","CANCELLED","10","12"
"480684cd-dae5-4327-b00b-69d3eb097200","cb3f3ef2-5ef7-449a-8f63-2d283dcb08cf","katraj-vit","6c30c56b-74ce-4c24-a819-98b9ab6387f5","1bc21bdf-5bcc-4dd4-8140-eac24ae23b69","VIT College","18.4635","73.8682","Kashinath Patil Nagar Stop","18.4745","73.8631","2026-09-04T12:00:00.000Z","1","0","bike","true","8","","COMPLETED","13","10"
"9da840fd-ef4f-4741-be55-aa89b3798220","69158428-13ec-44bc-be1b-661be60211b1","swargate-vit","a80964b4-72f5-43de-ad1a-bdcb9fca796e","6c30c56b-74ce-4c24-a819-98b9ab6387f5","Lower Indira Nagar Stop","18.4718","73.8618","VIT College","18.4635","73.8682","2026-09-05T02:15:00.000Z","1","0","bike","true","11","Morning campus commute","CANCELLED","8","12"
"2b7f065f-d763-4c8d-81d5-29d53b346904","85802130-aece-4a5c-b091-be9de76fa62e","katraj-vit","6c30c56b-74ce-4c24-a819-98b9ab6387f5","86e290a5-7e39-4f7a-805e-a6154d820f01","VIT College","18.4635","73.8682","Market Yard Corner","18.4792","73.8581","2026-09-06T12:00:00.000Z","2","2","car","false","20","Morning campus commute","CANCELLED","13","7"
"c47f6ff6-c48b-437f-aa20-f26fe4c69d61","a8d214fd-de07-4ea1-bae5-557d146f9b27","swargate-vit","570167fe-7324-46a2-9cf4-fbea6048e8be","6c30c56b-74ce-4c24-a819-98b9ab6387f5","City Pride BRTS","18.4845","73.8583","VIT College","18.4635","73.8682","2026-09-07T02:15:00.000Z","4","3","car","false","45","Please arrive five minutes early","CANCELLED","5","12"
"9268a873-7503-443f-bbaa-0c851e3c8710","f6c03d6c-620f-48f6-af10-83f362b1c35a","katraj-vit","6c30c56b-74ce-4c24-a819-98b9ab6387f5","86597dc2-00ef-475a-8a9a-daf0323897ca","VIT College","18.4635","73.8682","Katraj Terminal","18.4471","73.8562","2026-09-08T12:00:00.000Z","1","0","bike","true","6","","COMPLETED","13","1"
"f32b0f87-d50d-47ef-8801-3ef854a3bc8b","8e8cd61b-b7bc-4aca-9fce-e812388f43cc","swargate-vit","11cd5543-db39-4321-9f12-008b367d2ce1","6c30c56b-74ce-4c24-a819-98b9ab6387f5","Upper Indira Nagar Bus Depot","18.4682","73.8623","VIT College","18.4635","73.8682","2026-09-09T02:15:00.000Z","3","3","car","false","25","","COMPLETED","10","12"
"87201639-8ebc-4525-aa9b-ce9afa61685b","5b1a8339-482f-4cfd-adca-c91175dce9e8","katraj-vit","6c30c56b-74ce-4c24-a819-98b9ab6387f5","3221d156-13e7-4834-84ce-848f49b87be2","VIT College","18.4635","73.8682","Bibwewadi Bus Stop","18.4792","73.8615","2026-09-10T12:00:00.000Z","1","1","scooty","true","11","","COMPLETED","13","8"
"f57e7154-e4f2-437f-a78f-c51a03797777","b407e420-bc95-44d7-9048-179efe644dba","swargate-vit","3221d156-13e7-4834-84ce-848f49b87be2","6c30c56b-74ce-4c24-a819-98b9ab6387f5","Bibwewadi Bus Stop","18.4792","73.8615","VIT College","18.4635","73.8682","2026-09-11T02:15:00.000Z","4","3","car","false","54","","COMPLETED","7","12"
"6fd7a87f-0aa1-48e0-adaa-d5da43ad6451","17be73c9-0769-4965-981b-a5457dd33ba5","katraj-vit","6c30c56b-74ce-4c24-a819-98b9ab6387f5","0ad9adea-2c75-4d2a-86ae-34dcc0727788","VIT College","18.4635","73.8682","Shankar Maharaj Math","18.4735","73.8579","2026-09-12T12:00:00.000Z","1","0","scooty","true","30","Please arrive five minutes early","COMPLETED","13","6"
"3e0e06e4-85e8-4288-8bad-8664a9d67a1c","1e8f38cb-b0ae-4701-9268-3c8e55456ef9","swargate-vit","19cfadd2-1ff7-4a2f-b5e3-eeb73f44cc28","6c30c56b-74ce-4c24-a819-98b9ab6387f5","Swargate PMPML Main Bus Stand","18.4991","73.8583","VIT College","18.4635","73.8682","2026-09-13T02:15:00.000Z","1","0","bike","true","2","Pickup near the hub","COMPLETED","1","12"
"c727bebc-b6c3-4381-a2a9-ca3880b69d66","fe668d59-83f5-4167-b303-948c22591f60","katraj-vit","6c30c56b-74ce-4c24-a819-98b9ab6387f5","ebb92112-ef31-4ebe-a259-4e999c52f0fd","VIT College","18.4635","73.8682","Bharati Vidyapeeth","18.456","73.8574","2026-09-14T12:00:00.000Z","1","0","scooty","true","21","Morning campus commute","COMPLETED","13","3"
"4c964aa8-81a3-4de0-94ef-579a0c5c6534","72a2f2bb-d751-41f3-8634-e09d45e07917","swargate-vit","570167fe-7324-46a2-9cf4-fbea6048e8be","6c30c56b-74ce-4c24-a819-98b9ab6387f5","City Pride BRTS","18.4845","73.8583","VIT College","18.4635","73.8682","2026-09-15T02:15:00.000Z","1","0","bike","true","9","Pickup near the hub","CANCELLED","5","12"
"3598018d-5e4e-4cf8-84e1-59b7ba318250","286cf4ab-43ca-4259-b0fc-da25195d0244","katraj-vit","6c30c56b-74ce-4c24-a819-98b9ab6387f5","a80964b4-72f5-43de-ad1a-bdcb9fca796e","VIT College","18.4635","73.8682","Lower Indira Nagar Stop","18.4718","73.8618","2026-09-16T12:00:00.000Z","1","1","scooty","true","19","Please arrive five minutes early","COMPLETED","13","9"
"9bc4bf71-8a47-4617-a4fa-55226b71e106","71828ca0-ebd4-4211-ba24-a16f7159e15d","swargate-vit","86e290a5-7e39-4f7a-805e-a6154d820f01","6c30c56b-74ce-4c24-a819-98b9ab6387f5","Market Yard Corner","18.4792","73.8581","VIT College","18.4635","73.8682","2026-09-17T02:15:00.000Z","2","0","car","false","21","Pickup near the hub","COMPLETED","6","12"
"1c60a801-e745-43f1-9be4-4fbe68af7d2e","22cd2c32-c447-4e38-8e94-504aa1dee620","katraj-vit","6c30c56b-74ce-4c24-a819-98b9ab6387f5","a80964b4-72f5-43de-ad1a-bdcb9fca796e","VIT College","18.4635","73.8682","Lower Indira Nagar Stop","18.4718","73.8618","2026-09-18T12:00:00.000Z","1","1","bike","true","12","","COMPLETED","13","9"
"78207ebf-2ad0-49ac-929a-37a5983883c9","049a400b-5043-4cc0-8f0c-a2000b0bc7c2","swargate-vit","3221d156-13e7-4834-84ce-848f49b87be2","6c30c56b-74ce-4c24-a819-98b9ab6387f5","Bibwewadi Bus Stop","18.4792","73.8615","VIT College","18.4635","73.8682","2026-09-19T02:15:00.000Z","1","0","scooty","true","22","Please arrive five minutes early","SCHEDULED","7","12"
"61ba6f8f-0984-4158-a063-dfb56bdeaf3f","033a0415-353b-46da-a08f-1e6fb661c073","katraj-vit","6c30c56b-74ce-4c24-a819-98b9ab6387f5","3221d156-13e7-4834-84ce-848f49b87be2","VIT College","18.4635","73.8682","Bibwewadi Bus Stop","18.4792","73.8615","2026-09-20T12:00:00.000Z","1","0","bike","true","2","Please arrive five minutes early","COMPLETED","13","8"
"9f78ead0-be12-4ff7-a015-b4241037f0ee","4eb4654f-b132-4610-b82a-80fd5aa524c0","swargate-vit","3221d156-13e7-4834-84ce-848f49b87be2","6c30c56b-74ce-4c24-a819-98b9ab6387f5","Bibwewadi Bus Stop","18.4792","73.8615","VIT College","18.4635","73.8682","2026-09-21T02:15:00.000Z","1","0","scooty","true","15","Pickup near the hub","COMPLETED","7","12"
"647fbd36-865a-44b2-a6ca-97a8134efdbd","1712b652-bce4-4309-8027-92304c9fed8f","katraj-vit","6c30c56b-74ce-4c24-a819-98b9ab6387f5","a80964b4-72f5-43de-ad1a-bdcb9fca796e","VIT College","18.4635","73.8682","Lower Indira Nagar Stop","18.4718","73.8618","2026-09-22T12:00:00.000Z","2","0","car","false","42","Please arrive five minutes early","SCHEDULED","13","9"
"2d1152c7-b18b-447e-b33f-474373a3a54c","8574ead2-c80a-462a-8ad9-5f880cff1bd5","swargate-vit","11cd5543-db39-4321-9f12-008b367d2ce1","6c30c56b-74ce-4c24-a819-98b9ab6387f5","Upper Indira Nagar Bus Depot","18.4682","73.8623","VIT College","18.4635","73.8682","2026-09-23T02:15:00.000Z","3","2","car","false","27","Morning campus commute","SCHEDULED","10","12"
"321dd256-34c6-426c-a9fb-5330efa1eacb","52467296-cc1a-4959-869c-83e18fa9c89e","katraj-vit","6c30c56b-74ce-4c24-a819-98b9ab6387f5","af5c22fe-11db-4392-b90e-85f946c0a37b","VIT College","18.4635","73.8682","KK Market BRTS","18.4683","73.8579","2026-09-24T12:00:00.000Z","1","0","bike","true","30","","SCHEDULED","13","5"
"7e64c46a-fefa-4b79-b67b-e53022d6ee16","8a8524b8-3506-433a-9249-833aa24fb089","swargate-vit","570167fe-7324-46a2-9cf4-fbea6048e8be","6c30c56b-74ce-4c24-a819-98b9ab6387f5","City Pride BRTS","18.4845","73.8583","VIT College","18.4635","73.8682","2026-09-25T02:15:00.000Z","1","0","bike","true","26","Please arrive five minutes early","SCHEDULED","5","12"
"8652bdd3-afc3-4084-ac55-bfdba3ec9456","8ea08f3a-4be1-4f97-9251-d633e633dc41","katraj-vit","6c30c56b-74ce-4c24-a819-98b9ab6387f5","3221d156-13e7-4834-84ce-848f49b87be2","VIT College","18.4635","73.8682","Bibwewadi Bus Stop","18.4792","73.8615","2026-09-26T12:00:00.000Z","1","1","scooty","false","13","","SCHEDULED","13","8"
"2cf0d245-75fc-4d62-99a4-7dd92de50866","09fad991-eb28-483c-a92f-412d005f86e1","swargate-vit","3221d156-13e7-4834-84ce-848f49b87be2","6c30c56b-74ce-4c24-a819-98b9ab6387f5","Bibwewadi Bus Stop","18.4792","73.8615","VIT College","18.4635","73.8682","2026-09-27T02:15:00.000Z","1","0","scooty","true","3","Pickup near the hub","SCHEDULED","7","12"
"bc556f6c-6978-4504-9c39-035c36506fb1","4ca5fb96-60cc-461f-9950-c00386ae3d0d","katraj-vit","6c30c56b-74ce-4c24-a819-98b9ab6387f5","876d2e4d-fad4-4ee2-916c-e5ad147030cf","VIT College","18.4635","73.8682","Katraj Dairy BRTS","18.4508","73.8569","2026-09-28T12:00:00.000Z","2","0","car","false","45","","SCHEDULED","13","2"
"47272ea0-551f-40f7-aa8a-a097d4d9f0ef","22829531-9959-4ca6-a928-9f36eb4703e1","swargate-vit","596f6d76-b8c5-4cf2-9058-1a1a334d424d","6c30c56b-74ce-4c24-a819-98b9ab6387f5","Panchami BRTS","18.4902","73.8586","VIT College","18.4635","73.8682","2026-09-29T02:15:00.000Z","1","0","bike","true","15","Please arrive five minutes early","SCHEDULED","4","12"
"03049748-8647-4ae0-b12d-9b08d872fc52","97e2c868-d328-4e04-a87f-cdd9bf32f321","katraj-vit","6c30c56b-74ce-4c24-a819-98b9ab6387f5","11cd5543-db39-4321-9f12-008b367d2ce1","VIT College","18.4635","73.8682","Upper Indira Nagar Bus Depot","18.4682","73.8623","2026-09-30T12:00:00.000Z","2","1","car","false","59","Please arrive five minutes early","SCHEDULED","13","11"
"573dcd31-9475-4757-9b21-d3e643f57981","53476aa4-9daa-46aa-9332-69d4a4566a3d","swargate-vit","19cfadd2-1ff7-4a2f-b5e3-eeb73f44cc28","6c30c56b-74ce-4c24-a819-98b9ab6387f5","Swargate PMPML Main Bus Stand","18.4991","73.8583","VIT College","18.4635","73.8682","2026-10-01T02:15:00.000Z","3","2","car","false","39","","SCHEDULED","1","12"
"45e48165-8985-4179-915e-31d805c0a0f3","86105958-87be-4dcd-b670-bf501ca8dcdd","katraj-vit","6c30c56b-74ce-4c24-a819-98b9ab6387f5","1bc21bdf-5bcc-4dd4-8140-eac24ae23b69","VIT College","18.4635","73.8682","Kashinath Patil Nagar Stop","18.4745","73.8631","2026-10-02T12:00:00.000Z","3","2","car","false","59","Morning campus commute","SCHEDULED","13","10"
"24dc9163-9ce5-4c0c-8c34-a56d2cc8f211","d318afa9-113f-46e4-bd9a-1ae0cbe4cec9","swargate-vit","eb0d92a7-38aa-446a-9f38-091814ea3abd","6c30c56b-74ce-4c24-a819-98b9ab6387f5","Chintamani Nagar","18.4651","73.864","VIT College","18.4635","73.8682","2026-10-03T02:15:00.000Z","1","0","bike","true","22","Please arrive five minutes early","SCHEDULED","11","12"
"ea51276c-85f2-4321-8507-f25560305fa6","47cbbcf7-3a62-4033-9a9b-5d2ebe48617b","katraj-vit","6c30c56b-74ce-4c24-a819-98b9ab6387f5","eb0d92a7-38aa-446a-9f38-091814ea3abd","VIT College","18.4635","73.8682","Chintamani Nagar","18.4651","73.864","2026-10-04T12:00:00.000Z","1","1","bike","true","6","Morning campus commute","SCHEDULED","13","12"
"74092570-9774-4439-804a-1b315983c620","f6bd0cb8-14b6-4983-84a7-6090b75c1bf2","swargate-vit","3221d156-13e7-4834-84ce-848f49b87be2","6c30c56b-74ce-4c24-a819-98b9ab6387f5","Bibwewadi Bus Stop","18.4792","73.8615","VIT College","18.4635","73.8682","2026-10-05T02:15:00.000Z","1","0","bike","true","0","Pickup near the hub","SCHEDULED","7","12"
"ce465963-95c0-4597-b8d8-0dd28570177e","81e5312b-7123-490f-977b-7f79504efcd6","katraj-vit","6c30c56b-74ce-4c24-a819-98b9ab6387f5","86e290a5-7e39-4f7a-805e-a6154d820f01","VIT College","18.4635","73.8682","Market Yard Corner","18.4792","73.8581","2026-10-06T12:00:00.000Z","2","2","car","false","63","Morning campus commute","SCHEDULED","13","7"
"494c8c31-9e2f-4096-b1cf-82afdb419a7d","6dbaac16-eca9-4619-9461-cf1f791691ff","swargate-vit","a80964b4-72f5-43de-ad1a-bdcb9fca796e","6c30c56b-74ce-4c24-a819-98b9ab6387f5","Lower Indira Nagar Stop","18.4718","73.8618","VIT College","18.4635","73.8682","2026-10-07T02:15:00.000Z","2","2","car","false","47","","SCHEDULED","8","12"
"f30d5c5e-a395-4da6-bbaf-035e6f0cb35d","219ae89a-62d9-41de-a1e7-1597cd661ca8","katraj-vit","6c30c56b-74ce-4c24-a819-98b9ab6387f5","876d2e4d-fad4-4ee2-916c-e5ad147030cf","VIT College","18.4635","73.8682","Katraj Dairy BRTS","18.4508","73.8569","2026-10-08T12:00:00.000Z","1","0","scooty","true","13","Pickup near the hub","SCHEDULED","13","2"
"a58e41bc-61fd-4737-a86d-0a92678c3d18","6f3fcde3-7927-4673-8e83-5d19997e04eb","swargate-vit","11cd5543-db39-4321-9f12-008b367d2ce1","6c30c56b-74ce-4c24-a819-98b9ab6387f5","Upper Indira Nagar Bus Depot","18.4682","73.8623","VIT College","18.4635","73.8682","2026-10-09T02:15:00.000Z","1","0","bike","false","0","Please arrive five minutes early","SCHEDULED","10","12"
"a437d2bc-a591-44b0-afe5-a063b7c225fb","2bba79b1-7549-484e-89e1-bf3b93c66b88","katraj-vit","6c30c56b-74ce-4c24-a819-98b9ab6387f5","11cd5543-db39-4321-9f12-008b367d2ce1","VIT College","18.4635","73.8682","Upper Indira Nagar Bus Depot","18.4682","73.8623","2026-10-10T12:00:00.000Z","1","0","scooty","false","9","Morning campus commute","SCHEDULED","13","11"
"a78d791c-8e7a-42ab-881f-1dc2a831fd6a","ab1c3a5c-50fe-4a26-b80d-4cd36938d001","swargate-vit","0c2d013a-9422-4c89-905f-4ec287ba2251","6c30c56b-74ce-4c24-a819-98b9ab6387f5","Swargate BRTS Stop","18.4982","73.8588","VIT College","18.4635","73.8682","2026-10-11T02:15:00.000Z","2","0","car","false","32","Pickup near the hub","SCHEDULED","2","12"
"1850d338-37ef-4053-bdfb-d5978c01f00d","89d25526-5e75-4c71-a504-7c0e208f52ae","katraj-vit","6c30c56b-74ce-4c24-a819-98b9ab6387f5","1bc21bdf-5bcc-4dd4-8140-eac24ae23b69","VIT College","18.4635","73.8682","Kashinath Patil Nagar Stop","18.4745","73.8631","2026-10-12T12:00:00.000Z","1","0","bike","true","22","Pickup near the hub","SCHEDULED","13","10"
"e31fc4bb-cdc8-4e7d-8a43-5bb3d7a7ec05","e57ff715-25a1-426c-97cf-87015c1bf680","swargate-vit","eb0d92a7-38aa-446a-9f38-091814ea3abd","6c30c56b-74ce-4c24-a819-98b9ab6387f5","Chintamani Nagar","18.4651","73.864","VIT College","18.4635","73.8682","2026-10-13T02:15:00.000Z","1","0","scooty","true","9","Pickup near the hub","SCHEDULED","11","12"
"6a22328d-e5e6-42a9-94a8-c0904a2c3cda","a0c0f44b-0991-4b2f-8eac-5c0f929d5d9a","katraj-vit","6c30c56b-74ce-4c24-a819-98b9ab6387f5","eb0d92a7-38aa-446a-9f38-091814ea3abd","VIT College","18.4635","73.8682","Chintamani Nagar","18.4651","73.864","2026-10-14T12:00:00.000Z","2","1","car","false","45","Morning campus commute","SCHEDULED","13","12"
"940a7d89-c63d-4c3b-91b5-37a833ad79d8","97169492-6066-4681-a1f9-9a132e78bbd1","swargate-vit","0095597e-ebd1-4f83-a6c0-a8e94be6a92b","6c30c56b-74ce-4c24-a819-98b9ab6387f5","Laxmi Narayan Theatre","18.4965","73.8584","VIT College","18.4635","73.8682","2026-10-15T02:15:00.000Z","3","1","car","false","65","Morning campus commute","SCHEDULED","3","12"
"38ffd950-0f67-4e04-93b7-e980bd273ec8","3934e51d-f7fc-439d-a64b-1e11c068f9b5","katraj-vit","6c30c56b-74ce-4c24-a819-98b9ab6387f5","eb0d92a7-38aa-446a-9f38-091814ea3abd","VIT College","18.4635","73.8682","Chintamani Nagar","18.4651","73.864","2026-10-16T12:00:00.000Z","1","0","scooty","false","17","","SCHEDULED","13","12"
"c61a8cb1-83b0-4d98-8449-3370b046ab58","29ba1c6f-943a-462e-a307-a6c327c39a57","swargate-vit","19cfadd2-1ff7-4a2f-b5e3-eeb73f44cc28","6c30c56b-74ce-4c24-a819-98b9ab6387f5","Swargate PMPML Main Bus Stand","18.4991","73.8583","VIT College","18.4635","73.8682","2026-10-17T02:15:00.000Z","1","0","scooty","true","6","Morning campus commute","SCHEDULED","1","12"
"f5b0b1ea-eb7a-4f5d-8aa9-d69957cf7089","abc3a47b-8ad1-4b85-9c68-7d9ca2c6091e","katraj-vit","6c30c56b-74ce-4c24-a819-98b9ab6387f5","11cd5543-db39-4321-9f12-008b367d2ce1","VIT College","18.4635","73.8682","Upper Indira Nagar Bus Depot","18.4682","73.8623","2026-10-18T12:00:00.000Z","1","1","scooty","false","1","Morning campus commute","SCHEDULED","13","11"
"15d45307-fed3-4bdb-866b-9f6b6a9ba459","0195616c-ec89-4a4d-8990-b9d0d41435fa","swargate-vit","570167fe-7324-46a2-9cf4-fbea6048e8be","6c30c56b-74ce-4c24-a819-98b9ab6387f5","City Pride BRTS","18.4845","73.8583","VIT College","18.4635","73.8682","2026-10-19T02:15:00.000Z","3","2","car","false","64","Pickup near the hub","SCHEDULED","5","12"
"bb58bb6f-adce-444a-a750-290b8a824c31","4bb40fa4-b428-432e-aca2-1a954ebd5186","katraj-vit","6c30c56b-74ce-4c24-a819-98b9ab6387f5","0ad9adea-2c75-4d2a-86ae-34dcc0727788","VIT College","18.4635","73.8682","Shankar Maharaj Math","18.4735","73.8579","2026-10-20T12:00:00.000Z","1","0","bike","true","7","Morning campus commute","SCHEDULED","13","6"
"7016b242-6649-49e9-a1cc-bf7da9bdc38f","96f0bff7-4a51-45fe-924a-7fd40bd96af0","swargate-vit","0095597e-ebd1-4f83-a6c0-a8e94be6a92b","6c30c56b-74ce-4c24-a819-98b9ab6387f5","Laxmi Narayan Theatre","18.4965","73.8584","VIT College","18.4635","73.8682","2026-10-21T02:15:00.000Z","1","0","bike","true","6","Pickup near the hub","SCHEDULED","3","12"
"3e8cfa3d-2406-4b8f-9a6d-acad97626e1d","856c5003-10e0-491c-b001-245c65a8fb4b","katraj-vit","6c30c56b-74ce-4c24-a819-98b9ab6387f5","876d2e4d-fad4-4ee2-916c-e5ad147030cf","VIT College","18.4635","73.8682","Katraj Dairy BRTS","18.4508","73.8569","2026-10-22T12:00:00.000Z","2","0","car","false","34","","SCHEDULED","13","2"
"9217ac94-f6b0-43fc-aee4-4cf346eda130","dbffce9e-93ca-460b-a2e6-fec327ae8a6e","swargate-vit","0c2d013a-9422-4c89-905f-4ec287ba2251","6c30c56b-74ce-4c24-a819-98b9ab6387f5","Swargate BRTS Stop","18.4982","73.8588","VIT College","18.4635","73.8682","2026-10-23T02:15:00.000Z","4","4","car","false","61","","SCHEDULED","2","12"
"689c53e4-8aac-4964-9019-81cb42a05b1c","20bdc7ae-7082-421e-b675-6c4002d0295b","katraj-vit","6c30c56b-74ce-4c24-a819-98b9ab6387f5","af5c22fe-11db-4392-b90e-85f946c0a37b","VIT College","18.4635","73.8682","KK Market BRTS","18.4683","73.8579","2026-10-24T12:00:00.000Z","1","1","bike","true","15","Please arrive five minutes early","SCHEDULED","13","5"
"1aeca1e3-79fa-419b-9cde-f4eaa84962b4","a4e13249-216e-49cd-8abf-6f5bd9c3fe4c","swargate-vit","a80964b4-72f5-43de-ad1a-bdcb9fca796e","6c30c56b-74ce-4c24-a819-98b9ab6387f5","Lower Indira Nagar Stop","18.4718","73.8618","VIT College","18.4635","73.8682","2026-10-25T02:15:00.000Z","1","0","scooty","false","1","Please arrive five minutes early","SCHEDULED","8","12"
"3a859328-7f23-4cfe-9b9f-f6ac03b38c72","1137a11d-2e66-45ed-b840-8d12e6722bfa","katraj-vit","6c30c56b-74ce-4c24-a819-98b9ab6387f5","3221d156-13e7-4834-84ce-848f49b87be2","VIT College","18.4635","73.8682","Bibwewadi Bus Stop","18.4792","73.8615","2026-10-26T12:00:00.000Z","1","0","bike","true","16","Pickup near the hub","SCHEDULED","13","8"
"dda36a99-8f79-486e-a3c8-987bfd597aaf","d3b6bef4-14dc-43ee-b1ea-5df640bff3ea","swargate-vit","a80964b4-72f5-43de-ad1a-bdcb9fca796e","6c30c56b-74ce-4c24-a819-98b9ab6387f5","Lower Indira Nagar Stop","18.4718","73.8618","VIT College","18.4635","73.8682","2026-10-27T02:15:00.000Z","1","1","scooty","true","6","Pickup near the hub","SCHEDULED","8","12"
"1a6d0ddb-0a21-4e22-a778-feec7593a8ec","a78892d9-93b0-4a78-9a2f-2fad3db5becb","katraj-vit","6c30c56b-74ce-4c24-a819-98b9ab6387f5","86e290a5-7e39-4f7a-805e-a6154d820f01","VIT College","18.4635","73.8682","Market Yard Corner","18.4792","73.8581","2026-10-28T12:00:00.000Z","1","0","scooty","true","9","Please arrive five minutes early","SCHEDULED","13","7"
"c299be04-b39c-48c8-98e9-4a55c2d28319","613365a0-56e0-41a2-a7c9-48b35ec746a1","swargate-vit","3221d156-13e7-4834-84ce-848f49b87be2","6c30c56b-74ce-4c24-a819-98b9ab6387f5","Bibwewadi Bus Stop","18.4792","73.8615","VIT College","18.4635","73.8682","2026-10-29T02:15:00.000Z","1","1","bike","true","13","","SCHEDULED","7","12"
"3732b093-70ba-495d-a692-a7697e735853","6767d864-c164-421c-8b90-0f29abc5af41","katraj-vit","6c30c56b-74ce-4c24-a819-98b9ab6387f5","a80964b4-72f5-43de-ad1a-bdcb9fca796e","VIT College","18.4635","73.8682","Lower Indira Nagar Stop","18.4718","73.8618","2026-10-30T12:00:00.000Z","1","1","bike","true","11","","SCHEDULED","13","9"
"06cf39e4-50a4-4a5a-9542-4ae24fbb9656","62390621-3521-47ba-869a-f822874bb453","swargate-vit","19cfadd2-1ff7-4a2f-b5e3-eeb73f44cc28","6c30c56b-74ce-4c24-a819-98b9ab6387f5","Swargate PMPML Main Bus Stand","18.4991","73.8583","VIT College","18.4635","73.8682","2026-10-31T02:15:00.000Z","3","0","car","false","80","","SCHEDULED","1","12"
"42d378f6-d06f-4f67-9f13-7027408cf060","9449171f-669b-4ae3-8a11-85c2698005b4","katraj-vit","6c30c56b-74ce-4c24-a819-98b9ab6387f5","11cd5543-db39-4321-9f12-008b367d2ce1","VIT College","18.4635","73.8682","Upper Indira Nagar Bus Depot","18.4682","73.8623","2026-11-01T12:00:00.000Z","3","3","car","false","79","Morning campus commute","SCHEDULED","13","11"
"14eb1a28-5f82-44af-be8d-6d15951dc525","8005e16b-eaf8-45be-b4d8-a5fcd5431201","swargate-vit","86e290a5-7e39-4f7a-805e-a6154d820f01","6c30c56b-74ce-4c24-a819-98b9ab6387f5","Market Yard Corner","18.4792","73.8581","VIT College","18.4635","73.8682","2026-11-02T02:15:00.000Z","4","2","car","false","55","Please arrive five minutes early","SCHEDULED","6","12"
"8e183fad-80e2-48bc-89c9-d67aab15f33a","e0bd240d-0573-4a8a-830a-c46264dbd855","katraj-vit","6c30c56b-74ce-4c24-a819-98b9ab6387f5","eb0d92a7-38aa-446a-9f38-091814ea3abd","VIT College","18.4635","73.8682","Chintamani Nagar","18.4651","73.864","2026-11-03T12:00:00.000Z","1","1","scooty","true","3","","SCHEDULED","13","12"
"8408664b-7bc4-4224-ac8b-ed4156801209","f256e949-f4e4-4ba3-8ea9-d6a3d0ba8526","swargate-vit","eb0d92a7-38aa-446a-9f38-091814ea3abd","6c30c56b-74ce-4c24-a819-98b9ab6387f5","Chintamani Nagar","18.4651","73.864","VIT College","18.4635","73.8682","2026-11-04T02:15:00.000Z","3","2","car","false","47","Morning campus commute","SCHEDULED","11","12"
"2c9e1fdd-08ea-4c4a-a54d-c58e8fd95e8b","ce3592dc-d951-4134-a2cd-52dbc233a3f4","katraj-vit","6c30c56b-74ce-4c24-a819-98b9ab6387f5","86597dc2-00ef-475a-8a9a-daf0323897ca","VIT College","18.4635","73.8682","Katraj Terminal","18.4471","73.8562","2026-11-05T12:00:00.000Z","3","1","car","false","67","Please arrive five minutes early","SCHEDULED","13","1"
"258d1ca8-d15a-452a-ba4f-c23278b566ce","b8ece9b4-d515-405a-952d-1ccdc242c410","swargate-vit","86e290a5-7e39-4f7a-805e-a6154d820f01","6c30c56b-74ce-4c24-a819-98b9ab6387f5","Market Yard Corner","18.4792","73.8581","VIT College","18.4635","73.8682","2026-08-08T02:15:00.000Z","1","0","scooty","true","22","Please arrive five minutes early","COMPLETED","6","12"
"e1262640-ccda-40aa-a383-ad2e18be6cad","08eb06b4-7805-4b0c-998b-d919358e8b0f","katraj-vit","6c30c56b-74ce-4c24-a819-98b9ab6387f5","fea32ab3-d832-43d3-a3a0-788e8711526d","VIT College","18.4635","73.8682","Balaji Nagar BRTS","18.4628","73.8577","2026-08-09T12:00:00.000Z","2","0","car","false","28","Please arrive five minutes early","COMPLETED","13","4"
"21fc868b-ac9d-42be-a214-c167879e7982","7b50af0a-e87a-4600-b547-06ff9da50ada","swargate-vit","11cd5543-db39-4321-9f12-008b367d2ce1","6c30c56b-74ce-4c24-a819-98b9ab6387f5","Upper Indira Nagar Bus Depot","18.4682","73.8623","VIT College","18.4635","73.8682","2026-08-10T02:15:00.000Z","1","0","scooty","true","17","","SCHEDULED","10","12"
"ba7df89c-952c-4176-a7b7-fea11ad2aaa4","0b95ee62-3f26-4837-bdb3-8120bae0deda","katraj-vit","6c30c56b-74ce-4c24-a819-98b9ab6387f5","3221d156-13e7-4834-84ce-848f49b87be2","VIT College","18.4635","73.8682","Bibwewadi Bus Stop","18.4792","73.8615","2026-08-11T12:00:00.000Z","1","1","bike","true","17","","COMPLETED","13","8"
"26a7eaa0-3a59-4a12-9e36-51785f3959d6","8100f2b8-79e0-4059-be98-ced465000a2e","swargate-vit","eb0d92a7-38aa-446a-9f38-091814ea3abd","6c30c56b-74ce-4c24-a819-98b9ab6387f5","Chintamani Nagar","18.4651","73.864","VIT College","18.4635","73.8682","2026-08-12T02:15:00.000Z","1","0","scooty","true","29","Please arrive five minutes early","CANCELLED","11","12"
"885427c4-99dc-406a-a0a5-d62cca318453","a85fce63-b4a4-4d71-9d87-2fb5e4653681","katraj-vit","6c30c56b-74ce-4c24-a819-98b9ab6387f5","11cd5543-db39-4321-9f12-008b367d2ce1","VIT College","18.4635","73.8682","Upper Indira Nagar Bus Depot","18.4682","73.8623","2026-08-13T12:00:00.000Z","1","0","scooty","true","15","Pickup near the hub","CANCELLED","13","11"
"ab008c01-0b88-4f94-a86a-934b489d9c8b","a6724b4c-1f36-4019-9072-772bbdeeca30","swargate-vit","0c2d013a-9422-4c89-905f-4ec287ba2251","6c30c56b-74ce-4c24-a819-98b9ab6387f5","Swargate BRTS Stop","18.4982","73.8588","VIT College","18.4635","73.8682","2026-08-14T02:15:00.000Z","2","2","car","false","80","Please arrive five minutes early","CANCELLED","2","12"
"bf4ced24-626d-4556-bd49-3987a714020a","e443e68b-7cb4-4260-8ec6-64c485de79d5","katraj-vit","6c30c56b-74ce-4c24-a819-98b9ab6387f5","86597dc2-00ef-475a-8a9a-daf0323897ca","VIT College","18.4635","73.8682","Katraj Terminal","18.4471","73.8562","2026-08-15T12:00:00.000Z","1","0","scooty","true","3","","COMPLETED","13","1"
"44eaa27f-cd72-435f-b19a-ce28e3170135","697c28b3-7690-4ffd-bfa8-c30e27f63214","swargate-vit","11cd5543-db39-4321-9f12-008b367d2ce1","6c30c56b-74ce-4c24-a819-98b9ab6387f5","Upper Indira Nagar Bus Depot","18.4682","73.8623","VIT College","18.4635","73.8682","2026-08-16T02:15:00.000Z","4","3","car","false","63","","COMPLETED","10","12"
"b498d5b9-1115-4d65-a5d7-87d3092a196c","49e5dc79-ab6d-4188-9d10-62c1b84c7f5c","katraj-vit","6c30c56b-74ce-4c24-a819-98b9ab6387f5","3221d156-13e7-4834-84ce-848f49b87be2","VIT College","18.4635","73.8682","Bibwewadi Bus Stop","18.4792","73.8615","2026-08-17T12:00:00.000Z","3","2","car","false","26","Pickup near the hub","SCHEDULED","13","8"
"95589fb2-7e54-4d5c-8cc2-572b515dec6f","c2483f77-a251-4434-8d94-6a2c53e2d38e","swargate-vit","0c2d013a-9422-4c89-905f-4ec287ba2251","6c30c56b-74ce-4c24-a819-98b9ab6387f5","Swargate BRTS Stop","18.4982","73.8588","VIT College","18.4635","73.8682","2026-08-18T02:15:00.000Z","1","0","bike","true","22","Pickup near the hub","SCHEDULED","2","12"
"bbea2a12-55f1-443a-9154-6523f7edcde5","b2f0c20b-d66e-41c9-b60f-6562ae71b956","katraj-vit","6c30c56b-74ce-4c24-a819-98b9ab6387f5","86597dc2-00ef-475a-8a9a-daf0323897ca","VIT College","18.4635","73.8682","Katraj Terminal","18.4471","73.8562","2026-08-19T12:00:00.000Z","1","1","bike","true","10","Pickup near the hub","COMPLETED","13","1"
"c2932f01-3922-4c7d-9417-a5461d138a25","fc8036f4-d3bf-49ee-baff-431b84d612ea","swargate-vit","1bc21bdf-5bcc-4dd4-8140-eac24ae23b69","6c30c56b-74ce-4c24-a819-98b9ab6387f5","Kashinath Patil Nagar Stop","18.4745","73.8631","VIT College","18.4635","73.8682","2026-08-20T02:15:00.000Z","4","3","car","false","47","","CANCELLED","9","12"
"8da3f066-90ee-4c27-afed-98c63104f981","2d02ada0-aefc-4d76-9f2f-c57bee3201ac","katraj-vit","6c30c56b-74ce-4c24-a819-98b9ab6387f5","a80964b4-72f5-43de-ad1a-bdcb9fca796e","VIT College","18.4635","73.8682","Lower Indira Nagar Stop","18.4718","73.8618","2026-08-21T12:00:00.000Z","4","3","car","false","46","Please arrive five minutes early","COMPLETED","13","9"
"87849372-c80c-4d44-86c7-f2ed613b0e72","ed6b366d-9f31-4216-84e6-747030d98fda","swargate-vit","a80964b4-72f5-43de-ad1a-bdcb9fca796e","6c30c56b-74ce-4c24-a819-98b9ab6387f5","Lower Indira Nagar Stop","18.4718","73.8618","VIT College","18.4635","73.8682","2026-08-22T02:15:00.000Z","2","2","car","false","23","Morning campus commute","COMPLETED","8","12"
"5173c86c-0c3b-4bc8-93ac-65882f57e975","1f726f94-16aa-417d-8d05-1b3dd96d0827","katraj-vit","6c30c56b-74ce-4c24-a819-98b9ab6387f5","876d2e4d-fad4-4ee2-916c-e5ad147030cf","VIT College","18.4635","73.8682","Katraj Dairy BRTS","18.4508","73.8569","2026-08-23T12:00:00.000Z","4","3","car","false","57","Morning campus commute","COMPLETED","13","2"
"9bf095d8-1480-4ee1-bb36-37a9f6611172","b9d9e60d-de32-4732-8eb8-480e0e81bcbf","swargate-vit","0c2d013a-9422-4c89-905f-4ec287ba2251","6c30c56b-74ce-4c24-a819-98b9ab6387f5","Swargate BRTS Stop","18.4982","73.8588","VIT College","18.4635","73.8682","2026-08-24T02:15:00.000Z","2","1","car","false","39","Morning campus commute","COMPLETED","2","12"
"c981ec24-a6ef-4675-9bf7-55423df659b2","442efbff-6f39-436d-bf7a-2cbb6404a6ed","katraj-vit","6c30c56b-74ce-4c24-a819-98b9ab6387f5","a80964b4-72f5-43de-ad1a-bdcb9fca796e","VIT College","18.4635","73.8682","Lower Indira Nagar Stop","18.4718","73.8618","2026-08-25T12:00:00.000Z","1","0","scooty","true","7","","COMPLETED","13","9"
"0727db9d-d014-4e6c-9e3f-3a5f71ba98aa","afabde80-8412-4536-8a7d-443441b6329d","swargate-vit","11cd5543-db39-4321-9f12-008b367d2ce1","6c30c56b-74ce-4c24-a819-98b9ab6387f5","Upper Indira Nagar Bus Depot","18.4682","73.8623","VIT College","18.4635","73.8682","2026-08-26T02:15:00.000Z","3","3","car","false","33","Pickup near the hub","COMPLETED","10","12"
"0a23afc5-d7c3-4c46-a2b6-11eea0518cbb","6c3f7adf-4f2a-4914-ba78-8b1548f14a1a","katraj-vit","6c30c56b-74ce-4c24-a819-98b9ab6387f5","fea32ab3-d832-43d3-a3a0-788e8711526d","VIT College","18.4635","73.8682","Balaji Nagar BRTS","18.4628","73.8577","2026-08-27T12:00:00.000Z","2","2","car","false","58","Please arrive five minutes early","COMPLETED","13","4"
"93feacaa-c09f-46b4-a205-40f98f8c58a1","81dfda4a-3ec9-4eae-a7f1-0692e03bb1d0","swargate-vit","11cd5543-db39-4321-9f12-008b367d2ce1","6c30c56b-74ce-4c24-a819-98b9ab6387f5","Upper Indira Nagar Bus Depot","18.4682","73.8623","VIT College","18.4635","73.8682","2026-08-28T02:15:00.000Z","1","0","bike","true","1","Please arrive five minutes early","SCHEDULED","10","12"
"c7b9d6b7-de3c-4bbc-b030-53c51ec496b1","b049f74f-7dd1-454b-91ad-b27eeaeed095","katraj-vit","6c30c56b-74ce-4c24-a819-98b9ab6387f5","1bc21bdf-5bcc-4dd4-8140-eac24ae23b69","VIT College","18.4635","73.8682","Kashinath Patil Nagar Stop","18.4745","73.8631","2026-08-29T12:00:00.000Z","1","0","bike","true","15","Pickup near the hub","COMPLETED","13","10"
"a5ed1ddf-25cc-4971-b894-fde5d09c4ddb","ea3fd43b-e1e5-4d62-a163-dae19fc740bd","swargate-vit","11cd5543-db39-4321-9f12-008b367d2ce1","6c30c56b-74ce-4c24-a819-98b9ab6387f5","Upper Indira Nagar Bus Depot","18.4682","73.8623","VIT College","18.4635","73.8682","2026-08-30T02:15:00.000Z","1","1","bike","true","1","","SCHEDULED","10","12"
"aa093dbc-fcc5-49ca-8804-1035426e7e82","15d12fa2-5285-4e19-a290-344ead002d9f","katraj-vit","6c30c56b-74ce-4c24-a819-98b9ab6387f5","fea32ab3-d832-43d3-a3a0-788e8711526d","VIT College","18.4635","73.8682","Balaji Nagar BRTS","18.4628","73.8577","2026-08-31T12:00:00.000Z","2","2","car","false","73","Morning campus commute","COMPLETED","13","4"
"90e5fb72-6b73-4a7d-89db-807450802cff","687e3195-2599-427f-a4e3-990ead4c2985","swargate-vit","1bc21bdf-5bcc-4dd4-8140-eac24ae23b69","6c30c56b-74ce-4c24-a819-98b9ab6387f5","Kashinath Patil Nagar Stop","18.4745","73.8631","VIT College","18.4635","73.8682","2026-09-01T02:15:00.000Z","2","1","car","false","33","Pickup near the hub","CANCELLED","9","12"
"c8f08fc3-85c4-499c-bb08-e66706f016cc","e977337e-9b7d-4b79-9851-7a31a276eaf5","katraj-vit","6c30c56b-74ce-4c24-a819-98b9ab6387f5","ebb92112-ef31-4ebe-a259-4e999c52f0fd","VIT College","18.4635","73.8682","Bharati Vidyapeeth","18.456","73.8574","2026-09-02T12:00:00.000Z","1","0","bike","true","6","","COMPLETED","13","3"
"062a50c8-aa8a-4e36-966f-477f8b951151","7833fb03-c858-4574-92d0-cb72030a18eb","swargate-vit","596f6d76-b8c5-4cf2-9058-1a1a334d424d","6c30c56b-74ce-4c24-a819-98b9ab6387f5","Panchami BRTS","18.4902","73.8586","VIT College","18.4635","73.8682","2026-09-03T02:15:00.000Z","2","0","car","false","40","","COMPLETED","4","12"
"39fa3a1d-0a1f-4ef7-858e-ce1a86d7d2d4","71cd4f7b-3e01-44d7-9657-d28c4544f992","katraj-vit","6c30c56b-74ce-4c24-a819-98b9ab6387f5","86597dc2-00ef-475a-8a9a-daf0323897ca","VIT College","18.4635","73.8682","Katraj Terminal","18.4471","73.8562","2026-09-04T12:00:00.000Z","3","1","car","false","32","","COMPLETED","13","1"
"8a9ed57b-70ff-4e43-a629-53be62651cda","bfe5c77b-945d-47a5-81f7-7ae8e1ff5d5b","swargate-vit","86e290a5-7e39-4f7a-805e-a6154d820f01","6c30c56b-74ce-4c24-a819-98b9ab6387f5","Market Yard Corner","18.4792","73.8581","VIT College","18.4635","73.8682","2026-09-05T02:15:00.000Z","1","1","scooty","true","27","Morning campus commute","COMPLETED","6","12"
"cb98608d-b402-4d24-a454-26d35304ad9b","5def974b-b8b4-4ef7-8825-5a50ee6710cd","katraj-vit","6c30c56b-74ce-4c24-a819-98b9ab6387f5","a80964b4-72f5-43de-ad1a-bdcb9fca796e","VIT College","18.4635","73.8682","Lower Indira Nagar Stop","18.4718","73.8618","2026-09-06T12:00:00.000Z","2","0","car","false","73","Please arrive five minutes early","COMPLETED","13","9"
"307ad082-3678-4ce1-b714-bc574a997f63","772a4089-be1c-415b-9115-5af745dcbd7e","swargate-vit","570167fe-7324-46a2-9cf4-fbea6048e8be","6c30c56b-74ce-4c24-a819-98b9ab6387f5","City Pride BRTS","18.4845","73.8583","VIT College","18.4635","73.8682","2026-09-07T02:15:00.000Z","1","0","bike","true","4","","CANCELLED","5","12"
"553ee3c5-fb7e-4dfd-8824-5693f54f26bf","04bfe73e-1142-4d3f-8bbf-57dbee041dd2","katraj-vit","6c30c56b-74ce-4c24-a819-98b9ab6387f5","11cd5543-db39-4321-9f12-008b367d2ce1","VIT College","18.4635","73.8682","Upper Indira Nagar Bus Depot","18.4682","73.8623","2026-09-08T12:00:00.000Z","4","1","car","false","22","Please arrive five minutes early","COMPLETED","13","11"
"2419322b-9919-468e-a5ed-4889ec3bba1f","0234ea7e-b8a5-4a4f-8b12-eb48fefff06e","swargate-vit","a80964b4-72f5-43de-ad1a-bdcb9fca796e","6c30c56b-74ce-4c24-a819-98b9ab6387f5","Lower Indira Nagar Stop","18.4718","73.8618","VIT College","18.4635","73.8682","2026-09-09T02:15:00.000Z","1","0","bike","true","13","Morning campus commute","CANCELLED","8","12"
"42a1981a-e7eb-43d3-b291-980286febec3","2e0f5d10-9fa3-4578-9046-adc52e9f52d6","katraj-vit","6c30c56b-74ce-4c24-a819-98b9ab6387f5","fea32ab3-d832-43d3-a3a0-788e8711526d","VIT College","18.4635","73.8682","Balaji Nagar BRTS","18.4628","73.8577","2026-09-10T12:00:00.000Z","1","0","bike","false","2","","SCHEDULED","13","4"
"c09210db-df91-4535-8213-415977698bdd","29bb8b65-a83a-4f6b-b7c4-0a86fd9b82a1","swargate-vit","570167fe-7324-46a2-9cf4-fbea6048e8be","6c30c56b-74ce-4c24-a819-98b9ab6387f5","City Pride BRTS","18.4845","73.8583","VIT College","18.4635","73.8682","2026-09-11T02:15:00.000Z","1","0","bike","true","22","Pickup near the hub","COMPLETED","5","12"
"a3a39890-4ced-4ab2-96cf-80ca9cde4f59","c283b8d4-e85f-4f55-a686-461ce166d95c","katraj-vit","6c30c56b-74ce-4c24-a819-98b9ab6387f5","a80964b4-72f5-43de-ad1a-bdcb9fca796e","VIT College","18.4635","73.8682","Lower Indira Nagar Stop","18.4718","73.8618","2026-09-12T12:00:00.000Z","1","1","bike","true","11","Pickup near the hub","CANCELLED","13","9"
"f632ea30-4562-42a7-aa57-62b8fcf38cf4","a7ff8669-7d2a-4462-beb0-0d9e874f1dc8","swargate-vit","0095597e-ebd1-4f83-a6c0-a8e94be6a92b","6c30c56b-74ce-4c24-a819-98b9ab6387f5","Laxmi Narayan Theatre","18.4965","73.8584","VIT College","18.4635","73.8682","2026-09-13T02:15:00.000Z","1","0","bike","false","22","Please arrive five minutes early","COMPLETED","3","12"
"30c83b98-bf06-469c-b074-c979dd771dbb","dae29690-62f3-4202-8961-05b05ec7dcc6","katraj-vit","6c30c56b-74ce-4c24-a819-98b9ab6387f5","86597dc2-00ef-475a-8a9a-daf0323897ca","VIT College","18.4635","73.8682","Katraj Terminal","18.4471","73.8562","2026-09-14T12:00:00.000Z","4","3","car","false","54","Please arrive five minutes early","SCHEDULED","13","1"
"c2c268e7-23bf-4f79-9524-472be85437d1","856b4feb-c8f1-4731-b41e-d21be114be5d","swargate-vit","11cd5543-db39-4321-9f12-008b367d2ce1","6c30c56b-74ce-4c24-a819-98b9ab6387f5","Upper Indira Nagar Bus Depot","18.4682","73.8623","VIT College","18.4635","73.8682","2026-09-15T02:15:00.000Z","1","0","scooty","true","16","Morning campus commute","COMPLETED","10","12"
"dba459ff-e61c-49a6-b617-57a0f0a7f879","8d2bb992-3062-4ae3-b2ae-9d47074dec68","katraj-vit","6c30c56b-74ce-4c24-a819-98b9ab6387f5","86e290a5-7e39-4f7a-805e-a6154d820f01","VIT College","18.4635","73.8682","Market Yard Corner","18.4792","73.8581","2026-09-16T12:00:00.000Z","2","0","car","false","66","Morning campus commute","CANCELLED","13","7"
"3ccbfcdc-f7b8-41f9-9639-ac324535425f","b94bb3da-92c3-4ecf-b576-f9dbbce590b5","swargate-vit","1bc21bdf-5bcc-4dd4-8140-eac24ae23b69","6c30c56b-74ce-4c24-a819-98b9ab6387f5","Kashinath Patil Nagar Stop","18.4745","73.8631","VIT College","18.4635","73.8682","2026-09-17T02:15:00.000Z","4","3","car","false","67","","COMPLETED","9","12"
"8260fdc9-307c-4bb9-823f-0379cb8e7484","db6d13c6-50ea-4ee7-98cb-daab8b877783","katraj-vit","6c30c56b-74ce-4c24-a819-98b9ab6387f5","86597dc2-00ef-475a-8a9a-daf0323897ca","VIT College","18.4635","73.8682","Katraj Terminal","18.4471","73.8562","2026-09-18T12:00:00.000Z","1","1","bike","true","10","Pickup near the hub","CANCELLED","13","1"
"67d43918-bc6a-431a-aa68-4244b7299882","aba3000b-d3fe-45b0-93f8-1eb12fe76121","swargate-vit","0c2d013a-9422-4c89-905f-4ec287ba2251","6c30c56b-74ce-4c24-a819-98b9ab6387f5","Swargate BRTS Stop","18.4982","73.8588","VIT College","18.4635","73.8682","2026-09-19T02:15:00.000Z","3","0","car","false","64","Pickup near the hub","COMPLETED","2","12"
"47200263-42ff-4887-b573-2ff0731c2f7d","0f35346d-5638-4de0-b685-b0f5e42ff331","katraj-vit","6c30c56b-74ce-4c24-a819-98b9ab6387f5","86597dc2-00ef-475a-8a9a-daf0323897ca","VIT College","18.4635","73.8682","Katraj Terminal","18.4471","73.8562","2026-09-20T12:00:00.000Z","1","1","scooty","true","28","Please arrive five minutes early","COMPLETED","13","1"
"c462898e-b664-414c-880a-752f2e01ec05","b53fb963-29ea-4299-915f-2cf34647fe2b","swargate-vit","570167fe-7324-46a2-9cf4-fbea6048e8be","6c30c56b-74ce-4c24-a819-98b9ab6387f5","City Pride BRTS","18.4845","73.8583","VIT College","18.4635","73.8682","2026-09-21T02:15:00.000Z","1","0","bike","true","11","","CANCELLED","5","12"
"672300c6-a131-406d-a51a-411049113f03","a2cb33f4-0739-4e42-9665-4bae72ebfb2a","katraj-vit","6c30c56b-74ce-4c24-a819-98b9ab6387f5","a80964b4-72f5-43de-ad1a-bdcb9fca796e","VIT College","18.4635","73.8682","Lower Indira Nagar Stop","18.4718","73.8618","2026-09-22T12:00:00.000Z","1","1","scooty","true","10","Morning campus commute","SCHEDULED","13","9"
"c5f334a9-d905-4a18-9c76-744aefec8b2c","95e5d040-6f8f-43de-b101-0a1abbfde269","swargate-vit","1bc21bdf-5bcc-4dd4-8140-eac24ae23b69","6c30c56b-74ce-4c24-a819-98b9ab6387f5","Kashinath Patil Nagar Stop","18.4745","73.8631","VIT College","18.4635","73.8682","2026-09-23T02:15:00.000Z","1","0","bike","true","8","Pickup near the hub","SCHEDULED","9","12"
"3bc86f5c-3099-4f83-9938-d19f28c748a1","b4419d49-c195-4f67-8a68-1e38418429ef","katraj-vit","6c30c56b-74ce-4c24-a819-98b9ab6387f5","11cd5543-db39-4321-9f12-008b367d2ce1","VIT College","18.4635","73.8682","Upper Indira Nagar Bus Depot","18.4682","73.8623","2026-09-24T12:00:00.000Z","1","0","scooty","true","12","","SCHEDULED","13","11"
"53697bd3-4d5a-4e6f-928e-55d014bea16e","ada304c3-1114-48bb-bacb-69446eecee2a","swargate-vit","1bc21bdf-5bcc-4dd4-8140-eac24ae23b69","6c30c56b-74ce-4c24-a819-98b9ab6387f5","Kashinath Patil Nagar Stop","18.4745","73.8631","VIT College","18.4635","73.8682","2026-09-25T02:15:00.000Z","1","0","bike","true","6","Morning campus commute","SCHEDULED","9","12"
"fe797ccb-dcab-4cea-bedc-7dbbfb0e6401","fbade199-d957-41f1-9c4b-bef677c6f400","katraj-vit","6c30c56b-74ce-4c24-a819-98b9ab6387f5","eb0d92a7-38aa-446a-9f38-091814ea3abd","VIT College","18.4635","73.8682","Chintamani Nagar","18.4651","73.864","2026-09-26T12:00:00.000Z","2","2","car","false","78","Please arrive five minutes early","SCHEDULED","13","12"
"6880deab-b831-4a52-b582-07c686838a69","ffe56b11-38f8-4fa2-936c-d19021b522b8","swargate-vit","a80964b4-72f5-43de-ad1a-bdcb9fca796e","6c30c56b-74ce-4c24-a819-98b9ab6387f5","Lower Indira Nagar Stop","18.4718","73.8618","VIT College","18.4635","73.8682","2026-09-27T02:15:00.000Z","1","0","bike","true","25","Morning campus commute","SCHEDULED","8","12"
"e3951f74-d33d-4f94-9091-edb8749b277e","02927b89-ffa8-40e0-963e-2651a35e576d","katraj-vit","6c30c56b-74ce-4c24-a819-98b9ab6387f5","86e290a5-7e39-4f7a-805e-a6154d820f01","VIT College","18.4635","73.8682","Market Yard Corner","18.4792","73.8581","2026-09-28T12:00:00.000Z","3","3","car","false","69","","SCHEDULED","13","7"
"ffa07926-8743-4196-b608-ad1488a7638a","e9ac0d57-c267-41a2-84aa-846e6f118304","swargate-vit","19cfadd2-1ff7-4a2f-b5e3-eeb73f44cc28","6c30c56b-74ce-4c24-a819-98b9ab6387f5","Swargate PMPML Main Bus Stand","18.4991","73.8583","VIT College","18.4635","73.8682","2026-09-29T02:15:00.000Z","1","1","scooty","true","20","Pickup near the hub","SCHEDULED","1","12"
"7dbaad8f-272b-46df-989e-f705b0f08fd3","d138941d-1b44-42fe-975d-1a4eb78e7f92","katraj-vit","6c30c56b-74ce-4c24-a819-98b9ab6387f5","86597dc2-00ef-475a-8a9a-daf0323897ca","VIT College","18.4635","73.8682","Katraj Terminal","18.4471","73.8562","2026-09-30T12:00:00.000Z","1","0","scooty","true","22","Please arrive five minutes early","SCHEDULED","13","1"
"fa2ff6bf-ca28-4f23-9296-bb129099252a","f50ed78b-09ac-4340-b6dd-86ae124a356e","swargate-vit","570167fe-7324-46a2-9cf4-fbea6048e8be","6c30c56b-74ce-4c24-a819-98b9ab6387f5","City Pride BRTS","18.4845","73.8583","VIT College","18.4635","73.8682","2026-10-01T02:15:00.000Z","4","2","car","false","68","","SCHEDULED","5","12"
"61ac25c4-e0bf-4b6e-a241-70eceedba048","3857e3b0-5efa-484e-a045-2777f41b2610","katraj-vit","6c30c56b-74ce-4c24-a819-98b9ab6387f5","eb0d92a7-38aa-446a-9f38-091814ea3abd","VIT College","18.4635","73.8682","Chintamani Nagar","18.4651","73.864","2026-10-02T12:00:00.000Z","1","0","bike","true","10","Pickup near the hub","SCHEDULED","13","12"
"b990766c-e2e8-489f-9a89-641593a37e3b","ac0cf495-0f8e-40d8-b476-4ac4d53bdc5b","swargate-vit","596f6d76-b8c5-4cf2-9058-1a1a334d424d","6c30c56b-74ce-4c24-a819-98b9ab6387f5","Panchami BRTS","18.4902","73.8586","VIT College","18.4635","73.8682","2026-10-03T02:15:00.000Z","1","0","scooty","true","28","Pickup near the hub","SCHEDULED","4","12"
"f4587e89-2762-4360-8973-5f60ee052396","93c44edd-bbc5-4ac3-9dba-63f636b8ed0b","katraj-vit","6c30c56b-74ce-4c24-a819-98b9ab6387f5","fea32ab3-d832-43d3-a3a0-788e8711526d","VIT College","18.4635","73.8682","Balaji Nagar BRTS","18.4628","73.8577","2026-10-04T12:00:00.000Z","4","3","car","false","60","Please arrive five minutes early","SCHEDULED","13","4"
"1fb6a133-cfcb-4ff0-ace8-fd749e17ccf0","aa3e3c66-ecde-4e1f-9ce3-1617c0ecdcef","swargate-vit","570167fe-7324-46a2-9cf4-fbea6048e8be","6c30c56b-74ce-4c24-a819-98b9ab6387f5","City Pride BRTS","18.4845","73.8583","VIT College","18.4635","73.8682","2026-10-05T02:15:00.000Z","1","0","bike","true","20","Please arrive five minutes early","SCHEDULED","5","12"
"38282c2a-2ede-4648-aa13-b3310c3b94f0","fa7fbc07-c93a-4085-a4f5-6f1e0fc83121","katraj-vit","6c30c56b-74ce-4c24-a819-98b9ab6387f5","1bc21bdf-5bcc-4dd4-8140-eac24ae23b69","VIT College","18.4635","73.8682","Kashinath Patil Nagar Stop","18.4745","73.8631","2026-10-06T12:00:00.000Z","1","0","scooty","true","28","Morning campus commute","SCHEDULED","13","10"
"a0848fe1-7530-48c1-bb1f-27797dc0407a","dbb7296e-eb2b-4e18-9aed-9b61128e1b95","swargate-vit","eb0d92a7-38aa-446a-9f38-091814ea3abd","6c30c56b-74ce-4c24-a819-98b9ab6387f5","Chintamani Nagar","18.4651","73.864","VIT College","18.4635","73.8682","2026-10-07T02:15:00.000Z","1","1","scooty","true","9","","SCHEDULED","11","12"
"606bfa56-80b9-4c4f-9b20-9823c64ecd4e","f996d0d8-1d3e-4780-bb40-a3c76aeca0fe","katraj-vit","6c30c56b-74ce-4c24-a819-98b9ab6387f5","0ad9adea-2c75-4d2a-86ae-34dcc0727788","VIT College","18.4635","73.8682","Shankar Maharaj Math","18.4735","73.8579","2026-10-08T12:00:00.000Z","1","0","bike","true","20","Pickup near the hub","SCHEDULED","13","6"
"489e7212-7651-44f8-9127-cfa5880e0795","24be40cc-fd8a-4efb-95f0-6ec1a107c563","swargate-vit","11cd5543-db39-4321-9f12-008b367d2ce1","6c30c56b-74ce-4c24-a819-98b9ab6387f5","Upper Indira Nagar Bus Depot","18.4682","73.8623","VIT College","18.4635","73.8682","2026-10-09T02:15:00.000Z","3","0","car","false","36","","SCHEDULED","10","12"
"7b0d36aa-8237-4d28-9df9-a5482f4deb56","bbd2b08c-34a8-4439-a7fa-b253b6a9fe04","katraj-vit","6c30c56b-74ce-4c24-a819-98b9ab6387f5","86597dc2-00ef-475a-8a9a-daf0323897ca","VIT College","18.4635","73.8682","Katraj Terminal","18.4471","73.8562","2026-10-10T12:00:00.000Z","1","0","scooty","true","25","Pickup near the hub","SCHEDULED","13","1"
"4f2a34af-d58a-4515-9ad5-f218b4838650","7d4898cc-54f3-4bd1-b9da-b31ff1cb26c3","swargate-vit","19cfadd2-1ff7-4a2f-b5e3-eeb73f44cc28","6c30c56b-74ce-4c24-a819-98b9ab6387f5","Swargate PMPML Main Bus Stand","18.4991","73.8583","VIT College","18.4635","73.8682","2026-10-11T02:15:00.000Z","1","0","bike","true","22","Pickup near the hub","SCHEDULED","1","12"
"77cf314a-71ba-4db1-b7c2-1340dffd1580","e0ad93ac-7350-43c7-be63-6b8925810342","katraj-vit","6c30c56b-74ce-4c24-a819-98b9ab6387f5","0ad9adea-2c75-4d2a-86ae-34dcc0727788","VIT College","18.4635","73.8682","Shankar Maharaj Math","18.4735","73.8579","2026-10-12T12:00:00.000Z","4","3","car","false","49","","SCHEDULED","13","6"
"4663534b-ba27-41ea-83d3-554aff15c460","40ae73ca-67b2-4b5e-97c1-474a92b2d8d3","swargate-vit","596f6d76-b8c5-4cf2-9058-1a1a334d424d","6c30c56b-74ce-4c24-a819-98b9ab6387f5","Panchami BRTS","18.4902","73.8586","VIT College","18.4635","73.8682","2026-10-13T02:15:00.000Z","1","0","scooty","true","11","Please arrive five minutes early","SCHEDULED","4","12"
"79590f44-0967-42fd-b0b2-a39251b5dc46","c3c94b51-2803-4c25-9e1e-bbe1eb6386cc","katraj-vit","6c30c56b-74ce-4c24-a819-98b9ab6387f5","fea32ab3-d832-43d3-a3a0-788e8711526d","VIT College","18.4635","73.8682","Balaji Nagar BRTS","18.4628","73.8577","2026-10-14T12:00:00.000Z","1","0","scooty","true","18","","SCHEDULED","13","4"
"f5a29d7e-8658-4fca-8260-746bf71cbc3e","a61af15b-11ce-4c02-a80b-bdf8f24338bc","swargate-vit","596f6d76-b8c5-4cf2-9058-1a1a334d424d","6c30c56b-74ce-4c24-a819-98b9ab6387f5","Panchami BRTS","18.4902","73.8586","VIT College","18.4635","73.8682","2026-10-15T02:15:00.000Z","1","0","scooty","true","30","","SCHEDULED","4","12"
"e268d994-28cc-4698-8d36-13bfcfd92c0b","6aa130d0-4c4b-48c2-bc80-80079a81385f","katraj-vit","6c30c56b-74ce-4c24-a819-98b9ab6387f5","a80964b4-72f5-43de-ad1a-bdcb9fca796e","VIT College","18.4635","73.8682","Lower Indira Nagar Stop","18.4718","73.8618","2026-10-16T12:00:00.000Z","1","0","bike","false","5","Pickup near the hub","SCHEDULED","13","9"
"3a7e4fd8-1932-460e-ab7a-d3cede393e3a","9c9999da-6c7c-4b0f-ba28-7f852899325d","swargate-vit","11cd5543-db39-4321-9f12-008b367d2ce1","6c30c56b-74ce-4c24-a819-98b9ab6387f5","Upper Indira Nagar Bus Depot","18.4682","73.8623","VIT College","18.4635","73.8682","2026-10-17T02:15:00.000Z","4","3","car","false","26","Pickup near the hub","SCHEDULED","10","12"
"98ddfa6a-b8dc-480c-ab44-4e18618e574d","1f497524-0e6c-424a-94f9-93905b5a9755","katraj-vit","6c30c56b-74ce-4c24-a819-98b9ab6387f5","3221d156-13e7-4834-84ce-848f49b87be2","VIT College","18.4635","73.8682","Bibwewadi Bus Stop","18.4792","73.8615","2026-10-18T12:00:00.000Z","3","1","car","false","42","Pickup near the hub","SCHEDULED","13","8"
"8eb11c9b-704b-49ef-9705-750658c1b7c6","1734859f-c79f-4dfa-95dd-e252c5d669fc","swargate-vit","11cd5543-db39-4321-9f12-008b367d2ce1","6c30c56b-74ce-4c24-a819-98b9ab6387f5","Upper Indira Nagar Bus Depot","18.4682","73.8623","VIT College","18.4635","73.8682","2026-10-19T02:15:00.000Z","1","0","scooty","true","13","Please arrive five minutes early","SCHEDULED","10","12"
"838fc599-3923-43de-a423-cab1369604cd","f03cb019-ecb8-42fc-ad8b-4be7116d9966","katraj-vit","6c30c56b-74ce-4c24-a819-98b9ab6387f5","86597dc2-00ef-475a-8a9a-daf0323897ca","VIT College","18.4635","73.8682","Katraj Terminal","18.4471","73.8562","2026-10-20T12:00:00.000Z","1","0","scooty","true","2","Pickup near the hub","SCHEDULED","13","1"
"8199f561-4f70-4b8c-b716-2b3f4bed1b28","6cc8d264-2c05-4a80-90d4-2b29b4ccd802","swargate-vit","1bc21bdf-5bcc-4dd4-8140-eac24ae23b69","6c30c56b-74ce-4c24-a819-98b9ab6387f5","Kashinath Patil Nagar Stop","18.4745","73.8631","VIT College","18.4635","73.8682","2026-10-21T02:15:00.000Z","4","4","car","false","20","","SCHEDULED","9","12"
"c8bf692e-7598-49c5-bbfc-aee094a11115","a49cc7a3-0beb-4fbf-8d54-c676dfe72f4b","katraj-vit","6c30c56b-74ce-4c24-a819-98b9ab6387f5","876d2e4d-fad4-4ee2-916c-e5ad147030cf","VIT College","18.4635","73.8682","Katraj Dairy BRTS","18.4508","73.8569","2026-10-22T12:00:00.000Z","1","1","scooty","true","18","Pickup near the hub","SCHEDULED","13","2"
"01312676-73a4-4ce7-8860-74087a03f0c6","998a2999-5be3-435d-8015-2a973a6e97cc","swargate-vit","eb0d92a7-38aa-446a-9f38-091814ea3abd","6c30c56b-74ce-4c24-a819-98b9ab6387f5","Chintamani Nagar","18.4651","73.864","VIT College","18.4635","73.8682","2026-10-23T02:15:00.000Z","1","0","bike","true","26","Pickup near the hub","SCHEDULED","11","12"
"5c1b3efb-7c50-49a5-b5d1-3d644f237d61","856fb0bc-3ae4-454f-9f56-312a33995404","katraj-vit","6c30c56b-74ce-4c24-a819-98b9ab6387f5","86e290a5-7e39-4f7a-805e-a6154d820f01","VIT College","18.4635","73.8682","Market Yard Corner","18.4792","73.8581","2026-10-24T12:00:00.000Z","1","0","bike","false","13","Please arrive five minutes early","SCHEDULED","13","7"
"9033334b-bfa8-423c-8fe1-8590201a5c3d","609a5aa2-e576-472b-ae03-3d339a90c45c","swargate-vit","570167fe-7324-46a2-9cf4-fbea6048e8be","6c30c56b-74ce-4c24-a819-98b9ab6387f5","City Pride BRTS","18.4845","73.8583","VIT College","18.4635","73.8682","2026-10-25T02:15:00.000Z","1","0","bike","false","12","Morning campus commute","SCHEDULED","5","12"
"68326949-6fc7-41c0-a02b-5666ac81045d","3a8f1c12-2394-4eb5-8694-7152af59c7d0","katraj-vit","6c30c56b-74ce-4c24-a819-98b9ab6387f5","3221d156-13e7-4834-84ce-848f49b87be2","VIT College","18.4635","73.8682","Bibwewadi Bus Stop","18.4792","73.8615","2026-10-26T12:00:00.000Z","1","0","bike","true","7","Pickup near the hub","SCHEDULED","13","8"
"478bb025-bace-45fa-8187-1ae9987e5428","73c6ef3d-a748-4db3-bd54-68c614823c0d","swargate-vit","570167fe-7324-46a2-9cf4-fbea6048e8be","6c30c56b-74ce-4c24-a819-98b9ab6387f5","City Pride BRTS","18.4845","73.8583","VIT College","18.4635","73.8682","2026-10-27T02:15:00.000Z","1","0","bike","true","3","Morning campus commute","SCHEDULED","5","12"
"c92b4087-a422-4d8c-8e79-26bfac9ca101","6a3f9cb7-ea70-4c12-87b0-f7ee4a38b313","katraj-vit","6c30c56b-74ce-4c24-a819-98b9ab6387f5","3221d156-13e7-4834-84ce-848f49b87be2","VIT College","18.4635","73.8682","Bibwewadi Bus Stop","18.4792","73.8615","2026-10-28T12:00:00.000Z","1","0","scooty","true","15","Please arrive five minutes early","SCHEDULED","13","8"
"11bc1a50-2f31-48c5-9c56-1de186423417","df718002-b68d-406f-af02-b7ebdc19dfaa","swargate-vit","596f6d76-b8c5-4cf2-9058-1a1a334d424d","6c30c56b-74ce-4c24-a819-98b9ab6387f5","Panchami BRTS","18.4902","73.8586","VIT College","18.4635","73.8682","2026-10-29T02:15:00.000Z","3","3","car","false","47","Please arrive five minutes early","SCHEDULED","4","12"
"b004db2c-bb58-4659-b373-891c966e24fb","5d577020-68d2-4a61-b36d-861bf1486666","katraj-vit","6c30c56b-74ce-4c24-a819-98b9ab6387f5","3221d156-13e7-4834-84ce-848f49b87be2","VIT College","18.4635","73.8682","Bibwewadi Bus Stop","18.4792","73.8615","2026-10-30T12:00:00.000Z","1","0","bike","true","14","Morning campus commute","SCHEDULED","13","8"
"e63bc4eb-1cc1-4558-8970-eae47d229ce3","f7676189-9518-498b-a982-6c245aff61a1","swargate-vit","570167fe-7324-46a2-9cf4-fbea6048e8be","6c30c56b-74ce-4c24-a819-98b9ab6387f5","City Pride BRTS","18.4845","73.8583","VIT College","18.4635","73.8682","2026-10-31T02:15:00.000Z","1","0","scooty","true","14","","SCHEDULED","5","12"
"40ce5803-9ea2-4fde-86be-d19f64893f91","829e7fa5-0c38-47a9-a715-877dada17b24","katraj-vit","6c30c56b-74ce-4c24-a819-98b9ab6387f5","a80964b4-72f5-43de-ad1a-bdcb9fca796e","VIT College","18.4635","73.8682","Lower Indira Nagar Stop","18.4718","73.8618","2026-11-01T12:00:00.000Z","1","0","scooty","true","27","Please arrive five minutes early","SCHEDULED","13","9"
"07c1f54f-5628-491b-8876-6ea47f6a3a6f","443d0a1a-c4da-4cf7-9517-4c02de0dff9c","swargate-vit","0095597e-ebd1-4f83-a6c0-a8e94be6a92b","6c30c56b-74ce-4c24-a819-98b9ab6387f5","Laxmi Narayan Theatre","18.4965","73.8584","VIT College","18.4635","73.8682","2026-11-02T02:15:00.000Z","1","1","scooty","true","2","Please arrive five minutes early","SCHEDULED","3","12"
"b7e53912-d7ee-4b46-abc7-66df936c9135","e7cc1cf8-531c-4ba4-ae07-b3b8c7ed12b4","katraj-vit","6c30c56b-74ce-4c24-a819-98b9ab6387f5","ebb92112-ef31-4ebe-a259-4e999c52f0fd","VIT College","18.4635","73.8682","Bharati Vidyapeeth","18.456","73.8574","2026-11-03T12:00:00.000Z","1","0","scooty","false","2","","SCHEDULED","13","3"
"2a624fa6-6ead-486a-8633-35da388c9345","105772de-3e2e-4525-873d-28205793d14f","swargate-vit","0095597e-ebd1-4f83-a6c0-a8e94be6a92b","6c30c56b-74ce-4c24-a819-98b9ab6387f5","Laxmi Narayan Theatre","18.4965","73.8584","VIT College","18.4635","73.8682","2026-11-04T02:15:00.000Z","1","0","bike","true","19","Morning campus commute","SCHEDULED","3","12"
"1a5421f5-f61c-4571-90b4-fb8985851bbf","665f2a26-5d69-41bd-bd37-5d34e2366453","katraj-vit","6c30c56b-74ce-4c24-a819-98b9ab6387f5","ebb92112-ef31-4ebe-a259-4e999c52f0fd","VIT College","18.4635","73.8682","Bharati Vidyapeeth","18.456","73.8574","2026-11-05T12:00:00.000Z","1","0","scooty","false","19","Morning campus commute","SCHEDULED","13","3"
"eae4c192-f26a-40a5-b957-fdb141661848","c4023d4b-7895-4d6b-ba0a-7cbce21340b7","swargate-vit","3221d156-13e7-4834-84ce-848f49b87be2","6c30c56b-74ce-4c24-a819-98b9ab6387f5","Bibwewadi Bus Stop","18.4792","73.8615","VIT College","18.4635","73.8682","2026-08-08T02:15:00.000Z","1","0","bike","true","0","","SCHEDULED","7","12"
"1aaa9fc5-7bce-4483-b4fb-c182a69f8ba9","03dfc805-e814-4e5f-a637-8a041faf9ad7","katraj-vit","6c30c56b-74ce-4c24-a819-98b9ab6387f5","86597dc2-00ef-475a-8a9a-daf0323897ca","VIT College","18.4635","73.8682","Katraj Terminal","18.4471","73.8562","2026-08-09T12:00:00.000Z","3","3","car","false","34","Pickup near the hub","CANCELLED","13","1"
"193d021d-25af-4656-bf78-26221ef96d4e","2fd77d02-9eed-432b-bc2b-69984e53b256","swargate-vit","19cfadd2-1ff7-4a2f-b5e3-eeb73f44cc28","6c30c56b-74ce-4c24-a819-98b9ab6387f5","Swargate PMPML Main Bus Stand","18.4991","73.8583","VIT College","18.4635","73.8682","2026-08-10T02:15:00.000Z","1","0","scooty","true","10","","COMPLETED","1","12"
"cd08e074-68c5-4017-ba6f-50ac68f03372","5c76a658-080e-4482-b7f5-3c04ef99ff4f","katraj-vit","6c30c56b-74ce-4c24-a819-98b9ab6387f5","fea32ab3-d832-43d3-a3a0-788e8711526d","VIT College","18.4635","73.8682","Balaji Nagar BRTS","18.4628","73.8577","2026-08-11T12:00:00.000Z","1","0","scooty","true","26","Pickup near the hub","COMPLETED","13","4"
"b7ce6a32-3f3a-4a2e-a8ed-55d1a2e0e090","2df45663-f8d0-4308-b79d-fd6c1ff852c9","swargate-vit","570167fe-7324-46a2-9cf4-fbea6048e8be","6c30c56b-74ce-4c24-a819-98b9ab6387f5","City Pride BRTS","18.4845","73.8583","VIT College","18.4635","73.8682","2026-08-12T02:15:00.000Z","1","0","scooty","false","24","Morning campus commute","CANCELLED","5","12"
"ee4251ed-106b-4b49-85cf-fc59e57243b4","b5eb2319-5923-4823-9cfb-fa0ca41f597b","katraj-vit","6c30c56b-74ce-4c24-a819-98b9ab6387f5","11cd5543-db39-4321-9f12-008b367d2ce1","VIT College","18.4635","73.8682","Upper Indira Nagar Bus Depot","18.4682","73.8623","2026-08-13T12:00:00.000Z","1","0","scooty","true","1","Pickup near the hub","COMPLETED","13","11"
"2306fa33-a81f-46a1-916c-cb1abe55fcea","36ffa906-e6db-4e16-8e9b-e3f24ede715c","swargate-vit","0095597e-ebd1-4f83-a6c0-a8e94be6a92b","6c30c56b-74ce-4c24-a819-98b9ab6387f5","Laxmi Narayan Theatre","18.4965","73.8584","VIT College","18.4635","73.8682","2026-08-14T02:15:00.000Z","1","0","bike","false","15","Morning campus commute","COMPLETED","3","12"
"accdbd4b-396d-4079-9176-3ca5c9e76929","e163653a-9bbe-4e9d-81ab-acf5fb7c4166","katraj-vit","6c30c56b-74ce-4c24-a819-98b9ab6387f5","af5c22fe-11db-4392-b90e-85f946c0a37b","VIT College","18.4635","73.8682","KK Market BRTS","18.4683","73.8579","2026-08-15T12:00:00.000Z","1","0","bike","false","29","Please arrive five minutes early","SCHEDULED","13","5"
"d6c17434-0d4d-4199-b0bc-f6b9c07bc630","508e57b4-544e-4392-bbd1-17b3a4e613c3","swargate-vit","0095597e-ebd1-4f83-a6c0-a8e94be6a92b","6c30c56b-74ce-4c24-a819-98b9ab6387f5","Laxmi Narayan Theatre","18.4965","73.8584","VIT College","18.4635","73.8682","2026-08-16T02:15:00.000Z","1","0","scooty","false","18","","COMPLETED","3","12"
"9e7f8a10-8c34-4309-9abb-26fc9dc0f90f","2e269fc9-9682-468b-b756-d02e46a395d8","katraj-vit","6c30c56b-74ce-4c24-a819-98b9ab6387f5","3221d156-13e7-4834-84ce-848f49b87be2","VIT College","18.4635","73.8682","Bibwewadi Bus Stop","18.4792","73.8615","2026-08-17T12:00:00.000Z","1","1","scooty","true","4","Please arrive five minutes early","COMPLETED","13","8"
"347998d6-1193-4173-aba0-3adf84a035d8","fa4b13bc-6768-4b5d-843e-2b8836ed9113","swargate-vit","0095597e-ebd1-4f83-a6c0-a8e94be6a92b","6c30c56b-74ce-4c24-a819-98b9ab6387f5","Laxmi Narayan Theatre","18.4965","73.8584","VIT College","18.4635","73.8682","2026-08-18T02:15:00.000Z","1","0","scooty","true","6","","CANCELLED","3","12"
"4cb06401-c831-4878-8d3a-0cf284dd9b3a","8190565d-9fb1-4428-a386-4bb1b2f4fdee","katraj-vit","6c30c56b-74ce-4c24-a819-98b9ab6387f5","ebb92112-ef31-4ebe-a259-4e999c52f0fd","VIT College","18.4635","73.8682","Bharati Vidyapeeth","18.456","73.8574","2026-08-19T12:00:00.000Z","1","1","bike","true","30","Please arrive five minutes early","COMPLETED","13","3"
"c2903257-5007-4e17-ae40-b7c8060b32a1","e4b9e33a-9380-46ad-8b5f-37aca78f2d78","swargate-vit","19cfadd2-1ff7-4a2f-b5e3-eeb73f44cc28","6c30c56b-74ce-4c24-a819-98b9ab6387f5","Swargate PMPML Main Bus Stand","18.4991","73.8583","VIT College","18.4635","73.8682","2026-08-20T02:15:00.000Z","1","0","scooty","false","9","Please arrive five minutes early","COMPLETED","1","12"
"b0526699-f3dc-4f5d-9b48-6a8535184646","61b7de30-6ccf-41d6-881f-85e56e865717","katraj-vit","6c30c56b-74ce-4c24-a819-98b9ab6387f5","af5c22fe-11db-4392-b90e-85f946c0a37b","VIT College","18.4635","73.8682","KK Market BRTS","18.4683","73.8579","2026-08-21T12:00:00.000Z","4","1","car","false","20","Pickup near the hub","SCHEDULED","13","5"
"ca939ded-9104-42cf-a4b3-6843b47783c2","b3224a72-ff85-487a-a6c9-b6a1e3beb8dc","swargate-vit","a80964b4-72f5-43de-ad1a-bdcb9fca796e","6c30c56b-74ce-4c24-a819-98b9ab6387f5","Lower Indira Nagar Stop","18.4718","73.8618","VIT College","18.4635","73.8682","2026-08-22T02:15:00.000Z","1","0","bike","true","21","Please arrive five minutes early","COMPLETED","8","12"
"a82b0c1a-886f-4211-a0a9-054ebf2de948","81213212-6e43-4b70-96e8-51e59fb5e735","katraj-vit","6c30c56b-74ce-4c24-a819-98b9ab6387f5","86597dc2-00ef-475a-8a9a-daf0323897ca","VIT College","18.4635","73.8682","Katraj Terminal","18.4471","73.8562","2026-08-23T12:00:00.000Z","1","0","scooty","false","29","Morning campus commute","COMPLETED","13","1"
"9c4be972-a9b9-40d6-aa1d-6f5408282dac","ae43995b-0b10-49a4-a37e-36a29c7b89fa","swargate-vit","a80964b4-72f5-43de-ad1a-bdcb9fca796e","6c30c56b-74ce-4c24-a819-98b9ab6387f5","Lower Indira Nagar Stop","18.4718","73.8618","VIT College","18.4635","73.8682","2026-08-24T02:15:00.000Z","1","0","scooty","true","5","Pickup near the hub","SCHEDULED","8","12"
"87db7b35-55db-4c56-99f0-a6ba239c2439","2139d70e-ad87-4ff0-985d-00ddaa9d1f33","katraj-vit","6c30c56b-74ce-4c24-a819-98b9ab6387f5","af5c22fe-11db-4392-b90e-85f946c0a37b","VIT College","18.4635","73.8682","KK Market BRTS","18.4683","73.8579","2026-08-25T12:00:00.000Z","1","0","scooty","true","6","Morning campus commute","COMPLETED","13","5"
"4a54e2bf-6545-4272-ad64-bd47d61df079","b13dc47d-8a9c-45eb-9dee-0cc214bf6ab4","swargate-vit","0095597e-ebd1-4f83-a6c0-a8e94be6a92b","6c30c56b-74ce-4c24-a819-98b9ab6387f5","Laxmi Narayan Theatre","18.4965","73.8584","VIT College","18.4635","73.8682","2026-08-26T02:15:00.000Z","1","0","scooty","false","18","Pickup near the hub","SCHEDULED","3","12"
"84595fe1-7158-45b5-867b-e6a74628a5e6","f1320520-f547-4abc-be6f-66bd5f323eb5","katraj-vit","6c30c56b-74ce-4c24-a819-98b9ab6387f5","1bc21bdf-5bcc-4dd4-8140-eac24ae23b69","VIT College","18.4635","73.8682","Kashinath Patil Nagar Stop","18.4745","73.8631","2026-08-27T12:00:00.000Z","1","1","bike","true","5","Please arrive five minutes early","CANCELLED","13","10"
"01a4582b-778c-4fd3-9763-2d85857beef3","acb16d87-c821-4f83-a7a0-8733496f99be","swargate-vit","0c2d013a-9422-4c89-905f-4ec287ba2251","6c30c56b-74ce-4c24-a819-98b9ab6387f5","Swargate BRTS Stop","18.4982","73.8588","VIT College","18.4635","73.8682","2026-08-28T02:15:00.000Z","1","0","bike","true","22","","CANCELLED","2","12"
"91cd9721-950d-4891-95b6-560672d57fde","d4a58744-1f9c-4554-9321-1fd9d20b1035","katraj-vit","6c30c56b-74ce-4c24-a819-98b9ab6387f5","fea32ab3-d832-43d3-a3a0-788e8711526d","VIT College","18.4635","73.8682","Balaji Nagar BRTS","18.4628","73.8577","2026-08-29T12:00:00.000Z","1","1","bike","true","17","Morning campus commute","SCHEDULED","13","4"
"0fe39544-ef36-496d-bd05-d021888a50a5","5118be9b-6811-4a52-9a62-a0ced3f60e27","swargate-vit","0095597e-ebd1-4f83-a6c0-a8e94be6a92b","6c30c56b-74ce-4c24-a819-98b9ab6387f5","Laxmi Narayan Theatre","18.4965","73.8584","VIT College","18.4635","73.8682","2026-08-30T02:15:00.000Z","4","2","car","false","47","Pickup near the hub","COMPLETED","3","12"
"f30ce3ff-9b76-4031-8fe8-c6dfbcd28cdd","ccfa0157-3dc7-4140-84a7-8283ed55f1e4","katraj-vit","6c30c56b-74ce-4c24-a819-98b9ab6387f5","86597dc2-00ef-475a-8a9a-daf0323897ca","VIT College","18.4635","73.8682","Katraj Terminal","18.4471","73.8562","2026-08-31T12:00:00.000Z","1","0","bike","true","21","Please arrive five minutes early","COMPLETED","13","1"
"8fc39df0-6017-41f5-afb5-7a113699cf79","916eed74-db65-4e11-bce1-ffc16e674a10","swargate-vit","3221d156-13e7-4834-84ce-848f49b87be2","6c30c56b-74ce-4c24-a819-98b9ab6387f5","Bibwewadi Bus Stop","18.4792","73.8615","VIT College","18.4635","73.8682","2026-09-01T02:15:00.000Z","2","2","car","false","47","Morning campus commute","SCHEDULED","7","12"
"6ca9283c-c81a-41cb-9262-2b1bee36f6d0","f64e308c-4a0b-433f-bebb-09536f52d5f4","katraj-vit","6c30c56b-74ce-4c24-a819-98b9ab6387f5","a80964b4-72f5-43de-ad1a-bdcb9fca796e","VIT College","18.4635","73.8682","Lower Indira Nagar Stop","18.4718","73.8618","2026-09-02T12:00:00.000Z","1","0","bike","false","9","","CANCELLED","13","9"
"20245922-7f9b-4d65-9cc1-3246fbca71bb","c36606d7-b032-4936-8403-b0f1a43f756a","swargate-vit","19cfadd2-1ff7-4a2f-b5e3-eeb73f44cc28","6c30c56b-74ce-4c24-a819-98b9ab6387f5","Swargate PMPML Main Bus Stand","18.4991","73.8583","VIT College","18.4635","73.8682","2026-09-03T02:15:00.000Z","1","0","scooty","true","27","Pickup near the hub","COMPLETED","1","12"
"f762400f-e44c-4c3b-b9c8-9bfd561b6e20","dc034266-a00f-4347-8cd9-5799da807274","katraj-vit","6c30c56b-74ce-4c24-a819-98b9ab6387f5","86597dc2-00ef-475a-8a9a-daf0323897ca","VIT College","18.4635","73.8682","Katraj Terminal","18.4471","73.8562","2026-09-04T12:00:00.000Z","1","0","bike","true","18","Pickup near the hub","COMPLETED","13","1"
"3d9e423d-918c-494a-a8bd-2f6488df70c0","917b003b-c912-4ed9-afb7-f7eba33fcb14","swargate-vit","19cfadd2-1ff7-4a2f-b5e3-eeb73f44cc28","6c30c56b-74ce-4c24-a819-98b9ab6387f5","Swargate PMPML Main Bus Stand","18.4991","73.8583","VIT College","18.4635","73.8682","2026-09-05T02:15:00.000Z","1","1","bike","true","27","","CANCELLED","1","12"
"5cc08185-b339-4bb7-814a-7014a409b6b6","17983e48-5904-4312-9f6c-9d6f749c8539","katraj-vit","6c30c56b-74ce-4c24-a819-98b9ab6387f5","1bc21bdf-5bcc-4dd4-8140-eac24ae23b69","VIT College","18.4635","73.8682","Kashinath Patil Nagar Stop","18.4745","73.8631","2026-09-06T12:00:00.000Z","1","0","bike","false","7","Pickup near the hub","COMPLETED","13","10"
"d0147f0f-9dff-4ab5-829e-07e2649721a2","fb85cd08-9134-4e91-ad82-1bf40b5e18fe","swargate-vit","1bc21bdf-5bcc-4dd4-8140-eac24ae23b69","6c30c56b-74ce-4c24-a819-98b9ab6387f5","Kashinath Patil Nagar Stop","18.4745","73.8631","VIT College","18.4635","73.8682","2026-09-07T02:15:00.000Z","3","2","car","false","30","","COMPLETED","9","12"
"ae052ba8-5c1a-4561-9c33-141130e5628f","bab50b6c-7a07-4417-adaf-0a3f199ba726","katraj-vit","6c30c56b-74ce-4c24-a819-98b9ab6387f5","3221d156-13e7-4834-84ce-848f49b87be2","VIT College","18.4635","73.8682","Bibwewadi Bus Stop","18.4792","73.8615","2026-09-08T12:00:00.000Z","1","0","scooty","true","19","Morning campus commute","COMPLETED","13","8"
"b51b91cf-cfeb-4048-87c0-520d2ff484ab","aada7730-4500-49e3-9240-e7ca2f69db98","swargate-vit","1bc21bdf-5bcc-4dd4-8140-eac24ae23b69","6c30c56b-74ce-4c24-a819-98b9ab6387f5","Kashinath Patil Nagar Stop","18.4745","73.8631","VIT College","18.4635","73.8682","2026-09-09T02:15:00.000Z","3","2","car","false","41","","COMPLETED","9","12"
"7b2f6b74-e8ca-4181-bbe7-02b790bc0115","f10fac1a-d7f2-4f4e-a8f2-d72fd48b371a","katraj-vit","6c30c56b-74ce-4c24-a819-98b9ab6387f5","ebb92112-ef31-4ebe-a259-4e999c52f0fd","VIT College","18.4635","73.8682","Bharati Vidyapeeth","18.456","73.8574","2026-09-10T12:00:00.000Z","1","0","bike","true","30","","COMPLETED","13","3"
"cfffa02c-1431-4c2c-9c09-2884923e9ff6","7a49978a-5b30-4a61-89ea-d655c3a89110","swargate-vit","a80964b4-72f5-43de-ad1a-bdcb9fca796e","6c30c56b-74ce-4c24-a819-98b9ab6387f5","Lower Indira Nagar Stop","18.4718","73.8618","VIT College","18.4635","73.8682","2026-09-11T02:15:00.000Z","4","3","car","false","53","","COMPLETED","8","12"
"eda848cc-b22a-4858-8df8-8b63259cb5e6","08fe57ab-1152-4527-a359-68c4e78e68d5","katraj-vit","6c30c56b-74ce-4c24-a819-98b9ab6387f5","1bc21bdf-5bcc-4dd4-8140-eac24ae23b69","VIT College","18.4635","73.8682","Kashinath Patil Nagar Stop","18.4745","73.8631","2026-09-12T12:00:00.000Z","4","4","car","false","56","Morning campus commute","COMPLETED","13","10"
"43936d16-adac-4c03-80f8-01e6ef744e96","669af901-6937-4b2d-a11b-46de7e09eced","swargate-vit","570167fe-7324-46a2-9cf4-fbea6048e8be","6c30c56b-74ce-4c24-a819-98b9ab6387f5","City Pride BRTS","18.4845","73.8583","VIT College","18.4635","73.8682","2026-09-13T02:15:00.000Z","2","1","car","false","24","","CANCELLED","5","12"
"b8f2df5d-91ef-4966-84e0-982f34d11796","797bc6e5-c2a2-497c-bf6e-087c71a1d8b5","katraj-vit","6c30c56b-74ce-4c24-a819-98b9ab6387f5","0ad9adea-2c75-4d2a-86ae-34dcc0727788","VIT College","18.4635","73.8682","Shankar Maharaj Math","18.4735","73.8579","2026-09-14T12:00:00.000Z","1","0","scooty","true","13","Pickup near the hub","COMPLETED","13","6"
"ec246858-3b03-4b2a-8b16-9341d9321c78","7f819a59-7908-47e3-8d88-f31823ce6b9f","swargate-vit","596f6d76-b8c5-4cf2-9058-1a1a334d424d","6c30c56b-74ce-4c24-a819-98b9ab6387f5","Panchami BRTS","18.4902","73.8586","VIT College","18.4635","73.8682","2026-09-15T02:15:00.000Z","1","1","scooty","true","29","Please arrive five minutes early","COMPLETED","4","12"
"9e25ce2d-696f-40ba-a21d-adc579773a7e","08cf7a8e-ecd3-4df0-8139-226218b0981a","katraj-vit","6c30c56b-74ce-4c24-a819-98b9ab6387f5","86597dc2-00ef-475a-8a9a-daf0323897ca","VIT College","18.4635","73.8682","Katraj Terminal","18.4471","73.8562","2026-09-16T12:00:00.000Z","1","1","bike","true","4","Pickup near the hub","COMPLETED","13","1"
"e10054d7-019d-4661-8acf-a7c02793c39d","5ab9a35e-6ac7-4156-95ae-cc1e59bb9fa7","swargate-vit","0095597e-ebd1-4f83-a6c0-a8e94be6a92b","6c30c56b-74ce-4c24-a819-98b9ab6387f5","Laxmi Narayan Theatre","18.4965","73.8584","VIT College","18.4635","73.8682","2026-09-17T02:15:00.000Z","1","0","scooty","false","4","","COMPLETED","3","12"
"a2ada4c5-5541-46f5-9ba3-ca2738625fbe","53329683-b608-43d8-93dd-40f75fc7d319","katraj-vit","6c30c56b-74ce-4c24-a819-98b9ab6387f5","eb0d92a7-38aa-446a-9f38-091814ea3abd","VIT College","18.4635","73.8682","Chintamani Nagar","18.4651","73.864","2026-09-18T12:00:00.000Z","1","0","scooty","true","30","Morning campus commute","COMPLETED","13","12"
"1bcbf866-59f4-4ef4-adde-62fce4947855","984e14a4-a27e-416c-9397-0cf2fb53101f","swargate-vit","a80964b4-72f5-43de-ad1a-bdcb9fca796e","6c30c56b-74ce-4c24-a819-98b9ab6387f5","Lower Indira Nagar Stop","18.4718","73.8618","VIT College","18.4635","73.8682","2026-09-19T02:15:00.000Z","1","1","scooty","false","11","","SCHEDULED","8","12"
"3db3257f-3d10-4e5f-84eb-67dfbc67f98b","08c75e3d-df80-427a-b942-864b9136eb2a","katraj-vit","6c30c56b-74ce-4c24-a819-98b9ab6387f5","86e290a5-7e39-4f7a-805e-a6154d820f01","VIT College","18.4635","73.8682","Market Yard Corner","18.4792","73.8581","2026-09-20T12:00:00.000Z","1","0","bike","true","9","Pickup near the hub","COMPLETED","13","7"
"58cc2256-2ec1-4cd2-8c61-7a6dfc93ecc3","77d7f815-239b-4019-bf1b-76b62751a21d","swargate-vit","0c2d013a-9422-4c89-905f-4ec287ba2251","6c30c56b-74ce-4c24-a819-98b9ab6387f5","Swargate BRTS Stop","18.4982","73.8588","VIT College","18.4635","73.8682","2026-09-21T02:15:00.000Z","1","1","bike","true","26","Pickup near the hub","SCHEDULED","2","12"
"04a66207-3f8e-4650-b19e-1692d8444905","fa8313a6-d0cd-4c89-ac5a-1bcf559767e4","katraj-vit","6c30c56b-74ce-4c24-a819-98b9ab6387f5","11cd5543-db39-4321-9f12-008b367d2ce1","VIT College","18.4635","73.8682","Upper Indira Nagar Bus Depot","18.4682","73.8623","2026-09-22T12:00:00.000Z","1","0","bike","true","26","","SCHEDULED","13","11"
"80ec623e-6857-448c-b901-d80a0141ee25","26f04940-3483-4462-a324-84a3c523c941","swargate-vit","86e290a5-7e39-4f7a-805e-a6154d820f01","6c30c56b-74ce-4c24-a819-98b9ab6387f5","Market Yard Corner","18.4792","73.8581","VIT College","18.4635","73.8682","2026-09-23T02:15:00.000Z","1","0","scooty","true","4","Please arrive five minutes early","SCHEDULED","6","12"
"ce84c9d5-53b0-4049-bef8-2c863c4743f4","364c0441-918b-402a-a77c-fc9446ad8d71","katraj-vit","6c30c56b-74ce-4c24-a819-98b9ab6387f5","1bc21bdf-5bcc-4dd4-8140-eac24ae23b69","VIT College","18.4635","73.8682","Kashinath Patil Nagar Stop","18.4745","73.8631","2026-09-24T12:00:00.000Z","1","0","bike","true","13","","SCHEDULED","13","10"
"d31bc2e3-d543-430f-8694-03deef0d03a0","1d69f9fe-09f6-4a0a-8dc1-753c6b3015e6","swargate-vit","eb0d92a7-38aa-446a-9f38-091814ea3abd","6c30c56b-74ce-4c24-a819-98b9ab6387f5","Chintamani Nagar","18.4651","73.864","VIT College","18.4635","73.8682","2026-09-25T02:15:00.000Z","1","0","bike","true","8","Please arrive five minutes early","SCHEDULED","11","12"
"98981a53-c80c-4f63-91fb-2b433181ec4e","0c422408-fcb3-49ec-919b-15b6c943586f","katraj-vit","6c30c56b-74ce-4c24-a819-98b9ab6387f5","1bc21bdf-5bcc-4dd4-8140-eac24ae23b69","VIT College","18.4635","73.8682","Kashinath Patil Nagar Stop","18.4745","73.8631","2026-09-26T12:00:00.000Z","1","0","scooty","true","30","Please arrive five minutes early","SCHEDULED","13","10"
"785ea47f-a0e2-4e25-8534-f6b42b5194f7","8583b128-6eef-4c56-a566-5dc44a8d0a70","swargate-vit","0c2d013a-9422-4c89-905f-4ec287ba2251","6c30c56b-74ce-4c24-a819-98b9ab6387f5","Swargate BRTS Stop","18.4982","73.8588","VIT College","18.4635","73.8682","2026-09-27T02:15:00.000Z","1","0","bike","false","2","Morning campus commute","SCHEDULED","2","12"
"b060f8ea-8adb-4269-aac4-410824a6548d","481621b5-ffcf-4751-b9e2-151c0182f97a","katraj-vit","6c30c56b-74ce-4c24-a819-98b9ab6387f5","eb0d92a7-38aa-446a-9f38-091814ea3abd","VIT College","18.4635","73.8682","Chintamani Nagar","18.4651","73.864","2026-09-28T12:00:00.000Z","1","0","bike","true","15","Pickup near the hub","SCHEDULED","13","12"
"530061fe-8a66-4f85-8836-dc417f7912f2","25e86fcd-e6f3-4cae-abe5-69da8dc4879a","swargate-vit","11cd5543-db39-4321-9f12-008b367d2ce1","6c30c56b-74ce-4c24-a819-98b9ab6387f5","Upper Indira Nagar Bus Depot","18.4682","73.8623","VIT College","18.4635","73.8682","2026-09-29T02:15:00.000Z","4","3","car","false","66","Pickup near the hub","SCHEDULED","10","12"
"6d0a333b-623b-499b-9752-7def665d02ff","a78816e2-8aae-4e54-8410-968bc321f082","katraj-vit","6c30c56b-74ce-4c24-a819-98b9ab6387f5","af5c22fe-11db-4392-b90e-85f946c0a37b","VIT College","18.4635","73.8682","KK Market BRTS","18.4683","73.8579","2026-09-30T12:00:00.000Z","3","2","car","false","23","","SCHEDULED","13","5"
"7384de82-d9f3-4a09-b9d7-c1096ae96fe9","1de804a1-1c04-4d9b-88a6-03aa475b2f23","swargate-vit","596f6d76-b8c5-4cf2-9058-1a1a334d424d","6c30c56b-74ce-4c24-a819-98b9ab6387f5","Panchami BRTS","18.4902","73.8586","VIT College","18.4635","73.8682","2026-10-01T02:15:00.000Z","1","0","scooty","true","14","Morning campus commute","SCHEDULED","4","12"
"54ed5c0b-6bee-488b-8fa0-b18ac7448c5d","c366b16a-709a-4bd5-99f4-4d48e2a64d10","katraj-vit","6c30c56b-74ce-4c24-a819-98b9ab6387f5","af5c22fe-11db-4392-b90e-85f946c0a37b","VIT College","18.4635","73.8682","KK Market BRTS","18.4683","73.8579","2026-10-02T12:00:00.000Z","1","1","bike","true","13","Pickup near the hub","SCHEDULED","13","5"
"5fe68a5e-2b41-450c-9ea7-7a4f1919c026","b1b24393-ed6c-4074-a261-01b7aa240011","swargate-vit","eb0d92a7-38aa-446a-9f38-091814ea3abd","6c30c56b-74ce-4c24-a819-98b9ab6387f5","Chintamani Nagar","18.4651","73.864","VIT College","18.4635","73.8682","2026-10-03T02:15:00.000Z","3","1","car","false","53","Please arrive five minutes early","SCHEDULED","11","12"
"5ca7ba09-c9d8-4156-94a2-4924d514c253","f2ff9e67-5a69-4146-a543-f1fed27fb87a","katraj-vit","6c30c56b-74ce-4c24-a819-98b9ab6387f5","1bc21bdf-5bcc-4dd4-8140-eac24ae23b69","VIT College","18.4635","73.8682","Kashinath Patil Nagar Stop","18.4745","73.8631","2026-10-04T12:00:00.000Z","3","2","car","false","67","Morning campus commute","SCHEDULED","13","10"
"ba9278c7-bf64-4d67-8b6e-d30a5cfedd4f","fc17bde9-8039-463a-b2df-6dd060d08969","swargate-vit","0c2d013a-9422-4c89-905f-4ec287ba2251","6c30c56b-74ce-4c24-a819-98b9ab6387f5","Swargate BRTS Stop","18.4982","73.8588","VIT College","18.4635","73.8682","2026-10-05T02:15:00.000Z","3","2","car","false","80","Please arrive five minutes early","SCHEDULED","2","12"
"2741c327-9739-4f41-b232-e2de2842ce22","7ecb9a58-e71e-47e3-b199-1b14f78ab1cd","katraj-vit","6c30c56b-74ce-4c24-a819-98b9ab6387f5","fea32ab3-d832-43d3-a3a0-788e8711526d","VIT College","18.4635","73.8682","Balaji Nagar BRTS","18.4628","73.8577","2026-10-06T12:00:00.000Z","4","2","car","false","78","Please arrive five minutes early","SCHEDULED","13","4"
"8f48bc14-eb02-42c5-806b-a120caae63de","50ca192e-d3dc-40d0-996b-6eea924c44d8","swargate-vit","86e290a5-7e39-4f7a-805e-a6154d820f01","6c30c56b-74ce-4c24-a819-98b9ab6387f5","Market Yard Corner","18.4792","73.8581","VIT College","18.4635","73.8682","2026-10-07T02:15:00.000Z","1","0","scooty","true","9","","SCHEDULED","6","12"
"7ad8de96-cb66-47b2-8679-79d581a35a38","8fcb293d-bce3-4068-b448-c15533882e86","katraj-vit","6c30c56b-74ce-4c24-a819-98b9ab6387f5","3221d156-13e7-4834-84ce-848f49b87be2","VIT College","18.4635","73.8682","Bibwewadi Bus Stop","18.4792","73.8615","2026-10-08T12:00:00.000Z","1","0","scooty","true","7","","SCHEDULED","13","8"
"556b3dff-8a8f-45c0-ab04-846ea2b3481e","399cdebc-51c2-422b-87a5-220f8cc2d7ac","swargate-vit","0095597e-ebd1-4f83-a6c0-a8e94be6a92b","6c30c56b-74ce-4c24-a819-98b9ab6387f5","Laxmi Narayan Theatre","18.4965","73.8584","VIT College","18.4635","73.8682","2026-10-09T02:15:00.000Z","1","0","bike","true","17","Morning campus commute","SCHEDULED","3","12"
"06e4ac6c-d55f-4bb8-a35e-d68c49aa6fe0","ff933861-ecae-470a-9ee4-3663e749fdbc","katraj-vit","6c30c56b-74ce-4c24-a819-98b9ab6387f5","a80964b4-72f5-43de-ad1a-bdcb9fca796e","VIT College","18.4635","73.8682","Lower Indira Nagar Stop","18.4718","73.8618","2026-10-10T12:00:00.000Z","1","0","scooty","true","22","","SCHEDULED","13","9"
"138e0e96-2ae0-42eb-925a-2efd6cc07f88","f34b84c7-eb95-4dff-958a-ef69c608f272","swargate-vit","86e290a5-7e39-4f7a-805e-a6154d820f01","6c30c56b-74ce-4c24-a819-98b9ab6387f5","Market Yard Corner","18.4792","73.8581","VIT College","18.4635","73.8682","2026-10-11T02:15:00.000Z","1","0","bike","true","28","","SCHEDULED","6","12"
"399c90ae-f9b2-4636-b216-eefe642d5e68","6279cde7-2c2c-4986-a9a4-55039693b818","katraj-vit","6c30c56b-74ce-4c24-a819-98b9ab6387f5","11cd5543-db39-4321-9f12-008b367d2ce1","VIT College","18.4635","73.8682","Upper Indira Nagar Bus Depot","18.4682","73.8623","2026-10-12T12:00:00.000Z","3","0","car","false","49","","SCHEDULED","13","11"
"11a1a211-ed80-4b47-832d-744d54e3697a","61a5fb10-8cc3-48db-a009-2fdb4eb9c378","swargate-vit","3221d156-13e7-4834-84ce-848f49b87be2","6c30c56b-74ce-4c24-a819-98b9ab6387f5","Bibwewadi Bus Stop","18.4792","73.8615","VIT College","18.4635","73.8682","2026-10-13T02:15:00.000Z","1","0","scooty","true","4","","SCHEDULED","7","12"
"ef01b520-394f-42d7-80ea-7c9e4d54ceb9","aa4ac675-15bc-49db-b7fa-84335d28cdc7","katraj-vit","6c30c56b-74ce-4c24-a819-98b9ab6387f5","eb0d92a7-38aa-446a-9f38-091814ea3abd","VIT College","18.4635","73.8682","Chintamani Nagar","18.4651","73.864","2026-10-14T12:00:00.000Z","1","0","scooty","true","27","Please arrive five minutes early","SCHEDULED","13","12"
"8dca88da-214d-418a-9950-3820c5a0025c","6b38852c-3199-4130-9bef-739d2cbf98cd","swargate-vit","eb0d92a7-38aa-446a-9f38-091814ea3abd","6c30c56b-74ce-4c24-a819-98b9ab6387f5","Chintamani Nagar","18.4651","73.864","VIT College","18.4635","73.8682","2026-10-15T02:15:00.000Z","3","1","car","false","53","Pickup near the hub","SCHEDULED","11","12"
"6aab06c3-ca46-4e55-935a-b585c41aaf77","32c9560a-e267-4d5f-85c7-ca585ac3975e","katraj-vit","6c30c56b-74ce-4c24-a819-98b9ab6387f5","876d2e4d-fad4-4ee2-916c-e5ad147030cf","VIT College","18.4635","73.8682","Katraj Dairy BRTS","18.4508","73.8569","2026-10-16T12:00:00.000Z","1","1","scooty","true","4","Morning campus commute","SCHEDULED","13","2"
"97e0576b-a371-4489-a6e6-1050d8cd2b6c","15ef891e-746f-4219-8638-297ada541a3a","swargate-vit","eb0d92a7-38aa-446a-9f38-091814ea3abd","6c30c56b-74ce-4c24-a819-98b9ab6387f5","Chintamani Nagar","18.4651","73.864","VIT College","18.4635","73.8682","2026-10-17T02:15:00.000Z","1","0","scooty","true","4","Please arrive five minutes early","SCHEDULED","11","12"
"0350367a-d053-4acd-8222-3218fa42a97c","c4608e10-532e-42df-b9ca-6399d157bc77","katraj-vit","6c30c56b-74ce-4c24-a819-98b9ab6387f5","86597dc2-00ef-475a-8a9a-daf0323897ca","VIT College","18.4635","73.8682","Katraj Terminal","18.4471","73.8562","2026-10-18T12:00:00.000Z","4","2","car","false","23","Morning campus commute","SCHEDULED","13","1"
"5719265d-325a-4a00-9690-103e22dae62e","9c577260-815e-4814-ae42-db071f0604b0","swargate-vit","1bc21bdf-5bcc-4dd4-8140-eac24ae23b69","6c30c56b-74ce-4c24-a819-98b9ab6387f5","Kashinath Patil Nagar Stop","18.4745","73.8631","VIT College","18.4635","73.8682","2026-10-19T02:15:00.000Z","2","0","car","false","61","Pickup near the hub","SCHEDULED","9","12"
"7b31edae-9abe-4dcc-b7cc-3c3720dc9fb5","11e76d6b-888c-4c86-a3f2-2d4bab255598","katraj-vit","6c30c56b-74ce-4c24-a819-98b9ab6387f5","86597dc2-00ef-475a-8a9a-daf0323897ca","VIT College","18.4635","73.8682","Katraj Terminal","18.4471","73.8562","2026-10-20T12:00:00.000Z","1","1","scooty","true","4","","SCHEDULED","13","1"
"3934bbc8-793b-4112-8542-53c265426f32","12e82429-ecad-4a76-bc1b-fddf73c8c117","swargate-vit","1bc21bdf-5bcc-4dd4-8140-eac24ae23b69","6c30c56b-74ce-4c24-a819-98b9ab6387f5","Kashinath Patil Nagar Stop","18.4745","73.8631","VIT College","18.4635","73.8682","2026-10-21T02:15:00.000Z","1","0","scooty","true","4","Please arrive five minutes early","SCHEDULED","9","12"
"3733cf77-96d4-4dc1-a9ec-da302478c3d5","ac87c729-c400-43ff-9619-cd867435a982","katraj-vit","6c30c56b-74ce-4c24-a819-98b9ab6387f5","a80964b4-72f5-43de-ad1a-bdcb9fca796e","VIT College","18.4635","73.8682","Lower Indira Nagar Stop","18.4718","73.8618","2026-10-22T12:00:00.000Z","1","0","bike","true","18","Pickup near the hub","SCHEDULED","13","9"
"a89e487d-58b0-4fad-9d7c-706e74dd8e1b","65caf2f5-0b5e-452f-a096-f7f73ba694f9","swargate-vit","11cd5543-db39-4321-9f12-008b367d2ce1","6c30c56b-74ce-4c24-a819-98b9ab6387f5","Upper Indira Nagar Bus Depot","18.4682","73.8623","VIT College","18.4635","73.8682","2026-10-23T02:15:00.000Z","3","1","car","false","75","Morning campus commute","SCHEDULED","10","12"
"9f828941-9783-46be-bee8-44b76122f777","e1b6b10d-5653-452d-a57d-24e8752b2f52","katraj-vit","6c30c56b-74ce-4c24-a819-98b9ab6387f5","86e290a5-7e39-4f7a-805e-a6154d820f01","VIT College","18.4635","73.8682","Market Yard Corner","18.4792","73.8581","2026-10-24T12:00:00.000Z","1","1","bike","true","12","Morning campus commute","SCHEDULED","13","7"
"68f26ce5-b4bb-472d-b600-5ea3e62e9c2f","a53ad219-be12-4a6b-9852-64dfe8aa6236","swargate-vit","3221d156-13e7-4834-84ce-848f49b87be2","6c30c56b-74ce-4c24-a819-98b9ab6387f5","Bibwewadi Bus Stop","18.4792","73.8615","VIT College","18.4635","73.8682","2026-10-25T02:15:00.000Z","4","3","car","false","31","Pickup near the hub","SCHEDULED","7","12"
"ab08ed30-ba47-4fb9-b022-78e8de44f5cf","969131e9-4cc6-483d-82f8-990f056d6c5a","katraj-vit","6c30c56b-74ce-4c24-a819-98b9ab6387f5","eb0d92a7-38aa-446a-9f38-091814ea3abd","VIT College","18.4635","73.8682","Chintamani Nagar","18.4651","73.864","2026-10-26T12:00:00.000Z","2","1","car","false","44","Morning campus commute","SCHEDULED","13","12"
"fbb61ac1-f9d2-4cdf-bf75-96014fa681aa","38d92c3f-f6e4-4c90-add9-6f5ecbcd5bde","swargate-vit","19cfadd2-1ff7-4a2f-b5e3-eeb73f44cc28","6c30c56b-74ce-4c24-a819-98b9ab6387f5","Swargate PMPML Main Bus Stand","18.4991","73.8583","VIT College","18.4635","73.8682","2026-10-27T02:15:00.000Z","2","1","car","false","64","Morning campus commute","SCHEDULED","1","12"
"c3a84aea-f9a3-48d9-b74d-9290f38e6112","a7b7dfcb-b36f-4cfc-abf8-afd48e896a75","katraj-vit","6c30c56b-74ce-4c24-a819-98b9ab6387f5","3221d156-13e7-4834-84ce-848f49b87be2","VIT College","18.4635","73.8682","Bibwewadi Bus Stop","18.4792","73.8615","2026-10-28T12:00:00.000Z","3","1","car","false","58","","SCHEDULED","13","8"
"7c15c186-d066-4586-95d9-6c15ab96b1ca","2b79909a-3fc7-4286-93ba-521d9aa64a8f","swargate-vit","570167fe-7324-46a2-9cf4-fbea6048e8be","6c30c56b-74ce-4c24-a819-98b9ab6387f5","City Pride BRTS","18.4845","73.8583","VIT College","18.4635","73.8682","2026-10-29T02:15:00.000Z","1","1","bike","true","2","Pickup near the hub","SCHEDULED","5","12"
"f9e07fb2-20a3-41bf-b1a3-a8cd544569d3","5a240b3c-f182-4a30-82d1-ae0f6586bff3","katraj-vit","6c30c56b-74ce-4c24-a819-98b9ab6387f5","0ad9adea-2c75-4d2a-86ae-34dcc0727788","VIT College","18.4635","73.8682","Shankar Maharaj Math","18.4735","73.8579","2026-10-30T12:00:00.000Z","1","0","scooty","true","13","","SCHEDULED","13","6"
"65474831-05b7-4a37-8459-e593b5ec272a","9beabcea-410e-43e0-9c0e-c32f2476c785","swargate-vit","a80964b4-72f5-43de-ad1a-bdcb9fca796e","6c30c56b-74ce-4c24-a819-98b9ab6387f5","Lower Indira Nagar Stop","18.4718","73.8618","VIT College","18.4635","73.8682","2026-10-31T02:15:00.000Z","1","0","bike","false","10","Please arrive five minutes early","SCHEDULED","8","12"
"2e038fee-9718-4868-a45b-74849aa62d4e","30e63cfd-4d4a-41f2-9c08-fe7bb0c7d4b0","katraj-vit","6c30c56b-74ce-4c24-a819-98b9ab6387f5","ebb92112-ef31-4ebe-a259-4e999c52f0fd","VIT College","18.4635","73.8682","Bharati Vidyapeeth","18.456","73.8574","2026-11-01T12:00:00.000Z","3","1","car","false","24","","SCHEDULED","13","3"
"5700c7ad-a661-41ac-8de3-0caa8edd4916","85bed899-042e-4b82-a6ac-e7f8e8652524","swargate-vit","0095597e-ebd1-4f83-a6c0-a8e94be6a92b","6c30c56b-74ce-4c24-a819-98b9ab6387f5","Laxmi Narayan Theatre","18.4965","73.8584","VIT College","18.4635","73.8682","2026-11-02T02:15:00.000Z","1","0","scooty","true","7","Please arrive five minutes early","SCHEDULED","3","12"
"8a037316-bd88-4f1b-854e-4024f3773942","5b9101ca-8247-4c12-bf7c-68abf2b98166","katraj-vit","6c30c56b-74ce-4c24-a819-98b9ab6387f5","876d2e4d-fad4-4ee2-916c-e5ad147030cf","VIT College","18.4635","73.8682","Katraj Dairy BRTS","18.4508","73.8569","2026-11-03T12:00:00.000Z","1","0","scooty","false","29","","SCHEDULED","13","2"
"d0cab530-3c33-4d4a-ae79-520a75ef8312","5468079d-9fdf-4eb9-9b29-ed8a7c650d7c","swargate-vit","86e290a5-7e39-4f7a-805e-a6154d820f01","6c30c56b-74ce-4c24-a819-98b9ab6387f5","Market Yard Corner","18.4792","73.8581","VIT College","18.4635","73.8682","2026-11-04T02:15:00.000Z","1","0","scooty","true","11","Pickup near the hub","SCHEDULED","6","12"
"b7ba8e54-92be-434c-ba84-25ccd8366591","2cabb8ae-b3d7-4c51-8207-1b8fc7300e2c","katraj-vit","6c30c56b-74ce-4c24-a819-98b9ab6387f5","ebb92112-ef31-4ebe-a259-4e999c52f0fd","VIT College","18.4635","73.8682","Bharati Vidyapeeth","18.456","73.8574","2026-11-05T12:00:00.000Z","4","4","car","false","53","Pickup near the hub","SCHEDULED","13","3"
"373e7fa0-1c24-487c-a052-39be59600702","e16a421d-031b-47d3-936b-9d6bed68b285","swargate-vit","1bc21bdf-5bcc-4dd4-8140-eac24ae23b69","6c30c56b-74ce-4c24-a819-98b9ab6387f5","Kashinath Patil Nagar Stop","18.4745","73.8631","VIT College","18.4635","73.8682","2026-08-08T02:15:00.000Z","3","1","car","false","56","Morning campus commute","COMPLETED","9","12"
"82d6e312-ea3e-4afc-80b2-29f1e2db19d2","2cb66b98-63d0-4a21-a9ed-c884d238b71c","katraj-vit","6c30c56b-74ce-4c24-a819-98b9ab6387f5","11cd5543-db39-4321-9f12-008b367d2ce1","VIT College","18.4635","73.8682","Upper Indira Nagar Bus Depot","18.4682","73.8623","2026-08-09T12:00:00.000Z","1","0","bike","true","8","Please arrive five minutes early","CANCELLED","13","11"
"4fa31dbb-5e33-4dd3-a43e-79f543fe1378","61caa1f5-7dee-45a4-964a-8e5ed8b6a158","swargate-vit","0c2d013a-9422-4c89-905f-4ec287ba2251","6c30c56b-74ce-4c24-a819-98b9ab6387f5","Swargate BRTS Stop","18.4982","73.8588","VIT College","18.4635","73.8682","2026-08-10T02:15:00.000Z","1","0","bike","false","6","Pickup near the hub","COMPLETED","2","12"
"974ff15c-c038-4dc5-987b-3071cb4137f1","dd95ce1d-b76e-4f1f-9a03-108aea02d0d2","katraj-vit","6c30c56b-74ce-4c24-a819-98b9ab6387f5","ebb92112-ef31-4ebe-a259-4e999c52f0fd","VIT College","18.4635","73.8682","Bharati Vidyapeeth","18.456","73.8574","2026-08-11T12:00:00.000Z","1","0","bike","false","26","Morning campus commute","COMPLETED","13","3"
"0a9c89f4-ad9e-46c8-8338-2757a38d5122","95204930-6f62-4024-8493-801a30e46f1a","swargate-vit","86e290a5-7e39-4f7a-805e-a6154d820f01","6c30c56b-74ce-4c24-a819-98b9ab6387f5","Market Yard Corner","18.4792","73.8581","VIT College","18.4635","73.8682","2026-08-12T02:15:00.000Z","3","1","car","false","76","Please arrive five minutes early","COMPLETED","6","12"
"bb6447da-be36-4483-a6db-f03969d1306d","037ed347-fb73-4043-a8e2-c7edc58d6dac","katraj-vit","6c30c56b-74ce-4c24-a819-98b9ab6387f5","ebb92112-ef31-4ebe-a259-4e999c52f0fd","VIT College","18.4635","73.8682","Bharati Vidyapeeth","18.456","73.8574","2026-08-13T12:00:00.000Z","4","3","car","false","43","Please arrive five minutes early","COMPLETED","13","3"
"5be2a491-d5dd-4af1-8d73-36810402dca8","843078cc-2ea7-483f-83b3-cc8bae6695c6","swargate-vit","570167fe-7324-46a2-9cf4-fbea6048e8be","6c30c56b-74ce-4c24-a819-98b9ab6387f5","City Pride BRTS","18.4845","73.8583","VIT College","18.4635","73.8682","2026-08-14T02:15:00.000Z","1","1","scooty","false","4","Please arrive five minutes early","COMPLETED","5","12"
"5490818a-2bc2-4ef4-937f-aa45c186f23e","d04ea078-3e78-494d-83a0-92fee39d6bb7","katraj-vit","6c30c56b-74ce-4c24-a819-98b9ab6387f5","fea32ab3-d832-43d3-a3a0-788e8711526d","VIT College","18.4635","73.8682","Balaji Nagar BRTS","18.4628","73.8577","2026-08-15T12:00:00.000Z","1","0","scooty","true","22","","COMPLETED","13","4"
"da735137-ace5-43af-ab24-22dac49fda23","d022c9ae-ee6b-4085-b2c1-11a5c9e6c784","swargate-vit","3221d156-13e7-4834-84ce-848f49b87be2","6c30c56b-74ce-4c24-a819-98b9ab6387f5","Bibwewadi Bus Stop","18.4792","73.8615","VIT College","18.4635","73.8682","2026-08-16T02:15:00.000Z","4","4","car","false","42","","COMPLETED","7","12"
"3242d9fc-9ffa-4468-a6bc-e5b75acf07a6","be9c6ca4-6ee9-481b-8039-dcc0a742224e","katraj-vit","6c30c56b-74ce-4c24-a819-98b9ab6387f5","3221d156-13e7-4834-84ce-848f49b87be2","VIT College","18.4635","73.8682","Bibwewadi Bus Stop","18.4792","73.8615","2026-08-17T12:00:00.000Z","4","3","car","false","75","","COMPLETED","13","8"
"7a765650-b258-434b-bbbc-98ea7db7530e","39147f90-fbda-49de-88ec-5fe656c0d7b4","swargate-vit","86e290a5-7e39-4f7a-805e-a6154d820f01","6c30c56b-74ce-4c24-a819-98b9ab6387f5","Market Yard Corner","18.4792","73.8581","VIT College","18.4635","73.8682","2026-08-18T02:15:00.000Z","3","1","car","false","24","Morning campus commute","COMPLETED","6","12"
"65577061-4435-4338-8873-ff30ff5a901c","ce05a8a6-09ab-4705-92d1-3f61a51fd69d","katraj-vit","6c30c56b-74ce-4c24-a819-98b9ab6387f5","0ad9adea-2c75-4d2a-86ae-34dcc0727788","VIT College","18.4635","73.8682","Shankar Maharaj Math","18.4735","73.8579","2026-08-19T12:00:00.000Z","2","2","car","false","48","Please arrive five minutes early","COMPLETED","13","6"
"57bdea97-fabb-456a-a374-e4980b70f1bb","be4d340c-e4ae-41d8-a1a2-337d84d2bfc1","swargate-vit","a80964b4-72f5-43de-ad1a-bdcb9fca796e","6c30c56b-74ce-4c24-a819-98b9ab6387f5","Lower Indira Nagar Stop","18.4718","73.8618","VIT College","18.4635","73.8682","2026-08-20T02:15:00.000Z","1","0","scooty","true","21","","CANCELLED","8","12"
"a64c3a42-0e72-4c06-9c85-60c0039d0c26","d79a63da-78e9-4b42-a5b3-c04b428ae1c7","katraj-vit","6c30c56b-74ce-4c24-a819-98b9ab6387f5","1bc21bdf-5bcc-4dd4-8140-eac24ae23b69","VIT College","18.4635","73.8682","Kashinath Patil Nagar Stop","18.4745","73.8631","2026-08-21T12:00:00.000Z","2","1","car","false","72","Pickup near the hub","COMPLETED","13","10"
"ecd1eddd-48f7-4b16-b5d6-c74e0ffa0f96","b0ac27cd-c785-4a92-96f7-125faca0aafd","swargate-vit","570167fe-7324-46a2-9cf4-fbea6048e8be","6c30c56b-74ce-4c24-a819-98b9ab6387f5","City Pride BRTS","18.4845","73.8583","VIT College","18.4635","73.8682","2026-08-22T02:15:00.000Z","1","0","bike","true","3","","SCHEDULED","5","12"
"64b15a17-a6a0-4c29-a956-bcc463b3e06d","7cbb830b-c6bc-4fec-a09b-14b8c825bef8","katraj-vit","6c30c56b-74ce-4c24-a819-98b9ab6387f5","86e290a5-7e39-4f7a-805e-a6154d820f01","VIT College","18.4635","73.8682","Market Yard Corner","18.4792","73.8581","2026-08-23T12:00:00.000Z","1","0","bike","true","13","Please arrive five minutes early","CANCELLED","13","7"
"880eece1-35c6-47cc-9b13-df7a4dafa75b","fbd59ae5-86aa-4b7c-b82b-b7c0b9d357a3","swargate-vit","596f6d76-b8c5-4cf2-9058-1a1a334d424d","6c30c56b-74ce-4c24-a819-98b9ab6387f5","Panchami BRTS","18.4902","73.8586","VIT College","18.4635","73.8682","2026-08-24T02:15:00.000Z","1","0","bike","true","27","","COMPLETED","4","12"
"fcd79093-8bbb-4802-9025-22dddfd1bbd8","51e576cc-ab7a-49bd-ad0b-21fda7d2bda2","katraj-vit","6c30c56b-74ce-4c24-a819-98b9ab6387f5","86597dc2-00ef-475a-8a9a-daf0323897ca","VIT College","18.4635","73.8682","Katraj Terminal","18.4471","73.8562","2026-08-25T12:00:00.000Z","2","0","car","false","52","Please arrive five minutes early","SCHEDULED","13","1"
"537be75e-2e48-4216-8457-cd11d3b726a2","2f12a413-553c-4203-bffb-955e3123875f","swargate-vit","a80964b4-72f5-43de-ad1a-bdcb9fca796e","6c30c56b-74ce-4c24-a819-98b9ab6387f5","Lower Indira Nagar Stop","18.4718","73.8618","VIT College","18.4635","73.8682","2026-08-26T02:15:00.000Z","1","1","scooty","true","11","","COMPLETED","8","12"
"10d4ae0f-d589-4996-8aa8-b10e0baf2e0b","666980bd-8e4f-4f8c-8b8f-e0c3b08af505","katraj-vit","6c30c56b-74ce-4c24-a819-98b9ab6387f5","0ad9adea-2c75-4d2a-86ae-34dcc0727788","VIT College","18.4635","73.8682","Shankar Maharaj Math","18.4735","73.8579","2026-08-27T12:00:00.000Z","1","0","bike","true","16","Morning campus commute","COMPLETED","13","6"
"874e7b82-c4f1-47b2-9f14-d08d51a04b90","ced6df1d-3ee8-4c76-8610-955b666d02b6","swargate-vit","a80964b4-72f5-43de-ad1a-bdcb9fca796e","6c30c56b-74ce-4c24-a819-98b9ab6387f5","Lower Indira Nagar Stop","18.4718","73.8618","VIT College","18.4635","73.8682","2026-08-28T02:15:00.000Z","4","2","car","false","34","Pickup near the hub","SCHEDULED","8","12"
"56c645af-8b79-43bc-a739-c8cb8fbf2680","f599bc96-4841-492f-a111-bec5b3b961ae","katraj-vit","6c30c56b-74ce-4c24-a819-98b9ab6387f5","1bc21bdf-5bcc-4dd4-8140-eac24ae23b69","VIT College","18.4635","73.8682","Kashinath Patil Nagar Stop","18.4745","73.8631","2026-08-29T12:00:00.000Z","1","0","scooty","true","2","Pickup near the hub","CANCELLED","13","10"
"93e23fb9-63b7-406f-a4b1-96c0dba5a981","523365f0-54d7-48ce-b828-50e1b0a2737e","swargate-vit","1bc21bdf-5bcc-4dd4-8140-eac24ae23b69","6c30c56b-74ce-4c24-a819-98b9ab6387f5","Kashinath Patil Nagar Stop","18.4745","73.8631","VIT College","18.4635","73.8682","2026-08-30T02:15:00.000Z","1","0","scooty","true","30","Pickup near the hub","COMPLETED","9","12"
"8066116b-42f6-40aa-87fd-8d4056b46e4d","228adcc3-430e-4eba-ba35-403a9eae4ae6","katraj-vit","6c30c56b-74ce-4c24-a819-98b9ab6387f5","11cd5543-db39-4321-9f12-008b367d2ce1","VIT College","18.4635","73.8682","Upper Indira Nagar Bus Depot","18.4682","73.8623","2026-08-31T12:00:00.000Z","1","1","scooty","true","14","Morning campus commute","COMPLETED","13","11"
"b1dca3b9-155b-457a-a18c-bea536d908b9","9ef8f4fa-8101-4ff2-80ff-91a966e3bab8","swargate-vit","1bc21bdf-5bcc-4dd4-8140-eac24ae23b69","6c30c56b-74ce-4c24-a819-98b9ab6387f5","Kashinath Patil Nagar Stop","18.4745","73.8631","VIT College","18.4635","73.8682","2026-09-01T02:15:00.000Z","2","0","car","false","58","Pickup near the hub","SCHEDULED","9","12"
"7c526082-d595-4d19-87ba-ee5aee3916ce","7a6f894d-c3ee-4aa4-a5c8-b62bdfa18164","katraj-vit","6c30c56b-74ce-4c24-a819-98b9ab6387f5","86e290a5-7e39-4f7a-805e-a6154d820f01","VIT College","18.4635","73.8682","Market Yard Corner","18.4792","73.8581","2026-09-02T12:00:00.000Z","1","0","scooty","false","18","","CANCELLED","13","7"
"e5c29427-4d28-4be5-bf7a-580d4952ab5d","fcfaa482-6492-469b-ba42-8abf44531f61","swargate-vit","a80964b4-72f5-43de-ad1a-bdcb9fca796e","6c30c56b-74ce-4c24-a819-98b9ab6387f5","Lower Indira Nagar Stop","18.4718","73.8618","VIT College","18.4635","73.8682","2026-09-03T02:15:00.000Z","1","0","bike","true","23","","COMPLETED","8","12"
"720d41ac-d1b4-4dc9-ba7a-6acf0042e745","2a786db0-f79e-4a08-a45d-7143a56be137","katraj-vit","6c30c56b-74ce-4c24-a819-98b9ab6387f5","0ad9adea-2c75-4d2a-86ae-34dcc0727788","VIT College","18.4635","73.8682","Shankar Maharaj Math","18.4735","73.8579","2026-09-04T12:00:00.000Z","1","0","bike","true","2","Pickup near the hub","COMPLETED","13","6"
"b38065ef-acd7-4f75-831e-a3883a7c083b","20b672de-a2b7-4ee4-8a1e-2dd98d7a3278","swargate-vit","570167fe-7324-46a2-9cf4-fbea6048e8be","6c30c56b-74ce-4c24-a819-98b9ab6387f5","City Pride BRTS","18.4845","73.8583","VIT College","18.4635","73.8682","2026-09-05T02:15:00.000Z","3","2","car","false","40","Pickup near the hub","SCHEDULED","5","12"
"56676370-b1ed-4512-a806-de2335804b90","1386d7bb-79eb-4e36-b78d-7ac74357b589","katraj-vit","6c30c56b-74ce-4c24-a819-98b9ab6387f5","fea32ab3-d832-43d3-a3a0-788e8711526d","VIT College","18.4635","73.8682","Balaji Nagar BRTS","18.4628","73.8577","2026-09-06T12:00:00.000Z","1","0","scooty","false","10","Pickup near the hub","SCHEDULED","13","4"
"9e9d3c36-4fab-4b7a-b4d5-2d97e2d9323d","db21b52b-86e1-49c0-82fe-f5d33db4323f","swargate-vit","86e290a5-7e39-4f7a-805e-a6154d820f01","6c30c56b-74ce-4c24-a819-98b9ab6387f5","Market Yard Corner","18.4792","73.8581","VIT College","18.4635","73.8682","2026-09-07T02:15:00.000Z","1","0","scooty","true","28","Morning campus commute","CANCELLED","6","12"
"c4300939-e4a1-4f47-bdee-6b1b2bfff264","f0c7e0ed-5ec8-43e2-aabe-d0c93c5234e3","katraj-vit","6c30c56b-74ce-4c24-a819-98b9ab6387f5","a80964b4-72f5-43de-ad1a-bdcb9fca796e","VIT College","18.4635","73.8682","Lower Indira Nagar Stop","18.4718","73.8618","2026-09-08T12:00:00.000Z","1","0","bike","true","0","Please arrive five minutes early","COMPLETED","13","9"
"009f4a96-e552-4848-bef5-7a21b796a829","f0be6e7d-be56-4dae-a215-ca68d901c731","swargate-vit","a80964b4-72f5-43de-ad1a-bdcb9fca796e","6c30c56b-74ce-4c24-a819-98b9ab6387f5","Lower Indira Nagar Stop","18.4718","73.8618","VIT College","18.4635","73.8682","2026-09-09T02:15:00.000Z","1","1","bike","false","23","Pickup near the hub","CANCELLED","8","12"
"3beb3b27-79ed-44b0-9627-62428b551e82","be4ef771-c8b1-4464-b4f7-41e3ea277c87","katraj-vit","6c30c56b-74ce-4c24-a819-98b9ab6387f5","ebb92112-ef31-4ebe-a259-4e999c52f0fd","VIT College","18.4635","73.8682","Bharati Vidyapeeth","18.456","73.8574","2026-09-10T12:00:00.000Z","2","0","car","false","41","Please arrive five minutes early","SCHEDULED","13","3"
"35101783-fa01-4108-9a78-87e5da2fce52","2c463203-2185-4bb6-ac9c-dbf4b358d3f9","swargate-vit","596f6d76-b8c5-4cf2-9058-1a1a334d424d","6c30c56b-74ce-4c24-a819-98b9ab6387f5","Panchami BRTS","18.4902","73.8586","VIT College","18.4635","73.8682","2026-09-11T02:15:00.000Z","4","4","car","false","35","","COMPLETED","4","12"
"a1113ccb-74a8-4188-b35a-bec65d08d99e","e0a60ad9-cc73-4c06-a3f4-008b5f55a00b","katraj-vit","6c30c56b-74ce-4c24-a819-98b9ab6387f5","3221d156-13e7-4834-84ce-848f49b87be2","VIT College","18.4635","73.8682","Bibwewadi Bus Stop","18.4792","73.8615","2026-09-12T12:00:00.000Z","1","1","scooty","false","22","Morning campus commute","COMPLETED","13","8"
"bd75dfb8-8351-408f-b038-cd01a8ea5c7e","bf4c6c59-6b96-40c9-9575-8528b27b985c","swargate-vit","570167fe-7324-46a2-9cf4-fbea6048e8be","6c30c56b-74ce-4c24-a819-98b9ab6387f5","City Pride BRTS","18.4845","73.8583","VIT College","18.4635","73.8682","2026-09-13T02:15:00.000Z","1","0","scooty","false","29","Morning campus commute","COMPLETED","5","12"
"722b279b-dccd-4554-b6b0-583efd80ad3b","a1ef1ce8-9cb0-499a-bca0-636d395b8e27","katraj-vit","6c30c56b-74ce-4c24-a819-98b9ab6387f5","0ad9adea-2c75-4d2a-86ae-34dcc0727788","VIT College","18.4635","73.8682","Shankar Maharaj Math","18.4735","73.8579","2026-09-14T12:00:00.000Z","1","0","bike","true","14","Please arrive five minutes early","SCHEDULED","13","6"
"7b68f551-2656-4109-92ec-c54f71db7d11","39d3794d-33e3-4ffe-b495-fbaa9d28a26b","swargate-vit","0c2d013a-9422-4c89-905f-4ec287ba2251","6c30c56b-74ce-4c24-a819-98b9ab6387f5","Swargate BRTS Stop","18.4982","73.8588","VIT College","18.4635","73.8682","2026-09-15T02:15:00.000Z","1","1","bike","true","12","Please arrive five minutes early","COMPLETED","2","12"
"04c461eb-f5d7-4f2b-a227-edba582fcd38","6afa4784-41a5-471b-8dbf-dcd4ef8d1af1","katraj-vit","6c30c56b-74ce-4c24-a819-98b9ab6387f5","1bc21bdf-5bcc-4dd4-8140-eac24ae23b69","VIT College","18.4635","73.8682","Kashinath Patil Nagar Stop","18.4745","73.8631","2026-09-16T12:00:00.000Z","1","0","bike","true","27","","COMPLETED","13","10"
"7f11746a-ddb5-4b52-8c2f-b9ab9ecd24eb","9907b9e1-2eaf-4019-b6c3-d17953880b08","swargate-vit","1bc21bdf-5bcc-4dd4-8140-eac24ae23b69","6c30c56b-74ce-4c24-a819-98b9ab6387f5","Kashinath Patil Nagar Stop","18.4745","73.8631","VIT College","18.4635","73.8682","2026-09-17T02:15:00.000Z","1","0","bike","false","0","Pickup near the hub","COMPLETED","9","12"
"1e936a3f-b640-432e-8ff8-bf3b94f3c7fb","50b52ef7-937a-4ad7-a6ea-5df63741b351","katraj-vit","6c30c56b-74ce-4c24-a819-98b9ab6387f5","0ad9adea-2c75-4d2a-86ae-34dcc0727788","VIT College","18.4635","73.8682","Shankar Maharaj Math","18.4735","73.8579","2026-09-18T12:00:00.000Z","1","0","scooty","true","11","Please arrive five minutes early","SCHEDULED","13","6"
"9c1377e0-63e5-4921-a677-2c4cb32569d2","aa992245-dc20-4688-8711-279522417636","swargate-vit","19cfadd2-1ff7-4a2f-b5e3-eeb73f44cc28","6c30c56b-74ce-4c24-a819-98b9ab6387f5","Swargate PMPML Main Bus Stand","18.4991","73.8583","VIT College","18.4635","73.8682","2026-09-19T02:15:00.000Z","1","0","scooty","true","29","","COMPLETED","1","12"
"de36d91d-800f-4ad4-b9e1-2a6be77027d4","b5e29269-7643-45b9-ac7a-a2ccd2b93983","katraj-vit","6c30c56b-74ce-4c24-a819-98b9ab6387f5","876d2e4d-fad4-4ee2-916c-e5ad147030cf","VIT College","18.4635","73.8682","Katraj Dairy BRTS","18.4508","73.8569","2026-09-20T12:00:00.000Z","1","0","scooty","true","30","Please arrive five minutes early","COMPLETED","13","2"
"f577c4c8-21b9-4f67-8824-92084fc00604","5bed2f04-01f9-4e95-995a-1a0c306ae9c3","swargate-vit","19cfadd2-1ff7-4a2f-b5e3-eeb73f44cc28","6c30c56b-74ce-4c24-a819-98b9ab6387f5","Swargate PMPML Main Bus Stand","18.4991","73.8583","VIT College","18.4635","73.8682","2026-09-21T02:15:00.000Z","3","2","car","false","27","Please arrive five minutes early","COMPLETED","1","12"
"8766f53e-2624-498b-8250-73a29b3c3c25","d96dc164-dffd-4bcb-bc7b-ca59b2d88379","katraj-vit","6c30c56b-74ce-4c24-a819-98b9ab6387f5","86e290a5-7e39-4f7a-805e-a6154d820f01","VIT College","18.4635","73.8682","Market Yard Corner","18.4792","73.8581","2026-09-22T12:00:00.000Z","2","1","car","false","63","Morning campus commute","SCHEDULED","13","7"
"c381757c-59d6-4043-86ec-c0f5fd5e3529","ef881127-bf53-4e44-ac88-4d08e32ca7a0","swargate-vit","a80964b4-72f5-43de-ad1a-bdcb9fca796e","6c30c56b-74ce-4c24-a819-98b9ab6387f5","Lower Indira Nagar Stop","18.4718","73.8618","VIT College","18.4635","73.8682","2026-09-23T02:15:00.000Z","1","1","scooty","true","20","","SCHEDULED","8","12"
"0233b488-5cba-414c-afb1-1ed73840054d","694401c9-b4fa-4309-b22d-16609d61782c","katraj-vit","6c30c56b-74ce-4c24-a819-98b9ab6387f5","86597dc2-00ef-475a-8a9a-daf0323897ca","VIT College","18.4635","73.8682","Katraj Terminal","18.4471","73.8562","2026-09-24T12:00:00.000Z","1","0","bike","true","1","Please arrive five minutes early","SCHEDULED","13","1"
"c6f65103-d2c6-4eec-89d6-f7e960b5ba24","23cdcd88-f49b-408a-af81-20c714c4290b","swargate-vit","596f6d76-b8c5-4cf2-9058-1a1a334d424d","6c30c56b-74ce-4c24-a819-98b9ab6387f5","Panchami BRTS","18.4902","73.8586","VIT College","18.4635","73.8682","2026-09-25T02:15:00.000Z","1","0","bike","true","13","Pickup near the hub","SCHEDULED","4","12"
"ee357042-a8d8-432e-8ee3-a11515f1f7b7","3a674059-212e-43b5-bfeb-fc6ed59e20f7","katraj-vit","6c30c56b-74ce-4c24-a819-98b9ab6387f5","a80964b4-72f5-43de-ad1a-bdcb9fca796e","VIT College","18.4635","73.8682","Lower Indira Nagar Stop","18.4718","73.8618","2026-09-26T12:00:00.000Z","3","2","car","false","58","Please arrive five minutes early","SCHEDULED","13","9"
"a937e903-39aa-449d-b394-e7a901c00589","0d570a75-885b-4a1d-a33c-3705d1a1e89a","swargate-vit","0c2d013a-9422-4c89-905f-4ec287ba2251","6c30c56b-74ce-4c24-a819-98b9ab6387f5","Swargate BRTS Stop","18.4982","73.8588","VIT College","18.4635","73.8682","2026-09-27T02:15:00.000Z","1","0","scooty","false","25","","SCHEDULED","2","12"
"52281e5f-9bb3-49cc-9207-f8963c6daf9e","b351304c-33e4-4dfa-bbfe-0e46f5cda915","katraj-vit","6c30c56b-74ce-4c24-a819-98b9ab6387f5","fea32ab3-d832-43d3-a3a0-788e8711526d","VIT College","18.4635","73.8682","Balaji Nagar BRTS","18.4628","73.8577","2026-09-28T12:00:00.000Z","1","0","bike","true","18","","SCHEDULED","13","4"
"6851c7b3-6338-4725-9bc5-a2d26fa91353","6871daa5-011a-4255-a4bd-29f490afb889","swargate-vit","eb0d92a7-38aa-446a-9f38-091814ea3abd","6c30c56b-74ce-4c24-a819-98b9ab6387f5","Chintamani Nagar","18.4651","73.864","VIT College","18.4635","73.8682","2026-09-29T02:15:00.000Z","3","2","car","false","48","Pickup near the hub","SCHEDULED","11","12"
"5881764f-684f-4d17-aca7-e313a53dc378","b2a75502-d4ef-429e-8b73-61e440e0983f","katraj-vit","6c30c56b-74ce-4c24-a819-98b9ab6387f5","11cd5543-db39-4321-9f12-008b367d2ce1","VIT College","18.4635","73.8682","Upper Indira Nagar Bus Depot","18.4682","73.8623","2026-09-30T12:00:00.000Z","3","2","car","false","36","Pickup near the hub","SCHEDULED","13","11"
"4f3d34d6-eb5d-4a79-8f45-c82ef2f659fe","0da0c5dd-c04a-461b-bdd7-3d9daceaa0ff","swargate-vit","0095597e-ebd1-4f83-a6c0-a8e94be6a92b","6c30c56b-74ce-4c24-a819-98b9ab6387f5","Laxmi Narayan Theatre","18.4965","73.8584","VIT College","18.4635","73.8682","2026-10-01T02:15:00.000Z","3","1","car","false","70","Morning campus commute","SCHEDULED","3","12"
"ca158156-cb12-4a7a-8103-67d36572fa78","8fe8486d-63f9-47dc-b19e-cee4aa0ac9c0","katraj-vit","6c30c56b-74ce-4c24-a819-98b9ab6387f5","86597dc2-00ef-475a-8a9a-daf0323897ca","VIT College","18.4635","73.8682","Katraj Terminal","18.4471","73.8562","2026-10-02T12:00:00.000Z","1","0","bike","false","28","Please arrive five minutes early","SCHEDULED","13","1"
"8e31b037-f501-43f3-9742-2c4238afc243","e49978a2-3a3c-40a9-aa44-f434bfa66b81","swargate-vit","1bc21bdf-5bcc-4dd4-8140-eac24ae23b69","6c30c56b-74ce-4c24-a819-98b9ab6387f5","Kashinath Patil Nagar Stop","18.4745","73.8631","VIT College","18.4635","73.8682","2026-10-03T02:15:00.000Z","1","0","scooty","true","19","Morning campus commute","SCHEDULED","9","12"
"12e459f4-a197-4331-84db-2a65861c530e","91bce675-58bc-4bd2-b962-52dc6f401671","katraj-vit","6c30c56b-74ce-4c24-a819-98b9ab6387f5","86597dc2-00ef-475a-8a9a-daf0323897ca","VIT College","18.4635","73.8682","Katraj Terminal","18.4471","73.8562","2026-10-04T12:00:00.000Z","1","0","bike","true","9","Pickup near the hub","SCHEDULED","13","1"
"fca24602-6c93-4056-91b7-2deabf0f9bca","f69ef11d-7551-4545-967a-f045a72ebb93","swargate-vit","3221d156-13e7-4834-84ce-848f49b87be2","6c30c56b-74ce-4c24-a819-98b9ab6387f5","Bibwewadi Bus Stop","18.4792","73.8615","VIT College","18.4635","73.8682","2026-10-05T02:15:00.000Z","1","0","bike","true","30","Please arrive five minutes early","SCHEDULED","7","12"
"4d851de1-aaf1-4bbe-a31e-b8ad43171874","72cddc2e-6ec2-4e48-aa1a-fc6654d24fab","katraj-vit","6c30c56b-74ce-4c24-a819-98b9ab6387f5","0ad9adea-2c75-4d2a-86ae-34dcc0727788","VIT College","18.4635","73.8682","Shankar Maharaj Math","18.4735","73.8579","2026-10-06T12:00:00.000Z","1","0","bike","true","19","","SCHEDULED","13","6"
"fd009b67-3ae7-4bdd-9c46-4e9c71db9f8c","b3d23434-7107-4dee-ad1b-eebdb7958392","swargate-vit","1bc21bdf-5bcc-4dd4-8140-eac24ae23b69","6c30c56b-74ce-4c24-a819-98b9ab6387f5","Kashinath Patil Nagar Stop","18.4745","73.8631","VIT College","18.4635","73.8682","2026-10-07T02:15:00.000Z","1","0","bike","false","25","Morning campus commute","SCHEDULED","9","12"
"3cce6f20-8e5e-4932-b2e7-725646c5f1e4","8dcbd23c-4a1c-425e-b9e1-56d690d064a1","katraj-vit","6c30c56b-74ce-4c24-a819-98b9ab6387f5","3221d156-13e7-4834-84ce-848f49b87be2","VIT College","18.4635","73.8682","Bibwewadi Bus Stop","18.4792","73.8615","2026-10-08T12:00:00.000Z","3","3","car","false","69","Pickup near the hub","SCHEDULED","13","8"
"e2d96fa2-a305-4a6f-a9ec-0280397eb8d9","e448284e-7dcf-4d42-b0eb-1d902bcd1366","swargate-vit","570167fe-7324-46a2-9cf4-fbea6048e8be","6c30c56b-74ce-4c24-a819-98b9ab6387f5","City Pride BRTS","18.4845","73.8583","VIT College","18.4635","73.8682","2026-10-09T02:15:00.000Z","1","1","scooty","true","4","","SCHEDULED","5","12"
"b5a76907-4c2f-4ad2-8569-4c707d0491d9","e338d25f-f71d-4949-82c9-72ff79bd50e0","katraj-vit","6c30c56b-74ce-4c24-a819-98b9ab6387f5","ebb92112-ef31-4ebe-a259-4e999c52f0fd","VIT College","18.4635","73.8682","Bharati Vidyapeeth","18.456","73.8574","2026-10-10T12:00:00.000Z","1","0","scooty","true","21","","SCHEDULED","13","3"
"aa82c21a-5784-4162-aea1-c9366db711e8","edb3c65f-3d50-40e9-9a77-b8be3c596e3d","swargate-vit","596f6d76-b8c5-4cf2-9058-1a1a334d424d","6c30c56b-74ce-4c24-a819-98b9ab6387f5","Panchami BRTS","18.4902","73.8586","VIT College","18.4635","73.8682","2026-10-11T02:15:00.000Z","2","1","car","false","56","Morning campus commute","SCHEDULED","4","12"
"cfcd71f3-64d5-4c5c-bf60-d93e484a87ef","76b965ae-22a7-4a52-a8af-e41b3fbabb12","katraj-vit","6c30c56b-74ce-4c24-a819-98b9ab6387f5","1bc21bdf-5bcc-4dd4-8140-eac24ae23b69","VIT College","18.4635","73.8682","Kashinath Patil Nagar Stop","18.4745","73.8631","2026-10-12T12:00:00.000Z","1","0","bike","true","17","Please arrive five minutes early","SCHEDULED","13","10"
"9338a5c7-a28c-4b61-a813-8eb9691e3c56","26dcafa5-e28f-4c96-bd7f-75ca1113e108","swargate-vit","86e290a5-7e39-4f7a-805e-a6154d820f01","6c30c56b-74ce-4c24-a819-98b9ab6387f5","Market Yard Corner","18.4792","73.8581","VIT College","18.4635","73.8682","2026-10-13T02:15:00.000Z","2","1","car","false","75","Morning campus commute","SCHEDULED","6","12"
"0dc2c06e-723c-4616-88fe-b8959158b482","24d2a11e-ee6c-4f5b-80ff-7fb9eb39ac32","katraj-vit","6c30c56b-74ce-4c24-a819-98b9ab6387f5","86597dc2-00ef-475a-8a9a-daf0323897ca","VIT College","18.4635","73.8682","Katraj Terminal","18.4471","73.8562","2026-10-14T12:00:00.000Z","1","0","bike","true","7","Pickup near the hub","SCHEDULED","13","1"
"90eea363-7e5d-4c95-929a-862c8fcb8d9e","d4ebe4da-1cf5-41e9-a052-ad2e992e76f1","swargate-vit","570167fe-7324-46a2-9cf4-fbea6048e8be","6c30c56b-74ce-4c24-a819-98b9ab6387f5","City Pride BRTS","18.4845","73.8583","VIT College","18.4635","73.8682","2026-10-15T02:15:00.000Z","1","1","scooty","true","19","Pickup near the hub","SCHEDULED","5","12"
"ab694b13-6aa0-4aa4-98f1-38188790098d","10da92ee-210d-4710-88f2-423a285dd142","katraj-vit","6c30c56b-74ce-4c24-a819-98b9ab6387f5","0ad9adea-2c75-4d2a-86ae-34dcc0727788","VIT College","18.4635","73.8682","Shankar Maharaj Math","18.4735","73.8579","2026-10-16T12:00:00.000Z","1","0","bike","true","0","Please arrive five minutes early","SCHEDULED","13","6"
"2075418e-f94c-4e07-8c10-1c9b8f557ca9","fd00b702-8bbe-4108-ab3e-1e21ba029f40","swargate-vit","3221d156-13e7-4834-84ce-848f49b87be2","6c30c56b-74ce-4c24-a819-98b9ab6387f5","Bibwewadi Bus Stop","18.4792","73.8615","VIT College","18.4635","73.8682","2026-10-17T02:15:00.000Z","1","0","bike","true","22","Morning campus commute","SCHEDULED","7","12"
"24496544-286d-4884-872d-9825d267b0ea","36032724-576b-47c8-a7f3-a44c9abca1ae","katraj-vit","6c30c56b-74ce-4c24-a819-98b9ab6387f5","eb0d92a7-38aa-446a-9f38-091814ea3abd","VIT College","18.4635","73.8682","Chintamani Nagar","18.4651","73.864","2026-10-18T12:00:00.000Z","1","0","bike","true","15","Pickup near the hub","SCHEDULED","13","12"
"94270a5f-8991-4d87-b1df-21a194650720","47fb716c-faad-411e-a3e5-d13e542643c1","swargate-vit","a80964b4-72f5-43de-ad1a-bdcb9fca796e","6c30c56b-74ce-4c24-a819-98b9ab6387f5","Lower Indira Nagar Stop","18.4718","73.8618","VIT College","18.4635","73.8682","2026-10-19T02:15:00.000Z","1","0","bike","true","10","Pickup near the hub","SCHEDULED","8","12"
"8fc74d29-8668-4c29-b46e-3de3d3214c0f","5ac71c5e-4117-49f2-9551-e2487ee014ca","katraj-vit","6c30c56b-74ce-4c24-a819-98b9ab6387f5","11cd5543-db39-4321-9f12-008b367d2ce1","VIT College","18.4635","73.8682","Upper Indira Nagar Bus Depot","18.4682","73.8623","2026-10-20T12:00:00.000Z","1","1","bike","true","7","Please arrive five minutes early","SCHEDULED","13","11"
"0956db94-bc8d-46e8-b954-438af60bb66e","37b52895-1597-4763-836c-78a8301f11b4","swargate-vit","eb0d92a7-38aa-446a-9f38-091814ea3abd","6c30c56b-74ce-4c24-a819-98b9ab6387f5","Chintamani Nagar","18.4651","73.864","VIT College","18.4635","73.8682","2026-10-21T02:15:00.000Z","1","0","bike","true","24","Pickup near the hub","SCHEDULED","11","12"
"e34c05af-4ea5-4901-a451-6a551a89777c","d731dccd-0e69-472d-8310-13e8f5708fe5","katraj-vit","6c30c56b-74ce-4c24-a819-98b9ab6387f5","876d2e4d-fad4-4ee2-916c-e5ad147030cf","VIT College","18.4635","73.8682","Katraj Dairy BRTS","18.4508","73.8569","2026-10-22T12:00:00.000Z","2","0","car","false","23","Pickup near the hub","SCHEDULED","13","2"
"66787283-0589-4690-a5eb-98871bb937b5","420b1194-1446-4c01-a90b-9ad6313738f8","swargate-vit","a80964b4-72f5-43de-ad1a-bdcb9fca796e","6c30c56b-74ce-4c24-a819-98b9ab6387f5","Lower Indira Nagar Stop","18.4718","73.8618","VIT College","18.4635","73.8682","2026-10-23T02:15:00.000Z","1","0","scooty","true","30","","SCHEDULED","8","12"
"11f5f859-d820-4866-a902-fe4d64cc5049","b4c86de6-995d-4335-a3bb-265de522aecf","katraj-vit","6c30c56b-74ce-4c24-a819-98b9ab6387f5","eb0d92a7-38aa-446a-9f38-091814ea3abd","VIT College","18.4635","73.8682","Chintamani Nagar","18.4651","73.864","2026-10-24T12:00:00.000Z","1","0","bike","true","3","Please arrive five minutes early","SCHEDULED","13","12"
"4b211acc-47a1-4736-b9f2-f22224c155f2","d52bd72b-f975-4a9d-a394-ead49b80912b","swargate-vit","eb0d92a7-38aa-446a-9f38-091814ea3abd","6c30c56b-74ce-4c24-a819-98b9ab6387f5","Chintamani Nagar","18.4651","73.864","VIT College","18.4635","73.8682","2026-10-25T02:15:00.000Z","1","1","scooty","true","6","Pickup near the hub","SCHEDULED","11","12"
"823ada67-5898-4e1c-8c61-a3bfbfd766f0","4c3a0823-a2f6-449e-a285-51b92ef1ef89","katraj-vit","6c30c56b-74ce-4c24-a819-98b9ab6387f5","11cd5543-db39-4321-9f12-008b367d2ce1","VIT College","18.4635","73.8682","Upper Indira Nagar Bus Depot","18.4682","73.8623","2026-10-26T12:00:00.000Z","1","0","bike","true","9","","SCHEDULED","13","11"
"c3a4b71a-d84a-4aee-acff-7f1e9b1a3c6a","2bf63d4b-4be8-4a3d-b079-2a7b714b0da3","swargate-vit","570167fe-7324-46a2-9cf4-fbea6048e8be","6c30c56b-74ce-4c24-a819-98b9ab6387f5","City Pride BRTS","18.4845","73.8583","VIT College","18.4635","73.8682","2026-10-27T02:15:00.000Z","1","0","bike","true","9","","SCHEDULED","5","12"
"502bbbdd-e142-4ba2-81de-98012e1dd479","5adcb3aa-a473-41ba-8a29-2fa570db158b","katraj-vit","6c30c56b-74ce-4c24-a819-98b9ab6387f5","86597dc2-00ef-475a-8a9a-daf0323897ca","VIT College","18.4635","73.8682","Katraj Terminal","18.4471","73.8562","2026-10-28T12:00:00.000Z","3","1","car","false","25","Morning campus commute","SCHEDULED","13","1"
"d2abba0a-9602-4839-97cd-770b9fc4b168","0c95fe70-a0ca-4d73-8f55-0b0e62001fb9","swargate-vit","a80964b4-72f5-43de-ad1a-bdcb9fca796e","6c30c56b-74ce-4c24-a819-98b9ab6387f5","Lower Indira Nagar Stop","18.4718","73.8618","VIT College","18.4635","73.8682","2026-10-29T02:15:00.000Z","1","0","scooty","true","17","Pickup near the hub","SCHEDULED","8","12"
"a5fb05e8-401e-4fac-9f1a-aa6bdb375cf0","542484e9-c9f4-48df-8789-a3dffda2107d","katraj-vit","6c30c56b-74ce-4c24-a819-98b9ab6387f5","86e290a5-7e39-4f7a-805e-a6154d820f01","VIT College","18.4635","73.8682","Market Yard Corner","18.4792","73.8581","2026-10-30T12:00:00.000Z","1","0","scooty","false","28","","SCHEDULED","13","7"
"7c6ed6df-3051-4e7d-b873-0c2b4aebbba5","c9ab0de5-362b-43a7-9367-b620469096dd","swargate-vit","11cd5543-db39-4321-9f12-008b367d2ce1","6c30c56b-74ce-4c24-a819-98b9ab6387f5","Upper Indira Nagar Bus Depot","18.4682","73.8623","VIT College","18.4635","73.8682","2026-10-31T02:15:00.000Z","1","0","bike","false","15","","SCHEDULED","10","12"
"eb4d9fa1-be32-424f-823f-30fd8e8bdd17","2611b03a-dd3f-4f47-9599-e17430f77e92","katraj-vit","6c30c56b-74ce-4c24-a819-98b9ab6387f5","ebb92112-ef31-4ebe-a259-4e999c52f0fd","VIT College","18.4635","73.8682","Bharati Vidyapeeth","18.456","73.8574","2026-11-01T12:00:00.000Z","1","0","scooty","true","7","Morning campus commute","SCHEDULED","13","3"
"7c49e5a7-8572-4d25-bede-89b7312a5ad4","6d4eadbe-2e7e-4907-9dac-2e7ca825fe4f","swargate-vit","596f6d76-b8c5-4cf2-9058-1a1a334d424d","6c30c56b-74ce-4c24-a819-98b9ab6387f5","Panchami BRTS","18.4902","73.8586","VIT College","18.4635","73.8682","2026-11-02T02:15:00.000Z","4","2","car","false","34","Please arrive five minutes early","SCHEDULED","4","12"
"b5129ec5-87ef-4d74-96c3-c1fa95d7b873","f24e7e05-582d-47da-aa31-e435fb66bfa2","katraj-vit","6c30c56b-74ce-4c24-a819-98b9ab6387f5","86597dc2-00ef-475a-8a9a-daf0323897ca","VIT College","18.4635","73.8682","Katraj Terminal","18.4471","73.8562","2026-11-03T12:00:00.000Z","1","0","scooty","true","19","","SCHEDULED","13","1"
"6ba2286e-6a29-4561-80b6-ca95fe1de44b","3e9526f5-f65f-4da1-a2b1-553ce23973f7","swargate-vit","570167fe-7324-46a2-9cf4-fbea6048e8be","6c30c56b-74ce-4c24-a819-98b9ab6387f5","City Pride BRTS","18.4845","73.8583","VIT College","18.4635","73.8682","2026-11-04T02:15:00.000Z","2","2","car","false","65","Pickup near the hub","SCHEDULED","5","12"
"25a9ee57-3555-4329-ab62-b71d775970ec","e1692737-3062-4352-86d9-10ad597efff1","katraj-vit","6c30c56b-74ce-4c24-a819-98b9ab6387f5","a80964b4-72f5-43de-ad1a-bdcb9fca796e","VIT College","18.4635","73.8682","Lower Indira Nagar Stop","18.4718","73.8618","2026-11-05T12:00:00.000Z","2","1","car","false","26","Please arrive five minutes early","SCHEDULED","13","9"
"39602255-227b-45f9-ae82-1c286858ecff","b478ed02-c175-49c9-846a-0e9a7f6aa6be","swargate-vit","19cfadd2-1ff7-4a2f-b5e3-eeb73f44cc28","6c30c56b-74ce-4c24-a819-98b9ab6387f5","Swargate PMPML Main Bus Stand","18.4991","73.8583","VIT College","18.4635","73.8682","2026-08-08T02:15:00.000Z","1","1","scooty","true","28","","SCHEDULED","1","12"
"cebf1226-a787-4f79-b686-280e039bf09b","ec928319-dcb1-4ffc-9713-393fac2f402a","katraj-vit","6c30c56b-74ce-4c24-a819-98b9ab6387f5","11cd5543-db39-4321-9f12-008b367d2ce1","VIT College","18.4635","73.8682","Upper Indira Nagar Bus Depot","18.4682","73.8623","2026-08-09T12:00:00.000Z","1","1","bike","true","3","Please arrive five minutes early","CANCELLED","13","11"
"7bc3ed98-a013-4f8f-ba30-dafebbec50ec","fe0b23a7-80b0-4776-aec0-0e53d369acc1","swargate-vit","3221d156-13e7-4834-84ce-848f49b87be2","6c30c56b-74ce-4c24-a819-98b9ab6387f5","Bibwewadi Bus Stop","18.4792","73.8615","VIT College","18.4635","73.8682","2026-08-10T02:15:00.000Z","4","4","car","false","64","Pickup near the hub","COMPLETED","7","12"
"7558b4c3-cd3c-448e-907f-e4937e5d9c77","cdec7465-1f6a-4948-bdff-48b43a5e174c","katraj-vit","6c30c56b-74ce-4c24-a819-98b9ab6387f5","3221d156-13e7-4834-84ce-848f49b87be2","VIT College","18.4635","73.8682","Bibwewadi Bus Stop","18.4792","73.8615","2026-08-11T12:00:00.000Z","1","1","bike","true","28","Morning campus commute","COMPLETED","13","8"
"1b24ad7f-82fe-4482-abe4-dc2d49f3376b","e36d6950-fda1-4e0a-b9a4-3109c1ef3afd","swargate-vit","11cd5543-db39-4321-9f12-008b367d2ce1","6c30c56b-74ce-4c24-a819-98b9ab6387f5","Upper Indira Nagar Bus Depot","18.4682","73.8623","VIT College","18.4635","73.8682","2026-08-12T02:15:00.000Z","2","2","car","false","30","Morning campus commute","COMPLETED","10","12"
"595b1b65-1e92-4713-be1c-585cd1fcf629","fbb85f19-6812-469a-9a7e-c060b8e1330e","katraj-vit","6c30c56b-74ce-4c24-a819-98b9ab6387f5","af5c22fe-11db-4392-b90e-85f946c0a37b","VIT College","18.4635","73.8682","KK Market BRTS","18.4683","73.8579","2026-08-13T12:00:00.000Z","3","2","car","false","45","","COMPLETED","13","5"
"9e9a4e21-b4ed-41bf-89e4-d737b3072366","6fc4cb33-0af8-44b4-af29-e2f5e70c3ca5","swargate-vit","596f6d76-b8c5-4cf2-9058-1a1a334d424d","6c30c56b-74ce-4c24-a819-98b9ab6387f5","Panchami BRTS","18.4902","73.8586","VIT College","18.4635","73.8682","2026-08-14T02:15:00.000Z","1","0","scooty","true","0","Morning campus commute","CANCELLED","4","12"
"9f380028-a07d-4fcc-a93d-1cdfe76e3f75","1c8d0824-69a8-4346-9507-05d4a6013c68","katraj-vit","6c30c56b-74ce-4c24-a819-98b9ab6387f5","11cd5543-db39-4321-9f12-008b367d2ce1","VIT College","18.4635","73.8682","Upper Indira Nagar Bus Depot","18.4682","73.8623","2026-08-15T12:00:00.000Z","1","1","bike","true","1","Morning campus commute","COMPLETED","13","11"
"cbab3ff1-e1e7-416c-b6c4-fadc3636d525","4fee29cb-0687-44a2-9f09-3ba85cef33d1","swargate-vit","a80964b4-72f5-43de-ad1a-bdcb9fca796e","6c30c56b-74ce-4c24-a819-98b9ab6387f5","Lower Indira Nagar Stop","18.4718","73.8618","VIT College","18.4635","73.8682","2026-08-16T02:15:00.000Z","2","0","car","false","52","Morning campus commute","COMPLETED","8","12"
"53475675-923c-4297-9c83-889d539d5dde","8db40dff-f7cd-4508-9c85-9ffd35177784","katraj-vit","6c30c56b-74ce-4c24-a819-98b9ab6387f5","86e290a5-7e39-4f7a-805e-a6154d820f01","VIT College","18.4635","73.8682","Market Yard Corner","18.4792","73.8581","2026-08-17T12:00:00.000Z","4","4","car","false","27","Pickup near the hub","COMPLETED","13","7"
