"id","name","email","phone","college","rollNumber","gender","roles","vehicleType","vehicleModel","vehiclePlate","vehicleColor","helmetProvided","vehicleSeats","ratingAvg","ratingCount","isVerified","password"
"29ba1c6f-943a-462e-a307-a6c327c39a57","Aarav Sharma 1","synthetic0001@synthetic.campus.pool","917000000000","VIT Pune","SYN00001","female","[""rider"",""driver""]","scooty","Honda Activa","MH12A0000","black","true","1","4.5","15","true","CampusPool123!"
"abc3a47b-8ad1-4b85-9c68-7d9ca2c6091e","Ananya Patil 2","synthetic0002@synthetic.campus.pool","917000000001","VIT Pune","SYN00002","male","[""rider"",""driver""]","scooty","TVS Jupiter","MH12B0001","silver","true","1","3.81","35","true","CampusPool123!"
"0195616c-ec89-4a4d-8990-b9d0d41435fa","Vihaan Kulkarni 3","synthetic0003@synthetic.campus.pool","917000000002","VIT Pune","SYN00003","prefer_not_to_say","[""rider"",""driver""]","car","Maruti Swift","MH12C0002","black","false","4","4.44","33","true","CampusPool123!"
"4bb40fa4-b428-432e-aca2-1a954ebd5186","Isha Deshmukh 4","synthetic0004@synthetic.campus.pool","917000000003","VIT Pune","SYN00004","female","[""rider"",""driver""]","bike","Honda Shine","MH12D0003","black","true","1","4.75","32","true","CampusPool123!"
"96f0bff7-4a51-45fe-924a-7fd40bd96af0","Aditya Joshi 5","synthetic0005@synthetic.campus.pool","917000000004","VIT Pune","SYN00005","male","[""rider"",""driver""]","car","Tata Tiago","MH12E0004","blue","false","4","4.06","34","true","CampusPool123!"
"856c5003-10e0-491c-b001-245c65a8fb4b","Meera Shah 6","synthetic0006@synthetic.campus.pool","917000000005","VIT Pune","SYN00006","prefer_not_to_say","[""rider"",""driver""]","bike","Bajaj Pulsar 150","MH12F0005","silver","true","1","4.15","6","true","CampusPool123!"
"dbffce9e-93ca-460b-a2e6-fec327ae8a6e","Rohan Jadhav 7","synthetic0007@synthetic.campus.pool","917000000006","VIT Pune","SYN00007","female","[""rider"",""driver""]","car","Hyundai i20","MH12G0006","blue","false","3","4.39","21","true","CampusPool123!"
"20bdc7ae-7082-421e-b675-6c4002d0295b","Sneha More 8","synthetic0008@synthetic.campus.pool","917000000007","VIT Pune","SYN00008","male","[""rider"",""driver""]","car","Hyundai i20","MH12H0007","silver","false","3","4.54","20","false","CampusPool123!"
"a4e13249-216e-49cd-8abf-6f5bd9c3fe4c","Kabir Pawar 9","synthetic0009@synthetic.campus.pool","917000000008","VIT Pune","SYN00009","prefer_not_to_say","[""rider"",""driver""]","scooty","Suzuki Access","MH12I0008","red","false","1","4.97","9","true","CampusPool123!"
"1137a11d-2e66-45ed-b840-8d12e6722bfa","Aditi Bhosale 10","synthetic0010@synthetic.campus.pool","917000000009","VIT Pune","SYN00010","female","[""rider"",""driver""]","scooty","Honda Activa","MH12J0009","blue","true","1","4.83","0","true","CampusPool123!"
"d3b6bef4-14dc-43ee-b1ea-5df640bff3ea","Siddharth Naik 11","synthetic0011@synthetic.campus.pool","917000000010","VIT Pune","SYN00011","male","[""rider"",""driver""]","bike","TVS Apache","MH12K0010","red","true","1","4.95","17","false","CampusPool123!"
"a78892d9-93b0-4a78-9a2f-2fad3db5becb","Riya Chavan 12","synthetic0012@synthetic.campus.pool","917000000011","VIT Pune","SYN00012","prefer_not_to_say","[""rider"",""driver""]","car","Maruti Swift","MH12L0011","red","false","4","4.56","19","true","CampusPool123!"
"613365a0-56e0-41a2-a7c9-48b35ec746a1","Aarav Sharma 13","synthetic0013@synthetic.campus.pool","917000000012","VIT Pune","SYN00013","female","[""rider"",""driver""]","bike","TVS Apache","MH12M0012","white","true","1","4.91","18","true","CampusPool123!"
"6767d864-c164-421c-8b90-0f29abc5af41","Ananya Patil 14","synthetic0014@synthetic.campus.pool","917000000013","VIT Pune","SYN00014","male","[""rider"",""driver""]","scooty","TVS Jupiter","MH12N0013","red","true","1","4.06","34","false","CampusPool123!"
"62390621-3521-47ba-869a-f822874bb453","Vihaan Kulkarni 15","synthetic0015@synthetic.campus.pool","917000000014","VIT Pune","SYN00015","prefer_not_to_say","[""rider"",""driver""]","scooty","Suzuki Access","MH12O0014","silver","true","1","4.1","10","true","CampusPool123!"
"9449171f-669b-4ae3-8a11-85c2698005b4","Isha Deshmukh 16","synthetic0016@synthetic.campus.pool","917000000015","VIT Pune","SYN00016","female","[""rider"",""driver""]","scooty","Suzuki Access","MH12P0015","blue","true","1","4.92","1","true","CampusPool123!"
"8005e16b-eaf8-45be-b4d8-a5fcd5431201","Aditya Joshi 17","synthetic0017@synthetic.campus.pool","917000000016","VIT Pune","SYN00017","male","[""rider"",""driver""]","scooty","Suzuki Access","MH12Q0016","white","true","1","4.19","9","true","CampusPool123!"
"e0bd240d-0573-4a8a-830a-c46264dbd855","Meera Shah 18","synthetic0018@synthetic.campus.pool","917000000017","VIT Pune","SYN00018","prefer_not_to_say","[""rider"",""driver""]","car","Maruti Swift","MH12R0017","white","false","4","3.97","18","true","CampusPool123!"
"f256e949-f4e4-4ba3-8ea9-d6a3d0ba8526","Rohan Jadhav 19","synthetic0019@synthetic.campus.pool","917000000018","VIT Pune","SYN00019","female","[""rider"",""driver""]","scooty","TVS Jupiter","MH12S0018","black","true","1","3.97","17","true","CampusPool123!"
"ce3592dc-d951-4134-a2cd-52dbc233a3f4","Sneha More 20","synthetic0020@synthetic.campus.pool","917000000019","VIT Pune","SYN00020","male","[""rider"",""driver""]","car","Hyundai i20","MH12T0019","red","false","3","3.92","14","true","CampusPool123!"
"b8ece9b4-d515-405a-952d-1ccdc242c410","Kabir Pawar 21","synthetic0021@synthetic.campus.pool","917000000020","VIT Pune","SYN00021","prefer_not_to_say","[""rider"",""driver""]","car","Tata Tiago","MH12U0020","red","false","4","4.99","20","true","CampusPool123!"
"08eb06b4-7805-4b0c-998b-d919358e8b0f","Aditi Bhosale 22","synthetic0022@synthetic.campus.pool","917000000021","VIT Pune","SYN00022","female","[""rider"",""driver""]","car","Hyundai i20","MH12V0021","red","false","3","3.82","24","true","CampusPool123!"
"7b50af0a-e87a-4600-b547-06ff9da50ada","Siddharth Naik 23","synthetic0023@synthetic.campus.pool","917000000022","VIT Pune","SYN00023","male","[""rider"",""driver""]","car","Hyundai i20","MH12W0022","black","false","4","3.86","16","true","CampusPool123!"
"0b95ee62-3f26-4837-bdb3-8120bae0deda","Riya Chavan 24","synthetic0024@synthetic.campus.pool","917000000023","VIT Pune","SYN00024","prefer_not_to_say","[""rider"",""driver""]","car","Maruti Swift","MH12X0023","silver","false","4","4.22","24","true","CampusPool123!"
"8100f2b8-79e0-4059-be98-ced465000a2e","Aarav Sharma 25","synthetic0025@synthetic.campus.pool","917000000024","VIT Pune","SYN00025","female","[""rider"",""driver""]","scooty","Suzuki Access","MH12Y0024","silver","true","1","4.61","29","true","CampusPool123!"
"a85fce63-b4a4-4d71-9d87-2fb5e4653681","Ananya Patil 26","synthetic0026@synthetic.campus.pool","917000000025","VIT Pune","SYN00026","male","[""rider"",""driver""]","car","Tata Tiago","MH12Z0025","white","false","3","4.46","25","true","CampusPool123!"
"a6724b4c-1f36-4019-9072-772bbdeeca30","Vihaan Kulkarni 27","synthetic0027@synthetic.campus.pool","917000000026","VIT Pune","SYN00027","prefer_not_to_say","[""rider"",""driver""]","scooty","Suzuki Access","MH12A0026","blue","true","1","4.95","31","true","CampusPool123!"
"e443e68b-7cb4-4260-8ec6-64c485de79d5","Isha Deshmukh 28","synthetic0028@synthetic.campus.pool","917000000027","VIT Pune","SYN00028","female","[""rider"",""driver""]","scooty","Suzuki Access","MH12B0027","white","true","1","4.62","22","true","CampusPool123!"
"697c28b3-7690-4ffd-bfa8-c30e27f63214","Aditya Joshi 29","synthetic0029@synthetic.campus.pool","917000000028","VIT Pune","SYN00029","male","[""rider"",""driver""]","car","Maruti Swift","MH12C0028","black","false","3","4.56","30","true","CampusPool123!"
"49e5dc79-ab6d-4188-9d10-62c1b84c7f5c","Meera Shah 30","synthetic0030@synthetic.campus.pool","917000000029","VIT Pune","SYN00030","prefer_not_to_say","[""rider"",""driver""]","scooty","TVS Jupiter","MH12D0029","black","false","1","4.03","19","true","CampusPool123!"
"c2483f77-a251-4434-8d94-6a2c53e2d38e","Rohan Jadhav 31","synthetic0031@synthetic.campus.pool","917000000030","VIT Pune","SYN00031","female","[""rider"",""driver""]","scooty","TVS Jupiter","MH12E0030","black","true","1","4.17","26","true","CampusPool123!"
"b2f0c20b-d66e-41c9-b60f-6562ae71b956","Sneha More 32","synthetic0032@synthetic.campus.pool","917000000031","VIT Pune","SYN00032","male","[""rider"",""driver""]","bike","Honda Shine","MH12F0031","blue","true","1","3.81","12","true","CampusPool123!"
"fc8036f4-d3bf-49ee-baff-431b84d612ea","Kabir Pawar 33","synthetic0033@synthetic.campus.pool","917000000032","VIT Pune","SYN00033","prefer_not_to_say","[""rider"",""driver""]","bike","Bajaj Pulsar 150","MH12G0032","red","true","1","4.78","8","true","CampusPool123!"
"2d02ada0-aefc-4d76-9f2f-c57bee3201ac","Aditi Bhosale 34","synthetic0034@synthetic.campus.pool","917000000033","VIT Pune","SYN00034","female","[""rider"",""driver""]","bike","Honda Shine","MH12H0033","white","true","1","4.77","6","true","CampusPool123!"
"ed6b366d-9f31-4216-84e6-747030d98fda","Siddharth Naik 35","synthetic0035@synthetic.campus.pool","917000000034","VIT Pune","SYN00035","male","[""rider"",""driver""]","scooty","Suzuki Access","MH12I0034","silver","true","1","4.31","2","true","CampusPool123!"
"1f726f94-16aa-417d-8d05-1b3dd96d0827","Riya Chavan 36","synthetic0036@synthetic.campus.pool","917000000035","VIT Pune","SYN00036","prefer_not_to_say","[""rider"",""driver""]","car","Tata Tiago","MH12J0035","black","false","3","4.29","0","true","CampusPool123!"
"b9d9e60d-de32-4732-8eb8-480e0e81bcbf","Aarav Sharma 37","synthetic0037@synthetic.campus.pool","917000000036","VIT Pune","SYN00037","female","[""rider"",""driver""]","scooty","TVS Jupiter","MH12K0036","black","true","1","4.19","34","true","CampusPool123!"
"442efbff-6f39-436d-bf7a-2cbb6404a6ed","Ananya Patil 38","synthetic0038@synthetic.campus.pool","917000000037","VIT Pune","SYN00038","male","[""rider"",""driver""]","bike","TVS Apache","MH12L0037","silver","true","1","4.42","31","true","CampusPool123!"
"afabde80-8412-4536-8a7d-443441b6329d","Vihaan Kulkarni 39","synthetic0039@synthetic.campus.pool","917000000038","VIT Pune","SYN00039","prefer_not_to_say","[""rider"",""driver""]","car","Maruti Swift","MH12M0038","white","false","4","4.22","8","true","CampusPool123!"
"6c3f7adf-4f2a-4914-ba78-8b1548f14a1a","Isha Deshmukh 40","synthetic0040@synthetic.campus.pool","917000000039","VIT Pune","SYN00040","female","[""rider"",""driver""]","bike","Bajaj Pulsar 150","MH12N0039","white","false","1","3.94","30","true","CampusPool123!"
"81dfda4a-3ec9-4eae-a7f1-0692e03bb1d0","Aditya Joshi 41","synthetic0041@synthetic.campus.pool","917000000040","VIT Pune","SYN00041","male","[""rider"",""driver""]","scooty","TVS Jupiter","MH12O0040","red","true","1","3.9","7","true","CampusPool123!"
"b049f74f-7dd1-454b-91ad-b27eeaeed095","Meera Shah 42","synthetic0042@synthetic.campus.pool","917000000041","VIT Pune","SYN00042","prefer_not_to_say","[""rider"",""driver""]","bike","Bajaj Pulsar 150","MH12P0041","silver","true","1","4.7","28","true","CampusPool123!"
"ea3fd43b-e1e5-4d62-a163-dae19fc740bd","Rohan Jadhav 43","synthetic0043@synthetic.campus.pool","917000000042","VIT Pune","SYN00043","female","[""rider"",""driver""]","car","Hyundai i20","MH12Q0042","white","false","3","4.98","3","true","CampusPool123!"
"15d12fa2-5285-4e19-a290-344ead002d9f","Sneha More 44","synthetic0044@synthetic.campus.pool","917000000043","VIT Pune","SYN00044","male","[""rider"",""driver""]","car","Hyundai i20","MH12R0043","blue","false","4","4.88","31","true","CampusPool123!"
"687e3195-2599-427f-a4e3-990ead4c2985","Kabir Pawar 45","synthetic0045@synthetic.campus.pool","917000000044","VIT Pune","SYN00045","prefer_not_to_say","[""rider"",""driver""]","car","Hyundai i20","MH12S0044","white","false","3","4.91","26","true","CampusPool123!"
"e977337e-9b7d-4b79-9851-7a31a276eaf5","Aditi Bhosale 46","synthetic0046@synthetic.campus.pool","917000000045","VIT Pune","SYN00046","female","[""rider"",""driver""]","car","Tata Tiago","MH12T0045","white","false","3","3.83","21","true","CampusPool123!"
"7833fb03-c858-4574-92d0-cb72030a18eb","Siddharth Naik 47","synthetic0047@synthetic.campus.pool","917000000046","VIT Pune","SYN00047","male","[""rider"",""driver""]","bike","Honda Shine","MH12U0046","blue","false","1","4.93","14","true","CampusPool123!"
"71cd4f7b-3e01-44d7-9657-d28c4544f992","Riya Chavan 48","synthetic0048@synthetic.campus.pool","917000000047","VIT Pune","SYN00048","prefer_not_to_say","[""rider"",""driver""]","bike","Bajaj Pulsar 150","MH12V0047","white","true","1","4.76","7","true","CampusPool123!"
"bfe5c77b-945d-47a5-81f7-7ae8e1ff5d5b","Aarav Sharma 49","synthetic0049@synthetic.campus.pool","917000000048","VIT Pune","SYN00049","female","[""rider"",""driver""]","car","Hyundai i20","MH12W0048","red","false","4","4.29","35","true","CampusPool123!"
"5def974b-b8b4-4ef7-8825-5a50ee6710cd","Ananya Patil 50","synthetic0050@synthetic.campus.pool","917000000049","VIT Pune","SYN00050","male","[""rider"",""driver""]","bike","Honda Shine","MH12X0049","white","true","1","4.8","0","true","CampusPool123!"
"772a4089-be1c-415b-9115-5af745dcbd7e","Vihaan Kulkarni 51","synthetic0051@synthetic.campus.pool","917000000050","VIT Pune","SYN00051","prefer_not_to_say","[""rider"",""driver""]","bike","TVS Apache","MH12Y0050","black","true","1","4.58","29","true","CampusPool123!"
"04bfe73e-1142-4d3f-8bbf-57dbee041dd2","Isha Deshmukh 52","synthetic0052@synthetic.campus.pool","917000000051","VIT Pune","SYN00052","female","[""rider"",""driver""]","bike","Bajaj Pulsar 150","MH12Z0051","red","true","1","4.46","35","true","CampusPool123!"
"0234ea7e-b8a5-4a4f-8b12-eb48fefff06e","Aditya Joshi 53","synthetic0053@synthetic.campus.pool","917000000052","VIT Pune","SYN00053","male","[""rider"",""driver""]","bike","Honda Shine","MH12A0052","black","true","1","4.04","33","true","CampusPool123!"
"2e0f5d10-9fa3-4578-9046-adc52e9f52d6","Meera Shah 54","synthetic0054@synthetic.campus.pool","917000000053","VIT Pune","SYN00054","prefer_not_to_say","[""rider"",""driver""]","car","Maruti Swift","MH12B0053","white","false","4","4.59","28","true","CampusPool123!"
"29bb8b65-a83a-4f6b-b7c4-0a86fd9b82a1","Rohan Jadhav 55","synthetic0055@synthetic.campus.pool","917000000054","VIT Pune","SYN00055","female","[""rider"",""driver""]","bike","Honda Shine","MH12C0054","black","false","1","4.38","23","false","CampusPool123!"
"c283b8d4-e85f-4f55-a686-461ce166d95c","Sneha More 56","synthetic0056@synthetic.campus.pool","917000000055","VIT Pune","SYN00056","male","[""rider"",""driver""]","bike","TVS Apache","MH12D0055","blue","true","1","3.85","16","false","CampusPool123!"
"a7ff8669-7d2a-4462-beb0-0d9e874f1dc8","Kabir Pawar 57","synthetic0057@synthetic.campus.pool","917000000056","VIT Pune","SYN00057","prefer_not_to_say","[""rider"",""driver""]","car","Hyundai i20","MH12E0056","blue","false","3","4.72","26","true","CampusPool123!"
"dae29690-62f3-4202-8961-05b05ec7dcc6","Aditi Bhosale 58","synthetic0058@synthetic.campus.pool","917000000057","VIT Pune","SYN00058","female","[""rider"",""driver""]","car","Tata Tiago","MH12F0057","white","false","4","4.11","21","true","CampusPool123!"
"856b4feb-c8f1-4731-b41e-d21be114be5d","Siddharth Naik 59","synthetic0059@synthetic.campus.pool","917000000058","VIT Pune","SYN00059","male","[""rider"",""driver""]","bike","TVS Apache","MH12G0058","silver","true","1","4.91","6","true","CampusPool123!"
"8d2bb992-3062-4ae3-b2ae-9d47074dec68","Riya Chavan 60","synthetic0060@synthetic.campus.pool","917000000059","VIT Pune","SYN00060","prefer_not_to_say","[""rider"",""driver""]","car","Maruti Swift","MH12H0059","black","false","3","4.65","3","true","CampusPool123!"
"b94bb3da-92c3-4ecf-b576-f9dbbce590b5","Aarav Sharma 61","synthetic0061@synthetic.campus.pool","917000000060","VIT Pune","SYN00061","female","[""rider"",""driver""]","car","Tata Tiago","MH12I0060","white","false","4","4.62","30","true","CampusPool123!"
"db6d13c6-50ea-4ee7-98cb-daab8b877783","Ananya Patil 62","synthetic0062@synthetic.campus.pool","917000000061","VIT Pune","SYN00062","male","[""rider"",""driver""]","scooty","Suzuki Access","MH12J0061","silver","true","1","4.24","31","true","CampusPool123!"
"aba3000b-d3fe-45b0-93f8-1eb12fe76121","Vihaan Kulkarni 63","synthetic0063@synthetic.campus.pool","917000000062","VIT Pune","SYN00063","prefer_not_to_say","[""rider"",""driver""]","car","Tata Tiago","MH12K0062","black","false","3","3.99","13","false","CampusPool123!"
"0f35346d-5638-4de0-b685-b0f5e42ff331","Isha Deshmukh 64","synthetic0064@synthetic.campus.pool","917000000063","VIT Pune","SYN00064","female","[""rider"",""driver""]","scooty","Honda Activa","MH12L0063","white","true","1","4.59","19","true","CampusPool123!"
"b53fb963-29ea-4299-915f-2cf34647fe2b","Aditya Joshi 65","synthetic0065@synthetic.campus.pool","917000000064","VIT Pune","SYN00065","male","[""rider"",""driver""]","scooty","TVS Jupiter","MH12M0064","black","false","1","4.89","1","false","CampusPool123!"
"a2cb33f4-0739-4e42-9665-4bae72ebfb2a","Meera Shah 66","synthetic0066@synthetic.campus.pool","917000000065","VIT Pune","SYN00066","prefer_not_to_say","[""rider"",""driver""]","car","Hyundai i20","MH12N0065","white","false","3","4.63","9","true","CampusPool123!"
"95e5d040-6f8f-43de-b101-0a1abbfde269","Rohan Jadhav 67","synthetic0067@synthetic.campus.pool","917000000066","VIT Pune","SYN00067","female","[""rider"",""driver""]","bike","Bajaj Pulsar 150","MH12O0066","blue","false","1","4.43","28","true","CampusPool123!"
"b4419d49-c195-4f67-8a68-1e38418429ef","Sneha More 68","synthetic0068@synthetic.campus.pool","917000000067","VIT Pune","SYN00068","male","[""rider"",""driver""]","car","Maruti Swift","MH12P0067","blue","false","4","4.93","14","false","CampusPool123!"
"ada304c3-1114-48bb-bacb-69446eecee2a","Kabir Pawar 69","synthetic0069@synthetic.campus.pool","917000000068","VIT Pune","SYN00069","prefer_not_to_say","[""rider"",""driver""]","scooty","Suzuki Access","MH12Q0068","red","true","1","4.7","34","true","CampusPool123!"
"fbade199-d957-41f1-9c4b-bef677c6f400","Aditi Bhosale 70","synthetic0070@synthetic.campus.pool","917000000069","VIT Pune","SYN00070","female","[""rider"",""driver""]","car","Tata Tiago","MH12R0069","white","false","3","4.82","27","true","CampusPool123!"
"ffe56b11-38f8-4fa2-936c-d19021b522b8","Siddharth Naik 71","synthetic0071@synthetic.campus.pool","917000000070","VIT Pune","SYN00071","male","[""rider"",""driver""]","car","Hyundai i20","MH12S0070","white","false","4","4.73","24","true","CampusPool123!"
"02927b89-ffa8-40e0-963e-2651a35e576d","Riya Chavan 72","synthetic0072@synthetic.campus.pool","917000000071","VIT Pune","SYN00072","prefer_not_to_say","[""rider"",""driver""]","scooty","Honda Activa","MH12T0071","black","true","1","4.18","33","true","CampusPool123!"
"e9ac0d57-c267-41a2-84aa-846e6f118304","Aarav Sharma 73","synthetic0073@synthetic.campus.pool","917000000072","VIT Pune","SYN00073","female","[""rider"",""driver""]","bike","TVS Apache","MH12U0072","white","true","1","4.24","9","false","CampusPool123!"
"d138941d-1b44-42fe-975d-1a4eb78e7f92","Ananya Patil 74","synthetic0074@synthetic.campus.pool","917000000073","VIT Pune","SYN00074","male","[""rider"",""driver""]","bike","Bajaj Pulsar 150","MH12V0073","black","true","1","4.37","7","true","CampusPool123!"
"f50ed78b-09ac-4340-b6dd-86ae124a356e","Vihaan Kulkarni 75","synthetic0075@synthetic.campus.pool","917000000074","VIT Pune","SYN00075","prefer_not_to_say","[""rider"",""driver""]","bike","TVS Apache","MH12W0074","black","true","1","4.95","2","true","CampusPool123!"
"3857e3b0-5efa-484e-a045-2777f41b2610","Isha Deshmukh 76","synthetic0076@synthetic.campus.pool","917000000075","VIT Pune","SYN00076","female","[""rider"",""driver""]","bike","Honda Shine","MH12X0075","red","true","1","4.22","28","true","CampusPool123!"
"ac0cf495-0f8e-40d8-b476-4ac4d53bdc5b","Aditya Joshi 77","synthetic0077@synthetic.campus.pool","917000000076","VIT Pune","SYN00077","male","[""rider"",""driver""]","bike","Bajaj Pulsar 150","MH12Y0076","silver","true","1","3.9","25","true","CampusPool123!"
"93c44edd-bbc5-4ac3-9dba-63f636b8ed0b","Meera Shah 78","synthetic0078@synthetic.campus.pool","917000000077","VIT Pune","SYN00078","prefer_not_to_say","[""rider"",""driver""]","scooty","Honda Activa","MH12Z0077","black","true","1","4.8","22","true","CampusPool123!"
"aa3e3c66-ecde-4e1f-9ce3-1617c0ecdcef","Rohan Jadhav 79","synthetic0079@synthetic.campus.pool","917000000078","VIT Pune","SYN00079","female","[""rider"",""driver""]","bike","TVS Apache","MH12A0078","white","true","1","4.41","19","true","CampusPool123!"
"fa7fbc07-c93a-4085-a4f5-6f1e0fc83121","Sneha More 80","synthetic0080@synthetic.campus.pool","917000000079","VIT Pune","SYN00080","male","[""rider"",""driver""]","scooty","Suzuki Access","MH12B0079","red","true","1","4.64","30","false","CampusPool123!"
"dbb7296e-eb2b-4e18-9aed-9b61128e1b95","Kabir Pawar 81","synthetic0081@synthetic.campus.pool","917000000080","VIT Pune","SYN00081","prefer_not_to_say","[""rider"",""driver""]","bike","TVS Apache","MH12C0080","black","true","1","4.79","8","true","CampusPool123!"
"f996d0d8-1d3e-4780-bb40-a3c76aeca0fe","Aditi Bhosale 82","synthetic0082@synthetic.campus.pool","917000000081","VIT Pune","SYN00082","female","[""rider"",""driver""]","scooty","Honda Activa","MH12D0081","blue","false","1","4.37","15","true","CampusPool123!"
"24be40cc-fd8a-4efb-95f0-6ec1a107c563","Siddharth Naik 83","synthetic0083@synthetic.campus.pool","917000000082","VIT Pune","SYN00083","male","[""rider"",""driver""]","bike","Honda Shine","MH12E0082","blue","true","1","4.83","0","false","CampusPool123!"
"bbd2b08c-34a8-4439-a7fa-b253b6a9fe04","Riya Chavan 84","synthetic0084@synthetic.campus.pool","917000000083","VIT Pune","SYN00084","prefer_not_to_say","[""rider"",""driver""]","bike","TVS Apache","MH12F0083","white","true","1","4.98","30","true","CampusPool123!"
"7d4898cc-54f3-4bd1-b9da-b31ff1cb26c3","Aarav Sharma 85","synthetic0085@synthetic.campus.pool","917000000084","VIT Pune","SYN00085","female","[""rider"",""driver""]","scooty","TVS Jupiter","MH12G0084","blue","true","1","4.34","15","true","CampusPool123!"
"e0ad93ac-7350-43c7-be63-6b8925810342","Ananya Patil 86","synthetic0086@synthetic.campus.pool","917000000085","VIT Pune","SYN00086","male","[""rider"",""driver""]","scooty","Suzuki Access","MH12H0085","white","true","1","4.92","24","true","CampusPool123!"
"40ae73ca-67b2-4b5e-97c1-474a92b2d8d3","Vihaan Kulkarni 87","synthetic0087@synthetic.campus.pool","917000000086","VIT Pune","SYN00087","prefer_not_to_say","[""rider"",""driver""]","bike","Bajaj Pulsar 150","MH12I0086","white","true","1","4.32","21","true","CampusPool123!"
"c3c94b51-2803-4c25-9e1e-bbe1eb6386cc","Isha Deshmukh 88","synthetic0088@synthetic.campus.pool","917000000087","VIT Pune","SYN00088","female","[""rider"",""driver""]","scooty","Honda Activa","MH12J0087","white","true","1","4.52","21","true","CampusPool123!"
"a61af15b-11ce-4c02-a80b-bdf8f24338bc","Aditya Joshi 89","synthetic0089@synthetic.campus.pool","917000000088","VIT Pune","SYN00089","male","[""rider"",""driver""]","scooty","Suzuki Access","MH12K0088","white","true","1","4.75","25","true","CampusPool123!"
"6aa130d0-4c4b-48c2-bc80-80079a81385f","Meera Shah 90","synthetic0090@synthetic.campus.pool","917000000089","VIT Pune","SYN00090","prefer_not_to_say","[""rider"",""driver""]","car","Hyundai i20","MH12L0089","silver","false","3","4.3","23","true","CampusPool123!"
"9c9999da-6c7c-4b0f-ba28-7f852899325d","Rohan Jadhav 91","synthetic0091@synthetic.campus.pool","917000000090","VIT Pune","SYN00091","female","[""rider"",""driver""]","bike","TVS Apache","MH12M0090","black","true","1","4.03","18","true","CampusPool123!"
"1f497524-0e6c-424a-94f9-93905b5a9755","Sneha More 92","synthetic0092@synthetic.campus.pool","917000000091","VIT Pune","SYN00092","male","[""rider"",""driver""]","car","Tata Tiago","MH12N0091","silver","false","4","4.12","28","false","CampusPool123!"
"1734859f-c79f-4dfa-95dd-e252c5d669fc","Kabir Pawar 93","synthetic0093@synthetic.campus.pool","917000000092","VIT Pune","SYN00093","prefer_not_to_say","[""rider"",""driver""]","scooty","Suzuki Access","MH12O0092","black","true","1","4.67","2","true","CampusPool123!"
"f03cb019-ecb8-42fc-ad8b-4be7116d9966","Aditi Bhosale 94","synthetic0094@synthetic.campus.pool","917000000093","VIT Pune","SYN00094","female","[""rider"",""driver""]","bike","Bajaj Pulsar 150","MH12P0093","black","true","1","3.81","22","false","CampusPool123!"
"6cc8d264-2c05-4a80-90d4-2b29b4ccd802","Siddharth Naik 95","synthetic0095@synthetic.campus.pool","917000000094","VIT Pune","SYN00095","male","[""rider"",""driver""]","car","Hyundai i20","MH12Q0094","red","false","4","4.77","18","false","CampusPool123!"
"a49cc7a3-0beb-4fbf-8d54-c676dfe72f4b","Riya Chavan 96","synthetic0096@synthetic.campus.pool","917000000095","VIT Pune","SYN00096","prefer_not_to_say","[""rider"",""driver""]","bike","Bajaj Pulsar 150","MH12R0095","red","true","1","4.09","22","true","CampusPool123!"
"998a2999-5be3-435d-8015-2a973a6e97cc","Aarav Sharma 97","synthetic0097@synthetic.campus.pool","917000000096","VIT Pune","SYN00097","female","[""rider"",""driver""]","bike","TVS Apache","MH12S0096","silver","false","1","4.43","5","true","CampusPool123!"
"856fb0bc-3ae4-454f-9f56-312a33995404","Ananya Patil 98","synthetic0098@synthetic.campus.pool","917000000097","VIT Pune","SYN00098","male","[""rider"",""driver""]","bike","Bajaj Pulsar 150","MH12T0097","red","true","1","4.8","19","true","CampusPool123!"
"609a5aa2-e576-472b-ae03-3d339a90c45c","Vihaan Kulkarni 99","synthetic0099@synthetic.campus.pool","917000000098","VIT Pune","SYN00099","prefer_not_to_say","[""rider"",""driver""]","car","Hyundai i20","MH12U0098","silver","false","3","4.08","9","false","CampusPool123!"
"3a8f1c12-2394-4eb5-8694-7152af59c7d0","Isha Deshmukh 100","synthetic0100@synthetic.campus.pool","917000000099","VIT Pune","SYN00100","female","[""rider"",""driver""]","scooty","Suzuki Access","MH12V0099","white","true","1","4.43","3","true","CampusPool123!"
"73c6ef3d-a748-4db3-bd54-68c614823c0d","Aditya Joshi 101","synthetic0101@synthetic.campus.pool","917000000100","VIT Pune","SYN00101","male","[""rider"",""driver""]","bike","TVS Apache","MH12W0100","black","true","1","4.17","9","true","CampusPool123!"
"6a3f9cb7-ea70-4c12-87b0-f7ee4a38b313","Meera Shah 102","synthetic0102@synthetic.campus.pool","917000000101","VIT Pune","SYN00102","prefer_not_to_say","[""rider"",""driver""]","scooty","Suzuki Access","MH12X0101","black","true","1","4","2","true","CampusPool123!"
"df718002-b68d-406f-af02-b7ebdc19dfaa","Rohan Jadhav 103","synthetic0103@synthetic.campus.pool","917000000102","VIT Pune","SYN00103","female","[""rider"",""driver""]","car","Hyundai i20","MH12Y0102","silver","false","3","4.14","30","true","CampusPool123!"
"5d577020-68d2-4a61-b36d-861bf1486666","Sneha More 104","synthetic0104@synthetic.campus.pool","917000000103","VIT Pune","SYN00104","male","[""rider"",""driver""]","bike","Honda Shine","MH12Z0103","red","true","1","4.38","8","true","CampusPool123!"
"f7676189-9518-498b-a982-6c245aff61a1","Kabir Pawar 105","synthetic0105@synthetic.campus.pool","917000000104","VIT Pune","SYN00105","prefer_not_to_say","[""rider"",""driver""]","scooty","TVS Jupiter","MH12A0104","black","true","1","4.28","14","false","CampusPool123!"
"829e7fa5-0c38-47a9-a715-877dada17b24","Aditi Bhosale 106","synthetic0106@synthetic.campus.pool","917000000105","VIT Pune","SYN00106","female","[""rider"",""driver""]","bike","Honda Shine","MH12B0105","white","false","1","4.48","2","true","CampusPool123!"
"443d0a1a-c4da-4cf7-9517-4c02de0dff9c","Siddharth Naik 107","synthetic0107@synthetic.campus.pool","917000000106","VIT Pune","SYN00107","male","[""rider"",""driver""]","bike","Honda Shine","MH12C0106","blue","true","1","4.26","3","true","CampusPool123!"
"e7cc1cf8-531c-4ba4-ae07-b3b8c7ed12b4","Riya Chavan 108","synthetic0108@synthetic.campus.pool","917000000107","VIT Pune","SYN00108","prefer_not_to_say","[""rider"",""driver""]","scooty","Honda Activa","MH12D0107","silver","true","1","4.48","35","true","CampusPool123!"
"105772de-3e2e-4525-873d-28205793d14f","Aarav Sharma 109","synthetic0109@synthetic.campus.pool","917000000108","VIT Pune","SYN00109","female","[""rider"",""driver""]","scooty","Honda Activa","MH12E0108","blue","true","1","4.79","11","false","CampusPool123!"
"665f2a26-5d69-41bd-bd37-5d34e2366453","Ananya Patil 110","synthetic0110@synthetic.campus.pool","917000000109","VIT Pune","SYN00110","male","[""rider"",""driver""]","bike","Bajaj Pulsar 150","MH12F0109","black","true","1","4.17","17","true","CampusPool123!"
"c4023d4b-7895-4d6b-ba0a-7cbce21340b7","Vihaan Kulkarni 111","synthetic0111@synthetic.campus.pool","917000000110","VIT Pune","SYN00111","prefer_not_to_say","[""rider"",""driver""]","bike","TVS Apache","MH12G0110","silver","true","1","4.76","19","true","CampusPool123!"
"03dfc805-e814-4e5f-a637-8a041faf9ad7","Isha Deshmukh 112","synthetic0112@synthetic.campus.pool","917000000111","VIT Pune","SYN00112","female","[""rider"",""driver""]","car","Hyundai i20","MH12H0111","silver","false","3","4.09","11","true","CampusPool123!"
"2fd77d02-9eed-432b-bc2b-69984e53b256","Aditya Joshi 113","synthetic0113@synthetic.campus.pool","917000000112","VIT Pune","SYN00113","male","[""rider"",""driver""]","scooty","Honda Activa","MH12I0112","silver","true","1","4.31","18","true","CampusPool123!"
"5c76a658-080e-4482-b7f5-3c04ef99ff4f","Meera Shah 114","synthetic0114@synthetic.campus.pool","917000000113","VIT Pune","SYN00114","prefer_not_to_say","[""rider"",""driver""]","car","Hyundai i20","MH12J0113","blue","false","3","4.82","13","true","CampusPool123!"
"2df45663-f8d0-4308-b79d-fd6c1ff852c9","Rohan Jadhav 115","synthetic0115@synthetic.campus.pool","917000000114","VIT Pune","SYN00115","female","[""rider"",""driver""]","bike","TVS Apache","MH12K0114","black","true","1","4.7","3","true","CampusPool123!"
"b5eb2319-5923-4823-9cfb-fa0ca41f597b","Sneha More 116","synthetic0116@synthetic.campus.pool","917000000115","VIT Pune","SYN00116","male","[""rider"",""driver""]","car","Maruti Swift","MH12L0115","red","false","4","4.15","29","true","CampusPool123!"
"36ffa906-e6db-4e16-8e9b-e3f24ede715c","Kabir Pawar 117","synthetic0117@synthetic.campus.pool","917000000116","VIT Pune","SYN00117","prefer_not_to_say","[""rider"",""driver""]","car","Maruti Swift","MH12M0116","red","false","3","3.9","10","true","CampusPool123!"
"e163653a-9bbe-4e9d-81ab-acf5fb7c4166","Aditi Bhosale 118","synthetic0118@synthetic.campus.pool","917000000117","VIT Pune","SYN00118","female","[""rider"",""driver""]","bike","Bajaj Pulsar 150","MH12N0117","blue","true","1","3.98","13","true","CampusPool123!"
"508e57b4-544e-4392-bbd1-17b3a4e613c3","Siddharth Naik 119","synthetic0119@synthetic.campus.pool","917000000118","VIT Pune","SYN00119","male","[""rider"",""driver""]","bike","Honda Shine","MH12O0118","black","true","1","4.29","34","true","CampusPool123!"
"2e269fc9-9682-468b-b756-d02e46a395d8","Riya Chavan 120","synthetic0120@synthetic.campus.pool","917000000119","VIT Pune","SYN00120","prefer_not_to_say","[""rider"",""driver""]","car","Hyundai i20","MH12P0119","silver","false","3","4.88","29","false","CampusPool123!"
"fa4b13bc-6768-4b5d-843e-2b8836ed9113","Aarav Sharma 121","synthetic0121@synthetic.campus.pool","917000000120","VIT Pune","SYN00121","female","[""rider"",""driver""]","scooty","Honda Activa","MH12Q0120","white","true","1","4.05","20","true","CampusPool123!"
"8190565d-9fb1-4428-a386-4bb1b2f4fdee","Ananya Patil 122","synthetic0122@synthetic.campus.pool","917000000121","VIT Pune","SYN00122","male","[""rider"",""driver""]","scooty","TVS Jupiter","MH12R0121","black","true","1","4.86","30","true","CampusPool123!"
"e4b9e33a-9380-46ad-8b5f-37aca78f2d78","Vihaan Kulkarni 123","synthetic0123@synthetic.campus.pool","917000000122","VIT Pune","SYN00123","prefer_not_to_say","[""rider"",""driver""]","car","Maruti Swift","MH12S0122","blue","false","4","4.54","3","true","CampusPool123!"
"61b7de30-6ccf-41d6-881f-85e56e865717","Isha Deshmukh 124","synthetic0124@synthetic.campus.pool","917000000123","VIT Pune","SYN00124","female","[""rider"",""driver""]","car","Hyundai i20","MH12T0123","black","false","3","4.33","1","true","CampusPool123!"
"b3224a72-ff85-487a-a6c9-b6a1e3beb8dc","Aditya Joshi 125","synthetic0125@synthetic.campus.pool","917000000124","VIT Pune","SYN00125","male","[""rider"",""driver""]","bike","TVS Apache","MH12U0124","red","true","1","4.33","2","true","CampusPool123!"
"81213212-6e43-4b70-96e8-51e59fb5e735","Meera Shah 126","synthetic0126@synthetic.campus.pool","917000000125","VIT Pune","SYN00126","prefer_not_to_say","[""rider"",""driver""]","bike","Honda Shine","MH12V0125","black","true","1","4.97","27","false","CampusPool123!"
"ae43995b-0b10-49a4-a37e-36a29c7b89fa","Rohan Jadhav 127","synthetic0127@synthetic.campus.pool","917000000126","VIT Pune","SYN00127","female","[""rider"",""driver""]","car","Tata Tiago","MH12W0126","red","false","3","4.79","16","true","CampusPool123!"
"2139d70e-ad87-4ff0-985d-00ddaa9d1f33","Sneha More 128","synthetic0128@synthetic.campus.pool","917000000127","VIT Pune","SYN00128","male","[""rider"",""driver""]","bike","Bajaj Pulsar 150","MH12X0127","white","true","1","4.71","32","true","CampusPool123!"
"b13dc47d-8a9c-45eb-9dee-0cc214bf6ab4","Kabir Pawar 129","synthetic0129@synthetic.campus.pool","917000000128","VIT Pune","SYN00129","prefer_not_to_say","[""rider"",""driver""]","bike","Bajaj Pulsar 150","MH12Y0128","white","true","1","4.01","24","true","CampusPool123!"
"f1320520-f547-4abc-be6f-66bd5f323eb5","Aditi Bhosale 130","synthetic0130@synthetic.campus.pool","917000000129","VIT Pune","SYN00130","female","[""rider"",""driver""]","car","Tata Tiago","MH12Z0129","red","false","4","3.87","20","false","CampusPool123!"
"acb16d87-c821-4f83-a7a0-8733496f99be","Siddharth Naik 131","synthetic0131@synthetic.campus.pool","917000000130","VIT Pune","SYN00131","male","[""rider"",""driver""]","bike","Honda Shine","MH12A0130","white","true","1","4.58","28","true","CampusPool123!"
"d4a58744-1f9c-4554-9321-1fd9d20b1035","Riya Chavan 132","synthetic0132@synthetic.campus.pool","917000000131","VIT Pune","SYN00132","prefer_not_to_say","[""rider"",""driver""]","scooty","Suzuki Access","MH12B0131","red","true","1","4.17","9","false","CampusPool123!"
"5118be9b-6811-4a52-9a62-a0ced3f60e27","Aarav Sharma 133","synthetic0133@synthetic.campus.pool","917000000132","VIT Pune","SYN00133","female","[""rider"",""driver""]","car","Maruti Swift","MH12C0132","black","false","3","4.3","24","true","CampusPool123!"
"ccfa0157-3dc7-4140-84a7-8283ed55f1e4","Ananya Patil 134","synthetic0134@synthetic.campus.pool","917000000133","VIT Pune","SYN00134","male","[""rider"",""driver""]","scooty","Suzuki Access","MH12D0133","silver","true","1","4.7","2","false","CampusPool123!"
"916eed74-db65-4e11-bce1-ffc16e674a10","Vihaan Kulkarni 135","synthetic0135@synthetic.campus.pool","917000000134","VIT Pune","SYN00135","prefer_not_to_say","[""rider"",""driver""]","car","Maruti Swift","MH12E0134","blue","false","3","4.83","19","true","CampusPool123!"
"f64e308c-4a0b-433f-bebb-09536f52d5f4","Isha Deshmukh 136","synthetic0136@synthetic.campus.pool","917000000135","VIT Pune","SYN00136","female","[""rider"",""driver""]","scooty","Honda Activa","MH12F0135","red","true","1","4.52","6","false","CampusPool123!"
"c36606d7-b032-4936-8403-b0f1a43f756a","Aditya Joshi 137","synthetic0137@synthetic.campus.pool","917000000136","VIT Pune","SYN00137","male","[""rider"",""driver""]","scooty","TVS Jupiter","MH12G0136","white","true","1","3.88","29","true","CampusPool123!"
"dc034266-a00f-4347-8cd9-5799da807274","Meera Shah 138","synthetic0138@synthetic.campus.pool","917000000137","VIT Pune","SYN00138","prefer_not_to_say","[""rider"",""driver""]","car","Tata Tiago","MH12H0137","white","false","4","4.64","33","true","CampusPool123!"
"917b003b-c912-4ed9-afb7-f7eba33fcb14","Rohan Jadhav 139","synthetic0139@synthetic.campus.pool","917000000138","VIT Pune","SYN00139","female","[""rider"",""driver""]","scooty","TVS Jupiter","MH12I0138","white","true","1","4.97","17","true","CampusPool123!"
"17983e48-5904-4312-9f6c-9d6f749c8539","Sneha More 140","synthetic0140@synthetic.campus.pool","917000000139","VIT Pune","SYN00140","male","[""rider"",""driver""]","car","Maruti Swift","MH12J0139","blue","false","3","4.55","33","true","CampusPool123!"
"fb85cd08-9134-4e91-ad82-1bf40b5e18fe","Kabir Pawar 141","synthetic0141@synthetic.campus.pool","917000000140","VIT Pune","SYN00141","prefer_not_to_say","[""rider"",""driver""]","car","Maruti Swift","MH12K0140","red","false","3","4.55","15","true","CampusPool123!"
"bab50b6c-7a07-4417-adaf-0a3f199ba726","Aditi Bhosale 142","synthetic0142@synthetic.campus.pool","917000000141","VIT Pune","SYN00142","female","[""rider"",""driver""]","scooty","TVS Jupiter","MH12L0141","white","true","1","4.98","6","true","CampusPool123!"
"aada7730-4500-49e3-9240-e7ca2f69db98","Siddharth Naik 143","synthetic0143@synthetic.campus.pool","917000000142","VIT Pune","SYN00143","male","[""rider"",""driver""]","car","Tata Tiago","MH12M0142","red","false","4","4.49","22","true","CampusPool123!"
"f10fac1a-d7f2-4f4e-a8f2-d72fd48b371a","Riya Chavan 144","synthetic0144@synthetic.campus.pool","917000000143","VIT Pune","SYN00144","prefer_not_to_say","[""rider"",""driver""]","car","Tata Tiago","MH12N0143","black","false","4","4.19","18","true","CampusPool123!"
"7a49978a-5b30-4a61-89ea-d655c3a89110","Aarav Sharma 145","synthetic0145@synthetic.campus.pool","917000000144","VIT Pune","SYN00145","female","[""rider"",""driver""]","car","Tata Tiago","MH12O0144","silver","false","3","4.83","1","true","CampusPool123!"
"08fe57ab-1152-4527-a359-68c4e78e68d5","Ananya Patil 146","synthetic0146@synthetic.campus.pool","917000000145","VIT Pune","SYN00146","male","[""rider"",""driver""]","bike","Honda Shine","MH12P0145","red","true","1","4.21","30","true","CampusPool123!"
"669af901-6937-4b2d-a11b-46de7e09eced","Vihaan Kulkarni 147","synthetic0147@synthetic.campus.pool","917000000146","VIT Pune","SYN00147","prefer_not_to_say","[""rider"",""driver""]","bike","Bajaj Pulsar 150","MH12Q0146","white","true","1","3.84","8","true","CampusPool123!"
"797bc6e5-c2a2-497c-bf6e-087c71a1d8b5","Isha Deshmukh 148","synthetic0148@synthetic.campus.pool","917000000147","VIT Pune","SYN00148","female","[""rider"",""driver""]","bike","Bajaj Pulsar 150","MH12R0147","red","false","1","4.25","33","true","CampusPool123!"
"7f819a59-7908-47e3-8d88-f31823ce6b9f","Aditya Joshi 149","synthetic0149@synthetic.campus.pool","917000000148","VIT Pune","SYN00149","male","[""rider"",""driver""]","bike","Honda Shine","MH12S0148","red","true","1","3.87","12","true","CampusPool123!"
"08cf7a8e-ecd3-4df0-8139-226218b0981a","Meera Shah 150","synthetic0150@synthetic.campus.pool","917000000149","VIT Pune","SYN00150","prefer_not_to_say","[""rider"",""driver""]","scooty","Suzuki Access","MH12T0149","black","true","1","3.84","32","true","CampusPool123!"
"5ab9a35e-6ac7-4156-95ae-cc1e59bb9fa7","Rohan Jadhav 151","synthetic0151@synthetic.campus.pool","917000000150","VIT Pune","SYN00151","female","[""rider"",""driver""]","scooty","Honda Activa","MH12U0150","silver","true","1","4.23","8","true","CampusPool123!"
"53329683-b608-43d8-93dd-40f75fc7d319","Sneha More 152","synthetic0152@synthetic.campus.pool","917000000151","VIT Pune","SYN00152","male","[""rider"",""driver""]","scooty","Suzuki Access","MH12V0151","silver","true","1","4.49","26","true","CampusPool123!"
"984e14a4-a27e-416c-9397-0cf2fb53101f","Kabir Pawar 153","synthetic0153@synthetic.campus.pool","917000000152","VIT Pune","SYN00153","prefer_not_to_say","[""rider"",""driver""]","scooty","TVS Jupiter","MH12W0152","white","true","1","4.81","16","true","CampusPool123!"
"08c75e3d-df80-427a-b942-864b9136eb2a","Aditi Bhosale 154","synthetic0154@synthetic.campus.pool","917000000153","VIT Pune","SYN00154","female","[""rider"",""driver""]","bike","TVS Apache","MH12X0153","blue","true","1","4.59","33","true","CampusPool123!"
"77d7f815-239b-4019-bf1b-76b62751a21d","Siddharth Naik 155","synthetic0155@synthetic.campus.pool","917000000154","VIT Pune","SYN00155","male","[""rider"",""driver""]","bike","Honda Shine","MH12Y0154","black","false","1","4.11","28","true","CampusPool123!"
"fa8313a6-d0cd-4c89-ac5a-1bcf559767e4","Riya Chavan 156","synthetic0156@synthetic.campus.pool","917000000155","VIT Pune","SYN00156","prefer_not_to_say","[""rider"",""driver""]","scooty","TVS Jupiter","MH12Z0155","white","true","1","4.78","31","true","CampusPool123!"
"26f04940-3483-4462-a324-84a3c523c941","Aarav Sharma 157","synthetic0157@synthetic.campus.pool","917000000156","VIT Pune","SYN00157","female","[""rider"",""driver""]","car","Tata Tiago","MH12A0156","red","false","3","4.55","18","true","CampusPool123!"
"364c0441-918b-402a-a77c-fc9446ad8d71","Ananya Patil 158","synthetic0158@synthetic.campus.pool","917000000157","VIT Pune","SYN00158","male","[""rider"",""driver""]","scooty","Honda Activa","MH12B0157","red","true","1","3.81","28","true","CampusPool123!"
"1d69f9fe-09f6-4a0a-8dc1-753c6b3015e6","Vihaan Kulkarni 159","synthetic0159@synthetic.campus.pool","917000000158","VIT Pune","SYN00159","prefer_not_to_say","[""rider"",""driver""]","bike","Honda Shine","MH12C0158","red","true","1","4.66","31","true","CampusPool123!"
"0c422408-fcb3-49ec-919b-15b6c943586f","Isha Deshmukh 160","synthetic0160@synthetic.campus.pool","917000000159","VIT Pune","SYN00160","female","[""rider"",""driver""]","bike","Honda Shine","MH12D0159","black","true","1","4.37","7","true","CampusPool123!"
"8583b128-6eef-4c56-a566-5dc44a8d0a70","Aditya Joshi 161","synthetic0161@synthetic.campus.pool","917000000160","VIT Pune","SYN00161","male","[""rider"",""driver""]","scooty","Suzuki Access","MH12E0160","blue","false","1","4.01","17","true","CampusPool123!"
"481621b5-ffcf-4751-b9e2-151c0182f97a","Meera Shah 162","synthetic0162@synthetic.campus.pool","917000000161","VIT Pune","SYN00162","prefer_not_to_say","[""rider"",""driver""]","car","Tata Tiago","MH12F0161","red","false","4","4.82","8","false","CampusPool123!"
"25e86fcd-e6f3-4cae-abe5-69da8dc4879a","Rohan Jadhav 163","synthetic0163@synthetic.campus.pool","917000000162","VIT Pune","SYN00163","female","[""rider"",""driver""]","car","Hyundai i20","MH12G0162","black","false","3","4.47","31","true","CampusPool123!"
"a78816e2-8aae-4e54-8410-968bc321f082","Sneha More 164","synthetic0164@synthetic.campus.pool","917000000163","VIT Pune","SYN00164","male","[""rider"",""driver""]","bike","Honda Shine","MH12H0163","red","true","1","4.35","10","true","CampusPool123!"
"1de804a1-1c04-4d9b-88a6-03aa475b2f23","Kabir Pawar 165","synthetic0165@synthetic.campus.pool","917000000164","VIT Pune","SYN00165","prefer_not_to_say","[""rider"",""driver""]","scooty","Suzuki Access","MH12I0164","black","true","1","3.85","17","false","CampusPool123!"
"c366b16a-709a-4bd5-99f4-4d48e2a64d10","Aditi Bhosale 166","synthetic0166@synthetic.campus.pool","917000000165","VIT Pune","SYN00166","female","[""rider"",""driver""]","scooty","TVS Jupiter","MH12J0165","white","false","1","4.09","3","true","CampusPool123!"
"b1b24393-ed6c-4074-a261-01b7aa240011","Siddharth Naik 167","synthetic0167@synthetic.campus.pool","917000000166","VIT Pune","SYN00167","male","[""rider"",""driver""]","scooty","TVS Jupiter","MH12K0166","silver","true","1","4.93","19","true","CampusPool123!"
"f2ff9e67-5a69-4146-a543-f1fed27fb87a","Riya Chavan 168","synthetic0168@synthetic.campus.pool","917000000167","VIT Pune","SYN00168","prefer_not_to_say","[""rider"",""driver""]","car","Maruti Swift","MH12L0167","black","false","4","4.35","3","true","CampusPool123!"
"fc17bde9-8039-463a-b2df-6dd060d08969","Aarav Sharma 169","synthetic0169@synthetic.campus.pool","917000000168","VIT Pune","SYN00169","female","[""rider"",""driver""]","scooty","Suzuki Access","MH12M0168","white","true","1","4.53","0","true","CampusPool123!"
"7ecb9a58-e71e-47e3-b199-1b14f78ab1cd","Ananya Patil 170","synthetic0170@synthetic.campus.pool","917000000169","VIT Pune","SYN00170","male","[""rider"",""driver""]","bike","TVS Apache","MH12N0169","black","true","1","4.62","9","true","CampusPool123!"
"50ca192e-d3dc-40d0-996b-6eea924c44d8","Vihaan Kulkarni 171","synthetic0171@synthetic.campus.pool","917000000170","VIT Pune","SYN00171","prefer_not_to_say","[""rider"",""driver""]","scooty","Suzuki Access","MH12O0170","silver","true","1","4.57","4","true","CampusPool123!"
"8fcb293d-bce3-4068-b448-c15533882e86","Isha Deshmukh 172","synthetic0172@synthetic.campus.pool","917000000171","VIT Pune","SYN00172","female","[""rider"",""driver""]","bike","Bajaj Pulsar 150","MH12P0171","red","true","1","3.96","27","true","CampusPool123!"
"399cdebc-51c2-422b-87a5-220f8cc2d7ac","Aditya Joshi 173","synthetic0173@synthetic.campus.pool","917000000172","VIT Pune","SYN00173","male","[""rider"",""driver""]","car","Hyundai i20","MH12Q0172","black","false","3","3.86","32","true","CampusPool123!"
"ff933861-ecae-470a-9ee4-3663e749fdbc","Meera Shah 174","synthetic0174@synthetic.campus.pool","917000000173","VIT Pune","SYN00174","prefer_not_to_say","[""rider"",""driver""]","car","Hyundai i20","MH12R0173","black","false","4","4.19","9","true","CampusPool123!"
"f34b84c7-eb95-4dff-958a-ef69c608f272","Rohan Jadhav 175","synthetic0175@synthetic.campus.pool","917000000174","VIT Pune","SYN00175","female","[""rider"",""driver""]","scooty","Honda Activa","MH12S0174","white","true","1","4.51","16","true","CampusPool123!"
"6279cde7-2c2c-4986-a9a4-55039693b818","Sneha More 176","synthetic0176@synthetic.campus.pool","917000000175","VIT Pune","SYN00176","male","[""rider"",""driver""]","bike","Honda Shine","MH12T0175","white","true","1","3.92","22","true","CampusPool123!"
"61a5fb10-8cc3-48db-a009-2fdb4eb9c378","Kabir Pawar 177","synthetic0177@synthetic.campus.pool","917000000176","VIT Pune","SYN00177","prefer_not_to_say","[""rider"",""driver""]","scooty","TVS Jupiter","MH12U0176","silver","false","1","4.55","28","true","CampusPool123!"
"aa4ac675-15bc-49db-b7fa-84335d28cdc7","Aditi Bhosale 178","synthetic0178@synthetic.campus.pool","917000000177","VIT Pune","SYN00178","female","[""rider"",""driver""]","scooty","Honda Activa","MH12V0177","white","true","1","4.99","6","true","CampusPool123!"
"6b38852c-3199-4130-9bef-739d2cbf98cd","Siddharth Naik 179","synthetic0179@synthetic.campus.pool","917000000178","VIT Pune","SYN00179","male","[""rider"",""driver""]","scooty","TVS Jupiter","MH12W0178","blue","true","1","3.93","24","true","CampusPool123!"
"32c9560a-e267-4d5f-85c7-ca585ac3975e","Riya Chavan 180","synthetic0180@synthetic.campus.pool","917000000179","VIT Pune","SYN00180","prefer_not_to_say","[""rider"",""driver""]","car","Tata Tiago","MH12X0179","silver","false","3","3.99","16","false","CampusPool123!"
"15ef891e-746f-4219-8638-297ada541a3a","Aarav Sharma 181","synthetic0181@synthetic.campus.pool","917000000180","VIT Pune","SYN00181","female","[""rider"",""driver""]","bike","TVS Apache","MH12Y0180","red","true","1","4.86","33","true","CampusPool123!"
"c4608e10-532e-42df-b9ca-6399d157bc77","Ananya Patil 182","synthetic0182@synthetic.campus.pool","917000000181","VIT Pune","SYN00182","male","[""rider"",""driver""]","bike","TVS Apache","MH12Z0181","red","false","1","4.62","17","false","CampusPool123!"
"9c577260-815e-4814-ae42-db071f0604b0","Vihaan Kulkarni 183","synthetic0183@synthetic.campus.pool","917000000182","VIT Pune","SYN00183","prefer_not_to_say","[""rider"",""driver""]","scooty","TVS Jupiter","MH12A0182","silver","true","1","4.64","30","true","CampusPool123!"
"11e76d6b-888c-4c86-a3f2-2d4bab255598","Isha Deshmukh 184","synthetic0184@synthetic.campus.pool","917000000183","VIT Pune","SYN00184","female","[""rider"",""driver""]","bike","Honda Shine","MH12B0183","blue","true","1","3.83","32","true","CampusPool123!"
"12e82429-ecad-4a76-bc1b-fddf73c8c117","Aditya Joshi 185","synthetic0185@synthetic.campus.pool","917000000184","VIT Pune","SYN00185","male","[""rider"",""driver""]","bike","Bajaj Pulsar 150","MH12C0184","red","true","1","4.8","25","true","CampusPool123!"
"ac87c729-c400-43ff-9619-cd867435a982","Meera Shah 186","synthetic0186@synthetic.campus.pool","917000000185","VIT Pune","SYN00186","prefer_not_to_say","[""rider"",""driver""]","car","Tata Tiago","MH12D0185","white","false","4","4.85","16","true","CampusPool123!"
"65caf2f5-0b5e-452f-a096-f7f73ba694f9","Rohan Jadhav 187","synthetic0187@synthetic.campus.pool","917000000186","VIT Pune","SYN00187","female","[""rider"",""driver""]","bike","Bajaj Pulsar 150","MH12E0186","blue","true","1","4.27","3","true","CampusPool123!"
"e1b6b10d-5653-452d-a57d-24e8752b2f52","Sneha More 188","synthetic0188@synthetic.campus.pool","917000000187","VIT Pune","SYN00188","male","[""rider"",""driver""]","car","Tata Tiago","MH12F0187","black","false","3","4.42","1","false","CampusPool123!"
"a53ad219-be12-4a6b-9852-64dfe8aa6236","Kabir Pawar 189","synthetic0189@synthetic.campus.pool","917000000188","VIT Pune","SYN00189","prefer_not_to_say","[""rider"",""driver""]","car","Maruti Swift","MH12G0188","silver","false","4","3.93","0","false","CampusPool123!"
"969131e9-4cc6-483d-82f8-990f056d6c5a","Aditi Bhosale 190","synthetic0190@synthetic.campus.pool","917000000189","VIT Pune","SYN00190","female","[""rider"",""driver""]","scooty","Honda Activa","MH12H0189","red","false","1","4.72","31","true","CampusPool123!"
"38d92c3f-f6e4-4c90-add9-6f5ecbcd5bde","Siddharth Naik 191","synthetic0191@synthetic.campus.pool","917000000190","VIT Pune","SYN00191","male","[""rider"",""driver""]","scooty","Honda Activa","MH12I0190","blue","true","1","4.92","31","true","CampusPool123!"
"a7b7dfcb-b36f-4cfc-abf8-afd48e896a75","Riya Chavan 192","synthetic0192@synthetic.campus.pool","917000000191","VIT Pune","SYN00192","prefer_not_to_say","[""rider"",""driver""]","scooty","TVS Jupiter","MH12J0191","blue","true","1","4.92","27","true","CampusPool123!"
"2b79909a-3fc7-4286-93ba-521d9aa64a8f","Aarav Sharma 193","synthetic0193@synthetic.campus.pool","917000000192","VIT Pune","SYN00193","female","[""rider"",""driver""]","car","Hyundai i20","MH12K0192","silver","false","4","4.63","6","true","CampusPool123!"
"5a240b3c-f182-4a30-82d1-ae0f6586bff3","Ananya Patil 194","synthetic0194@synthetic.campus.pool","917000000193","VIT Pune","SYN00194","male","[""rider"",""driver""]","bike","Bajaj Pulsar 150","MH12L0193","white","true","1","4.18","28","true","CampusPool123!"
"9beabcea-410e-43e0-9c0e-c32f2476c785","Vihaan Kulkarni 195","synthetic0195@synthetic.campus.pool","917000000194","VIT Pune","SYN00195","prefer_not_to_say","[""rider"",""driver""]","car","Tata Tiago","MH12M0194","white","false","3","4.38","2","true","CampusPool123!"
"30e63cfd-4d4a-41f2-9c08-fe7bb0c7d4b0","Isha Deshmukh 196","synthetic0196@synthetic.campus.pool","917000000195","VIT Pune","SYN00196","female","[""rider"",""driver""]","scooty","Suzuki Access","MH12N0195","black","true","1","3.96","30","true","CampusPool123!"
"85bed899-042e-4b82-a6ac-e7f8e8652524","Aditya Joshi 197","synthetic0197@synthetic.campus.pool","917000000196","VIT Pune","SYN00197","male","[""rider"",""driver""]","bike","TVS Apache","MH12O0196","white","true","1","4.7","19","true","CampusPool123!"
"5b9101ca-8247-4c12-bf7c-68abf2b98166","Meera Shah 198","synthetic0198@synthetic.campus.pool","917000000197","VIT Pune","SYN00198","prefer_not_to_say","[""rider"",""driver""]","bike","Honda Shine","MH12P0197","black","true","1","4.65","23","true","CampusPool123!"
"5468079d-9fdf-4eb9-9b29-ed8a7c650d7c","Rohan Jadhav 199","synthetic0199@synthetic.campus.pool","917000000198","VIT Pune","SYN00199","female","[""rider"",""driver""]","car","Hyundai i20","MH12Q0198","red","false","4","4.31","13","true","CampusPool123!"
"2cabb8ae-b3d7-4c51-8207-1b8fc7300e2c","Sneha More 200","synthetic0200@synthetic.campus.pool","917000000199","VIT Pune","SYN00200","male","[""rider"",""driver""]","bike","Honda Shine","MH12R0199","blue","false","1","4.51","11","true","CampusPool123!"
"e16a421d-031b-47d3-936b-9d6bed68b285","Kabir Pawar 201","synthetic0201@synthetic.campus.pool","917000000200","VIT Pune","SYN00201","prefer_not_to_say","[""rider"",""driver""]","scooty","Suzuki Access","MH12S0200","silver","false","1","4.48","26","true","CampusPool123!"
"2cb66b98-63d0-4a21-a9ed-c884d238b71c","Aditi Bhosale 202","synthetic0202@synthetic.campus.pool","917000000201","VIT Pune","SYN00202","female","[""rider"",""driver""]","bike","TVS Apache","MH12T0201","blue","true","1","4.37","9","true","CampusPool123!"
"61caa1f5-7dee-45a4-964a-8e5ed8b6a158","Siddharth Naik 203","synthetic0203@synthetic.campus.pool","917000000202","VIT Pune","SYN00203","male","[""rider"",""driver""]","bike","TVS Apache","MH12U0202","black","true","1","4.41","23","true","CampusPool123!"
"dd95ce1d-b76e-4f1f-9a03-108aea02d0d2","Riya Chavan 204","synthetic0204@synthetic.campus.pool","917000000203","VIT Pune","SYN00204","prefer_not_to_say","[""rider"",""driver""]","bike","Honda Shine","MH12V0203","silver","true","1","4.05","10","true","CampusPool123!"
"95204930-6f62-4024-8493-801a30e46f1a","Aarav Sharma 205","synthetic0205@synthetic.campus.pool","917000000204","VIT Pune","SYN00205","female","[""rider"",""driver""]","scooty","Honda Activa","MH12W0204","white","true","1","4.69","22","true","CampusPool123!"
"037ed347-fb73-4043-a8e2-c7edc58d6dac","Ananya Patil 206","synthetic0206@synthetic.campus.pool","917000000205","VIT Pune","SYN00206","male","[""rider"",""driver""]","bike","Bajaj Pulsar 150","MH12X0205","white","false","1","4.59","31","false","CampusPool123!"
"843078cc-2ea7-483f-83b3-cc8bae6695c6","Vihaan Kulkarni 207","synthetic0207@synthetic.campus.pool","917000000206","VIT Pune","SYN00207","prefer_not_to_say","[""rider"",""driver""]","scooty","Suzuki Access","MH12Y0206","black","true","1","4.43","0","true","CampusPool123!"
"d04ea078-3e78-494d-83a0-92fee39d6bb7","Isha Deshmukh 208","synthetic0208@synthetic.campus.pool","917000000207","VIT Pune","SYN00208","female","[""rider"",""driver""]","bike","Bajaj Pulsar 150","MH12Z0207","white","true","1","4.97","16","true","CampusPool123!"
"d022c9ae-ee6b-4085-b2c1-11a5c9e6c784","Aditya Joshi 209","synthetic0209@synthetic.campus.pool","917000000208","VIT Pune","SYN00209","male","[""rider"",""driver""]","scooty","Honda Activa","MH12A0208","red","true","1","3.86","20","true","CampusPool123!"
"be9c6ca4-6ee9-481b-8039-dcc0a742224e","Meera Shah 210","synthetic0210@synthetic.campus.pool","917000000209","VIT Pune","SYN00210","prefer_not_to_say","[""rider"",""driver""]","car","Maruti Swift","MH12B0209","white","false","4","4.38","35","true","CampusPool123!"
"39147f90-fbda-49de-88ec-5fe656c0d7b4","Rohan Jadhav 211","synthetic0211@synthetic.campus.pool","917000000210","VIT Pune","SYN00211","female","[""rider"",""driver""]","scooty","Honda Activa","MH12C0210","silver","false","1","3.9","31","true","CampusPool123!"
"ce05a8a6-09ab-4705-92d1-3f61a51fd69d","Sneha More 212","synthetic0212@synthetic.campus.pool","917000000211","VIT Pune","SYN00212","male","[""rider"",""driver""]","car","Hyundai i20","MH12D0211","blue","false","4","4.48","31","true","CampusPool123!"
"be4d340c-e4ae-41d8-a1a2-337d84d2bfc1","Kabir Pawar 213","synthetic0213@synthetic.campus.pool","917000000212","VIT Pune","SYN00213","prefer_not_to_say","[""rider"",""driver""]","car","Maruti Swift","MH12E0212","red","false","4","4.6","30","true","CampusPool123!"
"d79a63da-78e9-4b42-a5b3-c04b428ae1c7","Aditi Bhosale 214","synthetic0214@synthetic.campus.pool","917000000213","VIT Pune","SYN00214","female","[""rider"",""driver""]","bike","TVS Apache","MH12F0213","blue","true","1","4.52","10","true","CampusPool123!"
"b0ac27cd-c785-4a92-96f7-125faca0aafd","Siddharth Naik 215","synthetic0215@synthetic.campus.pool","917000000214","VIT Pune","SYN00215","male","[""rider"",""driver""]","scooty","Honda Activa","MH12G0214","silver","true","1","4.17","3","false","CampusPool123!"
"7cbb830b-c6bc-4fec-a09b-14b8c825bef8","Riya Chavan 216","synthetic0216@synthetic.campus.pool","917000000215","VIT Pune","SYN00216","prefer_not_to_say","[""rider"",""driver""]","bike","Honda Shine","MH12H0215","white","true","1","4.32","31","true","CampusPool123!"
"fbd59ae5-86aa-4b7c-b82b-b7c0b9d357a3","Aarav Sharma 217","synthetic0217@synthetic.campus.pool","917000000216","VIT Pune","SYN00217","female","[""rider"",""driver""]","bike","Honda Shine","MH12I0216","red","true","1","4.57","34","false","CampusPool123!"
"51e576cc-ab7a-49bd-ad0b-21fda7d2bda2","Ananya Patil 218","synthetic0218@synthetic.campus.pool","917000000217","VIT Pune","SYN00218","male","[""rider"",""driver""]","scooty","Suzuki Access","MH12J0217","red","true","1","4.76","31","true","CampusPool123!"
"2f12a413-553c-4203-bffb-955e3123875f","Vihaan Kulkarni 219","synthetic0219@synthetic.campus.pool","917000000218","VIT Pune","SYN00219","prefer_not_to_say","[""rider"",""driver""]","scooty","TVS Jupiter","MH12K0218","silver","true","1","4.37","5","true","CampusPool123!"
"666980bd-8e4f-4f8c-8b8f-e0c3b08af505","Isha Deshmukh 220","synthetic0220@synthetic.campus.pool","917000000219","VIT Pune","SYN00220","female","[""rider"",""driver""]","bike","TVS Apache","MH12L0219","white","true","1","3.99","0","false","CampusPool123!"
"ced6df1d-3ee8-4c76-8610-955b666d02b6","Aditya Joshi 221","synthetic0221@synthetic.campus.pool","917000000220","VIT Pune","SYN00221","male","[""rider"",""driver""]","car","Tata Tiago","MH12M0220","silver","false","4","4.81","8","true","CampusPool123!"
"f599bc96-4841-492f-a111-bec5b3b961ae","Meera Shah 222","synthetic0222@synthetic.campus.pool","917000000221","VIT Pune","SYN00222","prefer_not_to_say","[""rider"",""driver""]","bike","Bajaj Pulsar 150","MH12N0221","black","true","1","4.71","23","false","CampusPool123!"
"523365f0-54d7-48ce-b828-50e1b0a2737e","Rohan Jadhav 223","synthetic0223@synthetic.campus.pool","917000000222","VIT Pune","SYN00223","female","[""rider"",""driver""]","scooty","TVS Jupiter","MH12O0222","silver","true","1","4.88","32","true","CampusPool123!"
"228adcc3-430e-4eba-ba35-403a9eae4ae6","Sneha More 224","synthetic0224@synthetic.campus.pool","917000000223","VIT Pune","SYN00224","male","[""rider"",""driver""]","bike","Honda Shine","MH12P0223","white","true","1","4.91","10","true","CampusPool123!"
"9ef8f4fa-8101-4ff2-80ff-91a966e3bab8","Kabir Pawar 225","synthetic0225@synthetic.campus.pool","917000000224","VIT Pune","SYN00225","prefer_not_to_say","[""rider"",""driver""]","scooty","Suzuki Access","MH12Q0224","red","false","1","4.66","5","true","CampusPool123!"
"7a6f894d-c3ee-4aa4-a5c8-b62bdfa18164","Aditi Bhosale 226","synthetic0226@synthetic.campus.pool","917000000225","VIT Pune","SYN00226","female","[""rider"",""driver""]","bike","Honda Shine","MH12R0225","black","true","1","4.03","27","true","CampusPool123!"
"fcfaa482-6492-469b-ba42-8abf44531f61","Siddharth Naik 227","synthetic0227@synthetic.campus.pool","917000000226","VIT Pune","SYN00227","male","[""rider"",""driver""]","scooty","Honda Activa","MH12S0226","white","true","1","4.53","6","false","CampusPool123!"
"2a786db0-f79e-4a08-a45d-7143a56be137","Riya Chavan 228","synthetic0228@synthetic.campus.pool","917000000227","VIT Pune","SYN00228","prefer_not_to_say","[""rider"",""driver""]","scooty","TVS Jupiter","MH12T0227","silver","true","1","4.45","25","true","CampusPool123!"
"20b672de-a2b7-4ee4-8a1e-2dd98d7a3278","Aarav Sharma 229","synthetic0229@synthetic.campus.pool","917000000228","VIT Pune","SYN00229","female","[""rider"",""driver""]","bike","Bajaj Pulsar 150","MH12U0228","red","true","1","4.62","6","true","CampusPool123!"
"1386d7bb-79eb-4e36-b78d-7ac74357b589","Ananya Patil 230","synthetic0230@synthetic.campus.pool","917000000229","VIT Pune","SYN00230","male","[""rider"",""driver""]","scooty","TVS Jupiter","MH12V0229","silver","true","1","4.48","8","true","CampusPool123!"
"db21b52b-86e1-49c0-82fe-f5d33db4323f","Vihaan Kulkarni 231","synthetic0231@synthetic.campus.pool","917000000230","VIT Pune","SYN00231","prefer_not_to_say","[""rider"",""driver""]","scooty","Honda Activa","MH12W0230","white","true","1","4.56","21","true","CampusPool123!"
"f0c7e0ed-5ec8-43e2-aabe-d0c93c5234e3","Isha Deshmukh 232","synthetic0232@synthetic.campus.pool","917000000231","VIT Pune","SYN00232","female","[""rider"",""driver""]","scooty","TVS Jupiter","MH12X0231","black","true","1","4.15","3","true","CampusPool123!"
"f0be6e7d-be56-4dae-a215-ca68d901c731","Aditya Joshi 233","synthetic0233@synthetic.campus.pool","917000000232","VIT Pune","SYN00233","male","[""rider"",""driver""]","car","Tata Tiago","MH12Y0232","white","false","4","4.8","1","true","CampusPool123!"
"be4ef771-c8b1-4464-b4f7-41e3ea277c87","Meera Shah 234","synthetic0234@synthetic.campus.pool","917000000233","VIT Pune","SYN00234","prefer_not_to_say","[""rider"",""driver""]","car","Hyundai i20","MH12Z0233","blue","false","4","4.02","1","false","CampusPool123!"
"2c463203-2185-4bb6-ac9c-dbf4b358d3f9","Rohan Jadhav 235","synthetic0235@synthetic.campus.pool","917000000234","VIT Pune","SYN00235","female","[""rider"",""driver""]","car","Tata Tiago","MH12A0234","blue","false","3","4.86","8","true","CampusPool123!"
"e0a60ad9-cc73-4c06-a3f4-008b5f55a00b","Sneha More 236","synthetic0236@synthetic.campus.pool","917000000235","VIT Pune","SYN00236","male","[""rider"",""driver""]","scooty","Honda Activa","MH12B0235","blue","true","1","4.38","4","true","CampusPool123!"
"bf4c6c59-6b96-40c9-9575-8528b27b985c","Kabir Pawar 237","synthetic0237@synthetic.campus.pool","917000000236","VIT Pune","SYN00237","prefer_not_to_say","[""rider"",""driver""]","scooty","TVS Jupiter","MH12C0236","silver","false","1","4.3","18","true","CampusPool123!"
"a1ef1ce8-9cb0-499a-bca0-636d395b8e27","Aditi Bhosale 238","synthetic0238@synthetic.campus.pool","917000000237","VIT Pune","SYN00238","female","[""rider"",""driver""]","bike","TVS Apache","MH12D0237","black","true","1","4.04","29","true","CampusPool123!"
"39d3794d-33e3-4ffe-b495-fbaa9d28a26b","Siddharth Naik 239","synthetic0239@synthetic.campus.pool","917000000238","VIT Pune","SYN00239","male","[""rider"",""driver""]","scooty","Honda Activa","MH12E0238","white","true","1","3.82","26","true","CampusPool123!"
"6afa4784-41a5-471b-8dbf-dcd4ef8d1af1","Riya Chavan 240","synthetic0240@synthetic.campus.pool","917000000239","VIT Pune","SYN00240","prefer_not_to_say","[""rider"",""driver""]","bike","Honda Shine","MH12F0239","red","false","1","4.56","5","true","CampusPool123!"
"9907b9e1-2eaf-4019-b6c3-d17953880b08","Aarav Sharma 241","synthetic0241@synthetic.campus.pool","917000000240","VIT Pune","SYN00241","female","[""rider"",""driver""]","scooty","Suzuki Access","MH12G0240","blue","true","1","4.14","30","true","CampusPool123!"
"50b52ef7-937a-4ad7-a6ea-5df63741b351","Ananya Patil 242","synthetic0242@synthetic.campus.pool","917000000241","VIT Pune","SYN00242","male","[""rider"",""driver""]","bike","Honda Shine","MH12H0241","silver","false","1","3.96","10","true","CampusPool123!"
"aa992245-dc20-4688-8711-279522417636","Vihaan Kulkarni 243","synthetic0243@synthetic.campus.pool","917000000242","VIT Pune","SYN00243","prefer_not_to_say","[""rider"",""driver""]","scooty","Honda Activa","MH12I0242","silver","true","1","4.71","13","true","CampusPool123!"
"b5e29269-7643-45b9-ac7a-a2ccd2b93983","Isha Deshmukh 244","synthetic0244@synthetic.campus.pool","917000000243","VIT Pune","SYN00244","female","[""rider"",""driver""]","bike","Bajaj Pulsar 150","MH12J0243","silver","true","1","4.47","30","false","CampusPool123!"
"5bed2f04-01f9-4e95-995a-1a0c306ae9c3","Aditya Joshi 245","synthetic0245@synthetic.campus.pool","917000000244","VIT Pune","SYN00245","male","[""rider"",""driver""]","scooty","Suzuki Access","MH12K0244","red","true","1","3.89","16","true","CampusPool123!"
"d96dc164-dffd-4bcb-bc7b-ca59b2d88379","Meera Shah 246","synthetic0246@synthetic.campus.pool","917000000245","VIT Pune","SYN00246","prefer_not_to_say","[""rider"",""driver""]","car","Maruti Swift","MH12L0245","red","false","4","4.58","25","true","CampusPool123!"
"ef881127-bf53-4e44-ac88-4d08e32ca7a0","Rohan Jadhav 247","synthetic0247@synthetic.campus.pool","917000000246","VIT Pune","SYN00247","female","[""rider"",""driver""]","car","Tata Tiago","MH12M0246","blue","false","4","4.38","6","true","CampusPool123!"
"694401c9-b4fa-4309-b22d-16609d61782c","Sneha More 248","synthetic0248@synthetic.campus.pool","917000000247","VIT Pune","SYN00248","male","[""rider"",""driver""]","bike","TVS Apache","MH12N0247","silver","true","1","4.68","5","true","CampusPool123!"
"23cdcd88-f49b-408a-af81-20c714c4290b","Kabir Pawar 249","synthetic0249@synthetic.campus.pool","917000000248","VIT Pune","SYN00249","prefer_not_to_say","[""rider"",""driver""]","scooty","Honda Activa","MH12O0248","white","true","1","3.88","3","true","CampusPool123!"
"3a674059-212e-43b5-bfeb-fc6ed59e20f7","Aditi Bhosale 250","synthetic0250@synthetic.campus.pool","917000000249","VIT Pune","SYN00250","female","[""rider"",""driver""]","scooty","Honda Activa","MH12P0249","blue","true","1","4.85","14","true","CampusPool123!"
"0d570a75-885b-4a1d-a33c-3705d1a1e89a","Siddharth Naik 251","synthetic0251@synthetic.campus.pool","917000000250","VIT Pune","SYN00251","male","[""driver""]","car","Tata Tiago","MH12Q0250","blue","false","4","4.02","27","true","CampusPool123!"
"b351304c-33e4-4dfa-bbfe-0e46f5cda915","Riya Chavan 252","synthetic0252@synthetic.campus.pool","917000000251","VIT Pune","SYN00252","prefer_not_to_say","[""driver""]","bike","Bajaj Pulsar 150","MH12R0251","red","true","1","4.86","32","true","CampusPool123!"
"6871daa5-011a-4255-a4bd-29f490afb889","Aarav Sharma 253","synthetic0253@synthetic.campus.pool","917000000252","VIT Pune","SYN00253","female","[""driver""]","bike","Honda Shine","MH12S0252","red","true","1","4.78","29","true","CampusPool123!"
"b2a75502-d4ef-429e-8b73-61e440e0983f","Ananya Patil 254","synthetic0254@synthetic.campus.pool","917000000253","VIT Pune","SYN00254","male","[""driver""]","bike","TVS Apache","MH12T0253","black","true","1","4.29","15","true","CampusPool123!"
"0da0c5dd-c04a-461b-bdd7-3d9daceaa0ff","Vihaan Kulkarni 255","synthetic0255@synthetic.campus.pool","917000000254","VIT Pune","SYN00255","prefer_not_to_say","[""driver""]","scooty","Suzuki Access","MH12U0254","black","true","1","4.97","28","true","CampusPool123!"
"8fe8486d-63f9-47dc-b19e-cee4aa0ac9c0","Isha Deshmukh 256","synthetic0256@synthetic.campus.pool","917000000255","VIT Pune","SYN00256","female","[""driver""]","car","Maruti Swift","MH12V0255","silver","false","3","4.43","34","true","CampusPool123!"
"e49978a2-3a3c-40a9-aa44-f434bfa66b81","Aditya Joshi 257","synthetic0257@synthetic.campus.pool","917000000256","VIT Pune","SYN00257","male","[""driver""]","car","Tata Tiago","MH12W0256","blue","false","4","3.88","20","true","CampusPool123!"
"91bce675-58bc-4bd2-b962-52dc6f401671","Meera Shah 258","synthetic0258@synthetic.campus.pool","917000000257","VIT Pune","SYN00258","prefer_not_to_say","[""driver""]","car","Tata Tiago","MH12X0257","blue","false","4","4.86","3","true","CampusPool123!"
"f69ef11d-7551-4545-967a-f045a72ebb93","Rohan Jadhav 259","synthetic0259@synthetic.campus.pool","917000000258","VIT Pune","SYN00259","female","[""driver""]","car","Hyundai i20","MH12Y0258","white","false","4","4.84","1","true","CampusPool123!"
"72cddc2e-6ec2-4e48-aa1a-fc6654d24fab","Sneha More 260","synthetic0260@synthetic.campus.pool","917000000259","VIT Pune","SYN00260","male","[""driver""]","car","Tata Tiago","MH12Z0259","red","false","3","4.87","31","true","CampusPool123!"
"b3d23434-7107-4dee-ad1b-eebdb7958392","Kabir Pawar 261","synthetic0261@synthetic.campus.pool","917000000260","VIT Pune","SYN00261","prefer_not_to_say","[""driver""]","bike","TVS Apache","MH12A0260","blue","true","1","4.45","10","true","CampusPool123!"
"8dcbd23c-4a1c-425e-b9e1-56d690d064a1","Aditi Bhosale 262","synthetic0262@synthetic.campus.pool","917000000261","VIT Pune","SYN00262","female","[""driver""]","bike","Bajaj Pulsar 150","MH12B0261","black","true","1","4.6","16","true","CampusPool123!"
"e448284e-7dcf-4d42-b0eb-1d902bcd1366","Siddharth Naik 263","synthetic0263@synthetic.campus.pool","917000000262","VIT Pune","SYN00263","male","[""driver""]","scooty","TVS Jupiter","MH12C0262","black","true","1","4.25","21","true","CampusPool123!"
"e338d25f-f71d-4949-82c9-72ff79bd50e0","Riya Chavan 264","synthetic0264@synthetic.campus.pool","917000000263","VIT Pune","SYN00264","prefer_not_to_say","[""driver""]","car","Hyundai i20","MH12D0263","red","false","3","4.57","22","true","CampusPool123!"
"edb3c65f-3d50-40e9-9a77-b8be3c596e3d","Aarav Sharma 265","synthetic0265@synthetic.campus.pool","917000000264","VIT Pune","SYN00265","female","[""driver""]","scooty","Suzuki Access","MH12E0264","red","true","1","4.53","5","true","CampusPool123!"
"76b965ae-22a7-4a52-a8af-e41b3fbabb12","Ananya Patil 266","synthetic0266@synthetic.campus.pool","917000000265","VIT Pune","SYN00266","male","[""driver""]","bike","TVS Apache","MH12F0265","blue","true","1","3.84","18","true","CampusPool123!"
"26dcafa5-e28f-4c96-bd7f-75ca1113e108","Vihaan Kulkarni 267","synthetic0267@synthetic.campus.pool","917000000266","VIT Pune","SYN00267","prefer_not_to_say","[""driver""]","scooty","Honda Activa","MH12G0266","red","true","1","4.16","27","true","CampusPool123!"
"24d2a11e-ee6c-4f5b-80ff-7fb9eb39ac32","Isha Deshmukh 268","synthetic0268@synthetic.campus.pool","917000000267","VIT Pune","SYN00268","female","[""driver""]","bike","Honda Shine","MH12H0267","silver","true","1","3.93","17","true","CampusPool123!"
"d4ebe4da-1cf5-41e9-a052-ad2e992e76f1","Aditya Joshi 269","synthetic0269@synthetic.campus.pool","917000000268","VIT Pune","SYN00269","male","[""driver""]","bike","Bajaj Pulsar 150","MH12I0268","white","true","1","4.85","18","true","CampusPool123!"
"10da92ee-210d-4710-88f2-423a285dd142","Meera Shah 270","synthetic0270@synthetic.campus.pool","917000000269","VIT Pune","SYN00270","prefer_not_to_say","[""driver""]","car","Tata Tiago","MH12J0269","silver","false","3","3.89","11","true","CampusPool123!"
"fd00b702-8bbe-4108-ab3e-1e21ba029f40","Rohan Jadhav 271","synthetic0271@synthetic.campus.pool","917000000270","VIT Pune","SYN00271","female","[""driver""]","bike","Honda Shine","MH12K0270","red","true","1","4.61","14","true","CampusPool123!"
"36032724-576b-47c8-a7f3-a44c9abca1ae","Sneha More 272","synthetic0272@synthetic.campus.pool","917000000271","VIT Pune","SYN00272","male","[""driver""]","scooty","Honda Activa","MH12L0271","silver","false","1","3.84","12","true","CampusPool123!"
"47fb716c-faad-411e-a3e5-d13e542643c1","Kabir Pawar 273","synthetic0273@synthetic.campus.pool","917000000272","VIT Pune","SYN00273","prefer_not_to_say","[""driver""]","bike","TVS Apache","MH12M0272","blue","true","1","4.16","32","true","CampusPool123!"
"5ac71c5e-4117-49f2-9551-e2487ee014ca","Aditi Bhosale 274","synthetic0274@synthetic.campus.pool","917000000273","VIT Pune","SYN00274","female","[""driver""]","scooty","TVS Jupiter","MH12N0273","white","true","1","4.88","12","true","CampusPool123!"
"37b52895-1597-4763-836c-78a8301f11b4","Siddharth Naik 275","synthetic0275@synthetic.campus.pool","917000000274","VIT Pune","SYN00275","male","[""driver""]","car","Tata Tiago","MH12O0274","white","false","3","4.57","31","false","CampusPool123!"
"d731dccd-0e69-472d-8310-13e8f5708fe5","Riya Chavan 276","synthetic0276@synthetic.campus.pool","917000000275","VIT Pune","SYN00276","prefer_not_to_say","[""driver""]","car","Tata Tiago","MH12P0275","silver","false","3","3.91","7","true","CampusPool123!"
"420b1194-1446-4c01-a90b-9ad6313738f8","Aarav Sharma 277","synthetic0277@synthetic.campus.pool","917000000276","VIT Pune","SYN00277","female","[""driver""]","scooty","Suzuki Access","MH12Q0276","black","false","1","4.24","22","true","CampusPool123!"
"b4c86de6-995d-4335-a3bb-265de522aecf","Ananya Patil 278","synthetic0278@synthetic.campus.pool","917000000277","VIT Pune","SYN00278","male","[""driver""]","scooty","TVS Jupiter","MH12R0277","white","true","1","3.95","2","true","CampusPool123!"
"d52bd72b-f975-4a9d-a394-ead49b80912b","Vihaan Kulkarni 279","synthetic0279@synthetic.campus.pool","917000000278","VIT Pune","SYN00279","prefer_not_to_say","[""driver""]","scooty","TVS Jupiter","MH12S0278","blue","true","1","3.81","5","true","CampusPool123!"
"4c3a0823-a2f6-449e-a285-51b92ef1ef89","Isha Deshmukh 280","synthetic0280@synthetic.campus.pool","917000000279","VIT Pune","SYN00280","female","[""driver""]","scooty","Suzuki Access","MH12T0279","black","false","1","4.55","5","false","CampusPool123!"
"2bf63d4b-4be8-4a3d-b079-2a7b714b0da3","Aditya Joshi 281","synthetic0281@synthetic.campus.pool","917000000280","VIT Pune","SYN00281","male","[""driver""]","bike","Honda Shine","MH12U0280","silver","false","1","4.07","12","true","CampusPool123!"
"5adcb3aa-a473-41ba-8a29-2fa570db158b","Meera Shah 282","synthetic0282@synthetic.campus.pool","917000000281","VIT Pune","SYN00282","prefer_not_to_say","[""driver""]","bike","Honda Shine","MH12V0281","white","true","1","4.56","5","true","CampusPool123!"
"0c95fe70-a0ca-4d73-8f55-0b0e62001fb9","Rohan Jadhav 283","synthetic0283@synthetic.campus.pool","917000000282","VIT Pune","SYN00283","female","[""driver""]","scooty","Suzuki Access","MH12W0282","white","true","1","4.27","13","true","CampusPool123!"
"542484e9-c9f4-48df-8789-a3dffda2107d","Sneha More 284","synthetic0284@synthetic.campus.pool","917000000283","VIT Pune","SYN00284","male","[""driver""]","car","Maruti Swift","MH12X0283","red","false","3","4.23","22","false","CampusPool123!"
"c9ab0de5-362b-43a7-9367-b620469096dd","Kabir Pawar 285","synthetic0285@synthetic.campus.pool","917000000284","VIT Pune","SYN00285","prefer_not_to_say","[""driver""]","bike","Honda Shine","MH12Y0284","white","true","1","3.95","17","true","CampusPool123!"
"2611b03a-dd3f-4f47-9599-e17430f77e92","Aditi Bhosale 286","synthetic0286@synthetic.campus.pool","917000000285","VIT Pune","SYN00286","female","[""driver""]","car","Hyundai i20","MH12Z0285","silver","false","4","3.84","1","true","CampusPool123!"
"6d4eadbe-2e7e-4907-9dac-2e7ca825fe4f","Siddharth Naik 287","synthetic0287@synthetic.campus.pool","917000000286","VIT Pune","SYN00287","male","[""driver""]","bike","Honda Shine","MH12A0286","silver","true","1","4.4","29","true","CampusPool123!"
"f24e7e05-582d-47da-aa31-e435fb66bfa2","Riya Chavan 288","synthetic0288@synthetic.campus.pool","917000000287","VIT Pune","SYN00288","prefer_not_to_say","[""driver""]","bike","Bajaj Pulsar 150","MH12B0287","white","true","1","3.86","13","false","CampusPool123!"
"3e9526f5-f65f-4da1-a2b1-553ce23973f7","Aarav Sharma 289","synthetic0289@synthetic.campus.pool","917000000288","VIT Pune","SYN00289","female","[""driver""]","car","Tata Tiago","MH12C0288","silver","false","3","4.24","13","true","CampusPool123!"
"e1692737-3062-4352-86d9-10ad597efff1","Ananya Patil 290","synthetic0290@synthetic.campus.pool","917000000289","VIT Pune","SYN00290","male","[""driver""]","bike","Bajaj Pulsar 150","MH12D0289","red","true","1","4.29","34","false","CampusPool123!"
"b478ed02-c175-49c9-846a-0e9a7f6aa6be","Vihaan Kulkarni 291","synthetic0291@synthetic.campus.pool","917000000290","VIT Pune","SYN00291","prefer_not_to_say","[""driver""]","car","Maruti Swift","MH12E0290","blue","false","4","4.82","24","false","CampusPool123!"
"ec928319-dcb1-4ffc-9713-393fac2f402a","Isha Deshmukh 292","synthetic0292@synthetic.campus.pool","917000000291","VIT Pune","SYN00292","female","[""driver""]","car","Maruti Swift","MH12F0291","red","false","4","4.27","21","true","CampusPool123!"
"fe0b23a7-80b0-4776-aec0-0e53d369acc1","Aditya Joshi 293","synthetic0293@synthetic.campus.pool","917000000292","VIT Pune","SYN00293","male","[""driver""]","bike","Honda Shine","MH12G0292","white","true","1","4.56","6","true","CampusPool123!"
"cdec7465-1f6a-4948-bdff-48b43a5e174c","Meera Shah 294","synthetic0294@synthetic.campus.pool","917000000293","VIT Pune","SYN00294","prefer_not_to_say","[""driver""]","scooty","Honda Activa","MH12H0293","red","true","1","4.05","35","true","CampusPool123!"
"e36d6950-fda1-4e0a-b9a4-3109c1ef3afd","Rohan Jadhav 295","synthetic0295@synthetic.campus.pool","917000000294","VIT Pune","SYN00295","female","[""driver""]","car","Hyundai i20","MH12I0294","white","false","4","4.87","22","true","CampusPool123!"
"fbb85f19-6812-469a-9a7e-c060b8e1330e","Sneha More 296","synthetic0296@synthetic.campus.pool","917000000295","VIT Pune","SYN00296","male","[""driver""]","bike","Honda Shine","MH12J0295","silver","true","1","4.36","3","false","CampusPool123!"
"6fc4cb33-0af8-44b4-af29-e2f5e70c3ca5","Kabir Pawar 297","synthetic0297@synthetic.campus.pool","917000000296","VIT Pune","SYN00297","prefer_not_to_say","[""driver""]","car","Tata Tiago","MH12K0296","silver","false","3","4.31","22","true","CampusPool123!"
"1c8d0824-69a8-4346-9507-05d4a6013c68","Aditi Bhosale 298","synthetic0298@synthetic.campus.pool","917000000297","VIT Pune","SYN00298","female","[""driver""]","scooty","Honda Activa","MH12L0297","black","true","1","4.29","14","true","CampusPool123!"
"4fee29cb-0687-44a2-9f09-3ba85cef33d1","Siddharth Naik 299","synthetic0299@synthetic.campus.pool","917000000298","VIT Pune","SYN00299","male","[""driver""]","scooty","TVS Jupiter","MH12M0298","blue","false","1","4.37","26","true","CampusPool123!"
"8db40dff-f7cd-4508-9c85-9ffd35177784","Riya Chavan 300","synthetic0300@synthetic.campus.pool","917000000299","VIT Pune","SYN00300","prefer_not_to_say","[""driver""]","scooty","Suzuki Access","MH12N0299","blue","true","1","4.69","12","true","CampusPool123!"
"287a280f-3e96-473f-a98b-7fea3a6ff244","Aarav Sharma 301","synthetic0301@synthetic.campus.pool","917000000300","VIT Pune","SYN00301","female","[""driver""]","car","Tata Tiago","MH12O0300","black","false","3","4.98","20","true","CampusPool123!"
"8dc944aa-aca1-45be-a9af-21bd271602d1","Ananya Patil 302","synthetic0302@synthetic.campus.pool","917000000301","VIT Pune","SYN00302","male","[""driver""]","car","Hyundai i20","MH12P0301","black","false","3","4.14","10","false","CampusPool123!"
"4e00ed27-5fe2-4835-b43b-aad7700f4e90","Vihaan Kulkarni 303","synthetic0303@synthetic.campus.pool","917000000302","VIT Pune","SYN00303","prefer_not_to_say","[""driver""]","bike","Bajaj Pulsar 150","MH12Q0302","silver","true","1","3.84","7","true","CampusPool123!"
"8d1d180b-18bc-4087-9270-19ce1583e574","Isha Deshmukh 304","synthetic0304@synthetic.campus.pool","917000000303","VIT Pune","SYN00304","female","[""driver""]","bike","Bajaj Pulsar 150","MH12R0303","red","true","1","4.25","5","false","CampusPool123!"
"5f049c18-2f70-4261-b271-889d9956d23d","Aditya Joshi 305","synthetic0305@synthetic.campus.pool","917000000304","VIT Pune","SYN00305","male","[""driver""]","car","Tata Tiago","MH12S0304","silver","false","3","4.9","30","true","CampusPool123!"
"9e5cb7c9-7ef5-48c4-9a63-9e419dbc1b10","Meera Shah 306","synthetic0306@synthetic.campus.pool","917000000305","VIT Pune","SYN00306","prefer_not_to_say","[""driver""]","bike","Honda Shine","MH12T0305","silver","false","1","4.27","29","true","CampusPool123!"
"18da61b6-4b5b-4090-ae04-48fad27b6a3d","Rohan Jadhav 307","synthetic0307@synthetic.campus.pool","917000000306","VIT Pune","SYN00307","female","[""driver""]","scooty","Suzuki Access","MH12U0306","white","true","1","4.96","9","true","CampusPool123!"
"cb3f3ef2-5ef7-449a-8f63-2d283dcb08cf","Sneha More 308","synthetic0308@synthetic.campus.pool","917000000307","VIT Pune","SYN00308","male","[""driver""]","car","Hyundai i20","MH12V0307","red","false","4","3.98","1","true","CampusPool123!"
"69158428-13ec-44bc-be1b-661be60211b1","Kabir Pawar 309","synthetic0309@synthetic.campus.pool","917000000308","VIT Pune","SYN00309","prefer_not_to_say","[""driver""]","car","Hyundai i20","MH12W0308","white","false","3","4.25","27","true","CampusPool123!"
"85802130-aece-4a5c-b091-be9de76fa62e","Aditi Bhosale 310","synthetic0310@synthetic.campus.pool","917000000309","VIT Pune","SYN00310","female","[""driver""]","car","Tata Tiago","MH12X0309","silver","false","4","4.62","30","true","CampusPool123!"
"a8d214fd-de07-4ea1-bae5-557d146f9b27","Siddharth Naik 311","synthetic0311@synthetic.campus.pool","917000000310","VIT Pune","SYN00311","male","[""driver""]","bike","Honda Shine","MH12Y0310","blue","true","1","3.92","1","true","CampusPool123!"
"f6c03d6c-620f-48f6-af10-83f362b1c35a","Riya Chavan 312","synthetic0312@synthetic.campus.pool","917000000311","VIT Pune","SYN00312","prefer_not_to_say","[""driver""]","car","Hyundai i20","MH12Z0311","red","false","4","4.48","9","true","CampusPool123!"
"8e8cd61b-b7bc-4aca-9fce-e812388f43cc","Aarav Sharma 313","synthetic0313@synthetic.campus.pool","917000000312","VIT Pune","SYN00313","female","[""driver""]","car","Maruti Swift","MH12A0312","red","false","4","4.5","3","true","CampusPool123!"
"5b1a8339-482f-4cfd-adca-c91175dce9e8","Ananya Patil 314","synthetic0314@synthetic.campus.pool","917000000313","VIT Pune","SYN00314","male","[""driver""]","car","Tata Tiago","MH12B0313","silver","false","4","4.75","35","true","CampusPool123!"
"b407e420-bc95-44d7-9048-179efe644dba","Vihaan Kulkarni 315","synthetic0315@synthetic.campus.pool","917000000314","VIT Pune","SYN00315","prefer_not_to_say","[""driver""]","scooty","Honda Activa","MH12C0314","silver","true","1","4.01","0","true","CampusPool123!"
"17be73c9-0769-4965-981b-a5457dd33ba5","Isha Deshmukh 316","synthetic0316@synthetic.campus.pool","917000000315","VIT Pune","SYN00316","female","[""driver""]","car","Hyundai i20","MH12D0315","red","false","4","4.69","24","true","CampusPool123!"
"1e8f38cb-b0ae-4701-9268-3c8e55456ef9","Aditya Joshi 317","synthetic0317@synthetic.campus.pool","917000000316","VIT Pune","SYN00317","male","[""driver""]","bike","Honda Shine","MH12E0316","white","false","1","4.92","33","true","CampusPool123!"
"fe668d59-83f5-4167-b303-948c22591f60","Meera Shah 318","synthetic0318@synthetic.campus.pool","917000000317","VIT Pune","SYN00318","prefer_not_to_say","[""driver""]","bike","Honda Shine","MH12F0317","silver","true","1","4.8","33","true","CampusPool123!"
"72a2f2bb-d751-41f3-8634-e09d45e07917","Rohan Jadhav 319","synthetic0319@synthetic.campus.pool","917000000318","VIT Pune","SYN00319","female","[""driver""]","bike","TVS Apache","MH12G0318","red","true","1","4.67","21","true","CampusPool123!"
"286cf4ab-43ca-4259-b0fc-da25195d0244","Sneha More 320","synthetic0320@synthetic.campus.pool","917000000319","VIT Pune","SYN00320","male","[""driver""]","car","Hyundai i20","MH12H0319","blue","false","4","3.94","22","true","CampusPool123!"
"71828ca0-ebd4-4211-ba24-a16f7159e15d","Kabir Pawar 321","synthetic0321@synthetic.campus.pool","917000000320","VIT Pune","SYN00321","prefer_not_to_say","[""driver""]","car","Maruti Swift","MH12I0320","white","false","4","3.93","6","true","CampusPool123!"
"22cd2c32-c447-4e38-8e94-504aa1dee620","Aditi Bhosale 322","synthetic0322@synthetic.campus.pool","917000000321","VIT Pune","SYN00322","female","[""driver""]","car","Maruti Swift","MH12J0321","black","false","4","4.34","33","true","CampusPool123!"
"049a400b-5043-4cc0-8f0c-a2000b0bc7c2","Siddharth Naik 323","synthetic0323@synthetic.campus.pool","917000000322","VIT Pune","SYN00323","male","[""driver""]","car","Tata Tiago","MH12K0322","silver","false","3","4.86","11","true","CampusPool123!"
"033a0415-353b-46da-a08f-1e6fb661c073","Riya Chavan 324","synthetic0324@synthetic.campus.pool","917000000323","VIT Pune","SYN00324","prefer_not_to_say","[""driver""]","scooty","TVS Jupiter","MH12L0323","black","true","1","4.15","10","true","CampusPool123!"
"4eb4654f-b132-4610-b82a-80fd5aa524c0","Aarav Sharma 325","synthetic0325@synthetic.campus.pool","917000000324","VIT Pune","SYN00325","female","[""driver""]","scooty","Suzuki Access","MH12M0324","red","true","1","4.78","29","false","CampusPool123!"
"1712b652-bce4-4309-8027-92304c9fed8f","Ananya Patil 326","synthetic0326@synthetic.campus.pool","917000000325","VIT Pune","SYN00326","male","[""driver""]","bike","Honda Shine","MH12N0325","silver","true","1","4.79","21","true","CampusPool123!"
"8574ead2-c80a-462a-8ad9-5f880cff1bd5","Vihaan Kulkarni 327","synthetic0327@synthetic.campus.pool","917000000326","VIT Pune","SYN00327","prefer_not_to_say","[""driver""]","scooty","Suzuki Access","MH12O0326","white","false","1","4.87","30","true","CampusPool123!"
"52467296-cc1a-4959-869c-83e18fa9c89e","Isha Deshmukh 328","synthetic0328@synthetic.campus.pool","917000000327","VIT Pune","SYN00328","female","[""driver""]","scooty","TVS Jupiter","MH12P0327","black","true","1","4.25","21","false","CampusPool123!"
"8a8524b8-3506-433a-9249-833aa24fb089","Aditya Joshi 329","synthetic0329@synthetic.campus.pool","917000000328","VIT Pune","SYN00329","male","[""driver""]","car","Hyundai i20","MH12Q0328","white","false","4","3.99","11","true","CampusPool123!"
"8ea08f3a-4be1-4f97-9251-d633e633dc41","Meera Shah 330","synthetic0330@synthetic.campus.pool","917000000329","VIT Pune","SYN00330","prefer_not_to_say","[""driver""]","bike","TVS Apache","MH12R0329","white","true","1","4.8","9","true","CampusPool123!"
"09fad991-eb28-483c-a92f-412d005f86e1","Rohan Jadhav 331","synthetic0331@synthetic.campus.pool","917000000330","VIT Pune","SYN00331","female","[""driver""]","bike","TVS Apache","MH12S0330","white","true","1","4.22","9","true","CampusPool123!"
"4ca5fb96-60cc-461f-9950-c00386ae3d0d","Sneha More 332","synthetic0332@synthetic.campus.pool","917000000331","VIT Pune","SYN00332","male","[""driver""]","car","Maruti Swift","MH12T0331","blue","false","3","4.5","11","true","CampusPool123!"
"22829531-9959-4ca6-a928-9f36eb4703e1","Kabir Pawar 333","synthetic0333@synthetic.campus.pool","917000000332","VIT Pune","SYN00333","prefer_not_to_say","[""driver""]","scooty","Suzuki Access","MH12U0332","black","true","1","4.65","22","true","CampusPool123!"
"97e2c868-d328-4e04-a87f-cdd9bf32f321","Aditi Bhosale 334","synthetic0334@synthetic.campus.pool","917000000333","VIT Pune","SYN00334","female","[""driver""]","scooty","TVS Jupiter","MH12V0333","white","false","1","4.67","8","true","CampusPool123!"
"53476aa4-9daa-46aa-9332-69d4a4566a3d","Siddharth Naik 335","synthetic0335@synthetic.campus.pool","917000000334","VIT Pune","SYN00335","male","[""driver""]","bike","Honda Shine","MH12W0334","silver","true","1","4.52","26","false","CampusPool123!"
"86105958-87be-4dcd-b670-bf501ca8dcdd","Riya Chavan 336","synthetic0336@synthetic.campus.pool","917000000335","VIT Pune","SYN00336","prefer_not_to_say","[""driver""]","bike","Honda Shine","MH12X0335","blue","true","1","3.98","4","true","CampusPool123!"
"d318afa9-113f-46e4-bd9a-1ae0cbe4cec9","Aarav Sharma 337","synthetic0337@synthetic.campus.pool","917000000336","VIT Pune","SYN00337","female","[""driver""]","scooty","Suzuki Access","MH12Y0336","blue","true","1","4.71","16","true","CampusPool123!"
"47cbbcf7-3a62-4033-9a9b-5d2ebe48617b","Ananya Patil 338","synthetic0338@synthetic.campus.pool","917000000337","VIT Pune","SYN00338","male","[""driver""]","car","Hyundai i20","MH12Z0337","silver","false","3","4.81","23","true","CampusPool123!"
"f6bd0cb8-14b6-4983-84a7-6090b75c1bf2","Vihaan Kulkarni 339","synthetic0339@synthetic.campus.pool","917000000338","VIT Pune","SYN00339","prefer_not_to_say","[""driver""]","car","Hyundai i20","MH12A0338","blue","false","4","4.56","17","true","CampusPool123!"
"81e5312b-7123-490f-977b-7f79504efcd6","Isha Deshmukh 340","synthetic0340@synthetic.campus.pool","917000000339","VIT Pune","SYN00340","female","[""driver""]","car","Maruti Swift","MH12B0339","red","false","4","4.69","22","true","CampusPool123!"
"6dbaac16-eca9-4619-9461-cf1f791691ff","Aditya Joshi 341","synthetic0341@synthetic.campus.pool","917000000340","VIT Pune","SYN00341","male","[""driver""]","car","Tata Tiago","MH12C0340","red","false","4","4.41","27","true","CampusPool123!"
"219ae89a-62d9-41de-a1e7-1597cd661ca8","Meera Shah 342","synthetic0342@synthetic.campus.pool","917000000341","VIT Pune","SYN00342","prefer_not_to_say","[""driver""]","car","Tata Tiago","MH12D0341","blue","false","4","4.26","22","true","CampusPool123!"
"6f3fcde3-7927-4673-8e83-5d19997e04eb","Rohan Jadhav 343","synthetic0343@synthetic.campus.pool","917000000342","VIT Pune","SYN00343","female","[""driver""]","car","Maruti Swift","MH12E0342","blue","false","3","4.33","24","true","CampusPool123!"
"2bba79b1-7549-484e-89e1-bf3b93c66b88","Sneha More 344","synthetic0344@synthetic.campus.pool","917000000343","VIT Pune","SYN00344","male","[""driver""]","car","Tata Tiago","MH12F0343","red","false","3","4.77","30","true","CampusPool123!"
"ab1c3a5c-50fe-4a26-b80d-4cd36938d001","Kabir Pawar 345","synthetic0345@synthetic.campus.pool","917000000344","VIT Pune","SYN00345","prefer_not_to_say","[""driver""]","car","Maruti Swift","MH12G0344","blue","false","3","4.89","1","true","CampusPool123!"
"89d25526-5e75-4c71-a504-7c0e208f52ae","Aditi Bhosale 346","synthetic0346@synthetic.campus.pool","917000000345","VIT Pune","SYN00346","female","[""driver""]","scooty","Honda Activa","MH12H0345","silver","false","1","4.02","22","true","CampusPool123!"
"e57ff715-25a1-426c-97cf-87015c1bf680","Siddharth Naik 347","synthetic0347@synthetic.campus.pool","917000000346","VIT Pune","SYN00347","male","[""driver""]","scooty","Suzuki Access","MH12I0346","black","true","1","4.78","15","true","CampusPool123!"
"a0c0f44b-0991-4b2f-8eac-5c0f929d5d9a","Riya Chavan 348","synthetic0348@synthetic.campus.pool","917000000347","VIT Pune","SYN00348","prefer_not_to_say","[""driver""]","car","Hyundai i20","MH12J0347","black","false","3","4.67","12","true","CampusPool123!"
"97169492-6066-4681-a1f9-9a132e78bbd1","Aarav Sharma 349","synthetic0349@synthetic.campus.pool","917000000348","VIT Pune","SYN00349","female","[""driver""]","bike","Bajaj Pulsar 150","MH12K0348","black","true","1","4.38","30","false","CampusPool123!"
"3934e51d-f7fc-439d-a64b-1e11c068f9b5","Ananya Patil 350","synthetic0350@synthetic.campus.pool","917000000349","VIT Pune","SYN00350","male","[""driver""]","scooty","TVS Jupiter","MH12L0349","white","true","1","4.88","3","true","CampusPool123!"
"17982a72-f4c8-4037-9da7-01d2b81b4f51","Vihaan Kulkarni 351","synthetic0351@synthetic.campus.pool","917000000350","VIT Pune","SYN00351","prefer_not_to_say","[""rider""]","","","","","false","0","4.65","17","true","CampusPool123!"
"c2109785-34d1-4db4-83fd-a38a96ff6385","Isha Deshmukh 352","synthetic0352@synthetic.campus.pool","917000000351","VIT Pune","SYN00352","female","[""rider""]","","","","","false","0","3.97","34","true","CampusPool123!"
"8bcc5330-6b50-4950-bdbf-e5f3a9b775ee","Aditya Joshi 353","synthetic0353@synthetic.campus.pool","917000000352","VIT Pune","SYN00353","male","[""rider""]","","","","","false","0","4.02","7","true","CampusPool123!"
"5493fbc0-789f-4b10-8644-f8ec21cd0b14","Meera Shah 354","synthetic0354@synthetic.campus.pool","917000000353","VIT Pune","SYN00354","prefer_not_to_say","[""rider""]","","","","","false","0","4.41","6","false","CampusPool123!"
"93fc6c87-52d4-41ea-a349-e5ddc835fe35","Rohan Jadhav 355","synthetic0355@synthetic.campus.pool","917000000354","VIT Pune","SYN00355","female","[""rider""]","","","","","false","0","4.13","20","true","CampusPool123!"
"2e418ffb-eadd-4fa8-bcec-343dbb54e803","Sneha More 356","synthetic0356@synthetic.campus.pool","917000000355","VIT Pune","SYN00356","male","[""rider""]","","","","","false","0","4.23","22","true","CampusPool123!"
"fac65e5b-f1a5-4896-b38a-74849ccdc168","Kabir Pawar 357","synthetic0357@synthetic.campus.pool","917000000356","VIT Pune","SYN00357","prefer_not_to_say","[""rider""]","","","","","false","0","4.18","31","true","CampusPool123!"
"a33b3b67-373b-4a19-ab84-94afce2d3cf6","Aditi Bhosale 358","synthetic0358@synthetic.campus.pool","917000000357","VIT Pune","SYN00358","female","[""rider""]","","","","","false","0","4.89","28","true","CampusPool123!"
"3f9c3912-4b7f-4630-8ee8-ef4328f8653a","Siddharth Naik 359","synthetic0359@synthetic.campus.pool","917000000358","VIT Pune","SYN00359","male","[""rider""]","","","","","false","0","4.07","23","false","CampusPool123!"
"1cb6adeb-9163-4fbb-b53f-65f5505df0b2","Riya Chavan 360","synthetic0360@synthetic.campus.pool","917000000359","VIT Pune","SYN00360","prefer_not_to_say","[""rider""]","","","","","false","0","4.65","33","true","CampusPool123!"
"ef8bce94-feeb-4e53-b72f-1a7c2e5bddf1","Aarav Sharma 361","synthetic0361@synthetic.campus.pool","917000000360","VIT Pune","SYN00361","female","[""rider""]","","","","","false","0","4.38","31","true","CampusPool123!"
"cba87ecd-54b1-4aae-9469-fa73c5a1965e","Ananya Patil 362","synthetic0362@synthetic.campus.pool","917000000361","VIT Pune","SYN00362","male","[""rider""]","","","","","false","0","4.8","19","true","CampusPool123!"
"4aeb0ba0-1769-494f-8568-1d022bba57f2","Vihaan Kulkarni 363","synthetic0363@synthetic.campus.pool","917000000362","VIT Pune","SYN00363","prefer_not_to_say","[""rider""]","","","","","false","0","4.83","3","true","CampusPool123!"
"29b6b79c-7351-4ba6-a9ad-66967f535c3c","Isha Deshmukh 364","synthetic0364@synthetic.campus.pool","917000000363","VIT Pune","SYN00364","female","[""rider""]","","","","","false","0","4.41","3","true","CampusPool123!"
"b03a0f23-2e1f-438e-b34e-47d7681219f2","Aditya Joshi 365","synthetic0365@synthetic.campus.pool","917000000364","VIT Pune","SYN00365","male","[""rider""]","","","","","false","0","4.49","9","true","CampusPool123!"
"d6e02938-24dd-495b-9cf8-9fdde224b304","Meera Shah 366","synthetic0366@synthetic.campus.pool","917000000365","VIT Pune","SYN00366","prefer_not_to_say","[""rider""]","","","","","false","0","4.24","1","true","CampusPool123!"
"fa0d30d3-0506-4b72-a9d6-ba7158bfd0a0","Rohan Jadhav 367","synthetic0367@synthetic.campus.pool","917000000366","VIT Pune","SYN00367","female","[""rider""]","","","","","false","0","3.9","22","true","CampusPool123!"
"4f4e35d9-739c-4f3d-b0b4-2067faa30741","Sneha More 368","synthetic0368@synthetic.campus.pool","917000000367","VIT Pune","SYN00368","male","[""rider""]","","","","","false","0","4.07","12","true","CampusPool123!"
"7bb61148-2622-4c7a-a643-c561dfafb01a","Kabir Pawar 369","synthetic0369@synthetic.campus.pool","917000000368","VIT Pune","SYN00369","prefer_not_to_say","[""rider""]","","","","","false","0","4.27","0","true","CampusPool123!"
"67279c91-e351-4505-a0ca-11fce52988a2","Aditi Bhosale 370","synthetic0370@synthetic.campus.pool","917000000369","VIT Pune","SYN00370","female","[""rider""]","","","","","false","0","4.36","0","false","CampusPool123!"
"5b47c5b4-ec85-43dd-9c75-f074a7d568d2","Siddharth Naik 371","synthetic0371@synthetic.campus.pool","917000000370","VIT Pune","SYN00371","male","[""rider""]","","","","","false","0","4.96","18","true","CampusPool123!"
"f49a7a5a-e945-4e5c-9e00-e0e22be3b1cd","Riya Chavan 372","synthetic0372@synthetic.campus.pool","917000000371","VIT Pune","SYN00372","prefer_not_to_say","[""rider""]","","","","","false","0","4.98","8","true","CampusPool123!"
"165aff37-2b73-412f-8558-09a275acac4f","Aarav Sharma 373","synthetic0373@synthetic.campus.pool","917000000372","VIT Pune","SYN00373","female","[""rider""]","","","","","false","0","4.01","13","false","CampusPool123!"
"a68aae4c-c9bd-4227-aac3-87e0cce8704c","Ananya Patil 374","synthetic0374@synthetic.campus.pool","917000000373","VIT Pune","SYN00374","male","[""rider""]","","","","","false","0","4.51","24","true","CampusPool123!"
"9d0ef4fe-a576-4770-9ab1-5eafc46b6be0","Vihaan Kulkarni 375","synthetic0375@synthetic.campus.pool","917000000374","VIT Pune","SYN00375","prefer_not_to_say","[""rider""]","","","","","false","0","4.16","4","true","CampusPool123!"
"c1485f8d-0ff6-4d51-a3fe-b9cc726fcca1","Isha Deshmukh 376","synthetic0376@synthetic.campus.pool","917000000375","VIT Pune","SYN00376","female","[""rider""]","","","","","false","0","3.99","2","true","CampusPool123!"
"3abf2f35-867e-4d12-a3c6-7fad053953bd","Aditya Joshi 377","synthetic0377@synthetic.campus.pool","917000000376","VIT Pune","SYN00377","male","[""rider""]","","","","","false","0","3.99","9","true","CampusPool123!"
"edf92a9c-96cf-4fe7-b02c-abdaad634737","Meera Shah 378","synthetic0378@synthetic.campus.pool","917000000377","VIT Pune","SYN00378","prefer_not_to_say","[""rider""]","","","","","false","0","4.02","5","true","CampusPool123!"
"3e48df00-372b-4e64-9ef2-a432d0530793","Rohan Jadhav 379","synthetic0379@synthetic.campus.pool","917000000378","VIT Pune","SYN00379","female","[""rider""]","","","","","false","0","4.01","35","true","CampusPool123!"
"921d32f1-c9a7-43cd-89fc-af62a5d8d609","Sneha More 380","synthetic0380@synthetic.campus.pool","917000000379","VIT Pune","SYN00380","male","[""rider""]","","","","","false","0","4.94","0","true","CampusPool123!"
"d774693a-f4b2-48d7-9848-a02f48110bad","Kabir Pawar 381","synthetic0381@synthetic.campus.pool","917000000380","VIT Pune","SYN00381","prefer_not_to_say","[""rider""]","","","","","false","0","4","17","false","CampusPool123!"
"4056717c-9798-4214-8fbd-07c4e3a98b6b","Aditi Bhosale 382","synthetic0382@synthetic.campus.pool","917000000381","VIT Pune","SYN00382","female","[""rider""]","","","","","false","0","4.15","21","true","CampusPool123!"
"52587ca0-dfe6-482f-bcac-5efecd9cb9c3","Siddharth Naik 383","synthetic0383@synthetic.campus.pool","917000000382","VIT Pune","SYN00383","male","[""rider""]","","","","","false","0","4.43","10","true","CampusPool123!"
"0c83d7c7-d302-4b47-8f0b-a78f47b02764","Riya Chavan 384","synthetic0384@synthetic.campus.pool","917000000383","VIT Pune","SYN00384","prefer_not_to_say","[""rider""]","","","","","false","0","4.87","21","true","CampusPool123!"
"877fcad2-68c5-48bf-942c-586c3d86867f","Aarav Sharma 385","synthetic0385@synthetic.campus.pool","917000000384","VIT Pune","SYN00385","female","[""rider""]","","","","","false","0","3.97","5","true","CampusPool123!"
"feff947d-b17e-452e-8f42-3a47e3538dae","Ananya Patil 386","synthetic0386@synthetic.campus.pool","917000000385","VIT Pune","SYN00386","male","[""rider""]","","","","","false","0","3.95","24","false","CampusPool123!"
"cd22228b-a880-42a9-b5b5-fa0701f9c386","Vihaan Kulkarni 387","synthetic0387@synthetic.campus.pool","917000000386","VIT Pune","SYN00387","prefer_not_to_say","[""rider""]","","","","","false","0","4.65","2","true","CampusPool123!"
"f7a3a9b0-d919-4111-a000-2b91381aa324","Isha Deshmukh 388","synthetic0388@synthetic.campus.pool","917000000387","VIT Pune","SYN00388","female","[""rider""]","","","","","false","0","4.37","33","true","CampusPool123!"
"3a33f6e7-07ab-4e3d-a721-814ac739de5e","Aditya Joshi 389","synthetic0389@synthetic.campus.pool","917000000388","VIT Pune","SYN00389","male","[""rider""]","","","","","false","0","4.68","29","true","CampusPool123!"
"adfaa168-2d4e-439d-b336-2a1e0b068a71","Meera Shah 390","synthetic0390@synthetic.campus.pool","917000000389","VIT Pune","SYN00390","prefer_not_to_say","[""rider""]","","","","","false","0","4.49","27","false","CampusPool123!"
"689f14ae-a33d-4e68-bcf5-198a44130c16","Rohan Jadhav 391","synthetic0391@synthetic.campus.pool","917000000390","VIT Pune","SYN00391","female","[""rider""]","","","","","false","0","3.85","20","true","CampusPool123!"
"926e6fcc-8a51-46f5-85e4-e8eefbfe9ddc","Sneha More 392","synthetic0392@synthetic.campus.pool","917000000391","VIT Pune","SYN00392","male","[""rider""]","","","","","false","0","4.61","35","true","CampusPool123!"
"3514e5d2-6b02-4d6b-ac2b-59caf1561997","Kabir Pawar 393","synthetic0393@synthetic.campus.pool","917000000392","VIT Pune","SYN00393","prefer_not_to_say","[""rider""]","","","","","false","0","4.82","35","true","CampusPool123!"
"46c4f251-86ea-4605-9b4a-0a7b31ba73c3","Aditi Bhosale 394","synthetic0394@synthetic.campus.pool","917000000393","VIT Pune","SYN00394","female","[""rider""]","","","","","false","0","4.8","11","true","CampusPool123!"
"5c96563c-848e-485c-acbe-fea45d06506b","Siddharth Naik 395","synthetic0395@synthetic.campus.pool","917000000394","VIT Pune","SYN00395","male","[""rider""]","","","","","false","0","4.3","20","true","CampusPool123!"
"3009cc84-1259-4bbc-a108-8462919b7c19","Riya Chavan 396","synthetic0396@synthetic.campus.pool","917000000395","VIT Pune","SYN00396","prefer_not_to_say","[""rider""]","","","","","false","0","4.43","2","false","CampusPool123!"
"bc632420-5e50-4e7f-82f8-381b3e8cb729","Aarav Sharma 397","synthetic0397@synthetic.campus.pool","917000000396","VIT Pune","SYN00397","female","[""rider""]","","","","","false","0","4.07","11","false","CampusPool123!"
"6749e4f8-e2cb-4c58-93fc-57494a89bdad","Ananya Patil 398","synthetic0398@synthetic.campus.pool","917000000397","VIT Pune","SYN00398","male","[""rider""]","","","","","false","0","4.9","7","true","CampusPool123!"
"750f9bd3-e937-4388-a25a-3cc6be098aa7","Vihaan Kulkarni 399","synthetic0399@synthetic.campus.pool","917000000398","VIT Pune","SYN00399","prefer_not_to_say","[""rider""]","","","","","false","0","4.74","24","false","CampusPool123!"
"1f869515-a5a9-4eb5-955d-cc39b514d6d4","Isha Deshmukh 400","synthetic0400@synthetic.campus.pool","917000000399","VIT Pune","SYN00400","female","[""rider""]","","","","","false","0","4.6","31","true","CampusPool123!"
"e3132854-383b-4d80-b4f9-344261841ff2","Aditya Joshi 401","synthetic0401@synthetic.campus.pool","917000000400","VIT Pune","SYN00401","male","[""rider""]","","","","","false","0","4.94","33","true","CampusPool123!"
"dabcd5c1-0261-4275-a50f-86ba21a7fb38","Meera Shah 402","synthetic0402@synthetic.campus.pool","917000000401","VIT Pune","SYN00402","prefer_not_to_say","[""rider""]","","","","","false","0","4.1","34","true","CampusPool123!"
"7e9c129c-4156-4ca9-af99-d00fb8d1aadd","Rohan Jadhav 403","synthetic0403@synthetic.campus.pool","917000000402","VIT Pune","SYN00403","female","[""rider""]","","","","","false","0","4.76","24","true","CampusPool123!"
"c352d64d-d07b-4edc-951e-c01334524a56","Sneha More 404","synthetic0404@synthetic.campus.pool","917000000403","VIT Pune","SYN00404","male","[""rider""]","","","","","false","0","4.91","3","true","CampusPool123!"
"c483836d-7edf-44cf-a968-8b0306198075","Kabir Pawar 405","synthetic0405@synthetic.campus.pool","917000000404","VIT Pune","SYN00405","prefer_not_to_say","[""rider""]","","","","","false","0","3.91","29","true","CampusPool123!"
"9310e53a-bd9e-441e-911c-031aa1551243","Aditi Bhosale 406","synthetic0406@synthetic.campus.pool","917000000405","VIT Pune","SYN00406","female","[""rider""]","","","","","false","0","4.05","3","true","CampusPool123!"
"de3ce989-9f1f-4440-bace-a75a4256201a","Siddharth Naik 407","synthetic0407@synthetic.campus.pool","917000000406","VIT Pune","SYN00407","male","[""rider""]","","","","","false","0","4.18","27","true","CampusPool123!"
"4f582076-f405-4dad-b185-9ae556fcc905","Riya Chavan 408","synthetic0408@synthetic.campus.pool","917000000407","VIT Pune","SYN00408","prefer_not_to_say","[""rider""]","","","","","false","0","4.87","16","false","CampusPool123!"
"5d37ae3a-9fca-401b-81cc-2761fb12b96e","Aarav Sharma 409","synthetic0409@synthetic.campus.pool","917000000408","VIT Pune","SYN00409","female","[""rider""]","","","","","false","0","4.06","35","true","CampusPool123!"
"21c63f77-2d39-4f11-9e0c-1c7312653c75","Ananya Patil 410","synthetic0410@synthetic.campus.pool","917000000409","VIT Pune","SYN00410","male","[""rider""]","","","","","false","0","4.64","16","true","CampusPool123!"
"4a67ecba-b514-4d87-beb3-0515635ecc2e","Vihaan Kulkarni 411","synthetic0411@synthetic.campus.pool","917000000410","VIT Pune","SYN00411","prefer_not_to_say","[""rider""]","","","","","false","0","4.99","32","true","CampusPool123!"
"12ddd1f5-2725-4446-9809-0de923c60573","Isha Deshmukh 412","synthetic0412@synthetic.campus.pool","917000000411","VIT Pune","SYN00412","female","[""rider""]","","","","","false","0","4.31","9","true","CampusPool123!"
"5ce9e64f-f50b-4da1-9486-37f9f09551ed","Aditya Joshi 413","synthetic0413@synthetic.campus.pool","917000000412","VIT Pune","SYN00413","male","[""rider""]","","","","","false","0","4.96","34","true","CampusPool123!"
"ea497014-e432-4e85-93b4-c928f4928526","Meera Shah 414","synthetic0414@synthetic.campus.pool","917000000413","VIT Pune","SYN00414","prefer_not_to_say","[""rider""]","","","","","false","0","4.65","21","false","CampusPool123!"
"df141c8b-23ed-41b3-b69d-5959a4d5207e","Rohan Jadhav 415","synthetic0415@synthetic.campus.pool","917000000414","VIT Pune","SYN00415","female","[""rider""]","","","","","false","0","4.82","6","true","CampusPool123!"
"c6e7cd17-8a26-4b21-bcff-24bc73443535","Sneha More 416","synthetic0416@synthetic.campus.pool","917000000415","VIT Pune","SYN00416","male","[""rider""]","","","","","false","0","4.15","19","true","CampusPool123!"
"657e344f-90aa-4e48-a3e5-9a6235100f2e","Kabir Pawar 417","synthetic0417@synthetic.campus.pool","917000000416","VIT Pune","SYN00417","prefer_not_to_say","[""rider""]","","","","","false","0","4.52","34","false","CampusPool123!"
"5a542579-2130-44d7-a1c7-dde5ad030d85","Aditi Bhosale 418","synthetic0418@synthetic.campus.pool","917000000417","VIT Pune","SYN00418","female","[""rider""]","","","","","false","0","4.87","31","true","CampusPool123!"
"8f953396-84b2-41a6-a56b-cbfd7dc18157","Siddharth Naik 419","synthetic0419@synthetic.campus.pool","917000000418","VIT Pune","SYN00419","male","[""rider""]","","","","","false","0","4.75","2","true","CampusPool123!"
"eb5a4f04-4ebf-43f6-a099-11c15b1dfbe5","Riya Chavan 420","synthetic0420@synthetic.campus.pool","917000000419","VIT Pune","SYN00420","prefer_not_to_say","[""rider""]","","","","","false","0","4.58","15","true","CampusPool123!"
"f3823776-2961-40e6-9f5b-0eb8213276b9","Aarav Sharma 421","synthetic0421@synthetic.campus.pool","917000000420","VIT Pune","SYN00421","female","[""rider""]","","","","","false","0","4.5","8","true","CampusPool123!"
"c69150f8-4df1-4f92-9ee7-62209c9db1a6","Ananya Patil 422","synthetic0422@synthetic.campus.pool","917000000421","VIT Pune","SYN00422","male","[""rider""]","","","","","false","0","3.91","35","true","CampusPool123!"
"181765e4-8d59-4d44-860f-b05bf3bda2f4","Vihaan Kulkarni 423","synthetic0423@synthetic.campus.pool","917000000422","VIT Pune","SYN00423","prefer_not_to_say","[""rider""]","","","","","false","0","4.08","26","true","CampusPool123!"
"b69aeeb6-95cd-4c93-b1fd-e8588a274731","Isha Deshmukh 424","synthetic0424@synthetic.campus.pool","917000000423","VIT Pune","SYN00424","female","[""rider""]","","","","","false","0","4.62","16","false","CampusPool123!"
"48157b16-b775-431a-954d-8b033f391056","Aditya Joshi 425","synthetic0425@synthetic.campus.pool","917000000424","VIT Pune","SYN00425","male","[""rider""]","","","","","false","0","3.99","17","true","CampusPool123!"
"cfec5b2a-0d9d-4378-b72b-26a6872f2b3a","Meera Shah 426","synthetic0426@synthetic.campus.pool","917000000425","VIT Pune","SYN00426","prefer_not_to_say","[""rider""]","","","","","false","0","4.93","7","true","CampusPool123!"
"461b5690-97cf-4151-95af-7899c536787b","Rohan Jadhav 427","synthetic0427@synthetic.campus.pool","917000000426","VIT Pune","SYN00427","female","[""rider""]","","","","","false","0","4.53","13","true","CampusPool123!"
"2aa9eabe-95db-4ea2-bb38-66742013ed82","Sneha More 428","synthetic0428@synthetic.campus.pool","917000000427","VIT Pune","SYN00428","male","[""rider""]","","","","","false","0","3.93","34","true","CampusPool123!"
"e03cedeb-5d97-4486-a7eb-252b7e1f718a","Kabir Pawar 429","synthetic0429@synthetic.campus.pool","917000000428","VIT Pune","SYN00429","prefer_not_to_say","[""rider""]","","","","","false","0","4.82","34","true","CampusPool123!"
"e967b8e3-6e99-4788-bb76-597c964a0c6a","Aditi Bhosale 430","synthetic0430@synthetic.campus.pool","917000000429","VIT Pune","SYN00430","female","[""rider""]","","","","","false","0","4.28","24","false","CampusPool123!"
"896d4da2-8fa8-41c5-b3c6-164a6ce57775","Siddharth Naik 431","synthetic0431@synthetic.campus.pool","917000000430","VIT Pune","SYN00431","male","[""rider""]","","","","","false","0","4.95","17","true","CampusPool123!"
"83beeb25-e5a8-4d3e-aab1-07e4280fae11","Riya Chavan 432","synthetic0432@synthetic.campus.pool","917000000431","VIT Pune","SYN00432","prefer_not_to_say","[""rider""]","","","","","false","0","4.74","6","true","CampusPool123!"
"1f4600a9-443c-419b-9d1a-685629408e0a","Aarav Sharma 433","synthetic0433@synthetic.campus.pool","917000000432","VIT Pune","SYN00433","female","[""rider""]","","","","","false","0","3.93","0","true","CampusPool123!"
"91d3e190-f0bb-4908-a504-df3c03c7e6a6","Ananya Patil 434","synthetic0434@synthetic.campus.pool","917000000433","VIT Pune","SYN00434","male","[""rider""]","","","","","false","0","4.21","24","true","CampusPool123!"
"91a6f354-971a-42d5-907b-b61d60bd2863","Vihaan Kulkarni 435","synthetic0435@synthetic.campus.pool","917000000434","VIT Pune","SYN00435","prefer_not_to_say","[""rider""]","","","","","false","0","4.4","9","true","CampusPool123!"
"efd497f5-8ba1-4dd5-bcea-20a21ad4b890","Isha Deshmukh 436","synthetic0436@synthetic.campus.pool","917000000435","VIT Pune","SYN00436","female","[""rider""]","","","","","false","0","4.06","30","false","CampusPool123!"
"ef122acc-af59-49f1-86de-5dc9fd3e25e3","Aditya Joshi 437","synthetic0437@synthetic.campus.pool","917000000436","VIT Pune","SYN00437","male","[""rider""]","","","","","false","0","4.76","9","true","CampusPool123!"
"c64460b2-879f-4506-882f-92adfc9e63ac","Meera Shah 438","synthetic0438@synthetic.campus.pool","917000000437","VIT Pune","SYN00438","prefer_not_to_say","[""rider""]","","","","","false","0","3.9","2","true","CampusPool123!"
"f16b2296-c08c-4229-b1cd-9d4425b7954a","Rohan Jadhav 439","synthetic0439@synthetic.campus.pool","917000000438","VIT Pune","SYN00439","female","[""rider""]","","","","","false","0","3.99","29","true","CampusPool123!"
"f293731d-64c9-4dc8-a30d-f5172ef2ce1e","Sneha More 440","synthetic0440@synthetic.campus.pool","917000000439","VIT Pune","SYN00440","male","[""rider""]","","","","","false","0","4.02","8","true","CampusPool123!"
"8a7e159e-c7d0-49fb-9915-996ec39b4c3f","Kabir Pawar 441","synthetic0441@synthetic.campus.pool","917000000440","VIT Pune","SYN00441","prefer_not_to_say","[""rider""]","","","","","false","0","4.77","32","true","CampusPool123!"
"ddde26f0-a657-4cc5-8ef1-1171caad0347","Aditi Bhosale 442","synthetic0442@synthetic.campus.pool","917000000441","VIT Pune","SYN00442","female","[""rider""]","","","","","false","0","4.97","17","false","CampusPool123!"
"30545805-3fe4-4f18-a8a2-8dccf5ff02fd","Siddharth Naik 443","synthetic0443@synthetic.campus.pool","917000000442","VIT Pune","SYN00443","male","[""rider""]","","","","","false","0","4.01","20","true","CampusPool123!"
"e774b584-0014-4dc8-bc95-1bb5f69d20a3","Riya Chavan 444","synthetic0444@synthetic.campus.pool","917000000443","VIT Pune","SYN00444","prefer_not_to_say","[""rider""]","","","","","false","0","4.12","23","true","CampusPool123!"
"cd9196d9-a849-4e71-b98a-4e48a614e104","Aarav Sharma 445","synthetic0445@synthetic.campus.pool","917000000444","VIT Pune","SYN00445","female","[""rider""]","","","","","false","0","4.52","2","true","CampusPool123!"
"2f39eb16-ab4f-4c25-a572-9a7be1ef7dcd","Ananya Patil 446","synthetic0446@synthetic.campus.pool","917000000445","VIT Pune","SYN00446","male","[""rider""]","","","","","false","0","4.96","24","true","CampusPool123!"
"229ca7a7-5513-4f42-9ef4-2390c8285215","Vihaan Kulkarni 447","synthetic0447@synthetic.campus.pool","917000000446","VIT Pune","SYN00447","prefer_not_to_say","[""rider""]","","","","","false","0","4.53","16","true","CampusPool123!"
"33e24ac2-b991-402e-96fe-a60f7d88716b","Isha Deshmukh 448","synthetic0448@synthetic.campus.pool","917000000447","VIT Pune","SYN00448","female","[""rider""]","","","","","false","0","4.27","24","false","CampusPool123!"
"f054fa78-46b9-4920-a246-d949c994ef39","Aditya Joshi 449","synthetic0449@synthetic.campus.pool","917000000448","VIT Pune","SYN00449","male","[""rider""]","","","","","false","0","4.7","7","true","CampusPool123!"
"0ab4c678-1df8-414b-9f8b-66facfcdbc01","Meera Shah 450","synthetic0450@synthetic.campus.pool","917000000449","VIT Pune","SYN00450","prefer_not_to_say","[""rider""]","","","","","false","0","3.96","33","true","CampusPool123!"
"dbaeea46-2585-4546-82df-3945b9be2cbd","Rohan Jadhav 451","synthetic0451@synthetic.campus.pool","917000000450","VIT Pune","SYN00451","female","[""rider""]","","","","","false","0","4.96","15","true","CampusPool123!"
"ed18db93-5780-4297-ae97-bbe311886b02","Sneha More 452","synthetic0452@synthetic.campus.pool","917000000451","VIT Pune","SYN00452","male","[""rider""]","","","","","false","0","4.34","18","true","CampusPool123!"
"b9a94dba-cbdd-4dab-b668-c38541a542df","Kabir Pawar 453","synthetic0453@synthetic.campus.pool","917000000452","VIT Pune","SYN00453","prefer_not_to_say","[""rider""]","","","","","false","0","4.48","8","true","CampusPool123!"
"d10309b4-cd0a-44fb-b502-63090cb23495","Aditi Bhosale 454","synthetic0454@synthetic.campus.pool","917000000453","VIT Pune","SYN00454","female","[""rider""]","","","","","false","0","4.13","5","true","CampusPool123!"
"cce669d0-24ee-4095-8136-3ddc6f61da10","Siddharth Naik 455","synthetic0455@synthetic.campus.pool","917000000454","VIT Pune","SYN00455","male","[""rider""]","","","","","false","0","4.67","18","true","CampusPool123!"
"cf49cf74-3f6e-4709-821d-0f560bf5bf11","Riya Chavan 456","synthetic0456@synthetic.campus.pool","917000000455","VIT Pune","SYN00456","prefer_not_to_say","[""rider""]","","","","","false","0","4.75","8","false","CampusPool123!"
"0be154a0-2b93-4226-ac8a-ca86dcf33409","Aarav Sharma 457","synthetic0457@synthetic.campus.pool","917000000456","VIT Pune","SYN00457","female","[""rider""]","","","","","false","0","4.5","33","true","CampusPool123!"
"2b4fe7a0-6432-4448-993d-7b559d10ec1a","Ananya Patil 458","synthetic0458@synthetic.campus.pool","917000000457","VIT Pune","SYN00458","male","[""rider""]","","","","","false","0","4.37","14","true","CampusPool123!"
"43dd383b-7c2d-4840-8095-5e3518602750","Vihaan Kulkarni 459","synthetic0459@synthetic.campus.pool","917000000458","VIT Pune","SYN00459","prefer_not_to_say","[""rider""]","","","","","false","0","4.85","11","true","CampusPool123!"
"91b6dba8-c5ee-49b6-8e0e-cdb6deb6d498","Isha Deshmukh 460","synthetic0460@synthetic.campus.pool","917000000459","VIT Pune","SYN00460","female","[""rider""]","","","","","false","0","4.81","5","false","CampusPool123!"
"59fd1ae0-7135-47e3-b51b-37d92557542d","Aditya Joshi 461","synthetic0461@synthetic.campus.pool","917000000460","VIT Pune","SYN00461","male","[""rider""]","","","","","false","0","3.99","10","true","CampusPool123!"
"b08272f1-2eae-461f-9382-c184fe741279","Meera Shah 462","synthetic0462@synthetic.campus.pool","917000000461","VIT Pune","SYN00462","prefer_not_to_say","[""rider""]","","","","","false","0","4.56","3","true","CampusPool123!"
"f36c8d35-39b1-4fd4-98f7-5ac3c530eab3","Rohan Jadhav 463","synthetic0463@synthetic.campus.pool","917000000462","VIT Pune","SYN00463","female","[""rider""]","","","","","false","0","4.46","10","false","CampusPool123!"
"8c232265-ccb7-492a-b875-50ee8bc45208","Sneha More 464","synthetic0464@synthetic.campus.pool","917000000463","VIT Pune","SYN00464","male","[""rider""]","","","","","false","0","4.57","5","true","CampusPool123!"
"2e717694-7d6b-49e8-baf4-53cf8f4fbac3","Kabir Pawar 465","synthetic0465@synthetic.campus.pool","917000000464","VIT Pune","SYN00465","prefer_not_to_say","[""rider""]","","","","","false","0","3.87","29","true","CampusPool123!"
"2e0cc7b0-3544-40fe-910b-e573a7d33c9a","Aditi Bhosale 466","synthetic0466@synthetic.campus.pool","917000000465","VIT Pune","SYN00466","female","[""rider""]","","","","","false","0","3.88","12","true","CampusPool123!"
"5bfe2107-4596-4e4b-8e28-b4761607f7e9","Siddharth Naik 467","synthetic0467@synthetic.campus.pool","917000000466","VIT Pune","SYN00467","male","[""rider""]","","","","","false","0","4.42","1","true","CampusPool123!"
"05e3c6c3-c662-4d71-a22e-2f6abe452e90","Riya Chavan 468","synthetic0468@synthetic.campus.pool","917000000467","VIT Pune","SYN00468","prefer_not_to_say","[""rider""]","","","","","false","0","4.3","31","true","CampusPool123!"
"7f81c4c3-c234-4bd0-80d1-215c711a0283","Aarav Sharma 469","synthetic0469@synthetic.campus.pool","917000000468","VIT Pune","SYN00469","female","[""rider""]","","","","","false","0","4.97","27","true","CampusPool123!"
"d9f990c4-afb2-4074-8034-6a62f6c93ce4","Ananya Patil 470","synthetic0470@synthetic.campus.pool","917000000469","VIT Pune","SYN00470","male","[""rider""]","","","","","false","0","3.84","10","true","CampusPool123!"
"cb1a579d-c56d-40e0-b768-2d2229dc4a47","Vihaan Kulkarni 471","synthetic0471@synthetic.campus.pool","917000000470","VIT Pune","SYN00471","prefer_not_to_say","[""rider""]","","","","","false","0","4.74","21","true","CampusPool123!"
"9c7182f6-1906-4c8c-b228-eca6a245931d","Isha Deshmukh 472","synthetic0472@synthetic.campus.pool","917000000471","VIT Pune","SYN00472","female","[""rider""]","","","","","false","0","3.95","8","false","CampusPool123!"
"715c6bfc-3ccb-48eb-9e74-b58e93075303","Aditya Joshi 473","synthetic0473@synthetic.campus.pool","917000000472","VIT Pune","SYN00473","male","[""rider""]","","","","","false","0","3.94","18","true","CampusPool123!"
"eb966ee8-6300-4734-85a3-fe051d2fa003","Meera Shah 474","synthetic0474@synthetic.campus.pool","917000000473","VIT Pune","SYN00474","prefer_not_to_say","[""rider""]","","","","","false","0","4.22","12","true","CampusPool123!"
"fd0ae9bd-2b4a-4bdb-b003-728318b36973","Rohan Jadhav 475","synthetic0475@synthetic.campus.pool","917000000474","VIT Pune","SYN00475","female","[""rider""]","","","","","false","0","3.98","26","false","CampusPool123!"
"80ca3ea6-d467-4f49-97eb-b6dc6f476676","Sneha More 476","synthetic0476@synthetic.campus.pool","917000000475","VIT Pune","SYN00476","male","[""rider""]","","","","","false","0","3.84","20","true","CampusPool123!"
"55511d2e-aa5e-4cf6-ac0c-2f79fd94ad59","Kabir Pawar 477","synthetic0477@synthetic.campus.pool","917000000476","VIT Pune","SYN00477","prefer_not_to_say","[""rider""]","","","","","false","0","4.71","31","false","CampusPool123!"
"4bc51cf7-3d71-496c-b2e9-01f1fd8c725a","Aditi Bhosale 478","synthetic0478@synthetic.campus.pool","917000000477","VIT Pune","SYN00478","female","[""rider""]","","","","","false","0","4.86","21","true","CampusPool123!"
"03b1388a-04d6-4ee8-b7ee-b8541ca330f1","Siddharth Naik 479","synthetic0479@synthetic.campus.pool","917000000478","VIT Pune","SYN00479","male","[""rider""]","","","","","false","0","4.72","14","false","CampusPool123!"
"3916a068-e6a5-4012-812a-fbcd946203e9","Riya Chavan 480","synthetic0480@synthetic.campus.pool","917000000479","VIT Pune","SYN00480","prefer_not_to_say","[""rider""]","","","","","false","0","4.14","34","true","CampusPool123!"
"b3149c9d-7e24-49af-9af5-ce51be3f88b9","Aarav Sharma 481","synthetic0481@synthetic.campus.pool","917000000480","VIT Pune","SYN00481","female","[""rider""]","","","","","false","0","4.77","15","true","CampusPool123!"
"3f9fca15-c0f0-4b4b-b617-dfdcac65c8ed","Ananya Patil 482","synthetic0482@synthetic.campus.pool","917000000481","VIT Pune","SYN00482","male","[""rider""]","","","","","false","0","4","0","true","CampusPool123!"
"90d5fa4d-50ca-4080-ae76-6f8158f4c9a5","Vihaan Kulkarni 483","synthetic0483@synthetic.campus.pool","917000000482","VIT Pune","SYN00483","prefer_not_to_say","[""rider""]","","","","","false","0","4.63","31","true","CampusPool123!"
"be3f8ff0-be2c-4cc2-bb19-b7c7caedba70","Isha Deshmukh 484","synthetic0484@synthetic.campus.pool","917000000483","VIT Pune","SYN00484","female","[""rider""]","","","","","false","0","4.33","22","true","CampusPool123!"
"87c9b6ae-2c7c-4de8-9450-1bd9d4cd713c","Aditya Joshi 485","synthetic0485@synthetic.campus.pool","917000000484","VIT Pune","SYN00485","male","[""rider""]","","","","","false","0","4.25","27","true","CampusPool123!"
"82251b7c-39c1-4612-9777-0028617b08fc","Meera Shah 486","synthetic0486@synthetic.campus.pool","917000000485","VIT Pune","SYN00486","prefer_not_to_say","[""rider""]","","","","","false","0","4.95","31","true","CampusPool123!"
"6884857e-84bf-44a3-a6b7-57ffce28a733","Rohan Jadhav 487","synthetic0487@synthetic.campus.pool","917000000486","VIT Pune","SYN00487","female","[""rider""]","","","","","false","0","4.36","4","true","CampusPool123!"
"5b200900-fdec-42f4-bd7a-10e50182556a","Sneha More 488","synthetic0488@synthetic.campus.pool","917000000487","VIT Pune","SYN00488","male","[""rider""]","","","","","false","0","3.89","8","true","CampusPool123!"
"4edeb0bf-7259-4a78-a36d-e652c8861873","Kabir Pawar 489","synthetic0489@synthetic.campus.pool","917000000488","VIT Pune","SYN00489","prefer_not_to_say","[""rider""]","","","","","false","0","4.19","30","true","CampusPool123!"
"34887a09-84f2-49c3-97c8-eaa9e671e141","Aditi Bhosale 490","synthetic0490@synthetic.campus.pool","917000000489","VIT Pune","SYN00490","female","[""rider""]","","","","","false","0","4.71","0","true","CampusPool123!"
"f6f5aab6-7eb0-41b3-a1ab-500ca62c77fa","Siddharth Naik 491","synthetic0491@synthetic.campus.pool","917000000490","VIT Pune","SYN00491","male","[""rider""]","","","","","false","0","4.61","6","true","CampusPool123!"
"4cc1b8ef-4224-4c25-a72f-a96bb3963a45","Riya Chavan 492","synthetic0492@synthetic.campus.pool","917000000491","VIT Pune","SYN00492","prefer_not_to_say","[""rider""]","","","","","false","0","4.14","4","true","CampusPool123!"
"90fbd646-a8a0-4f77-af4f-4746feda3a10","Aarav Sharma 493","synthetic0493@synthetic.campus.pool","917000000492","VIT Pune","SYN00493","female","[""rider""]","","","","","false","0","4.81","12","true","CampusPool123!"
"b25e6ea6-d736-435b-aead-e9d0d69b728d","Ananya Patil 494","synthetic0494@synthetic.campus.pool","917000000493","VIT Pune","SYN00494","male","[""rider""]","","","","","false","0","4.33","5","true","CampusPool123!"
"ff4be7d8-c958-42da-b75f-f3df6987f079","Vihaan Kulkarni 495","synthetic0495@synthetic.campus.pool","917000000494","VIT Pune","SYN00495","prefer_not_to_say","[""rider""]","","","","","false","0","4.4","15","false","CampusPool123!"
"bffb4bf3-10a3-4ff1-bb55-ffc7725007e9","Isha Deshmukh 496","synthetic0496@synthetic.campus.pool","917000000495","VIT Pune","SYN00496","female","[""rider""]","","","","","false","0","4.19","24","false","CampusPool123!"
"70d0f859-149d-4503-9629-7e2b03c67a3f","Aditya Joshi 497","synthetic0497@synthetic.campus.pool","917000000496","VIT Pune","SYN00497","male","[""rider""]","","","","","false","0","3.81","31","true","CampusPool123!"
"21dd28b5-e343-467c-9b41-b7f373986e3d","Meera Shah 498","synthetic0498@synthetic.campus.pool","917000000497","VIT Pune","SYN00498","prefer_not_to_say","[""rider""]","","","","","false","0","4.69","5","true","CampusPool123!"
"d2298097-598d-4264-8db3-a0e927ab6ed1","Rohan Jadhav 499","synthetic0499@synthetic.campus.pool","917000000498","VIT Pune","SYN00499","female","[""rider""]","","","","","false","0","4.16","30","true","CampusPool123!"
"3cba72c9-ac53-4442-8d16-3fa4f75f696d","Sneha More 500","synthetic0500@synthetic.campus.pool","917000000499","VIT Pune","SYN00500","male","[""rider""]","","","","","false","0","3.92","23","true","CampusPool123!"
