"id","userId","pickupName","normalizedPickupName","destinationName","normalizedDestinationName","desiredDepartureTime","status"
"ded6c1a1-0e78-4e35-85d0-8d777e5b2b89","29ba1c6f-943a-462e-a307-a6c327c39a57","Swargate PMPML Main Bus Stand","swargate pmpml main bus stand","VIT College","vit college","2026-09-06T02:30:00.000Z","CANCELLED"
"d867ded8-3d0f-44d0-b75a-23a426c8c8de","4bb40fa4-b428-432e-aca2-1a954ebd5186","Katraj Dairy BRTS","katraj dairy brts","VIT College","vit college","2026-09-07T02:45:00.000Z","OPEN"
"12e1df3e-751b-42e7-be9e-b36a8a4dee27","dbffce9e-93ca-460b-a2e6-fec327ae8a6e","Laxmi Narayan Theatre","laxmi narayan theatre","VIT College","vit college","2026-09-08T03:00:00.000Z","OPEN"
"036949fb-8eef-44c0-a5a7-cd577c1682e5","1137a11d-2e66-45ed-b840-8d12e6722bfa","Balaji Nagar BRTS","balaji nagar brts","VIT College","vit college","2026-09-09T03:15:00.000Z","MATCHED"
"404ef5d0-b9db-4e9f-96bc-94311906a9d8","613365a0-56e0-41a2-a7c9-48b35ec746a1","City Pride BRTS","city pride brts","VIT College","vit college","2026-09-10T02:30:00.000Z","OPEN"
"5c518570-8e7b-43c5-97b5-b13cdcbf04fe","9449171f-669b-4ae3-8a11-85c2698005b4","Shankar Maharaj Math","shankar maharaj math","VIT College","vit college","2026-09-11T02:45:00.000Z","OPEN"
"475bcef8-0866-4480-8204-b0f2c42082c8","f256e949-f4e4-4ba3-8ea9-d6a3d0ba8526","Bibwewadi Bus Stop","bibwewadi bus stop","VIT College","vit college","2026-09-12T03:00:00.000Z","MATCHED"
"d701c047-10b2-4553-a773-9ae2355979d6","08eb06b4-7805-4b0c-998b-d919358e8b0f","Bibwewadi Bus Stop","bibwewadi bus stop","VIT College","vit college","2026-09-13T03:15:00.000Z","CANCELLED"
"af9760e8-6b1d-4e3a-869a-a0a3e0e2a806","8100f2b8-79e0-4059-be98-ced465000a2e","Kashinath Patil Nagar Stop","kashinath patil nagar stop","VIT College","vit college","2026-09-14T02:30:00.000Z","OPEN"
"99faaad7-4327-4946-a8da-0437f8876d00","e443e68b-7cb4-4260-8ec6-64c485de79d5","Kashinath Patil Nagar Stop","kashinath patil nagar stop","VIT College","vit college","2026-09-15T02:45:00.000Z","MATCHED"
"2860f28f-faf2-431b-8e9b-fea3598853cc","c2483f77-a251-4434-8d94-6a2c53e2d38e","Swargate PMPML Main Bus Stand","swargate pmpml main bus stand","VIT College","vit college","2026-09-16T03:00:00.000Z","OPEN"
"11e26b6c-8a27-460e-84a9-42c2486b5b37","2d02ada0-aefc-4d76-9f2f-c57bee3201ac","Katraj Terminal","katraj terminal","VIT College","vit college","2026-09-17T03:15:00.000Z","OPEN"
"7def8e85-54b0-4ce2-bfb4-d203f6ebad9c","b9d9e60d-de32-4732-8eb8-480e0e81bcbf","Laxmi Narayan Theatre","laxmi narayan theatre","VIT College","vit college","2026-09-18T02:30:00.000Z","MATCHED"
"cbf14a49-58d2-4705-9ba7-ac0f5013e7ae","6c3f7adf-4f2a-4914-ba78-8b1548f14a1a","Bharati Vidyapeeth","bharati vidyapeeth","VIT College","vit college","2026-09-19T02:45:00.000Z","OPEN"
"0654828a-8fc0-4dfe-938f-3cd8e852d050","ea3fd43b-e1e5-4d62-a163-dae19fc740bd","City Pride BRTS","city pride brts","VIT College","vit college","2026-09-20T03:00:00.000Z","CANCELLED"
"854b6b89-a1a7-4a3e-b90a-092ad410bed2","e977337e-9b7d-4b79-9851-7a31a276eaf5","KK Market BRTS","kk market brts","VIT College","vit college","2026-09-21T03:15:00.000Z","MATCHED"
"375ddc4b-59b7-4d4f-99f4-dc687f649e93","bfe5c77b-945d-47a5-81f7-7ae8e1ff5d5b","Bibwewadi Bus Stop","bibwewadi bus stop","VIT College","vit college","2026-09-22T02:30:00.000Z","OPEN"
"398c2a50-3913-4f19-b1ef-23f8d3867e04","04bfe73e-1142-4d3f-8bbf-57dbee041dd2","Market Yard Corner","market yard corner","VIT College","vit college","2026-09-23T02:45:00.000Z","OPEN"
"8b8406c5-8db0-49f7-8771-bc09255f5dd3","29bb8b65-a83a-4f6b-b7c4-0a86fd9b82a1","Kashinath Patil Nagar Stop","kashinath patil nagar stop","VIT College","vit college","2026-09-24T03:00:00.000Z","MATCHED"
"8d4807c8-48f5-48f1-95b7-010c0f6905fd","dae29690-62f3-4202-8961-05b05ec7dcc6","Lower Indira Nagar Stop","lower indira nagar stop","VIT College","vit college","2026-09-25T03:15:00.000Z","OPEN"
"6d6cc3af-1b7f-4021-ac54-d596c787f2bf","b94bb3da-92c3-4ecf-b576-f9dbbce590b5","Swargate PMPML Main Bus Stand","swargate pmpml main bus stand","VIT College","vit college","2026-09-26T02:30:00.000Z","OPEN"
"4dca709d-9410-4872-8d6e-fd85ba5181cc","0f35346d-5638-4de0-b685-b0f5e42ff331","Upper Indira Nagar Bus Depot","upper indira nagar bus depot","VIT College","vit college","2026-09-27T02:45:00.000Z","CANCELLED"
"6186346c-602e-4681-abd5-495756768791","95e5d040-6f8f-43de-b101-0a1abbfde269","Laxmi Narayan Theatre","laxmi narayan theatre","VIT College","vit college","2026-09-28T03:00:00.000Z","OPEN"
"e7cc5304-68d3-4f52-9a24-fe9a1561c07f","fbade199-d957-41f1-9c4b-bef677c6f400","Katraj Dairy BRTS","katraj dairy brts","VIT College","vit college","2026-09-29T03:15:00.000Z","OPEN"
"3d889122-43ff-42c1-9a9f-909b0f905f48","e9ac0d57-c267-41a2-84aa-846e6f118304","City Pride BRTS","city pride brts","VIT College","vit college","2026-09-30T02:30:00.000Z","MATCHED"
"9c348d40-7122-4428-81f2-de06609edd6f","3857e3b0-5efa-484e-a045-2777f41b2610","Balaji Nagar BRTS","balaji nagar brts","VIT College","vit college","2026-10-01T02:45:00.000Z","OPEN"
"b04f31df-fc5c-49e1-8ca9-63cacf9e1a46","aa3e3c66-ecde-4e1f-9ce3-1617c0ecdcef","Bibwewadi Bus Stop","bibwewadi bus stop","VIT College","vit college","2026-10-02T03:00:00.000Z","OPEN"
"cecc8fcd-a415-49a6-91bc-f7ffcf1c4f39","f996d0d8-1d3e-4780-bb40-a3c76aeca0fe","Shankar Maharaj Math","shankar maharaj math","VIT College","vit college","2026-10-03T03:15:00.000Z","MATCHED"
"a978f44e-84a0-4ec3-a939-dc8d19e0897a","7d4898cc-54f3-4bd1-b9da-b31ff1cb26c3","Kashinath Patil Nagar Stop","kashinath patil nagar stop","VIT College","vit college","2026-10-04T02:30:00.000Z","CANCELLED"
"9eddf42f-7223-498b-85c6-d02ed141bbb4","c3c94b51-2803-4c25-9e1e-bbe1eb6386cc","Bibwewadi Bus Stop","bibwewadi bus stop","VIT College","vit college","2026-10-05T02:45:00.000Z","OPEN"
"f34aceb6-6fd0-48b5-83da-2e0991b8cdf5","9c9999da-6c7c-4b0f-ba28-7f852899325d","Swargate PMPML Main Bus Stand","swargate pmpml main bus stand","VIT College","vit college","2026-09-06T03:00:00.000Z","MATCHED"
"d614870d-3cfa-4a73-954f-730d21f7e324","f03cb019-ecb8-42fc-ad8b-4be7116d9966","Kashinath Patil Nagar Stop","kashinath patil nagar stop","VIT College","vit college","2026-09-07T03:15:00.000Z","OPEN"
"38c2ccf6-2abe-4eb5-9366-800aeb22459c","998a2999-5be3-435d-8015-2a973a6e97cc","Laxmi Narayan Theatre","laxmi narayan theatre","VIT College","vit college","2026-09-08T02:30:00.000Z","OPEN"
"89007884-56a3-4b5d-ba14-ab185b406154","3a8f1c12-2394-4eb5-8694-7152af59c7d0","Katraj Terminal","katraj terminal","VIT College","vit college","2026-09-09T02:45:00.000Z","MATCHED"
"6c2a4ae1-5292-4323-83c1-c5250a8eeb0e","df718002-b68d-406f-af02-b7ebdc19dfaa","City Pride BRTS","city pride brts","VIT College","vit college","2026-09-10T03:00:00.000Z","OPEN"
"8078c67a-1c54-4503-993b-87a8a09d8f14","829e7fa5-0c38-47a9-a715-877dada17b24","Bharati Vidyapeeth","bharati vidyapeeth","VIT College","vit college","2026-09-11T03:15:00.000Z","CANCELLED"
"460d89db-bfde-4e51-97a8-cc59723214e6","105772de-3e2e-4525-873d-28205793d14f","Bibwewadi Bus Stop","bibwewadi bus stop","VIT College","vit college","2026-09-12T02:30:00.000Z","MATCHED"
"f152c6f5-d0f1-4485-aa4c-272364d4384f","03dfc805-e814-4e5f-a637-8a041faf9ad7","KK Market BRTS","kk market brts","VIT College","vit college","2026-09-13T02:45:00.000Z","OPEN"
"6997207f-03e9-43a3-bd26-e450635960b4","2df45663-f8d0-4308-b79d-fd6c1ff852c9","Kashinath Patil Nagar Stop","kashinath patil nagar stop","VIT College","vit college","2026-09-14T03:00:00.000Z","OPEN"
"d60f5db0-cfe5-453a-b62e-361aa55d3dd0","e163653a-9bbe-4e9d-81ab-acf5fb7c4166","Market Yard Corner","market yard corner","VIT College","vit college","2026-09-15T03:15:00.000Z","MATCHED"
"f0d2ea06-6409-40a7-9a1e-73f28384cbd1","fa4b13bc-6768-4b5d-843e-2b8836ed9113","Swargate PMPML Main Bus Stand","swargate pmpml main bus stand","VIT College","vit college","2026-09-16T02:30:00.000Z","OPEN"
"9dcaa665-4420-409e-99e9-9c381b9ad43e","61b7de30-6ccf-41d6-881f-85e56e865717","Lower Indira Nagar Stop","lower indira nagar stop","VIT College","vit college","2026-09-17T02:45:00.000Z","OPEN"
"a704a071-ab08-4840-a562-1ec4b9ea8726","ae43995b-0b10-49a4-a37e-36a29c7b89fa","Laxmi Narayan Theatre","laxmi narayan theatre","VIT College","vit college","2026-09-18T03:00:00.000Z","CANCELLED"
"f99d61d5-562d-4592-94bf-b3200019a4e5","f1320520-f547-4abc-be6f-66bd5f323eb5","Upper Indira Nagar Bus Depot","upper indira nagar bus depot","VIT College","vit college","2026-09-19T03:15:00.000Z","OPEN"
"d4ec8ac9-7695-48d6-a7ad-cc631e02037d","5118be9b-6811-4a52-9a62-a0ced3f60e27","City Pride BRTS","city pride brts","VIT College","vit college","2026-09-20T02:30:00.000Z","OPEN"
"b3382f8c-8143-4ff2-bd8a-10bd47cb4f47","f64e308c-4a0b-433f-bebb-09536f52d5f4","Katraj Dairy BRTS","katraj dairy brts","VIT College","vit college","2026-09-21T02:45:00.000Z","MATCHED"
"f5ae6fb5-b5af-4530-b6d1-a530be7faad8","917b003b-c912-4ed9-afb7-f7eba33fcb14","Bibwewadi Bus Stop","bibwewadi bus stop","VIT College","vit college","2026-09-22T03:00:00.000Z","OPEN"
"5ae3683d-f04f-4190-8305-f9e7178ffffb","bab50b6c-7a07-4417-adaf-0a3f199ba726","Balaji Nagar BRTS","balaji nagar brts","VIT College","vit college","2026-09-23T03:15:00.000Z","OPEN"
"4d184871-d00f-4bda-ac68-96ad648990e4","7a49978a-5b30-4a61-89ea-d655c3a89110","Kashinath Patil Nagar Stop","kashinath patil nagar stop","VIT College","vit college","2026-09-24T02:30:00.000Z","MATCHED"
"980d4645-197e-4261-9353-6b0f3962de9b","797bc6e5-c2a2-497c-bf6e-087c71a1d8b5","Shankar Maharaj Math","shankar maharaj math","VIT College","vit college","2026-09-25T02:45:00.000Z","CANCELLED"
"a434a229-33f4-40b4-9c99-61b203ed79ad","5ab9a35e-6ac7-4156-95ae-cc1e59bb9fa7","Swargate PMPML Main Bus Stand","swargate pmpml main bus stand","VIT College","vit college","2026-09-26T03:00:00.000Z","OPEN"
"24b69723-bede-44b1-8ce1-15c51c5e7d03","08c75e3d-df80-427a-b942-864b9136eb2a","Bibwewadi Bus Stop","bibwewadi bus stop","VIT College","vit college","2026-09-27T03:15:00.000Z","MATCHED"
"cc3c9182-0a13-4a52-aa85-e6054b3a24dc","26f04940-3483-4462-a324-84a3c523c941","Laxmi Narayan Theatre","laxmi narayan theatre","VIT College","vit college","2026-09-28T02:30:00.000Z","OPEN"
"7b6e78fc-7997-4bf7-88e0-95dda390d4dc","0c422408-fcb3-49ec-919b-15b6c943586f","Kashinath Patil Nagar Stop","kashinath patil nagar stop","VIT College","vit college","2026-09-29T02:45:00.000Z","OPEN"
"7500f138-a1e3-4e45-8357-5d1353069fc3","25e86fcd-e6f3-4cae-abe5-69da8dc4879a","City Pride BRTS","city pride brts","VIT College","vit college","2026-09-30T03:00:00.000Z","MATCHED"
"7da8afdc-6089-40bc-a7b2-abde51e7b250","c366b16a-709a-4bd5-99f4-4d48e2a64d10","Katraj Terminal","katraj terminal","VIT College","vit college","2026-10-01T03:15:00.000Z","OPEN"
"f2313e20-0e5d-4c1e-b560-22c152abaee1","fc17bde9-8039-463a-b2df-6dd060d08969","Bibwewadi Bus Stop","bibwewadi bus stop","VIT College","vit college","2026-10-02T02:30:00.000Z","CANCELLED"
"8cb027ea-c9f3-47f3-aeb0-4211a8230d62","8fcb293d-bce3-4068-b448-c15533882e86","Bharati Vidyapeeth","bharati vidyapeeth","VIT College","vit college","2026-10-03T02:45:00.000Z","MATCHED"
"73f5a870-4a71-4d82-9786-498651c98805","f34b84c7-eb95-4dff-958a-ef69c608f272","Kashinath Patil Nagar Stop","kashinath patil nagar stop","VIT College","vit college","2026-10-04T03:00:00.000Z","OPEN"
"d2e5af85-4ffa-4211-a160-a99e1b6f1189","aa4ac675-15bc-49db-b7fa-84335d28cdc7","KK Market BRTS","kk market brts","VIT College","vit college","2026-10-05T03:15:00.000Z","OPEN"
"d8c48752-c6ff-4af3-b491-1752a73518e5","15ef891e-746f-4219-8638-297ada541a3a","Swargate PMPML Main Bus Stand","swargate pmpml main bus stand","VIT College","vit college","2026-09-06T02:30:00.000Z","MATCHED"
"be3164ac-3c64-44ba-a942-1ac85467ec4a","11e76d6b-888c-4c86-a3f2-2d4bab255598","Market Yard Corner","market yard corner","VIT College","vit college","2026-09-07T02:45:00.000Z","OPEN"
"56a041c1-172a-4233-8ae4-3fe37f221ba5","65caf2f5-0b5e-452f-a096-f7f73ba694f9","Laxmi Narayan Theatre","laxmi narayan theatre","VIT College","vit college","2026-09-08T03:00:00.000Z","OPEN"
"9ac794ab-1315-4e06-91ed-c7ad57a642ed","969131e9-4cc6-483d-82f8-990f056d6c5a","Lower Indira Nagar Stop","lower indira nagar stop","VIT College","vit college","2026-09-09T03:15:00.000Z","CANCELLED"
"fb24b2f7-82d5-4240-be20-9d41632da628","2b79909a-3fc7-4286-93ba-521d9aa64a8f","City Pride BRTS","city pride brts","VIT College","vit college","2026-09-10T02:30:00.000Z","OPEN"
"da7c5ac0-a146-4ce1-825a-e53b0c9914a4","30e63cfd-4d4a-41f2-9c08-fe7bb0c7d4b0","Upper Indira Nagar Bus Depot","upper indira nagar bus depot","VIT College","vit college","2026-09-11T02:45:00.000Z","OPEN"
"858eef1a-0a63-4b45-b095-12dfcd49ac05","5468079d-9fdf-4eb9-9b29-ed8a7c650d7c","Bibwewadi Bus Stop","bibwewadi bus stop","VIT College","vit college","2026-09-12T03:00:00.000Z","MATCHED"
"65a4b058-dbd1-49e6-ad83-3ef012ecd23a","2cb66b98-63d0-4a21-a9ed-c884d238b71c","Katraj Dairy BRTS","katraj dairy brts","VIT College","vit college","2026-09-13T03:15:00.000Z","OPEN"
"0ce88008-de2e-4ae6-9926-b2c2f846a697","95204930-6f62-4024-8493-801a30e46f1a","Kashinath Patil Nagar Stop","kashinath patil nagar stop","VIT College","vit college","2026-09-14T02:30:00.000Z","OPEN"
"f17fc859-ebc7-4e3d-b008-99e10073094c","d04ea078-3e78-494d-83a0-92fee39d6bb7","Balaji Nagar BRTS","balaji nagar brts","VIT College","vit college","2026-09-15T02:45:00.000Z","MATCHED"
"e851a9ef-7188-4ec9-9f53-8e516b76822d","39147f90-fbda-49de-88ec-5fe656c0d7b4","Swargate PMPML Main Bus Stand","swargate pmpml main bus stand","VIT College","vit college","2026-09-16T03:00:00.000Z","CANCELLED"
"5c3efdec-20c9-40a5-9939-8aa5e3414f96","d79a63da-78e9-4b42-a5b3-c04b428ae1c7","Shankar Maharaj Math","shankar maharaj math","VIT College","vit college","2026-09-17T03:15:00.000Z","OPEN"
"99141401-6533-4f93-b07c-8153909c025c","fbd59ae5-86aa-4b7c-b82b-b7c0b9d357a3","Laxmi Narayan Theatre","laxmi narayan theatre","VIT College","vit college","2026-09-18T02:30:00.000Z","MATCHED"
"79311a4c-bcf3-4925-bd32-644c850110b9","666980bd-8e4f-4f8c-8b8f-e0c3b08af505","Bibwewadi Bus Stop","bibwewadi bus stop","VIT College","vit college","2026-09-19T02:45:00.000Z","OPEN"
"fbfa0cf5-53bc-449c-9884-70749d8c7924","523365f0-54d7-48ce-b828-50e1b0a2737e","City Pride BRTS","city pride brts","VIT College","vit college","2026-09-20T03:00:00.000Z","OPEN"
"cf6166ca-1507-4ae7-89a0-a65dc050d2ca","7a6f894d-c3ee-4aa4-a5c8-b62bdfa18164","Kashinath Patil Nagar Stop","kashinath patil nagar stop","VIT College","vit college","2026-09-21T03:15:00.000Z","MATCHED"
"ae88298d-e469-4beb-8652-7b43787933a6","20b672de-a2b7-4ee4-8a1e-2dd98d7a3278","Bibwewadi Bus Stop","bibwewadi bus stop","VIT College","vit college","2026-09-22T02:30:00.000Z","OPEN"
"329f8dd2-5f3b-4859-8d6f-c2505be1ca8a","f0c7e0ed-5ec8-43e2-aabe-d0c93c5234e3","Katraj Terminal","katraj terminal","VIT College","vit college","2026-09-23T02:45:00.000Z","CANCELLED"
"72885189-f62b-4573-bbe0-f407f23da472","2c463203-2185-4bb6-ac9c-dbf4b358d3f9","Kashinath Patil Nagar Stop","kashinath patil nagar stop","VIT College","vit college","2026-09-24T03:00:00.000Z","MATCHED"
"fe66ba4f-79a0-4ebb-b2d5-db150bc76536","a1ef1ce8-9cb0-499a-bca0-636d395b8e27","Bharati Vidyapeeth","bharati vidyapeeth","VIT College","vit college","2026-09-25T03:15:00.000Z","OPEN"
"14b761b0-c31c-40ed-bd9b-441e1802fbe2","9907b9e1-2eaf-4019-b6c3-d17953880b08","Swargate PMPML Main Bus Stand","swargate pmpml main bus stand","VIT College","vit college","2026-09-26T02:30:00.000Z","OPEN"
"976bc825-5f85-423e-9b93-f5b55195decf","b5e29269-7643-45b9-ac7a-a2ccd2b93983","KK Market BRTS","kk market brts","VIT College","vit college","2026-09-27T02:45:00.000Z","MATCHED"
"1fb05630-dab5-4e38-a28c-be10c5956cc5","ef881127-bf53-4e44-ac88-4d08e32ca7a0","Laxmi Narayan Theatre","laxmi narayan theatre","VIT College","vit college","2026-09-28T03:00:00.000Z","OPEN"
"0f5b1da3-b9f3-4a81-9aef-041bf01dfc04","3a674059-212e-43b5-bfeb-fc6ed59e20f7","Market Yard Corner","market yard corner","VIT College","vit college","2026-09-29T03:15:00.000Z","OPEN"
"d0ecd921-6c08-4f13-a721-1efbd6d74eba","6871daa5-011a-4255-a4bd-29f490afb889","City Pride BRTS","city pride brts","VIT College","vit college","2026-09-30T02:30:00.000Z","CANCELLED"
"317d275f-63a3-4a54-9731-b0c397ffc6c6","8fe8486d-63f9-47dc-b19e-cee4aa0ac9c0","Lower Indira Nagar Stop","lower indira nagar stop","VIT College","vit college","2026-10-01T02:45:00.000Z","OPEN"
"eadf6382-1240-4390-9858-94c811ab74ec","f69ef11d-7551-4545-967a-f045a72ebb93","Bibwewadi Bus Stop","bibwewadi bus stop","VIT College","vit college","2026-10-02T03:00:00.000Z","OPEN"
"f9b6b09e-e9d8-4470-9811-0540a8d2855a","8dcbd23c-4a1c-425e-b9e1-56d690d064a1","Upper Indira Nagar Bus Depot","upper indira nagar bus depot","VIT College","vit college","2026-10-03T03:15:00.000Z","MATCHED"
"52e3cc4c-a359-4edd-b776-b78b01af5bd4","edb3c65f-3d50-40e9-9a77-b8be3c596e3d","Kashinath Patil Nagar Stop","kashinath patil nagar stop","VIT College","vit college","2026-10-04T02:30:00.000Z","OPEN"
"10d5806b-9ff9-46e6-a7a5-e24cef4115bc","24d2a11e-ee6c-4f5b-80ff-7fb9eb39ac32","Katraj Dairy BRTS","katraj dairy brts","VIT College","vit college","2026-10-05T02:45:00.000Z","OPEN"
"e1f0eab3-b493-46a3-bf62-126cb426bec6","fd00b702-8bbe-4108-ab3e-1e21ba029f40","Swargate PMPML Main Bus Stand","swargate pmpml main bus stand","VIT College","vit college","2026-09-06T03:00:00.000Z","MATCHED"
"fec79bd0-614e-48a8-a590-97d986324f18","5ac71c5e-4117-49f2-9551-e2487ee014ca","Balaji Nagar BRTS","balaji nagar brts","VIT College","vit college","2026-09-07T03:15:00.000Z","CANCELLED"
"decf468b-df66-40db-84df-4a00b8feff4f","420b1194-1446-4c01-a90b-9ad6313738f8","Laxmi Narayan Theatre","laxmi narayan theatre","VIT College","vit college","2026-09-08T02:30:00.000Z","OPEN"
"9ed7c94f-82a4-4dbf-bdab-7fb7a7b6054f","4c3a0823-a2f6-449e-a285-51b92ef1ef89","Shankar Maharaj Math","shankar maharaj math","VIT College","vit college","2026-09-09T02:45:00.000Z","MATCHED"
"e20d927d-02c1-47dd-a795-3f04a82b0311","0c95fe70-a0ca-4d73-8f55-0b0e62001fb9","City Pride BRTS","city pride brts","VIT College","vit college","2026-09-10T03:00:00.000Z","OPEN"
"35c68e76-c35e-434c-9810-967fc05f569c","2611b03a-dd3f-4f47-9599-e17430f77e92","Bibwewadi Bus Stop","bibwewadi bus stop","VIT College","vit college","2026-09-11T03:15:00.000Z","OPEN"
"633e864b-f675-49d8-b8f4-f3d815a468f2","3e9526f5-f65f-4da1-a2b1-553ce23973f7","Bibwewadi Bus Stop","bibwewadi bus stop","VIT College","vit college","2026-09-12T02:30:00.000Z","MATCHED"
"52241337-c5a1-4c06-90cb-2834b3ff876f","ec928319-dcb1-4ffc-9713-393fac2f402a","Kashinath Patil Nagar Stop","kashinath patil nagar stop","VIT College","vit college","2026-09-13T02:45:00.000Z","OPEN"
"3500caa4-fc12-44f3-b040-8e7111565913","e36d6950-fda1-4e0a-b9a4-3109c1ef3afd","Kashinath Patil Nagar Stop","kashinath patil nagar stop","VIT College","vit college","2026-09-14T03:00:00.000Z","CANCELLED"
"af1dc328-652f-470e-9ad0-7b4ea829ef89","1c8d0824-69a8-4346-9507-05d4a6013c68","Katraj Terminal","katraj terminal","VIT College","vit college","2026-09-15T03:15:00.000Z","MATCHED"
"12a699cb-89a0-492c-9d03-8867094a031c","287a280f-3e96-473f-a98b-7fea3a6ff244","Swargate PMPML Main Bus Stand","swargate pmpml main bus stand","VIT College","vit college","2026-09-16T02:30:00.000Z","OPEN"
"60c579cc-8e58-4d26-9e26-dec0266a04c3","8d1d180b-18bc-4087-9270-19ce1583e574","Bharati Vidyapeeth","bharati vidyapeeth","VIT College","vit college","2026-09-17T02:45:00.000Z","OPEN"
"c98e40bd-9868-485f-a913-4512dd3835e7","18da61b6-4b5b-4090-ae04-48fad27b6a3d","Laxmi Narayan Theatre","laxmi narayan theatre","VIT College","vit college","2026-09-18T03:00:00.000Z","MATCHED"
"5a7deb0c-8830-4515-8c25-74623b6fd924","85802130-aece-4a5c-b091-be9de76fa62e","KK Market BRTS","kk market brts","VIT College","vit college","2026-09-19T03:15:00.000Z","OPEN"
"72e42cfb-f983-48f1-bb42-363b8c86a1ff","8e8cd61b-b7bc-4aca-9fce-e812388f43cc","City Pride BRTS","city pride brts","VIT College","vit college","2026-09-20T02:30:00.000Z","OPEN"
"7dd56f06-1d98-4626-a045-2505fe321a8d","17be73c9-0769-4965-981b-a5457dd33ba5","Market Yard Corner","market yard corner","VIT College","vit college","2026-09-21T02:45:00.000Z","CANCELLED"
"9472ab60-84f8-4d7b-94e1-e3b3986cc934","72a2f2bb-d751-41f3-8634-e09d45e07917","Bibwewadi Bus Stop","bibwewadi bus stop","VIT College","vit college","2026-09-22T03:00:00.000Z","OPEN"
"976954f9-fdb0-4ea4-ac0e-a207d4e11bf7","22cd2c32-c447-4e38-8e94-504aa1dee620","Lower Indira Nagar Stop","lower indira nagar stop","VIT College","vit college","2026-09-23T03:15:00.000Z","OPEN"
"fb7dd1f7-32ff-44b4-9225-de322226207c","4eb4654f-b132-4610-b82a-80fd5aa524c0","Kashinath Patil Nagar Stop","kashinath patil nagar stop","VIT College","vit college","2026-09-24T02:30:00.000Z","MATCHED"
"cc86fe6e-0a7e-4f60-a87f-1851d5f41dff","52467296-cc1a-4959-869c-83e18fa9c89e","Upper Indira Nagar Bus Depot","upper indira nagar bus depot","VIT College","vit college","2026-09-25T02:45:00.000Z","OPEN"
"5b88da73-ed03-4a53-a4aa-4838d2ccf301","09fad991-eb28-483c-a92f-412d005f86e1","Swargate PMPML Main Bus Stand","swargate pmpml main bus stand","VIT College","vit college","2026-09-26T03:00:00.000Z","OPEN"
"315aa1df-6bca-4bff-a71d-34e74c58c4d6","97e2c868-d328-4e04-a87f-cdd9bf32f321","Katraj Dairy BRTS","katraj dairy brts","VIT College","vit college","2026-09-27T03:15:00.000Z","MATCHED"
"4f2edbb2-9017-402f-9449-6704dff273c3","d318afa9-113f-46e4-bd9a-1ae0cbe4cec9","Laxmi Narayan Theatre","laxmi narayan theatre","VIT College","vit college","2026-09-28T02:30:00.000Z","CANCELLED"
"fa95c8c2-d3ea-4416-9ab7-34c6b2516c3a","81e5312b-7123-490f-977b-7f79504efcd6","Balaji Nagar BRTS","balaji nagar brts","VIT College","vit college","2026-09-29T02:45:00.000Z","OPEN"
"66586f9f-ecd3-422e-bdba-688cad78d0ee","6f3fcde3-7927-4673-8e83-5d19997e04eb","City Pride BRTS","city pride brts","VIT College","vit college","2026-09-30T03:00:00.000Z","MATCHED"
"3e247687-d638-46bb-b42f-7f10238e1f32","89d25526-5e75-4c71-a504-7c0e208f52ae","Shankar Maharaj Math","shankar maharaj math","VIT College","vit college","2026-10-01T03:15:00.000Z","OPEN"
"4f0e2250-de84-4d6e-8c65-823535e1ba92","97169492-6066-4681-a1f9-9a132e78bbd1","Bibwewadi Bus Stop","bibwewadi bus stop","VIT College","vit college","2026-10-02T02:30:00.000Z","OPEN"
"f92b40de-1430-457c-8ac7-c58e5bc275dd","c2109785-34d1-4db4-83fd-a38a96ff6385","Bibwewadi Bus Stop","bibwewadi bus stop","VIT College","vit college","2026-10-03T02:45:00.000Z","MATCHED"
"28f18abd-0212-468d-a01d-a97ca93c8b59","93fc6c87-52d4-41ea-a349-e5ddc835fe35","Kashinath Patil Nagar Stop","kashinath patil nagar stop","VIT College","vit college","2026-10-04T03:00:00.000Z","OPEN"
"1c4477e4-23d4-4092-8f57-f213bd355733","a33b3b67-373b-4a19-ab84-94afce2d3cf6","Kashinath Patil Nagar Stop","kashinath patil nagar stop","VIT College","vit college","2026-10-05T03:15:00.000Z","CANCELLED"
"73f4995a-7879-4668-8584-81cb204908ec","ef8bce94-feeb-4e53-b72f-1a7c2e5bddf1","Swargate PMPML Main Bus Stand","swargate pmpml main bus stand","VIT College","vit college","2026-09-06T02:30:00.000Z","MATCHED"
"5360f34f-caf2-4313-b9a5-8c4216b6c4e0","29b6b79c-7351-4ba6-a9ad-66967f535c3c","Katraj Terminal","katraj terminal","VIT College","vit college","2026-09-07T02:45:00.000Z","OPEN"
"905e1ec0-65d3-4708-81ae-020b078a3ec2","fa0d30d3-0506-4b72-a9d6-ba7158bfd0a0","Laxmi Narayan Theatre","laxmi narayan theatre","VIT College","vit college","2026-09-08T03:00:00.000Z","OPEN"
"5c45c8b5-7605-4e60-9cf5-f79d8893c131","67279c91-e351-4505-a0ca-11fce52988a2","Bharati Vidyapeeth","bharati vidyapeeth","VIT College","vit college","2026-09-09T03:15:00.000Z","MATCHED"
"8cbfd6f8-a582-4ee6-9355-473c5cdd3096","165aff37-2b73-412f-8558-09a275acac4f","City Pride BRTS","city pride brts","VIT College","vit college","2026-09-10T02:30:00.000Z","OPEN"
"f2bc2d36-6790-4d02-8ba1-7e8af08b3cd4","c1485f8d-0ff6-4d51-a3fe-b9cc726fcca1","KK Market BRTS","kk market brts","VIT College","vit college","2026-09-11T02:45:00.000Z","OPEN"
"0e21c025-a7cf-424b-886a-b034b6d058bd","3e48df00-372b-4e64-9ef2-a432d0530793","Bibwewadi Bus Stop","bibwewadi bus stop","VIT College","vit college","2026-09-12T03:00:00.000Z","CANCELLED"
"a913520a-d968-4d9c-a9a8-7bb1bcc947a6","4056717c-9798-4214-8fbd-07c4e3a98b6b","Market Yard Corner","market yard corner","VIT College","vit college","2026-09-13T03:15:00.000Z","OPEN"
"7cbb3174-5dac-4cfa-ac91-ca8bdefedc9c","877fcad2-68c5-48bf-942c-586c3d86867f","Kashinath Patil Nagar Stop","kashinath patil nagar stop","VIT College","vit college","2026-09-14T02:30:00.000Z","OPEN"
"0d0bfa2f-a1d0-4fed-81f4-e67f8a3b4140","f7a3a9b0-d919-4111-a000-2b91381aa324","Lower Indira Nagar Stop","lower indira nagar stop","VIT College","vit college","2026-09-15T02:45:00.000Z","MATCHED"
"476bcabd-3ac1-4b47-9050-98393880cb54","689f14ae-a33d-4e68-bcf5-198a44130c16","Swargate PMPML Main Bus Stand","swargate pmpml main bus stand","VIT College","vit college","2026-09-16T03:00:00.000Z","OPEN"
"b777574c-0747-4c1d-9c91-86ca7d5a8656","46c4f251-86ea-4605-9b4a-0a7b31ba73c3","Upper Indira Nagar Bus Depot","upper indira nagar bus depot","VIT College","vit college","2026-09-17T03:15:00.000Z","OPEN"
"34f2763a-113c-4ce5-89f5-75f38c534858","bc632420-5e50-4e7f-82f8-381b3e8cb729","Laxmi Narayan Theatre","laxmi narayan theatre","VIT College","vit college","2026-09-18T02:30:00.000Z","MATCHED"
"f6d3ef12-f6ae-4f6a-b1a2-fd0a3758827c","1f869515-a5a9-4eb5-955d-cc39b514d6d4","Katraj Dairy BRTS","katraj dairy brts","VIT College","vit college","2026-09-19T02:45:00.000Z","CANCELLED"
"fbe378fb-88bb-4fcf-8c13-fbea92785043","7e9c129c-4156-4ca9-af99-d00fb8d1aadd","City Pride BRTS","city pride brts","VIT College","vit college","2026-09-20T03:00:00.000Z","OPEN"
"8cbbc53b-f3b3-43c8-b46b-bfac7a596bf2","9310e53a-bd9e-441e-911c-031aa1551243","Balaji Nagar BRTS","balaji nagar brts","VIT College","vit college","2026-09-21T03:15:00.000Z","MATCHED"
"8dd6f3f8-1f42-414f-b861-5eec5c62acaa","5d37ae3a-9fca-401b-81cc-2761fb12b96e","Bibwewadi Bus Stop","bibwewadi bus stop","VIT College","vit college","2026-09-22T02:30:00.000Z","OPEN"
"888acb5a-68f7-4fcd-80e2-9c9f3b46b61a","12ddd1f5-2725-4446-9809-0de923c60573","Shankar Maharaj Math","shankar maharaj math","VIT College","vit college","2026-09-23T02:45:00.000Z","OPEN"
"23265d42-e236-47a3-9d3f-4a2806e7c2b9","df141c8b-23ed-41b3-b69d-5959a4d5207e","Kashinath Patil Nagar Stop","kashinath patil nagar stop","VIT College","vit college","2026-09-24T03:00:00.000Z","MATCHED"
"1e40dc0a-35a3-4544-83f8-e75ccc955f64","5a542579-2130-44d7-a1c7-dde5ad030d85","Bibwewadi Bus Stop","bibwewadi bus stop","VIT College","vit college","2026-09-25T03:15:00.000Z","OPEN"
"78fbe584-24fd-4fa2-9c3d-165667ff01f3","f3823776-2961-40e6-9f5b-0eb8213276b9","Swargate PMPML Main Bus Stand","swargate pmpml main bus stand","VIT College","vit college","2026-09-26T02:30:00.000Z","CANCELLED"
"b8069f4c-ade9-4de1-ab0e-279ae671dacd","b69aeeb6-95cd-4c93-b1fd-e8588a274731","Kashinath Patil Nagar Stop","kashinath patil nagar stop","VIT College","vit college","2026-09-27T02:45:00.000Z","MATCHED"
"7cbf2c45-a326-4a51-80ad-cdd41012b04f","461b5690-97cf-4151-95af-7899c536787b","Laxmi Narayan Theatre","laxmi narayan theatre","VIT College","vit college","2026-09-28T03:00:00.000Z","OPEN"
"5062d047-816e-4352-a466-fce5be371071","e967b8e3-6e99-4788-bb76-597c964a0c6a","Katraj Terminal","katraj terminal","VIT College","vit college","2026-09-29T03:15:00.000Z","OPEN"
"80b0569a-06cb-4a33-b8f4-8aba9cf851fe","1f4600a9-443c-419b-9d1a-685629408e0a","City Pride BRTS","city pride brts","VIT College","vit college","2026-09-30T02:30:00.000Z","MATCHED"
"fa5f9468-f378-4148-a6fe-bbc583501e3d","efd497f5-8ba1-4dd5-bcea-20a21ad4b890","Bharati Vidyapeeth","bharati vidyapeeth","VIT College","vit college","2026-10-01T02:45:00.000Z","OPEN"
"3a4dcf4c-65cc-4e48-9df0-5cfff4359ee4","f16b2296-c08c-4229-b1cd-9d4425b7954a","Bibwewadi Bus Stop","bibwewadi bus stop","VIT College","vit college","2026-10-02T03:00:00.000Z","OPEN"
"226c705d-1b6e-42a1-a72c-11f9864508a5","ddde26f0-a657-4cc5-8ef1-1171caad0347","KK Market BRTS","kk market brts","VIT College","vit college","2026-10-03T03:15:00.000Z","CANCELLED"
"f2c494a0-f510-467d-a5ca-7c26bc44aed5","cd9196d9-a849-4e71-b98a-4e48a614e104","Kashinath Patil Nagar Stop","kashinath patil nagar stop","VIT College","vit college","2026-10-04T02:30:00.000Z","OPEN"
"bfd1a574-5f77-4332-bd35-4659f6c6f857","33e24ac2-b991-402e-96fe-a60f7d88716b","Market Yard Corner","market yard corner","VIT College","vit college","2026-10-05T02:45:00.000Z","OPEN"
"e44c64c8-85b1-410f-9d47-0c79592b69b3","dbaeea46-2585-4546-82df-3945b9be2cbd","Swargate PMPML Main Bus Stand","swargate pmpml main bus stand","VIT College","vit college","2026-09-06T03:00:00.000Z","MATCHED"
"e31cb350-cc17-4d09-aa9d-4f948c98200b","d10309b4-cd0a-44fb-b502-63090cb23495","Lower Indira Nagar Stop","lower indira nagar stop","VIT College","vit college","2026-09-07T03:15:00.000Z","OPEN"
"b8693395-b2f4-4e49-9069-276810882722","0be154a0-2b93-4226-ac8a-ca86dcf33409","Laxmi Narayan Theatre","laxmi narayan theatre","VIT College","vit college","2026-09-08T02:30:00.000Z","OPEN"
"3155069e-4aa1-4c79-b07b-4490b1e775c3","91b6dba8-c5ee-49b6-8e0e-cdb6deb6d498","Upper Indira Nagar Bus Depot","upper indira nagar bus depot","VIT College","vit college","2026-09-09T02:45:00.000Z","MATCHED"
"2dd1a223-d157-415b-849d-6b44556faaa5","f36c8d35-39b1-4fd4-98f7-5ac3c530eab3","City Pride BRTS","city pride brts","VIT College","vit college","2026-09-10T03:00:00.000Z","CANCELLED"
"9e4e050d-5537-4e29-8491-371f20f3bd65","2e0cc7b0-3544-40fe-910b-e573a7d33c9a","Katraj Dairy BRTS","katraj dairy brts","VIT College","vit college","2026-09-11T03:15:00.000Z","OPEN"
"3a1814af-f486-49ea-a4a1-d94f99a59dad","7f81c4c3-c234-4bd0-80d1-215c711a0283","Bibwewadi Bus Stop","bibwewadi bus stop","VIT College","vit college","2026-09-12T02:30:00.000Z","MATCHED"
"4028fd5c-15da-423d-9054-30a07552c232","9c7182f6-1906-4c8c-b228-eca6a245931d","Balaji Nagar BRTS","balaji nagar brts","VIT College","vit college","2026-09-13T02:45:00.000Z","OPEN"
"71cc310e-f46b-4263-b2b5-7a6b56e23017","fd0ae9bd-2b4a-4bdb-b003-728318b36973","Kashinath Patil Nagar Stop","kashinath patil nagar stop","VIT College","vit college","2026-09-14T03:00:00.000Z","OPEN"
"7c6fd167-ef06-44b4-9a0c-7704901afcf9","4bc51cf7-3d71-496c-b2e9-01f1fd8c725a","Shankar Maharaj Math","shankar maharaj math","VIT College","vit college","2026-09-15T03:15:00.000Z","MATCHED"
"16878b5b-41fa-45fe-a38b-1c0ce96c4233","b3149c9d-7e24-49af-9af5-ce51be3f88b9","Swargate PMPML Main Bus Stand","swargate pmpml main bus stand","VIT College","vit college","2026-09-16T02:30:00.000Z","OPEN"
"3c042848-0dc7-4eb2-9704-bd12d0f78086","be3f8ff0-be2c-4cc2-bb19-b7c7caedba70","Bibwewadi Bus Stop","bibwewadi bus stop","VIT College","vit college","2026-09-17T02:45:00.000Z","CANCELLED"
"6c007382-2321-43b7-adc7-2f347418d602","6884857e-84bf-44a3-a6b7-57ffce28a733","Laxmi Narayan Theatre","laxmi narayan theatre","VIT College","vit college","2026-09-18T03:00:00.000Z","MATCHED"
"80eef477-3752-4532-9f51-1235a0a02e0a","34887a09-84f2-49c3-97c8-eaa9e671e141","Kashinath Patil Nagar Stop","kashinath patil nagar stop","VIT College","vit college","2026-09-19T03:15:00.000Z","OPEN"
"8e6875bb-3e72-4c91-b5bc-8f89b22f7f2c","90fbd646-a8a0-4f77-af4f-4746feda3a10","City Pride BRTS","city pride brts","VIT College","vit college","2026-09-20T02:30:00.000Z","OPEN"
"c65a9960-47ba-4631-8fbf-03c6a5969c22","bffb4bf3-10a3-4ff1-bb55-ffc7725007e9","Katraj Terminal","katraj terminal","VIT College","vit college","2026-09-21T02:45:00.000Z","MATCHED"
"8aaf416d-f560-4fd3-b3c7-7e2779349c3d","d2298097-598d-4264-8db3-a0e927ab6ed1","Bibwewadi Bus Stop","bibwewadi bus stop","VIT College","vit college","2026-09-22T03:00:00.000Z","OPEN"
"444f183e-45be-4529-a1ad-c2ff7a0cc9cd","abc3a47b-8ad1-4b85-9c68-7d9ca2c6091e","Bharati Vidyapeeth","bharati vidyapeeth","VIT College","vit college","2026-09-23T03:15:00.000Z","OPEN"
"47c22ae3-9c2a-4b16-b69d-da1d373043e3","96f0bff7-4a51-45fe-924a-7fd40bd96af0","Kashinath Patil Nagar Stop","kashinath patil nagar stop","VIT College","vit college","2026-09-24T02:30:00.000Z","CANCELLED"
"73ba7b18-2e6b-4fe7-8157-05e389ab578e","20bdc7ae-7082-421e-b675-6c4002d0295b","KK Market BRTS","kk market brts","VIT College","vit college","2026-09-25T02:45:00.000Z","OPEN"
"6ebe2968-a0d6-4aa5-9d42-22d6e36be0b5","d3b6bef4-14dc-43ee-b1ea-5df640bff3ea","Swargate PMPML Main Bus Stand","swargate pmpml main bus stand","VIT College","vit college","2026-09-26T03:00:00.000Z","OPEN"
"1b06375f-95c2-4ff4-900e-18f93c0f24cc","6767d864-c164-421c-8b90-0f29abc5af41","Market Yard Corner","market yard corner","VIT College","vit college","2026-09-27T03:15:00.000Z","MATCHED"
"426d9ba4-7f40-4e65-ac4d-db31c1c411c7","8005e16b-eaf8-45be-b4d8-a5fcd5431201","Laxmi Narayan Theatre","laxmi narayan theatre","VIT College","vit college","2026-09-28T02:30:00.000Z","OPEN"
"f3017f14-6b04-4c03-b87a-ffc21552d21f","ce3592dc-d951-4134-a2cd-52dbc233a3f4","Lower Indira Nagar Stop","lower indira nagar stop","VIT College","vit college","2026-09-29T02:45:00.000Z","OPEN"
"8e5613fc-78df-4335-a12b-ece249b9f75d","7b50af0a-e87a-4600-b547-06ff9da50ada","City Pride BRTS","city pride brts","VIT College","vit college","2026-09-30T03:00:00.000Z","MATCHED"
"b58d5538-de46-4e7d-a038-2e5feaa3ffb0","a85fce63-b4a4-4d71-9d87-2fb5e4653681","Upper Indira Nagar Bus Depot","upper indira nagar bus depot","VIT College","vit college","2026-10-01T03:15:00.000Z","CANCELLED"
"91046c42-2f93-4ba0-866c-3d6ee5cab4f4","697c28b3-7690-4ffd-bfa8-c30e27f63214","Bibwewadi Bus Stop","bibwewadi bus stop","VIT College","vit college","2026-10-02T02:30:00.000Z","OPEN"
"657e0084-6f93-41ed-ab71-fd8095a9bb9e","b2f0c20b-d66e-41c9-b60f-6562ae71b956","Katraj Dairy BRTS","katraj dairy brts","VIT College","vit college","2026-10-03T02:45:00.000Z","MATCHED"
"dd24dbf2-6691-4275-ad44-0ee86b9e260a","ed6b366d-9f31-4216-84e6-747030d98fda","Kashinath Patil Nagar Stop","kashinath patil nagar stop","VIT College","vit college","2026-10-04T03:00:00.000Z","OPEN"
"4c926d55-e3fb-4209-bf8f-2ff70b21926a","442efbff-6f39-436d-bf7a-2cbb6404a6ed","Balaji Nagar BRTS","balaji nagar brts","VIT College","vit college","2026-10-05T03:15:00.000Z","OPEN"
"958481a2-e92c-47ee-8045-4ba385f8d2f9","81dfda4a-3ec9-4eae-a7f1-0692e03bb1d0","Swargate PMPML Main Bus Stand","swargate pmpml main bus stand","VIT College","vit college","2026-09-06T02:30:00.000Z","MATCHED"
"2c337fb8-6841-4622-a32f-f1e4340d68a8","15d12fa2-5285-4e19-a290-344ead002d9f","Shankar Maharaj Math","shankar maharaj math","VIT College","vit college","2026-09-07T02:45:00.000Z","OPEN"
"4afbd8f7-6ab3-48e0-8cfd-410a46b0f8a8","7833fb03-c858-4574-92d0-cb72030a18eb","Laxmi Narayan Theatre","laxmi narayan theatre","VIT College","vit college","2026-09-08T03:00:00.000Z","CANCELLED"
"c67bf30c-fa8b-441f-97e5-6d896cb401db","5def974b-b8b4-4ef7-8825-5a50ee6710cd","Bibwewadi Bus Stop","bibwewadi bus stop","VIT College","vit college","2026-09-09T03:15:00.000Z","MATCHED"
"cf319e08-e33f-4b69-9ca0-10a717d5e7f4","0234ea7e-b8a5-4a4f-8b12-eb48fefff06e","City Pride BRTS","city pride brts","VIT College","vit college","2026-09-10T02:30:00.000Z","OPEN"
"c65670ea-803e-4e49-892d-a7bb56b0e006","c283b8d4-e85f-4f55-a686-461ce166d95c","Kashinath Patil Nagar Stop","kashinath patil nagar stop","VIT College","vit college","2026-09-11T02:45:00.000Z","OPEN"
"f3a87544-e0f9-4423-9c39-92b50168a3fb","856b4feb-c8f1-4731-b41e-d21be114be5d","Bibwewadi Bus Stop","bibwewadi bus stop","VIT College","vit college","2026-09-12T03:00:00.000Z","MATCHED"
"d4752b22-caeb-4fe4-8c7d-40866f61881b","db6d13c6-50ea-4ee7-98cb-daab8b877783","Katraj Terminal","katraj terminal","VIT College","vit college","2026-09-13T03:15:00.000Z","OPEN"
"12db0aed-adb4-4908-a45f-b52ec452c56c","b53fb963-29ea-4299-915f-2cf34647fe2b","Kashinath Patil Nagar Stop","kashinath patil nagar stop","VIT College","vit college","2026-09-14T02:30:00.000Z","OPEN"
"acd3ac8c-5e60-4591-8b77-eb9490f547bd","b4419d49-c195-4f67-8a68-1e38418429ef","Bharati Vidyapeeth","bharati vidyapeeth","VIT College","vit college","2026-09-15T02:45:00.000Z","CANCELLED"
"000f86f2-e98a-4492-9b9c-c230bdc6f450","ffe56b11-38f8-4fa2-936c-d19021b522b8","Swargate PMPML Main Bus Stand","swargate pmpml main bus stand","VIT College","vit college","2026-09-16T03:00:00.000Z","OPEN"
"25765265-1637-47ac-a376-3b4d9564400c","d138941d-1b44-42fe-975d-1a4eb78e7f92","KK Market BRTS","kk market brts","VIT College","vit college","2026-09-17T03:15:00.000Z","OPEN"
"49f4e823-3190-4fb5-a84c-4a149058aa77","ac0cf495-0f8e-40d8-b476-4ac4d53bdc5b","Laxmi Narayan Theatre","laxmi narayan theatre","VIT College","vit college","2026-09-18T02:30:00.000Z","MATCHED"
"13803911-966c-433e-8d9b-f3fa1baf1901","fa7fbc07-c93a-4085-a4f5-6f1e0fc83121","Market Yard Corner","market yard corner","VIT College","vit college","2026-09-19T02:45:00.000Z","OPEN"
"4e294a3b-a080-4f7a-aa4f-c78bcbd3d923","24be40cc-fd8a-4efb-95f0-6ec1a107c563","City Pride BRTS","city pride brts","VIT College","vit college","2026-09-20T03:00:00.000Z","OPEN"
"efa811ad-4c9c-4177-b358-6cc4b0bf0bd9","e0ad93ac-7350-43c7-be63-6b8925810342","Lower Indira Nagar Stop","lower indira nagar stop","VIT College","vit college","2026-09-21T03:15:00.000Z","MATCHED"
"b93c5cfd-6283-48a9-ae32-953c31e652cf","a61af15b-11ce-4c02-a80b-bdf8f24338bc","Bibwewadi Bus Stop","bibwewadi bus stop","VIT College","vit college","2026-09-22T02:30:00.000Z","CANCELLED"
"492cd26a-23ff-4c98-bb9d-a172f08d5da3","1f497524-0e6c-424a-94f9-93905b5a9755","Upper Indira Nagar Bus Depot","upper indira nagar bus depot","VIT College","vit college","2026-09-23T02:45:00.000Z","OPEN"
"2b2d05ac-c7d5-4a7a-be14-96d7596ab087","6cc8d264-2c05-4a80-90d4-2b29b4ccd802","Kashinath Patil Nagar Stop","kashinath patil nagar stop","VIT College","vit college","2026-09-24T03:00:00.000Z","MATCHED"
"852c14b6-6b5a-4af1-9443-15111cc76f30","856fb0bc-3ae4-454f-9f56-312a33995404","Katraj Dairy BRTS","katraj dairy brts","VIT College","vit college","2026-09-25T03:15:00.000Z","OPEN"
"b61a70ce-a27e-44fd-ac20-107cda735473","73c6ef3d-a748-4db3-bd54-68c614823c0d","Swargate PMPML Main Bus Stand","swargate pmpml main bus stand","VIT College","vit college","2026-09-26T02:30:00.000Z","OPEN"
"04885625-7898-4a5e-8881-4634250ee0f0","5d577020-68d2-4a61-b36d-861bf1486666","Balaji Nagar BRTS","balaji nagar brts","VIT College","vit college","2026-09-27T02:45:00.000Z","MATCHED"
"933e81b6-45d0-4c16-8f6b-05e979f4229b","443d0a1a-c4da-4cf7-9517-4c02de0dff9c","Laxmi Narayan Theatre","laxmi narayan theatre","VIT College","vit college","2026-09-28T03:00:00.000Z","OPEN"
"1ff9351b-4bd0-47e5-8cba-f203f5d42a16","665f2a26-5d69-41bd-bd37-5d34e2366453","Shankar Maharaj Math","shankar maharaj math","VIT College","vit college","2026-09-29T03:15:00.000Z","CANCELLED"
"3132fa38-82ca-427b-8934-21f89c02abf7","2fd77d02-9eed-432b-bc2b-69984e53b256","City Pride BRTS","city pride brts","VIT College","vit college","2026-09-30T02:30:00.000Z","MATCHED"
"98338a0a-9dc9-435e-b891-d2a6e58b3ec2","b5eb2319-5923-4823-9cfb-fa0ca41f597b","Bibwewadi Bus Stop","bibwewadi bus stop","VIT College","vit college","2026-10-01T02:45:00.000Z","OPEN"
"1c95167c-d929-4c0c-9acd-4f2b5aad5fd6","508e57b4-544e-4392-bbd1-17b3a4e613c3","Bibwewadi Bus Stop","bibwewadi bus stop","VIT College","vit college","2026-10-02T03:00:00.000Z","OPEN"
"0068eb21-714a-4722-a281-0e2a07c59755","8190565d-9fb1-4428-a386-4bb1b2f4fdee","Kashinath Patil Nagar Stop","kashinath patil nagar stop","VIT College","vit college","2026-10-03T03:15:00.000Z","MATCHED"
"f664f128-cfed-4b9d-b97e-08482e04d0e1","b3224a72-ff85-487a-a6c9-b6a1e3beb8dc","Kashinath Patil Nagar Stop","kashinath patil nagar stop","VIT College","vit college","2026-10-04T02:30:00.000Z","OPEN"
"5cfbf838-5585-4169-8bff-4562e8007885","2139d70e-ad87-4ff0-985d-00ddaa9d1f33","Katraj Terminal","katraj terminal","VIT College","vit college","2026-10-05T02:45:00.000Z","OPEN"
"d33ebbbc-9e0e-4a75-9af2-036e44828524","acb16d87-c821-4f83-a7a0-8733496f99be","Swargate PMPML Main Bus Stand","swargate pmpml main bus stand","VIT College","vit college","2026-09-06T03:00:00.000Z","CANCELLED"
"31b57cdb-c4ed-40c0-93aa-7f057d7658ae","ccfa0157-3dc7-4140-84a7-8283ed55f1e4","Bharati Vidyapeeth","bharati vidyapeeth","VIT College","vit college","2026-09-07T03:15:00.000Z","OPEN"
"16b425fc-6719-4878-9fd9-63056e3e7035","c36606d7-b032-4936-8403-b0f1a43f756a","Laxmi Narayan Theatre","laxmi narayan theatre","VIT College","vit college","2026-09-08T02:30:00.000Z","OPEN"
"d6338806-71d3-44c9-bbff-ad5e5e9d7509","17983e48-5904-4312-9f6c-9d6f749c8539","KK Market BRTS","kk market brts","VIT College","vit college","2026-09-09T02:45:00.000Z","MATCHED"
"2dd2d78a-b4d6-468c-ba6d-8d9fe061f92c","aada7730-4500-49e3-9240-e7ca2f69db98","City Pride BRTS","city pride brts","VIT College","vit college","2026-09-10T03:00:00.000Z","OPEN"
"4ce1816f-bf04-48ef-bf81-7971f46dcb13","08fe57ab-1152-4527-a359-68c4e78e68d5","Market Yard Corner","market yard corner","VIT College","vit college","2026-09-11T03:15:00.000Z","OPEN"
"e7c8f46e-c27c-4ba0-b449-33f33a4a0d01","7f819a59-7908-47e3-8d88-f31823ce6b9f","Bibwewadi Bus Stop","bibwewadi bus stop","VIT College","vit college","2026-09-12T02:30:00.000Z","MATCHED"
"0e8ca82e-0481-4b28-a496-9daef40453d8","53329683-b608-43d8-93dd-40f75fc7d319","Lower Indira Nagar Stop","lower indira nagar stop","VIT College","vit college","2026-09-13T02:45:00.000Z","CANCELLED"
"153431b0-5639-4cc5-a73c-d8a937988dd7","77d7f815-239b-4019-bf1b-76b62751a21d","Kashinath Patil Nagar Stop","kashinath patil nagar stop","VIT College","vit college","2026-09-14T03:00:00.000Z","OPEN"
"26f90f9e-2f69-409b-b0ef-d08faed687cc","364c0441-918b-402a-a77c-fc9446ad8d71","Upper Indira Nagar Bus Depot","upper indira nagar bus depot","VIT College","vit college","2026-09-15T03:15:00.000Z","MATCHED"
"b2314aa3-67d9-46b6-90e8-53680d1c3e07","8583b128-6eef-4c56-a566-5dc44a8d0a70","Swargate PMPML Main Bus Stand","swargate pmpml main bus stand","VIT College","vit college","2026-09-16T02:30:00.000Z","OPEN"
"0ad97301-e24e-47aa-9dd9-3e471fed9590","a78816e2-8aae-4e54-8410-968bc321f082","Katraj Dairy BRTS","katraj dairy brts","VIT College","vit college","2026-09-17T02:45:00.000Z","OPEN"
"f0bbdcb2-4f49-4b11-840c-e731829d39a1","b1b24393-ed6c-4074-a261-01b7aa240011","Laxmi Narayan Theatre","laxmi narayan theatre","VIT College","vit college","2026-09-18T03:00:00.000Z","MATCHED"
"c4c09f5d-6f29-4ad0-a4d3-c407f390194f","7ecb9a58-e71e-47e3-b199-1b14f78ab1cd","Balaji Nagar BRTS","balaji nagar brts","VIT College","vit college","2026-09-19T03:15:00.000Z","OPEN"
"0fecff22-a674-448b-bb77-d8ade4af9ffb","399cdebc-51c2-422b-87a5-220f8cc2d7ac","City Pride BRTS","city pride brts","VIT College","vit college","2026-09-20T02:30:00.000Z","CANCELLED"
"8602e9f9-43f0-485a-9cca-84a1df2e44cd","6279cde7-2c2c-4986-a9a4-55039693b818","Shankar Maharaj Math","shankar maharaj math","VIT College","vit college","2026-09-21T02:45:00.000Z","MATCHED"
"fede557e-84d8-400a-b539-ed8087357855","6b38852c-3199-4130-9bef-739d2cbf98cd","Bibwewadi Bus Stop","bibwewadi bus stop","VIT College","vit college","2026-09-22T03:00:00.000Z","OPEN"
"45aeda40-2d2a-44d4-864d-58564bf318d6","c4608e10-532e-42df-b9ca-6399d157bc77","Bibwewadi Bus Stop","bibwewadi bus stop","VIT College","vit college","2026-09-23T03:15:00.000Z","OPEN"
"09ed9b91-9c68-4962-8a15-43a78c19e709","12e82429-ecad-4a76-bc1b-fddf73c8c117","Kashinath Patil Nagar Stop","kashinath patil nagar stop","VIT College","vit college","2026-09-24T02:30:00.000Z","MATCHED"
"0c381ccc-15b4-457e-b065-f248709227f5","e1b6b10d-5653-452d-a57d-24e8752b2f52","Kashinath Patil Nagar Stop","kashinath patil nagar stop","VIT College","vit college","2026-09-25T02:45:00.000Z","OPEN"
"bf07befd-d29b-4984-a7a5-3d0cdcd0b484","38d92c3f-f6e4-4c90-add9-6f5ecbcd5bde","Swargate PMPML Main Bus Stand","swargate pmpml main bus stand","VIT College","vit college","2026-09-26T03:00:00.000Z","OPEN"
"18ca0d95-1931-4c5a-848d-f9f4e9228a9f","5a240b3c-f182-4a30-82d1-ae0f6586bff3","Katraj Terminal","katraj terminal","VIT College","vit college","2026-09-27T03:15:00.000Z","CANCELLED"
"075e369c-b2b3-4c82-a787-4641357f64fb","85bed899-042e-4b82-a6ac-e7f8e8652524","Laxmi Narayan Theatre","laxmi narayan theatre","VIT College","vit college","2026-09-28T02:30:00.000Z","OPEN"
"b3d05868-18be-4552-9920-896ed9939ea4","2cabb8ae-b3d7-4c51-8207-1b8fc7300e2c","Bharati Vidyapeeth","bharati vidyapeeth","VIT College","vit college","2026-09-29T02:45:00.000Z","OPEN"
"7adb5b17-1dba-4c56-9cdf-1b865d4df3ec","61caa1f5-7dee-45a4-964a-8e5ed8b6a158","City Pride BRTS","city pride brts","VIT College","vit college","2026-09-30T03:00:00.000Z","MATCHED"
"c726629d-113f-4f9d-ba84-53c93f711909","037ed347-fb73-4043-a8e2-c7edc58d6dac","KK Market BRTS","kk market brts","VIT College","vit college","2026-10-01T03:15:00.000Z","OPEN"
"ebf613e8-96d8-4083-b58e-0241c0033bc1","d022c9ae-ee6b-4085-b2c1-11a5c9e6c784","Bibwewadi Bus Stop","bibwewadi bus stop","VIT College","vit college","2026-10-02T02:30:00.000Z","OPEN"
"638e6202-32f0-44f6-9f24-1a8fdf50fe4c","ce05a8a6-09ab-4705-92d1-3f61a51fd69d","Market Yard Corner","market yard corner","VIT College","vit college","2026-10-03T02:45:00.000Z","MATCHED"
"57b5107d-43e9-484c-88fe-b502cacd7a24","b0ac27cd-c785-4a92-96f7-125faca0aafd","Kashinath Patil Nagar Stop","kashinath patil nagar stop","VIT College","vit college","2026-10-04T03:00:00.000Z","CANCELLED"
"6434add8-b1fb-4f94-8eec-6fd8b73bcd8c","51e576cc-ab7a-49bd-ad0b-21fda7d2bda2","Lower Indira Nagar Stop","lower indira nagar stop","VIT College","vit college","2026-10-05T03:15:00.000Z","OPEN"
"bb20786e-6053-4131-bb29-bf92f7941bcc","ced6df1d-3ee8-4c76-8610-955b666d02b6","Swargate PMPML Main Bus Stand","swargate pmpml main bus stand","VIT College","vit college","2026-09-06T02:30:00.000Z","MATCHED"
"38bd644c-e983-4535-a5b1-349f94c469ae","228adcc3-430e-4eba-ba35-403a9eae4ae6","Upper Indira Nagar Bus Depot","upper indira nagar bus depot","VIT College","vit college","2026-09-07T02:45:00.000Z","OPEN"
"76759d15-0b2b-475f-b171-ea3fb027c7e7","fcfaa482-6492-469b-ba42-8abf44531f61","Laxmi Narayan Theatre","laxmi narayan theatre","VIT College","vit college","2026-09-08T03:00:00.000Z","OPEN"
"f49e5653-cc0a-4b54-a876-ec569ab4a719","1386d7bb-79eb-4e36-b78d-7ac74357b589","Katraj Dairy BRTS","katraj dairy brts","VIT College","vit college","2026-09-09T03:15:00.000Z","MATCHED"
"9caa551b-c8c6-4870-9a4e-0998e9a45459","f0be6e7d-be56-4dae-a215-ca68d901c731","City Pride BRTS","city pride brts","VIT College","vit college","2026-09-10T02:30:00.000Z","OPEN"
"a3afda1b-126b-4192-8112-05e89d1f58cb","e0a60ad9-cc73-4c06-a3f4-008b5f55a00b","Balaji Nagar BRTS","balaji nagar brts","VIT College","vit college","2026-09-11T02:45:00.000Z","CANCELLED"
"d8f1bb77-ffc0-4c15-869c-d919b9938515","39d3794d-33e3-4ffe-b495-fbaa9d28a26b","Bibwewadi Bus Stop","bibwewadi bus stop","VIT College","vit college","2026-09-12T03:00:00.000Z","MATCHED"
"3285273c-9fd7-47d1-94bf-7cdf96d8d621","50b52ef7-937a-4ad7-a6ea-5df63741b351","Shankar Maharaj Math","shankar maharaj math","VIT College","vit college","2026-09-13T03:15:00.000Z","OPEN"
"4ebc77db-9037-487e-937c-720783c061e7","5bed2f04-01f9-4e95-995a-1a0c306ae9c3","Kashinath Patil Nagar Stop","kashinath patil nagar stop","VIT College","vit college","2026-09-14T02:30:00.000Z","OPEN"
"04380235-5f0a-4545-90c9-6a2e4d03ed3e","694401c9-b4fa-4309-b22d-16609d61782c","Bibwewadi Bus Stop","bibwewadi bus stop","VIT College","vit college","2026-09-15T02:45:00.000Z","MATCHED"
"b7ece4d8-17d3-4ec2-9a07-3f6f51522b76","0d570a75-885b-4a1d-a33c-3705d1a1e89a","Swargate PMPML Main Bus Stand","swargate pmpml main bus stand","VIT College","vit college","2026-09-16T03:00:00.000Z","OPEN"
"f56ca7b3-e299-4d4b-8e8e-834418a4007a","b2a75502-d4ef-429e-8b73-61e440e0983f","Kashinath Patil Nagar Stop","kashinath patil nagar stop","VIT College","vit college","2026-09-17T03:15:00.000Z","OPEN"
"97afc8c8-6d5f-46e8-a419-9eec69d926e3","e49978a2-3a3c-40a9-aa44-f434bfa66b81","Laxmi Narayan Theatre","laxmi narayan theatre","VIT College","vit college","2026-09-18T02:30:00.000Z","CANCELLED"
"f902d94b-8a20-414a-89a6-69869a227eda","72cddc2e-6ec2-4e48-aa1a-fc6654d24fab","Katraj Terminal","katraj terminal","VIT College","vit college","2026-09-19T02:45:00.000Z","OPEN"
"e04d72ea-4848-48cf-9c81-f50833fa2a0e","e448284e-7dcf-4d42-b0eb-1d902bcd1366","City Pride BRTS","city pride brts","VIT College","vit college","2026-09-20T03:00:00.000Z","OPEN"
"b62a9277-c3e7-4fb9-8823-05de490084ae","76b965ae-22a7-4a52-a8af-e41b3fbabb12","Bharati Vidyapeeth","bharati vidyapeeth","VIT College","vit college","2026-09-21T03:15:00.000Z","MATCHED"
"71262786-85d6-4e8f-bf3d-5568de4be238","d4ebe4da-1cf5-41e9-a052-ad2e992e76f1","Bibwewadi Bus Stop","bibwewadi bus stop","VIT College","vit college","2026-09-22T02:30:00.000Z","OPEN"
"05240cdd-81ab-4342-9ee3-917a0a6c8838","36032724-576b-47c8-a7f3-a44c9abca1ae","KK Market BRTS","kk market brts","VIT College","vit college","2026-09-23T02:45:00.000Z","OPEN"
"d5b08733-f17c-47fa-937f-3c4ccfa2dd65","37b52895-1597-4763-836c-78a8301f11b4","Kashinath Patil Nagar Stop","kashinath patil nagar stop","VIT College","vit college","2026-09-24T03:00:00.000Z","MATCHED"
"c8970bcf-f46d-4dc3-941c-80dca7826325","b4c86de6-995d-4335-a3bb-265de522aecf","Market Yard Corner","market yard corner","VIT College","vit college","2026-09-25T03:15:00.000Z","CANCELLED"
"fcc1ca26-7b03-497a-b006-098f4fca5aec","2bf63d4b-4be8-4a3d-b079-2a7b714b0da3","Swargate PMPML Main Bus Stand","swargate pmpml main bus stand","VIT College","vit college","2026-09-26T02:30:00.000Z","OPEN"
"df3bf75a-5514-4078-aaa4-f166596818b5","542484e9-c9f4-48df-8789-a3dffda2107d","Lower Indira Nagar Stop","lower indira nagar stop","VIT College","vit college","2026-09-27T02:45:00.000Z","MATCHED"
"baa030dd-f030-4c49-8ead-9ba7dfe9d19e","6d4eadbe-2e7e-4907-9dac-2e7ca825fe4f","Laxmi Narayan Theatre","laxmi narayan theatre","VIT College","vit college","2026-09-28T03:00:00.000Z","OPEN"
"2273bc8b-ff51-46bb-9d24-736aae308e1d","e1692737-3062-4352-86d9-10ad597efff1","Upper Indira Nagar Bus Depot","upper indira nagar bus depot","VIT College","vit college","2026-09-29T03:15:00.000Z","OPEN"
"73268edb-ff9f-4669-873b-fdaac49c510d","fe0b23a7-80b0-4776-aec0-0e53d369acc1","City Pride BRTS","city pride brts","VIT College","vit college","2026-09-30T02:30:00.000Z","MATCHED"
"f5c53510-fc2b-4aca-92ec-06fb96809b99","fbb85f19-6812-469a-9a7e-c060b8e1330e","Katraj Dairy BRTS","katraj dairy brts","VIT College","vit college","2026-10-01T02:45:00.000Z","OPEN"
"cbd59f97-0f72-4a70-a702-53fc754a6d72","4fee29cb-0687-44a2-9f09-3ba85cef33d1","Bibwewadi Bus Stop","bibwewadi bus stop","VIT College","vit college","2026-10-02T03:00:00.000Z","CANCELLED"
"70336416-97b5-4f40-9a18-16db73f0573f","8dc944aa-aca1-45be-a9af-21bd271602d1","Balaji Nagar BRTS","balaji nagar brts","VIT College","vit college","2026-10-03T03:15:00.000Z","MATCHED"
"ef886b27-ce96-454c-9c8c-e090069d7e75","5f049c18-2f70-4261-b271-889d9956d23d","Kashinath Patil Nagar Stop","kashinath patil nagar stop","VIT College","vit college","2026-10-04T02:30:00.000Z","OPEN"
"7f55a795-512c-45d2-b2e0-393d0cd103ad","cb3f3ef2-5ef7-449a-8f63-2d283dcb08cf","Shankar Maharaj Math","shankar maharaj math","VIT College","vit college","2026-10-05T02:45:00.000Z","OPEN"
"95ab0e52-4515-41d1-bff0-49ab97be421f","a8d214fd-de07-4ea1-bae5-557d146f9b27","Swargate PMPML Main Bus Stand","swargate pmpml main bus stand","VIT College","vit college","2026-09-06T03:00:00.000Z","MATCHED"
"86ac5527-8ee1-492e-b3e5-cbed9fe0cd96","5b1a8339-482f-4cfd-adca-c91175dce9e8","Bibwewadi Bus Stop","bibwewadi bus stop","VIT College","vit college","2026-09-07T03:15:00.000Z","OPEN"
"3795d8a4-3062-4002-b5d4-e4ec192f431c","1e8f38cb-b0ae-4701-9268-3c8e55456ef9","Laxmi Narayan Theatre","laxmi narayan theatre","VIT College","vit college","2026-09-08T02:30:00.000Z","OPEN"
"69adc0ef-d66b-44a6-b16a-fccc5e751b1b","286cf4ab-43ca-4259-b0fc-da25195d0244","Kashinath Patil Nagar Stop","kashinath patil nagar stop","VIT College","vit college","2026-09-09T02:45:00.000Z","CANCELLED"
"a3bff94f-e87b-476f-aa3e-240a2c44fffa","049a400b-5043-4cc0-8f0c-a2000b0bc7c2","City Pride BRTS","city pride brts","VIT College","vit college","2026-09-10T03:00:00.000Z","OPEN"
"c47ef96b-e66c-4f0d-acf8-7cab0823f9be","1712b652-bce4-4309-8027-92304c9fed8f","Katraj Terminal","katraj terminal","VIT College","vit college","2026-09-11T03:15:00.000Z","OPEN"
"ec742f45-2442-4e14-be79-57d6e3864fe0","8a8524b8-3506-433a-9249-833aa24fb089","Bibwewadi Bus Stop","bibwewadi bus stop","VIT College","vit college","2026-09-12T02:30:00.000Z","MATCHED"
"cb06f27b-1497-4566-a506-e8fa079cb39d","4ca5fb96-60cc-461f-9950-c00386ae3d0d","Bharati Vidyapeeth","bharati vidyapeeth","VIT College","vit college","2026-09-13T02:45:00.000Z","OPEN"
"13f65b2f-2b37-439d-87f6-df7b6afb175b","53476aa4-9daa-46aa-9332-69d4a4566a3d","Kashinath Patil Nagar Stop","kashinath patil nagar stop","VIT College","vit college","2026-09-14T03:00:00.000Z","OPEN"
"1039ade3-de8a-4b81-8060-03d1a87f8b25","47cbbcf7-3a62-4033-9a9b-5d2ebe48617b","KK Market BRTS","kk market brts","VIT College","vit college","2026-09-15T03:15:00.000Z","MATCHED"
"d41deda3-c175-4455-9051-9b76c02179f2","6dbaac16-eca9-4619-9461-cf1f791691ff","Swargate PMPML Main Bus Stand","swargate pmpml main bus stand","VIT College","vit college","2026-09-16T02:30:00.000Z","CANCELLED"
"2d0cc7f3-5e1d-4634-9c9e-e450779b9c0c","2bba79b1-7549-484e-89e1-bf3b93c66b88","Market Yard Corner","market yard corner","VIT College","vit college","2026-09-17T02:45:00.000Z","OPEN"
"7ae76f5b-538a-4d7b-8e05-66924d3c99bc","e57ff715-25a1-426c-97cf-87015c1bf680","Laxmi Narayan Theatre","laxmi narayan theatre","VIT College","vit college","2026-09-18T03:00:00.000Z","MATCHED"
"d03c7ed4-f3d9-40bd-b8f1-3fbb99289960","3934e51d-f7fc-439d-a64b-1e11c068f9b5","Lower Indira Nagar Stop","lower indira nagar stop","VIT College","vit college","2026-09-19T03:15:00.000Z","OPEN"
"04d43f88-9e6f-47d5-8604-a76cbb4cf747","8bcc5330-6b50-4950-bdbf-e5f3a9b775ee","City Pride BRTS","city pride brts","VIT College","vit college","2026-09-20T02:30:00.000Z","OPEN"
"4661d1f7-4577-4333-8159-7d3edc1cbb83","2e418ffb-eadd-4fa8-bcec-343dbb54e803","Upper Indira Nagar Bus Depot","upper indira nagar bus depot","VIT College","vit college","2026-09-21T02:45:00.000Z","MATCHED"
"0a73c424-7eea-49d8-b384-3a82265012f4","3f9c3912-4b7f-4630-8ee8-ef4328f8653a","Bibwewadi Bus Stop","bibwewadi bus stop","VIT College","vit college","2026-09-22T03:00:00.000Z","OPEN"
"f9bb6c98-a4ce-4b52-9578-6910ebc5c682","cba87ecd-54b1-4aae-9469-fa73c5a1965e","Katraj Dairy BRTS","katraj dairy brts","VIT College","vit college","2026-09-23T03:15:00.000Z","CANCELLED"
"afdd9b2d-adab-4931-89b0-a35bee7824b1","b03a0f23-2e1f-438e-b34e-47d7681219f2","Kashinath Patil Nagar Stop","kashinath patil nagar stop","VIT College","vit college","2026-09-24T02:30:00.000Z","MATCHED"
"415ce63b-422b-455c-a411-2880ded09062","4f4e35d9-739c-4f3d-b0b4-2067faa30741","Balaji Nagar BRTS","balaji nagar brts","VIT College","vit college","2026-09-25T02:45:00.000Z","OPEN"
"dc198a46-4576-425b-b348-311f5105200c","5b47c5b4-ec85-43dd-9c75-f074a7d568d2","Swargate PMPML Main Bus Stand","swargate pmpml main bus stand","VIT College","vit college","2026-09-26T03:00:00.000Z","OPEN"
"cf3f1ae1-ec6b-4fe6-8d1c-4c7cf43d6df3","a68aae4c-c9bd-4227-aac3-87e0cce8704c","Shankar Maharaj Math","shankar maharaj math","VIT College","vit college","2026-09-27T03:15:00.000Z","MATCHED"
"ae7f8739-736d-42e7-ab44-63957f2b89ac","3abf2f35-867e-4d12-a3c6-7fad053953bd","Laxmi Narayan Theatre","laxmi narayan theatre","VIT College","vit college","2026-09-28T02:30:00.000Z","OPEN"
"6782fbb9-1dfd-4372-94d8-8bbd727f3f32","921d32f1-c9a7-43cd-89fc-af62a5d8d609","Bibwewadi Bus Stop","bibwewadi bus stop","VIT College","vit college","2026-09-29T02:45:00.000Z","OPEN"
"e9829e13-4463-4b4b-9176-365fb561cfc0","52587ca0-dfe6-482f-bcac-5efecd9cb9c3","City Pride BRTS","city pride brts","VIT College","vit college","2026-09-30T03:00:00.000Z","CANCELLED"
"371c2580-589b-430d-aacc-8f9091c08b70","feff947d-b17e-452e-8f42-3a47e3538dae","Kashinath Patil Nagar Stop","kashinath patil nagar stop","VIT College","vit college","2026-10-01T03:15:00.000Z","OPEN"
"fa6e3a0c-9f28-4d9f-ad78-317defd15f6d","3a33f6e7-07ab-4e3d-a721-814ac739de5e","Bibwewadi Bus Stop","bibwewadi bus stop","VIT College","vit college","2026-10-02T02:30:00.000Z","OPEN"
"6f740e6c-018f-4ffa-95bb-2f2dee357957","926e6fcc-8a51-46f5-85e4-e8eefbfe9ddc","Katraj Terminal","katraj terminal","VIT College","vit college","2026-10-03T02:45:00.000Z","MATCHED"
"cf860bf1-4584-414d-8ab3-d6dea39fde38","5c96563c-848e-485c-acbe-fea45d06506b","Kashinath Patil Nagar Stop","kashinath patil nagar stop","VIT College","vit college","2026-10-04T03:00:00.000Z","OPEN"
"9c82032c-35b2-40a5-b5ab-de4e21fba565","6749e4f8-e2cb-4c58-93fc-57494a89bdad","Bharati Vidyapeeth","bharati vidyapeeth","VIT College","vit college","2026-10-05T03:15:00.000Z","OPEN"
"25a5e5d6-1664-4559-8c04-72ffac90680f","e3132854-383b-4d80-b4f9-344261841ff2","Swargate PMPML Main Bus Stand","swargate pmpml main bus stand","VIT College","vit college","2026-09-06T02:30:00.000Z","MATCHED"
"c032ad7c-83b1-48c6-b834-238c75dbbf1d","c352d64d-d07b-4edc-951e-c01334524a56","KK Market BRTS","kk market brts","VIT College","vit college","2026-09-07T02:45:00.000Z","CANCELLED"
"442a2a61-c683-4fad-8ea4-4d391841a892","de3ce989-9f1f-4440-bace-a75a4256201a","Laxmi Narayan Theatre","laxmi narayan theatre","VIT College","vit college","2026-09-08T03:00:00.000Z","OPEN"
"7bc575cc-b3d5-40ac-8c5d-c61d42505078","21c63f77-2d39-4f11-9e0c-1c7312653c75","Market Yard Corner","market yard corner","VIT College","vit college","2026-09-09T03:15:00.000Z","MATCHED"
"b84ba6e6-3f37-4999-a4ef-0b4ab46c21c6","5ce9e64f-f50b-4da1-9486-37f9f09551ed","City Pride BRTS","city pride brts","VIT College","vit college","2026-09-10T02:30:00.000Z","OPEN"
"18b2d5db-649b-442b-be7f-712b7639a88f","c6e7cd17-8a26-4b21-bcff-24bc73443535","Lower Indira Nagar Stop","lower indira nagar stop","VIT College","vit college","2026-09-11T02:45:00.000Z","OPEN"
"a459851b-949a-46bf-a62c-f01bc399a335","8f953396-84b2-41a6-a56b-cbfd7dc18157","Bibwewadi Bus Stop","bibwewadi bus stop","VIT College","vit college","2026-09-12T03:00:00.000Z","MATCHED"
"3f5cc814-dcc3-49ae-982f-89047a197883","c69150f8-4df1-4f92-9ee7-62209c9db1a6","Upper Indira Nagar Bus Depot","upper indira nagar bus depot","VIT College","vit college","2026-09-13T03:15:00.000Z","OPEN"
"9cfbd321-1c29-4e11-ae06-d22215c4fd3a","48157b16-b775-431a-954d-8b033f391056","Kashinath Patil Nagar Stop","kashinath patil nagar stop","VIT College","vit college","2026-09-14T02:30:00.000Z","CANCELLED"
"32d17293-ad38-47d6-b7a8-bab0533dcf17","2aa9eabe-95db-4ea2-bb38-66742013ed82","Katraj Dairy BRTS","katraj dairy brts","VIT College","vit college","2026-09-15T02:45:00.000Z","MATCHED"
"13e67244-f028-4aa7-a320-3ec53e7d3fde","896d4da2-8fa8-41c5-b3c6-164a6ce57775","Swargate PMPML Main Bus Stand","swargate pmpml main bus stand","VIT College","vit college","2026-09-16T03:00:00.000Z","OPEN"
"667a44ca-68c7-4fe7-98f6-6b75d691b2f7","91d3e190-f0bb-4908-a504-df3c03c7e6a6","Balaji Nagar BRTS","balaji nagar brts","VIT College","vit college","2026-09-17T03:15:00.000Z","OPEN"
"b225636e-a512-490d-844a-c048205bc216","ef122acc-af59-49f1-86de-5dc9fd3e25e3","Laxmi Narayan Theatre","laxmi narayan theatre","VIT College","vit college","2026-09-18T02:30:00.000Z","MATCHED"
"4c8da906-c0d2-42c0-9963-6b0d01c8976b","f293731d-64c9-4dc8-a30d-f5172ef2ce1e","Shankar Maharaj Math","shankar maharaj math","VIT College","vit college","2026-09-19T02:45:00.000Z","OPEN"
"c1a7551a-00fa-4c70-915a-4e5359ba3c78","30545805-3fe4-4f18-a8a2-8dccf5ff02fd","City Pride BRTS","city pride brts","VIT College","vit college","2026-09-20T03:00:00.000Z","OPEN"
"93271c30-d55c-4d4e-9902-e602a519dac5","2f39eb16-ab4f-4c25-a572-9a7be1ef7dcd","Bibwewadi Bus Stop","bibwewadi bus stop","VIT College","vit college","2026-09-21T03:15:00.000Z","CANCELLED"
"b6cbf3d2-409c-432a-a6c1-4edc58836e96","f054fa78-46b9-4920-a246-d949c994ef39","Bibwewadi Bus Stop","bibwewadi bus stop","VIT College","vit college","2026-09-22T02:30:00.000Z","OPEN"
"292dfe42-e0c1-4024-97db-049af9a88289","ed18db93-5780-4297-ae97-bbe311886b02","Kashinath Patil Nagar Stop","kashinath patil nagar stop","VIT College","vit college","2026-09-23T02:45:00.000Z","OPEN"
"ecce9eb7-68b3-43c2-bbe0-33e1dda20a7e","cce669d0-24ee-4095-8136-3ddc6f61da10","Kashinath Patil Nagar Stop","kashinath patil nagar stop","VIT College","vit college","2026-09-24T03:00:00.000Z","MATCHED"
"1d562fb6-0559-45de-a3e7-15b168e14d09","2b4fe7a0-6432-4448-993d-7b559d10ec1a","Katraj Terminal","katraj terminal","VIT College","vit college","2026-09-25T03:15:00.000Z","OPEN"
"d89e72a5-66e7-4a02-9e17-680969218a01","59fd1ae0-7135-47e3-b51b-37d92557542d","Swargate PMPML Main Bus Stand","swargate pmpml main bus stand","VIT College","vit college","2026-09-26T02:30:00.000Z","OPEN"
"fc5a08dd-e059-4f1e-b7f4-d3ee2190dd75","8c232265-ccb7-492a-b875-50ee8bc45208","Bharati Vidyapeeth","bharati vidyapeeth","VIT College","vit college","2026-09-27T02:45:00.000Z","MATCHED"
"4e395d54-8518-4647-90dc-afa2ef3514ad","5bfe2107-4596-4e4b-8e28-b4761607f7e9","Laxmi Narayan Theatre","laxmi narayan theatre","VIT College","vit college","2026-09-28T03:00:00.000Z","CANCELLED"
"ea9b8853-edd5-4a26-9452-c150f742bbec","d9f990c4-afb2-4074-8034-6a62f6c93ce4","KK Market BRTS","kk market brts","VIT College","vit college","2026-09-29T03:15:00.000Z","OPEN"
"e784392b-d436-4000-af13-eb0bd858beca","715c6bfc-3ccb-48eb-9e74-b58e93075303","City Pride BRTS","city pride brts","VIT College","vit college","2026-09-30T02:30:00.000Z","MATCHED"
"134f0723-4b89-4919-8233-bc501ded7e7c","80ca3ea6-d467-4f49-97eb-b6dc6f476676","Market Yard Corner","market yard corner","VIT College","vit college","2026-10-01T02:45:00.000Z","OPEN"
"c181daa9-4891-4201-9cd0-59417f633f55","03b1388a-04d6-4ee8-b7ee-b8541ca330f1","Bibwewadi Bus Stop","bibwewadi bus stop","VIT College","vit college","2026-10-02T03:00:00.000Z","OPEN"
"dbfb3e5e-9bbc-4d1f-8299-0839865082ba","3f9fca15-c0f0-4b4b-b617-dfdcac65c8ed","Lower Indira Nagar Stop","lower indira nagar stop","VIT College","vit college","2026-10-03T03:15:00.000Z","MATCHED"
"f95c646d-06f8-463c-880a-f8daa4e9666d","87c9b6ae-2c7c-4de8-9450-1bd9d4cd713c","Kashinath Patil Nagar Stop","kashinath patil nagar stop","VIT College","vit college","2026-10-04T02:30:00.000Z","OPEN"
"99a021c7-6d45-41d3-8ad7-f48ab4bfeab1","5b200900-fdec-42f4-bd7a-10e50182556a","Upper Indira Nagar Bus Depot","upper indira nagar bus depot","VIT College","vit college","2026-10-05T02:45:00.000Z","CANCELLED"
"2e1c01c9-62a7-4f54-8168-bbe54d1ba052","f6f5aab6-7eb0-41b3-a1ab-500ca62c77fa","Swargate PMPML Main Bus Stand","swargate pmpml main bus stand","VIT College","vit college","2026-09-06T03:00:00.000Z","MATCHED"
"091dd58f-aa2e-41be-a67a-c043e35a664a","b25e6ea6-d736-435b-aead-e9d0d69b728d","Katraj Dairy BRTS","katraj dairy brts","VIT College","vit college","2026-09-07T03:15:00.000Z","OPEN"
"b6c337d3-00de-44cd-961e-dbcca60f1164","70d0f859-149d-4503-9629-7e2b03c67a3f","Laxmi Narayan Theatre","laxmi narayan theatre","VIT College","vit college","2026-09-08T02:30:00.000Z","OPEN"
"f1edf911-ccfb-4b3a-9c21-42d3c66d5981","3cba72c9-ac53-4442-8d16-3fa4f75f696d","Balaji Nagar BRTS","balaji nagar brts","VIT College","vit college","2026-09-09T02:45:00.000Z","MATCHED"
"05f417b7-68da-4e5d-b1e3-cd4448388402","0195616c-ec89-4a4d-8990-b9d0d41435fa","City Pride BRTS","city pride brts","VIT College","vit college","2026-09-10T03:00:00.000Z","OPEN"
"507e18de-fa2e-4cd9-b9d9-2d7f50541e7d","856c5003-10e0-491c-b001-245c65a8fb4b","Shankar Maharaj Math","shankar maharaj math","VIT College","vit college","2026-09-11T03:15:00.000Z","OPEN"
"6ca52104-9b2f-4cc5-b178-0fbdba83e963","a4e13249-216e-49cd-8abf-6f5bd9c3fe4c","Bibwewadi Bus Stop","bibwewadi bus stop","VIT College","vit college","2026-09-12T02:30:00.000Z","CANCELLED"
"39d99e64-a97e-47de-bb3e-d83385886532","a78892d9-93b0-4a78-9a2f-2fad3db5becb","Bibwewadi Bus Stop","bibwewadi bus stop","VIT College","vit college","2026-09-13T02:45:00.000Z","OPEN"
"b7c0ea8a-7bc5-4c1a-8998-1c2346528e4d","62390621-3521-47ba-869a-f822874bb453","Kashinath Patil Nagar Stop","kashinath patil nagar stop","VIT College","vit college","2026-09-14T03:00:00.000Z","OPEN"
"da472b09-f93e-49b2-b6a2-f5386cef8d0e","e0bd240d-0573-4a8a-830a-c46264dbd855","Kashinath Patil Nagar Stop","kashinath patil nagar stop","VIT College","vit college","2026-09-15T03:15:00.000Z","MATCHED"
"5b7c1935-2f1b-4935-84c7-e7a0a38aae39","b8ece9b4-d515-405a-952d-1ccdc242c410","Swargate PMPML Main Bus Stand","swargate pmpml main bus stand","VIT College","vit college","2026-09-16T02:30:00.000Z","OPEN"
"947cabdd-ab2f-49ca-98e4-f97d008425b2","0b95ee62-3f26-4837-bdb3-8120bae0deda","Katraj Terminal","katraj terminal","VIT College","vit college","2026-09-17T02:45:00.000Z","OPEN"
"22987fbd-f536-43a9-8033-a59a0991439c","a6724b4c-1f36-4019-9072-772bbdeeca30","Laxmi Narayan Theatre","laxmi narayan theatre","VIT College","vit college","2026-09-18T03:00:00.000Z","MATCHED"
"a55a4dc7-4e5d-442d-b69e-0cec98e13c95","49e5dc79-ab6d-4188-9d10-62c1b84c7f5c","Bharati Vidyapeeth","bharati vidyapeeth","VIT College","vit college","2026-09-19T03:15:00.000Z","CANCELLED"
"47f0965a-3bf3-449f-b965-86e1d7f9f577","fc8036f4-d3bf-49ee-baff-431b84d612ea","City Pride BRTS","city pride brts","VIT College","vit college","2026-09-20T02:30:00.000Z","OPEN"
"9975cbbf-eb2c-432b-8228-654e94ffb2fe","1f726f94-16aa-417d-8d05-1b3dd96d0827","KK Market BRTS","kk market brts","VIT College","vit college","2026-09-21T02:45:00.000Z","MATCHED"
"82099be9-1ce7-4722-b9f9-cf8516b19e82","afabde80-8412-4536-8a7d-443441b6329d","Bibwewadi Bus Stop","bibwewadi bus stop","VIT College","vit college","2026-09-22T03:00:00.000Z","OPEN"
"b5082e2c-1592-4397-b5c3-06a09cec5bd7","b049f74f-7dd1-454b-91ad-b27eeaeed095","Market Yard Corner","market yard corner","VIT College","vit college","2026-09-23T03:15:00.000Z","OPEN"
"d9f81713-a321-4548-b97c-e1bdce16839e","687e3195-2599-427f-a4e3-990ead4c2985","Kashinath Patil Nagar Stop","kashinath patil nagar stop","VIT College","vit college","2026-09-24T02:30:00.000Z","MATCHED"
"fa97c1a5-782d-469d-b997-8b0ad32d6870","71cd4f7b-3e01-44d7-9657-d28c4544f992","Lower Indira Nagar Stop","lower indira nagar stop","VIT College","vit college","2026-09-25T02:45:00.000Z","OPEN"
"3d4b44a1-6490-490b-9f47-4747bc0d8376","772a4089-be1c-415b-9115-5af745dcbd7e","Swargate PMPML Main Bus Stand","swargate pmpml main bus stand","VIT College","vit college","2026-09-26T03:00:00.000Z","CANCELLED"
"8ae71b92-e97a-44c4-9d47-1ff7f6a3bda8","2e0f5d10-9fa3-4578-9046-adc52e9f52d6","Upper Indira Nagar Bus Depot","upper indira nagar bus depot","VIT College","vit college","2026-09-27T03:15:00.000Z","MATCHED"
"a569b956-fd70-4ae3-915b-1f1ab997c005","a7ff8669-7d2a-4462-beb0-0d9e874f1dc8","Laxmi Narayan Theatre","laxmi narayan theatre","VIT College","vit college","2026-09-28T02:30:00.000Z","OPEN"
"88e6582d-25e0-4e27-aeed-fd8e0243f716","8d2bb992-3062-4ae3-b2ae-9d47074dec68","Katraj Dairy BRTS","katraj dairy brts","VIT College","vit college","2026-09-29T02:45:00.000Z","OPEN"
"b7c3207e-ca64-4cfd-b0a2-4eb4db600edf","aba3000b-d3fe-45b0-93f8-1eb12fe76121","City Pride BRTS","city pride brts","VIT College","vit college","2026-09-30T03:00:00.000Z","MATCHED"
"4f7b631d-3ecd-43cc-96cf-807d9e5aef1e","a2cb33f4-0739-4e42-9665-4bae72ebfb2a","Balaji Nagar BRTS","balaji nagar brts","VIT College","vit college","2026-10-01T03:15:00.000Z","OPEN"
"00f99ea8-f3c4-42e6-b790-1788e3ae7bdb","ada304c3-1114-48bb-bacb-69446eecee2a","Bibwewadi Bus Stop","bibwewadi bus stop","VIT College","vit college","2026-10-02T02:30:00.000Z","OPEN"
"87a5a4e1-1411-4c11-8ef5-ab8101d2c62d","02927b89-ffa8-40e0-963e-2651a35e576d","Shankar Maharaj Math","shankar maharaj math","VIT College","vit college","2026-10-03T02:45:00.000Z","CANCELLED"
"97a5b18d-7ec3-42b8-bd62-4759d8803f95","f50ed78b-09ac-4340-b6dd-86ae124a356e","Kashinath Patil Nagar Stop","kashinath patil nagar stop","VIT College","vit college","2026-10-04T03:00:00.000Z","OPEN"
"79827977-082e-42f3-8e24-3a04b34be3d7","93c44edd-bbc5-4ac3-9dba-63f636b8ed0b","Bibwewadi Bus Stop","bibwewadi bus stop","VIT College","vit college","2026-10-05T03:15:00.000Z","OPEN"
"ab661900-399f-406d-9bfd-6229b1a02af2","dbb7296e-eb2b-4e18-9aed-9b61128e1b95","Swargate PMPML Main Bus Stand","swargate pmpml main bus stand","VIT College","vit college","2026-09-06T02:30:00.000Z","MATCHED"
"f55b3deb-a5d1-430f-b8e7-d7419ae0aa34","bbd2b08c-34a8-4439-a7fa-b253b6a9fe04","Kashinath Patil Nagar Stop","kashinath patil nagar stop","VIT College","vit college","2026-09-07T02:45:00.000Z","OPEN"
"429f3b98-1a12-4bd3-bbb7-94d2eadd1cab","40ae73ca-67b2-4b5e-97c1-474a92b2d8d3","Laxmi Narayan Theatre","laxmi narayan theatre","VIT College","vit college","2026-09-08T03:00:00.000Z","OPEN"
"3b2525ba-f2fb-4c20-a813-4f9166825900","6aa130d0-4c4b-48c2-bc80-80079a81385f","Katraj Terminal","katraj terminal","VIT College","vit college","2026-09-09T03:15:00.000Z","MATCHED"
"752a61a7-b4d1-4730-b366-b4541b067824","1734859f-c79f-4dfa-95dd-e252c5d669fc","City Pride BRTS","city pride brts","VIT College","vit college","2026-09-10T02:30:00.000Z","CANCELLED"
"065eb9b5-c690-4ec2-bad6-ce3917ab7c16","a49cc7a3-0beb-4fbf-8d54-c676dfe72f4b","Bharati Vidyapeeth","bharati vidyapeeth","VIT College","vit college","2026-09-11T02:45:00.000Z","OPEN"
"70a3f0b2-cd63-444d-b36c-0e24afc7635d","609a5aa2-e576-472b-ae03-3d339a90c45c","Bibwewadi Bus Stop","bibwewadi bus stop","VIT College","vit college","2026-09-12T03:00:00.000Z","MATCHED"
"18e505a5-b6ae-4229-9e9e-ee1925428a16","6a3f9cb7-ea70-4c12-87b0-f7ee4a38b313","KK Market BRTS","kk market brts","VIT College","vit college","2026-09-13T03:15:00.000Z","OPEN"
"d3f15961-f7b0-4c71-87b4-1943b10cb547","f7676189-9518-498b-a982-6c245aff61a1","Kashinath Patil Nagar Stop","kashinath patil nagar stop","VIT College","vit college","2026-09-14T02:30:00.000Z","OPEN"
"222a790f-317a-48ca-af0a-a84711805b7f","e7cc1cf8-531c-4ba4-ae07-b3b8c7ed12b4","Market Yard Corner","market yard corner","VIT College","vit college","2026-09-15T02:45:00.000Z","MATCHED"
"4138d42e-d180-48a0-8c1d-ec8894d68c1e","c4023d4b-7895-4d6b-ba0a-7cbce21340b7","Swargate PMPML Main Bus Stand","swargate pmpml main bus stand","VIT College","vit college","2026-09-16T03:00:00.000Z","OPEN"
"e48589bb-b86a-4f73-8702-3a7268397af0","5c76a658-080e-4482-b7f5-3c04ef99ff4f","Lower Indira Nagar Stop","lower indira nagar stop","VIT College","vit college","2026-09-17T03:15:00.000Z","CANCELLED"
"bffd2ff5-a320-4186-97e4-018760ec1d85","36ffa906-e6db-4e16-8e9b-e3f24ede715c","Laxmi Narayan Theatre","laxmi narayan theatre","VIT College","vit college","2026-09-18T02:30:00.000Z","MATCHED"
"cea87219-84ee-40e0-9417-bef3a2ff47ef","2e269fc9-9682-468b-b756-d02e46a395d8","Upper Indira Nagar Bus Depot","upper indira nagar bus depot","VIT College","vit college","2026-09-19T02:45:00.000Z","OPEN"
"13865fd6-45bc-4dbb-a2ab-a451516ffbbf","e4b9e33a-9380-46ad-8b5f-37aca78f2d78","City Pride BRTS","city pride brts","VIT College","vit college","2026-09-20T03:00:00.000Z","OPEN"
"f81cdf7e-7d5e-44e9-824e-8e56485251d5","81213212-6e43-4b70-96e8-51e59fb5e735","Katraj Dairy BRTS","katraj dairy brts","VIT College","vit college","2026-09-21T03:15:00.000Z","MATCHED"
"8c0c32ec-fb9a-4261-b319-d6c286a63719","b13dc47d-8a9c-45eb-9dee-0cc214bf6ab4","Bibwewadi Bus Stop","bibwewadi bus stop","VIT College","vit college","2026-09-22T02:30:00.000Z","OPEN"
"8d22c04d-9376-4519-bc0e-7684ad4a5c95","d4a58744-1f9c-4554-9321-1fd9d20b1035","Balaji Nagar BRTS","balaji nagar brts","VIT College","vit college","2026-09-23T02:45:00.000Z","OPEN"
"eadb1817-2ef6-45ce-9858-9e1afa075881","916eed74-db65-4e11-bce1-ffc16e674a10","Kashinath Patil Nagar Stop","kashinath patil nagar stop","VIT College","vit college","2026-09-24T03:00:00.000Z","CANCELLED"
"4d0411b1-6ad8-4380-b485-ec8ff8bd2816","dc034266-a00f-4347-8cd9-5799da807274","Shankar Maharaj Math","shankar maharaj math","VIT College","vit college","2026-09-25T03:15:00.000Z","OPEN"
"da50c442-405f-4253-b57d-cf64591fa09d","fb85cd08-9134-4e91-ad82-1bf40b5e18fe","Swargate PMPML Main Bus Stand","swargate pmpml main bus stand","VIT College","vit college","2026-09-26T02:30:00.000Z","OPEN"
"3ee54c42-d1e3-4891-b0a6-f0744f326b21","f10fac1a-d7f2-4f4e-a8f2-d72fd48b371a","Bibwewadi Bus Stop","bibwewadi bus stop","VIT College","vit college","2026-09-27T02:45:00.000Z","MATCHED"
"82888ac2-8ebf-4666-a9df-54335171e861","669af901-6937-4b2d-a11b-46de7e09eced","Laxmi Narayan Theatre","laxmi narayan theatre","VIT College","vit college","2026-09-28T03:00:00.000Z","OPEN"
"5e0b8152-abc3-430b-b21e-394490f3ba61","08cf7a8e-ecd3-4df0-8139-226218b0981a","Kashinath Patil Nagar Stop","kashinath patil nagar stop","VIT College","vit college","2026-09-29T03:15:00.000Z","OPEN"
"bd1ac5f4-7e8e-4e7e-80f8-25290a51beda","984e14a4-a27e-416c-9397-0cf2fb53101f","City Pride BRTS","city pride brts","VIT College","vit college","2026-09-30T02:30:00.000Z","MATCHED"
"9523d34e-06a4-4b17-a2c9-e7e9f01b5cc4","fa8313a6-d0cd-4c89-ac5a-1bcf559767e4","Katraj Terminal","katraj terminal","VIT College","vit college","2026-10-01T02:45:00.000Z","CANCELLED"
"93e23325-7cbe-4f0c-9bbb-e7a89bd513af","1d69f9fe-09f6-4a0a-8dc1-753c6b3015e6","Bibwewadi Bus Stop","bibwewadi bus stop","VIT College","vit college","2026-10-02T03:00:00.000Z","OPEN"
"22974c1e-a6af-41ec-bd04-bab0d2b6a3fe","481621b5-ffcf-4751-b9e2-151c0182f97a","Bharati Vidyapeeth","bharati vidyapeeth","VIT College","vit college","2026-10-03T03:15:00.000Z","MATCHED"
"dd36f1a3-5407-41b8-8890-833554b4450d","1de804a1-1c04-4d9b-88a6-03aa475b2f23","Kashinath Patil Nagar Stop","kashinath patil nagar stop","VIT College","vit college","2026-10-04T02:30:00.000Z","OPEN"
"85fee99d-f91b-4e48-8f9c-b336964bf76d","f2ff9e67-5a69-4146-a543-f1fed27fb87a","KK Market BRTS","kk market brts","VIT College","vit college","2026-10-05T02:45:00.000Z","OPEN"
"ed9534ed-fdb7-4dfa-960a-c208763fdef9","50ca192e-d3dc-40d0-996b-6eea924c44d8","Swargate PMPML Main Bus Stand","swargate pmpml main bus stand","VIT College","vit college","2026-09-06T03:00:00.000Z","MATCHED"
"b05085bf-51fa-44a6-91f5-407064518d91","ff933861-ecae-470a-9ee4-3663e749fdbc","Market Yard Corner","market yard corner","VIT College","vit college","2026-09-07T03:15:00.000Z","OPEN"
"e11008b0-7d24-45b6-b859-eb5d230a14a6","61a5fb10-8cc3-48db-a009-2fdb4eb9c378","Laxmi Narayan Theatre","laxmi narayan theatre","VIT College","vit college","2026-09-08T02:30:00.000Z","CANCELLED"
"c2f19d83-65b3-490d-9bf0-d62deb96cff4","32c9560a-e267-4d5f-85c7-ca585ac3975e","Lower Indira Nagar Stop","lower indira nagar stop","VIT College","vit college","2026-09-09T02:45:00.000Z","MATCHED"
"62e81f66-aa33-4f71-9266-b449e82e56f7","9c577260-815e-4814-ae42-db071f0604b0","City Pride BRTS","city pride brts","VIT College","vit college","2026-09-10T03:00:00.000Z","OPEN"
"20d3a1ac-e477-4359-bed5-ea80cb6c7396","ac87c729-c400-43ff-9619-cd867435a982","Upper Indira Nagar Bus Depot","upper indira nagar bus depot","VIT College","vit college","2026-09-11T03:15:00.000Z","OPEN"
"ef26866d-3d8a-48ed-82c8-48a71a29250c","a53ad219-be12-4a6b-9852-64dfe8aa6236","Bibwewadi Bus Stop","bibwewadi bus stop","VIT College","vit college","2026-09-12T02:30:00.000Z","MATCHED"
"92c8d970-1182-4a5d-9177-9516e6a405c6","a7b7dfcb-b36f-4cfc-abf8-afd48e896a75","Katraj Dairy BRTS","katraj dairy brts","VIT College","vit college","2026-09-13T02:45:00.000Z","OPEN"
"6d16df5c-b1c3-4e86-936d-b79924ebcce8","9beabcea-410e-43e0-9c0e-c32f2476c785","Kashinath Patil Nagar Stop","kashinath patil nagar stop","VIT College","vit college","2026-09-14T03:00:00.000Z","OPEN"
"68ffba64-26ae-4289-ba53-52237078820f","5b9101ca-8247-4c12-bf7c-68abf2b98166","Balaji Nagar BRTS","balaji nagar brts","VIT College","vit college","2026-09-15T03:15:00.000Z","CANCELLED"
"2cc73b3b-040f-4482-8cdf-67b06f465b2d","e16a421d-031b-47d3-936b-9d6bed68b285","Swargate PMPML Main Bus Stand","swargate pmpml main bus stand","VIT College","vit college","2026-09-16T02:30:00.000Z","OPEN"
"96394280-5410-47cc-a4c2-4904f3b70041","dd95ce1d-b76e-4f1f-9a03-108aea02d0d2","Shankar Maharaj Math","shankar maharaj math","VIT College","vit college","2026-09-17T02:45:00.000Z","OPEN"
"ca040eb2-a397-466d-b6e6-3746a98e4251","843078cc-2ea7-483f-83b3-cc8bae6695c6","Laxmi Narayan Theatre","laxmi narayan theatre","VIT College","vit college","2026-09-18T03:00:00.000Z","MATCHED"
"f15396b5-2530-47da-8448-ac1cdfac3884","be9c6ca4-6ee9-481b-8039-dcc0a742224e","Bibwewadi Bus Stop","bibwewadi bus stop","VIT College","vit college","2026-09-19T03:15:00.000Z","OPEN"
"d4b6fb19-abfe-47b9-b80c-7dda932f8eef","be4d340c-e4ae-41d8-a1a2-337d84d2bfc1","City Pride BRTS","city pride brts","VIT College","vit college","2026-09-20T02:30:00.000Z","OPEN"
"d9aa2839-4a37-468f-bc9e-cd4176110d47","7cbb830b-c6bc-4fec-a09b-14b8c825bef8","Kashinath Patil Nagar Stop","kashinath patil nagar stop","VIT College","vit college","2026-09-21T02:45:00.000Z","MATCHED"
"0f01542b-48a3-46e4-9325-95fa5ac6c39a","2f12a413-553c-4203-bffb-955e3123875f","Bibwewadi Bus Stop","bibwewadi bus stop","VIT College","vit college","2026-09-22T03:00:00.000Z","CANCELLED"
"a1a2d90b-af0d-44c3-8181-3a45ec67a957","f599bc96-4841-492f-a111-bec5b3b961ae","Katraj Terminal","katraj terminal","VIT College","vit college","2026-09-23T03:15:00.000Z","OPEN"
"0583b639-381e-446c-b60b-17f885cd8b68","9ef8f4fa-8101-4ff2-80ff-91a966e3bab8","Kashinath Patil Nagar Stop","kashinath patil nagar stop","VIT College","vit college","2026-09-24T02:30:00.000Z","MATCHED"
"bc4d00e0-6835-4586-aa15-bbcfea374243","2a786db0-f79e-4a08-a45d-7143a56be137","Bharati Vidyapeeth","bharati vidyapeeth","VIT College","vit college","2026-09-25T02:45:00.000Z","OPEN"
"5c0939a5-ddd7-4780-a339-315aae039df0","db21b52b-86e1-49c0-82fe-f5d33db4323f","Swargate PMPML Main Bus Stand","swargate pmpml main bus stand","VIT College","vit college","2026-09-26T03:00:00.000Z","OPEN"
"cfae6b16-cd0c-4e1e-b6e5-b7b4aef4be91","be4ef771-c8b1-4464-b4f7-41e3ea277c87","KK Market BRTS","kk market brts","VIT College","vit college","2026-09-27T03:15:00.000Z","MATCHED"
"484ed692-6848-4142-b025-03550723fcf6","bf4c6c59-6b96-40c9-9575-8528b27b985c","Laxmi Narayan Theatre","laxmi narayan theatre","VIT College","vit college","2026-09-28T02:30:00.000Z","OPEN"
"19acdd88-03dd-475e-962b-ab84a7399d27","6afa4784-41a5-471b-8dbf-dcd4ef8d1af1","Market Yard Corner","market yard corner","VIT College","vit college","2026-09-29T02:45:00.000Z","CANCELLED"
"ec7703e1-c21a-43f3-a4ef-a17d066b7894","aa992245-dc20-4688-8711-279522417636","City Pride BRTS","city pride brts","VIT College","vit college","2026-09-30T03:00:00.000Z","MATCHED"
"33aa7023-4751-4895-b5de-170b3783d997","d96dc164-dffd-4bcb-bc7b-ca59b2d88379","Lower Indira Nagar Stop","lower indira nagar stop","VIT College","vit college","2026-10-01T03:15:00.000Z","OPEN"
"151b2e9b-08c6-4c1f-8135-42c645c32868","23cdcd88-f49b-408a-af81-20c714c4290b","Bibwewadi Bus Stop","bibwewadi bus stop","VIT College","vit college","2026-10-02T02:30:00.000Z","OPEN"
"670f62d4-532c-40e1-9ab4-c1235774ed56","b351304c-33e4-4dfa-bbfe-0e46f5cda915","Upper Indira Nagar Bus Depot","upper indira nagar bus depot","VIT College","vit college","2026-10-03T02:45:00.000Z","MATCHED"
"3e5f5c0b-4fbf-41be-bbea-de39c6ca2a42","0da0c5dd-c04a-461b-bdd7-3d9daceaa0ff","Kashinath Patil Nagar Stop","kashinath patil nagar stop","VIT College","vit college","2026-10-04T03:00:00.000Z","OPEN"
"6db5a915-5bb9-4229-b59f-a4ee002dd16c","91bce675-58bc-4bd2-b962-52dc6f401671","Katraj Dairy BRTS","katraj dairy brts","VIT College","vit college","2026-10-05T03:15:00.000Z","OPEN"
"4da79096-396f-447b-bb0f-5c6c7da49399","b3d23434-7107-4dee-ad1b-eebdb7958392","Swargate PMPML Main Bus Stand","swargate pmpml main bus stand","VIT College","vit college","2026-09-06T02:30:00.000Z","CANCELLED"
"1eba2bf4-1427-4fad-9ed6-e0f1230228d8","e338d25f-f71d-4949-82c9-72ff79bd50e0","Balaji Nagar BRTS","balaji nagar brts","VIT College","vit college","2026-09-07T02:45:00.000Z","OPEN"
"018e8c67-fc52-42d4-bb53-433dcbea0220","26dcafa5-e28f-4c96-bd7f-75ca1113e108","Laxmi Narayan Theatre","laxmi narayan theatre","VIT College","vit college","2026-09-08T03:00:00.000Z","OPEN"
"dba8b8df-4d7a-4338-bcba-0d2361cbe2be","10da92ee-210d-4710-88f2-423a285dd142","Shankar Maharaj Math","shankar maharaj math","VIT College","vit college","2026-09-09T03:15:00.000Z","MATCHED"
"6a495883-a4eb-4ce2-8aae-ffca3355d051","47fb716c-faad-411e-a3e5-d13e542643c1","City Pride BRTS","city pride brts","VIT College","vit college","2026-09-10T02:30:00.000Z","OPEN"
"e8a2e351-883d-4153-90ca-de0d38449ef8","d731dccd-0e69-472d-8310-13e8f5708fe5","Bibwewadi Bus Stop","bibwewadi bus stop","VIT College","vit college","2026-09-11T02:45:00.000Z","OPEN"
"cb5e1114-fd40-417d-a79c-0e3ba990bf86","d52bd72b-f975-4a9d-a394-ead49b80912b","Bibwewadi Bus Stop","bibwewadi bus stop","VIT College","vit college","2026-09-12T03:00:00.000Z","MATCHED"
"05a38ec1-89e6-4ebd-a063-7acfb24c9d6d","5adcb3aa-a473-41ba-8a29-2fa570db158b","Kashinath Patil Nagar Stop","kashinath patil nagar stop","VIT College","vit college","2026-09-13T03:15:00.000Z","CANCELLED"
"0d8850a7-a6c2-451f-8eab-cd698f388b9c","c9ab0de5-362b-43a7-9367-b620469096dd","Kashinath Patil Nagar Stop","kashinath patil nagar stop","VIT College","vit college","2026-09-14T02:30:00.000Z","OPEN"
"b235f623-0078-4d6b-9803-d6abe8c2816d","f24e7e05-582d-47da-aa31-e435fb66bfa2","Katraj Terminal","katraj terminal","VIT College","vit college","2026-09-15T02:45:00.000Z","MATCHED"
"6f7e22d6-0d23-40b3-9950-40a5270dbd84","b478ed02-c175-49c9-846a-0e9a7f6aa6be","Swargate PMPML Main Bus Stand","swargate pmpml main bus stand","VIT College","vit college","2026-09-16T03:00:00.000Z","OPEN"
"5319e548-52aa-485b-b96e-520c06d1ece5","cdec7465-1f6a-4948-bdff-48b43a5e174c","Bharati Vidyapeeth","bharati vidyapeeth","VIT College","vit college","2026-09-17T03:15:00.000Z","OPEN"
"d9aa6fdb-f001-4e9a-ab43-cbae8be0890c","6fc4cb33-0af8-44b4-af29-e2f5e70c3ca5","Laxmi Narayan Theatre","laxmi narayan theatre","VIT College","vit college","2026-09-18T02:30:00.000Z","MATCHED"
"d491bccb-32c3-4284-b6bb-7d5674fb1916","8db40dff-f7cd-4508-9c85-9ffd35177784","KK Market BRTS","kk market brts","VIT College","vit college","2026-09-19T02:45:00.000Z","OPEN"
"b13cf754-3d48-4b6b-b760-d831673f13f1","4e00ed27-5fe2-4835-b43b-aad7700f4e90","City Pride BRTS","city pride brts","VIT College","vit college","2026-09-20T03:00:00.000Z","CANCELLED"
"c473c5a6-3482-4c8b-a066-23de85167e70","9e5cb7c9-7ef5-48c4-9a63-9e419dbc1b10","Market Yard Corner","market yard corner","VIT College","vit college","2026-09-21T03:15:00.000Z","MATCHED"
"caf92bf4-a24f-45ac-b81a-cfc0e5540f84","69158428-13ec-44bc-be1b-661be60211b1","Bibwewadi Bus Stop","bibwewadi bus stop","VIT College","vit college","2026-09-22T02:30:00.000Z","OPEN"
"e2106f43-8a52-4262-9ca4-72f9e977ac16","f6c03d6c-620f-48f6-af10-83f362b1c35a","Lower Indira Nagar Stop","lower indira nagar stop","VIT College","vit college","2026-09-23T02:45:00.000Z","OPEN"
"94bdd93c-81c9-4aec-9b27-33d448c7de7e","b407e420-bc95-44d7-9048-179efe644dba","Kashinath Patil Nagar Stop","kashinath patil nagar stop","VIT College","vit college","2026-09-24T03:00:00.000Z","MATCHED"
"cfaf43af-2847-4fcc-851b-56301b1a89d0","fe668d59-83f5-4167-b303-948c22591f60","Upper Indira Nagar Bus Depot","upper indira nagar bus depot","VIT College","vit college","2026-09-25T03:15:00.000Z","OPEN"
"712f2e09-d3a4-4549-afa0-d053b9ee0eab","71828ca0-ebd4-4211-ba24-a16f7159e15d","Swargate PMPML Main Bus Stand","swargate pmpml main bus stand","VIT College","vit college","2026-09-26T02:30:00.000Z","OPEN"
"5a4ff803-d383-4842-8b38-b4f0a410c709","033a0415-353b-46da-a08f-1e6fb661c073","Katraj Dairy BRTS","katraj dairy brts","VIT College","vit college","2026-09-27T02:45:00.000Z","CANCELLED"
"1915f132-f260-42c5-b5fe-028a9747270e","8574ead2-c80a-462a-8ad9-5f880cff1bd5","Laxmi Narayan Theatre","laxmi narayan theatre","VIT College","vit college","2026-09-28T03:00:00.000Z","OPEN"
"81ee6e93-edc2-4a9d-9718-5f0612a4b0be","8ea08f3a-4be1-4f97-9251-d633e633dc41","Balaji Nagar BRTS","balaji nagar brts","VIT College","vit college","2026-09-29T03:15:00.000Z","OPEN"
"e2ba8ce6-b57a-4e76-8d08-29dca291d4ab","22829531-9959-4ca6-a928-9f36eb4703e1","City Pride BRTS","city pride brts","VIT College","vit college","2026-09-30T02:30:00.000Z","MATCHED"
"351cc5bf-9a7f-4f65-925b-25ea8e60517e","86105958-87be-4dcd-b670-bf501ca8dcdd","Shankar Maharaj Math","shankar maharaj math","VIT College","vit college","2026-10-01T02:45:00.000Z","OPEN"
"23966e31-9e18-407f-87eb-d7e0c07cb428","f6bd0cb8-14b6-4983-84a7-6090b75c1bf2","Bibwewadi Bus Stop","bibwewadi bus stop","VIT College","vit college","2026-10-02T03:00:00.000Z","OPEN"
"ef35766d-6683-44b6-b296-f776dc811eb6","219ae89a-62d9-41de-a1e7-1597cd661ca8","Bibwewadi Bus Stop","bibwewadi bus stop","VIT College","vit college","2026-10-03T03:15:00.000Z","MATCHED"
"3e4c6958-f47a-449b-b2aa-b10a2b425a22","ab1c3a5c-50fe-4a26-b80d-4cd36938d001","Kashinath Patil Nagar Stop","kashinath patil nagar stop","VIT College","vit college","2026-10-04T02:30:00.000Z","CANCELLED"
"f6c192db-2042-4bf1-a19d-c6bb86963cad","a0c0f44b-0991-4b2f-8eac-5c0f929d5d9a","Kashinath Patil Nagar Stop","kashinath patil nagar stop","VIT College","vit college","2026-10-05T02:45:00.000Z","OPEN"
"eb25c97c-00c8-4e26-936f-9aab73063a3e","17982a72-f4c8-4037-9da7-01d2b81b4f51","Swargate PMPML Main Bus Stand","swargate pmpml main bus stand","VIT College","vit college","2026-09-06T03:00:00.000Z","MATCHED"
"1c66c9e2-d4ca-41dc-9fa1-3c44b2aea588","5493fbc0-789f-4b10-8644-f8ec21cd0b14","Katraj Terminal","katraj terminal","VIT College","vit college","2026-09-07T03:15:00.000Z","OPEN"
"368dacb6-a8d7-4ac8-9b1b-ad3c7f1041c6","fac65e5b-f1a5-4896-b38a-74849ccdc168","Laxmi Narayan Theatre","laxmi narayan theatre","VIT College","vit college","2026-09-08T02:30:00.000Z","OPEN"
"6dc56c2a-7e2f-4905-a194-c4f64338a6c8","1cb6adeb-9163-4fbb-b53f-65f5505df0b2","Bharati Vidyapeeth","bharati vidyapeeth","VIT College","vit college","2026-09-09T02:45:00.000Z","MATCHED"
"954876cd-fdc1-4eca-91ec-3861d6b9e840","4aeb0ba0-1769-494f-8568-1d022bba57f2","City Pride BRTS","city pride brts","VIT College","vit college","2026-09-10T03:00:00.000Z","OPEN"
"6b74637c-1bfc-4cb5-bf6e-ff36ad42a2ff","d6e02938-24dd-495b-9cf8-9fdde224b304","KK Market BRTS","kk market brts","VIT College","vit college","2026-09-11T03:15:00.000Z","CANCELLED"
"13ff355c-bcf5-4836-9545-0c93c1dd5d31","7bb61148-2622-4c7a-a643-c561dfafb01a","Bibwewadi Bus Stop","bibwewadi bus stop","VIT College","vit college","2026-09-12T02:30:00.000Z","MATCHED"
"e90b7009-3aca-4600-8f40-74e8d7a6d44e","f49a7a5a-e945-4e5c-9e00-e0e22be3b1cd","Market Yard Corner","market yard corner","VIT College","vit college","2026-09-13T02:45:00.000Z","OPEN"
"26514359-1dfe-4838-be07-202a7400f7d4","9d0ef4fe-a576-4770-9ab1-5eafc46b6be0","Kashinath Patil Nagar Stop","kashinath patil nagar stop","VIT College","vit college","2026-09-14T03:00:00.000Z","OPEN"
"4bba7cdc-044e-4a91-bc78-4c6cecd8bdfd","edf92a9c-96cf-4fe7-b02c-abdaad634737","Lower Indira Nagar Stop","lower indira nagar stop","VIT College","vit college","2026-09-15T03:15:00.000Z","MATCHED"
"b5a252d1-2d06-4e9c-bda9-390e5da85444","d774693a-f4b2-48d7-9848-a02f48110bad","Swargate PMPML Main Bus Stand","swargate pmpml main bus stand","VIT College","vit college","2026-09-16T02:30:00.000Z","OPEN"
"7a0b20c7-8ea8-4768-8d59-2569c71bad42","0c83d7c7-d302-4b47-8f0b-a78f47b02764","Upper Indira Nagar Bus Depot","upper indira nagar bus depot","VIT College","vit college","2026-09-17T02:45:00.000Z","OPEN"
"b5cbcb08-ba19-430c-be72-d07dc9b5df35","cd22228b-a880-42a9-b5b5-fa0701f9c386","Laxmi Narayan Theatre","laxmi narayan theatre","VIT College","vit college","2026-09-18T03:00:00.000Z","CANCELLED"
"4fb5fdec-ac0a-4e81-9183-1b70051431cc","adfaa168-2d4e-439d-b336-2a1e0b068a71","Katraj Dairy BRTS","katraj dairy brts","VIT College","vit college","2026-09-19T03:15:00.000Z","OPEN"
"cf90f9bf-cae6-48f7-a50f-7fb67e435373","3514e5d2-6b02-4d6b-ac2b-59caf1561997","City Pride BRTS","city pride brts","VIT College","vit college","2026-09-20T02:30:00.000Z","OPEN"
"04a86627-4e7a-49be-b48f-5a862abc647c","3009cc84-1259-4bbc-a108-8462919b7c19","Balaji Nagar BRTS","balaji nagar brts","VIT College","vit college","2026-09-21T02:45:00.000Z","MATCHED"
"abcbcddf-c37d-409c-99db-b46b01fc5f93","750f9bd3-e937-4388-a25a-3cc6be098aa7","Bibwewadi Bus Stop","bibwewadi bus stop","VIT College","vit college","2026-09-22T03:00:00.000Z","OPEN"
"64c71b72-b78d-4705-a6cb-477aac7cc35a","dabcd5c1-0261-4275-a50f-86ba21a7fb38","Shankar Maharaj Math","shankar maharaj math","VIT College","vit college","2026-09-23T03:15:00.000Z","OPEN"
"d6a3f0b7-0c90-4e35-ab41-37b1cf30ec83","c483836d-7edf-44cf-a968-8b0306198075","Kashinath Patil Nagar Stop","kashinath patil nagar stop","VIT College","vit college","2026-09-24T02:30:00.000Z","MATCHED"
"193c83e2-e7ce-4dcb-8dc2-5020d0e1ca7a","4f582076-f405-4dad-b185-9ae556fcc905","Bibwewadi Bus Stop","bibwewadi bus stop","VIT College","vit college","2026-09-25T02:45:00.000Z","CANCELLED"
"3d8d5d0d-50d0-4e0a-9d30-1852aed4f4a1","4a67ecba-b514-4d87-beb3-0515635ecc2e","Swargate PMPML Main Bus Stand","swargate pmpml main bus stand","VIT College","vit college","2026-09-26T03:00:00.000Z","OPEN"
"bf70ddd0-0acf-4083-95a7-2ed49f611f4f","ea497014-e432-4e85-93b4-c928f4928526","Kashinath Patil Nagar Stop","kashinath patil nagar stop","VIT College","vit college","2026-09-27T03:15:00.000Z","MATCHED"
"0d8476a4-7dfb-48cb-ac95-3e200926628b","657e344f-90aa-4e48-a3e5-9a6235100f2e","Laxmi Narayan Theatre","laxmi narayan theatre","VIT College","vit college","2026-09-28T02:30:00.000Z","OPEN"
"8e523b09-5828-4e24-980e-56cd48a7b67a","eb5a4f04-4ebf-43f6-a099-11c15b1dfbe5","Katraj Terminal","katraj terminal","VIT College","vit college","2026-09-29T02:45:00.000Z","OPEN"
"f91ee66c-d517-4344-946d-88a90d59fbf5","181765e4-8d59-4d44-860f-b05bf3bda2f4","City Pride BRTS","city pride brts","VIT College","vit college","2026-09-30T03:00:00.000Z","MATCHED"
"2410b838-3eb1-42d2-bfe1-3ca73a57e380","cfec5b2a-0d9d-4378-b72b-26a6872f2b3a","Bharati Vidyapeeth","bharati vidyapeeth","VIT College","vit college","2026-10-01T03:15:00.000Z","OPEN"
"6937524a-10e7-4e12-bd84-60339011f1a1","e03cedeb-5d97-4486-a7eb-252b7e1f718a","Bibwewadi Bus Stop","bibwewadi bus stop","VIT College","vit college","2026-10-02T02:30:00.000Z","CANCELLED"
"cdc6919c-fca6-406e-86e6-a99cf673e560","83beeb25-e5a8-4d3e-aab1-07e4280fae11","KK Market BRTS","kk market brts","VIT College","vit college","2026-10-03T02:45:00.000Z","MATCHED"
"c9c10849-39af-4677-b151-359156766343","91a6f354-971a-42d5-907b-b61d60bd2863","Kashinath Patil Nagar Stop","kashinath patil nagar stop","VIT College","vit college","2026-10-04T03:00:00.000Z","OPEN"
"4d9fdd47-357a-4fbd-b961-7f6e022a9b19","c64460b2-879f-4506-882f-92adfc9e63ac","Market Yard Corner","market yard corner","VIT College","vit college","2026-10-05T03:15:00.000Z","OPEN"
"f13cabf1-b75c-46c0-b05c-909d4bdb7872","8a7e159e-c7d0-49fb-9915-996ec39b4c3f","Swargate PMPML Main Bus Stand","swargate pmpml main bus stand","VIT College","vit college","2026-09-06T02:30:00.000Z","MATCHED"
"2ccc365d-0f5c-454f-a99c-8e25657eff6e","e774b584-0014-4dc8-bc95-1bb5f69d20a3","Lower Indira Nagar Stop","lower indira nagar stop","VIT College","vit college","2026-09-07T02:45:00.000Z","OPEN"
"5d8fd7ea-823e-4a76-9bb1-ac309decd64d","229ca7a7-5513-4f42-9ef4-2390c8285215","Laxmi Narayan Theatre","laxmi narayan theatre","VIT College","vit college","2026-09-08T03:00:00.000Z","OPEN"
"211eebb5-743e-4924-a8de-e3fc857b524f","0ab4c678-1df8-414b-9f8b-66facfcdbc01","Upper Indira Nagar Bus Depot","upper indira nagar bus depot","VIT College","vit college","2026-09-09T03:15:00.000Z","CANCELLED"
"549ca949-ca20-4ba2-8434-2316705bcbc4","b9a94dba-cbdd-4dab-b668-c38541a542df","City Pride BRTS","city pride brts","VIT College","vit college","2026-09-10T02:30:00.000Z","OPEN"
"5bd4870d-a4f7-475c-96b4-3eab706c901f","cf49cf74-3f6e-4709-821d-0f560bf5bf11","Katraj Dairy BRTS","katraj dairy brts","VIT College","vit college","2026-09-11T02:45:00.000Z","OPEN"
"87e7a904-a763-4597-847d-ffcd3008037b","43dd383b-7c2d-4840-8095-5e3518602750","Bibwewadi Bus Stop","bibwewadi bus stop","VIT College","vit college","2026-09-12T03:00:00.000Z","MATCHED"
"81519cff-5f47-4e36-ba4e-3de5a2747a5b","b08272f1-2eae-461f-9382-c184fe741279","Balaji Nagar BRTS","balaji nagar brts","VIT College","vit college","2026-09-13T03:15:00.000Z","OPEN"
"0b20831e-cfe1-4f05-bbd2-2b48a961f364","2e717694-7d6b-49e8-baf4-53cf8f4fbac3","Kashinath Patil Nagar Stop","kashinath patil nagar stop","VIT College","vit college","2026-09-14T02:30:00.000Z","OPEN"
"25cd0d85-dd7d-4525-8e29-44c2cdb997f3","05e3c6c3-c662-4d71-a22e-2f6abe452e90","Shankar Maharaj Math","shankar maharaj math","VIT College","vit college","2026-09-15T02:45:00.000Z","MATCHED"
"eda22259-d1d6-4601-b592-a8c4a827013a","cb1a579d-c56d-40e0-b768-2d2229dc4a47","Swargate PMPML Main Bus Stand","swargate pmpml main bus stand","VIT College","vit college","2026-09-16T03:00:00.000Z","CANCELLED"
"f5753cef-e7d6-4f64-90ae-cb8ffd748019","eb966ee8-6300-4734-85a3-fe051d2fa003","Bibwewadi Bus Stop","bibwewadi bus stop","VIT College","vit college","2026-09-17T03:15:00.000Z","OPEN"
"0dba549b-e5ea-4edc-87aa-50c8e39dc87b","55511d2e-aa5e-4cf6-ac0c-2f79fd94ad59","Laxmi Narayan Theatre","laxmi narayan theatre","VIT College","vit college","2026-09-18T02:30:00.000Z","MATCHED"
"b22e9c93-e745-4dbc-b3b3-47b7c76b3eb2","3916a068-e6a5-4012-812a-fbcd946203e9","Kashinath Patil Nagar Stop","kashinath patil nagar stop","VIT College","vit college","2026-09-19T02:45:00.000Z","OPEN"
"dedfb023-0a91-4c78-8868-0c72d678c815","90d5fa4d-50ca-4080-ae76-6f8158f4c9a5","City Pride BRTS","city pride brts","VIT College","vit college","2026-09-20T03:00:00.000Z","OPEN"
"eeb1e0b3-0d0f-46fb-b826-a7546f37986c","82251b7c-39c1-4612-9777-0028617b08fc","Katraj Terminal","katraj terminal","VIT College","vit college","2026-09-21T03:15:00.000Z","MATCHED"
"027514d9-ae36-4d3a-8e18-f41e1e0e430a","4edeb0bf-7259-4a78-a36d-e652c8861873","Bibwewadi Bus Stop","bibwewadi bus stop","VIT College","vit college","2026-09-22T02:30:00.000Z","OPEN"
"dbac9b75-8834-414d-8b11-22b73ae1e7b1","4cc1b8ef-4224-4c25-a72f-a96bb3963a45","Bharati Vidyapeeth","bharati vidyapeeth","VIT College","vit college","2026-09-23T02:45:00.000Z","CANCELLED"
"2a778fa1-4552-42f9-ac93-0c296cd924a9","ff4be7d8-c958-42da-b75f-f3df6987f079","Kashinath Patil Nagar Stop","kashinath patil nagar stop","VIT College","vit college","2026-09-24T03:00:00.000Z","MATCHED"
"861de7a1-340f-41cf-84cd-f6fdf42bd515","21dd28b5-e343-467c-9b41-b7f373986e3d","KK Market BRTS","kk market brts","VIT College","vit college","2026-09-25T03:15:00.000Z","OPEN"
"96b67bef-0ff7-47ab-b5f2-a4d5530233dc","29ba1c6f-943a-462e-a307-a6c327c39a57","Swargate PMPML Main Bus Stand","swargate pmpml main bus stand","VIT College","vit college","2026-09-26T02:30:00.000Z","OPEN"
"d78b8fd4-79f3-4472-a670-bbcb7773abf1","4bb40fa4-b428-432e-aca2-1a954ebd5186","Market Yard Corner","market yard corner","VIT College","vit college","2026-09-27T02:45:00.000Z","MATCHED"
"a41a45db-c9d9-4a3f-8fac-6504a9a02f80","dbffce9e-93ca-460b-a2e6-fec327ae8a6e","Laxmi Narayan Theatre","laxmi narayan theatre","VIT College","vit college","2026-09-28T03:00:00.000Z","OPEN"
"8e954ec6-9daa-4736-8578-2e2ec9529aad","1137a11d-2e66-45ed-b840-8d12e6722bfa","Lower Indira Nagar Stop","lower indira nagar stop","VIT College","vit college","2026-09-29T03:15:00.000Z","OPEN"
"538b27df-68c5-4d94-a0ae-e045e30cba1b","613365a0-56e0-41a2-a7c9-48b35ec746a1","City Pride BRTS","city pride brts","VIT College","vit college","2026-09-30T02:30:00.000Z","CANCELLED"
"fd1b718c-b37d-43ed-9873-309e72e3c304","9449171f-669b-4ae3-8a11-85c2698005b4","Upper Indira Nagar Bus Depot","upper indira nagar bus depot","VIT College","vit college","2026-10-01T02:45:00.000Z","OPEN"
"ef242021-7efe-456f-aa89-aff80daf63c5","f256e949-f4e4-4ba3-8ea9-d6a3d0ba8526","Bibwewadi Bus Stop","bibwewadi bus stop","VIT College","vit college","2026-10-02T03:00:00.000Z","OPEN"
"6feb7e92-351d-47cb-8026-eb31dabe7b48","08eb06b4-7805-4b0c-998b-d919358e8b0f","Katraj Dairy BRTS","katraj dairy brts","VIT College","vit college","2026-10-03T03:15:00.000Z","MATCHED"
"b00fb5d5-f1c1-49c8-923a-147c61bf3bac","8100f2b8-79e0-4059-be98-ced465000a2e","Kashinath Patil Nagar Stop","kashinath patil nagar stop","VIT College","vit college","2026-10-04T02:30:00.000Z","OPEN"
"7371c808-bb94-42a5-a224-28520601e14d","e443e68b-7cb4-4260-8ec6-64c485de79d5","Balaji Nagar BRTS","balaji nagar brts","VIT College","vit college","2026-10-05T02:45:00.000Z","OPEN"
"39968611-b80d-44df-b084-fb62c8af5ef5","c2483f77-a251-4434-8d94-6a2c53e2d38e","Swargate PMPML Main Bus Stand","swargate pmpml main bus stand","VIT College","vit college","2026-09-06T03:00:00.000Z","MATCHED"
"05ae153a-fffb-406c-9328-16a78cf8e9fd","2d02ada0-aefc-4d76-9f2f-c57bee3201ac","Shankar Maharaj Math","shankar maharaj math","VIT College","vit college","2026-09-07T03:15:00.000Z","CANCELLED"
"c87825ff-06d2-438c-bb8a-5f9c5e6a6f41","b9d9e60d-de32-4732-8eb8-480e0e81bcbf","Laxmi Narayan Theatre","laxmi narayan theatre","VIT College","vit college","2026-09-08T02:30:00.000Z","OPEN"
"85d430a3-65e2-41d0-972e-581a9f4e563b","6c3f7adf-4f2a-4914-ba78-8b1548f14a1a","Bibwewadi Bus Stop","bibwewadi bus stop","VIT College","vit college","2026-09-09T02:45:00.000Z","MATCHED"
"998faf8e-6513-457d-873c-7f04319cc573","ea3fd43b-e1e5-4d62-a163-dae19fc740bd","City Pride BRTS","city pride brts","VIT College","vit college","2026-09-10T03:00:00.000Z","OPEN"
"2cc6d343-0b80-4444-8e4b-1de0d9f56739","e977337e-9b7d-4b79-9851-7a31a276eaf5","Kashinath Patil Nagar Stop","kashinath patil nagar stop","VIT College","vit college","2026-09-11T03:15:00.000Z","OPEN"
"00c695ca-73d8-4ba0-ad1d-84de8db67678","bfe5c77b-945d-47a5-81f7-7ae8e1ff5d5b","Bibwewadi Bus Stop","bibwewadi bus stop","VIT College","vit college","2026-09-12T02:30:00.000Z","MATCHED"
"fb220dae-9dd5-423f-8050-e6fdb1ea93bb","04bfe73e-1142-4d3f-8bbf-57dbee041dd2","Katraj Terminal","katraj terminal","VIT College","vit college","2026-09-13T02:45:00.000Z","OPEN"
"29227968-0fe8-4be7-ba3a-923f2ae84ab4","29bb8b65-a83a-4f6b-b7c4-0a86fd9b82a1","Kashinath Patil Nagar Stop","kashinath patil nagar stop","VIT College","vit college","2026-09-14T03:00:00.000Z","CANCELLED"
"0420c97c-64ff-4602-a3e1-569264380f35","dae29690-62f3-4202-8961-05b05ec7dcc6","Bharati Vidyapeeth","bharati vidyapeeth","VIT College","vit college","2026-09-15T03:15:00.000Z","MATCHED"
"eb7c7a3f-de46-4e69-a5a3-6bd403d93939","b94bb3da-92c3-4ecf-b576-f9dbbce590b5","Swargate PMPML Main Bus Stand","swargate pmpml main bus stand","VIT College","vit college","2026-09-16T02:30:00.000Z","OPEN"
"9da28278-c224-4ebe-a235-6b912871d776","0f35346d-5638-4de0-b685-b0f5e42ff331","KK Market BRTS","kk market brts","VIT College","vit college","2026-09-17T02:45:00.000Z","OPEN"
"9aab3349-f5d8-410b-b4bd-9cd776ca7869","95e5d040-6f8f-43de-b101-0a1abbfde269","Laxmi Narayan Theatre","laxmi narayan theatre","VIT College","vit college","2026-09-18T03:00:00.000Z","MATCHED"
"e02f3e0e-e90c-4cde-9cd4-fe77952f76fd","fbade199-d957-41f1-9c4b-bef677c6f400","Market Yard Corner","market yard corner","VIT College","vit college","2026-09-19T03:15:00.000Z","OPEN"
"2ab70c41-a8e7-4bbf-9e89-ee9def96d02f","e9ac0d57-c267-41a2-84aa-846e6f118304","City Pride BRTS","city pride brts","VIT College","vit college","2026-09-20T02:30:00.000Z","OPEN"
"ef84f976-1662-4abc-b406-2f1bb15a50a6","3857e3b0-5efa-484e-a045-2777f41b2610","Lower Indira Nagar Stop","lower indira nagar stop","VIT College","vit college","2026-09-21T02:45:00.000Z","CANCELLED"
"8d628670-4bee-4496-b2cf-ddbe07ee76e3","aa3e3c66-ecde-4e1f-9ce3-1617c0ecdcef","Bibwewadi Bus Stop","bibwewadi bus stop","VIT College","vit college","2026-09-22T03:00:00.000Z","OPEN"
"a65bef95-6af3-42b4-b5b3-b91e0ede78dd","f996d0d8-1d3e-4780-bb40-a3c76aeca0fe","Upper Indira Nagar Bus Depot","upper indira nagar bus depot","VIT College","vit college","2026-09-23T03:15:00.000Z","OPEN"
"f192554e-628a-4a18-99a2-29dd67f6ad19","7d4898cc-54f3-4bd1-b9da-b31ff1cb26c3","Kashinath Patil Nagar Stop","kashinath patil nagar stop","VIT College","vit college","2026-09-24T02:30:00.000Z","MATCHED"
"5f4fb15e-0468-40c9-adba-1ac325718912","c3c94b51-2803-4c25-9e1e-bbe1eb6386cc","Katraj Dairy BRTS","katraj dairy brts","VIT College","vit college","2026-09-25T02:45:00.000Z","OPEN"
"3741fcdb-4c3b-4276-bfa2-44866088fb75","9c9999da-6c7c-4b0f-ba28-7f852899325d","Swargate PMPML Main Bus Stand","swargate pmpml main bus stand","VIT College","vit college","2026-09-26T03:00:00.000Z","OPEN"
"844188d7-6285-4b99-b7a0-448bd4f6dc45","f03cb019-ecb8-42fc-ad8b-4be7116d9966","Balaji Nagar BRTS","balaji nagar brts","VIT College","vit college","2026-09-27T03:15:00.000Z","MATCHED"
"f576d126-2060-4a1d-a45e-fd69cad3b17c","998a2999-5be3-435d-8015-2a973a6e97cc","Laxmi Narayan Theatre","laxmi narayan theatre","VIT College","vit college","2026-09-28T02:30:00.000Z","CANCELLED"
"d4451fd5-4cd2-4c0c-8304-dde2970681d0","3a8f1c12-2394-4eb5-8694-7152af59c7d0","Shankar Maharaj Math","shankar maharaj math","VIT College","vit college","2026-09-29T02:45:00.000Z","OPEN"
"41aa543b-6476-45c3-9015-676403c151ee","df718002-b68d-406f-af02-b7ebdc19dfaa","City Pride BRTS","city pride brts","VIT College","vit college","2026-09-30T03:00:00.000Z","MATCHED"
"93cb361f-bb97-4130-bd6c-2f7adfd1c3ea","829e7fa5-0c38-47a9-a715-877dada17b24","Bibwewadi Bus Stop","bibwewadi bus stop","VIT College","vit college","2026-10-01T03:15:00.000Z","OPEN"
"002c1f65-890f-45d0-bf06-359448ee740e","105772de-3e2e-4525-873d-28205793d14f","Bibwewadi Bus Stop","bibwewadi bus stop","VIT College","vit college","2026-10-02T02:30:00.000Z","OPEN"
"ae594aa8-f677-47db-b97e-04f2f7ece1a6","03dfc805-e814-4e5f-a637-8a041faf9ad7","Kashinath Patil Nagar Stop","kashinath patil nagar stop","VIT College","vit college","2026-10-03T02:45:00.000Z","MATCHED"
"17eae9e2-e1e7-424e-84e1-944e7c085a68","2df45663-f8d0-4308-b79d-fd6c1ff852c9","Kashinath Patil Nagar Stop","kashinath patil nagar stop","VIT College","vit college","2026-10-04T03:00:00.000Z","OPEN"
"408feeea-0290-4626-9d2f-8099efc23dcb","e163653a-9bbe-4e9d-81ab-acf5fb7c4166","Katraj Terminal","katraj terminal","VIT College","vit college","2026-10-05T03:15:00.000Z","CANCELLED"
"0c42088f-fe58-42ce-b9c8-2da535f0dd92","fa4b13bc-6768-4b5d-843e-2b8836ed9113","Swargate PMPML Main Bus Stand","swargate pmpml main bus stand","VIT College","vit college","2026-09-06T02:30:00.000Z","MATCHED"
"6e7e9d52-4cba-4446-a580-b173a9ca488a","61b7de30-6ccf-41d6-881f-85e56e865717","Bharati Vidyapeeth","bharati vidyapeeth","VIT College","vit college","2026-09-07T02:45:00.000Z","OPEN"
"8d10d170-1cb7-4c53-9019-67948fc9cd5e","ae43995b-0b10-49a4-a37e-36a29c7b89fa","Laxmi Narayan Theatre","laxmi narayan theatre","VIT College","vit college","2026-09-08T03:00:00.000Z","OPEN"
"681b41f1-6aaa-4404-b910-8eb1bc253acb","f1320520-f547-4abc-be6f-66bd5f323eb5","KK Market BRTS","kk market brts","VIT College","vit college","2026-09-09T03:15:00.000Z","MATCHED"
"e661ec40-e98d-4a21-8f90-a3f5fbef2ddf","5118be9b-6811-4a52-9a62-a0ced3f60e27","City Pride BRTS","city pride brts","VIT College","vit college","2026-09-10T02:30:00.000Z","OPEN"
"fe101ad9-dd6e-4f8f-b5fe-67df2ca78f1f","f64e308c-4a0b-433f-bebb-09536f52d5f4","Market Yard Corner","market yard corner","VIT College","vit college","2026-09-11T02:45:00.000Z","OPEN"
"d8485807-2ee1-45e4-9edb-1279eeec7c6c","917b003b-c912-4ed9-afb7-f7eba33fcb14","Bibwewadi Bus Stop","bibwewadi bus stop","VIT College","vit college","2026-09-12T03:00:00.000Z","CANCELLED"
"19c6dcf1-9be6-48b4-b73c-9b2e54acae2b","bab50b6c-7a07-4417-adaf-0a3f199ba726","Lower Indira Nagar Stop","lower indira nagar stop","VIT College","vit college","2026-09-13T03:15:00.000Z","OPEN"
"cadd756c-a56d-4559-bd02-315662f6d2fa","7a49978a-5b30-4a61-89ea-d655c3a89110","Kashinath Patil Nagar Stop","kashinath patil nagar stop","VIT College","vit college","2026-09-14T02:30:00.000Z","OPEN"
"524fd6ba-a51f-4575-bfdd-e19cb64f578c","797bc6e5-c2a2-497c-bf6e-087c71a1d8b5","Upper Indira Nagar Bus Depot","upper indira nagar bus depot","VIT College","vit college","2026-09-15T02:45:00.000Z","MATCHED"
"cf1f232d-99fe-487a-b6cc-7cf5c572bb96","5ab9a35e-6ac7-4156-95ae-cc1e59bb9fa7","Swargate PMPML Main Bus Stand","swargate pmpml main bus stand","VIT College","vit college","2026-09-16T03:00:00.000Z","OPEN"
"26d38b2f-9bfd-435f-942b-6ca8dde521bf","08c75e3d-df80-427a-b942-864b9136eb2a","Katraj Dairy BRTS","katraj dairy brts","VIT College","vit college","2026-09-17T03:15:00.000Z","OPEN"
"6ad6604a-f3f3-4c35-bce7-c7c558149e95","26f04940-3483-4462-a324-84a3c523c941","Laxmi Narayan Theatre","laxmi narayan theatre","VIT College","vit college","2026-09-18T02:30:00.000Z","MATCHED"
"62253b1b-8e33-43dd-8f6a-c3d66e48f487","0c422408-fcb3-49ec-919b-15b6c943586f","Balaji Nagar BRTS","balaji nagar brts","VIT College","vit college","2026-09-19T02:45:00.000Z","CANCELLED"
"a9ebf6aa-8674-4097-bf07-3e058eeeb91e","25e86fcd-e6f3-4cae-abe5-69da8dc4879a","City Pride BRTS","city pride brts","VIT College","vit college","2026-09-20T03:00:00.000Z","OPEN"
"992e2382-6457-406e-b445-842f9ac7bbf4","c366b16a-709a-4bd5-99f4-4d48e2a64d10","Shankar Maharaj Math","shankar maharaj math","VIT College","vit college","2026-09-21T03:15:00.000Z","MATCHED"
"d28f0d66-7537-4a0d-ae38-2d741674fc28","fc17bde9-8039-463a-b2df-6dd060d08969","Bibwewadi Bus Stop","bibwewadi bus stop","VIT College","vit college","2026-09-22T02:30:00.000Z","OPEN"
"86eb4164-5cb4-4d2e-8d63-ad8a4b07fe51","8fcb293d-bce3-4068-b448-c15533882e86","Bibwewadi Bus Stop","bibwewadi bus stop","VIT College","vit college","2026-09-23T02:45:00.000Z","OPEN"
"5316d790-8afd-4b9f-a636-bc2ce4862268","f34b84c7-eb95-4dff-958a-ef69c608f272","Kashinath Patil Nagar Stop","kashinath patil nagar stop","VIT College","vit college","2026-09-24T03:00:00.000Z","MATCHED"
"a1827d2b-b191-44b5-b7a4-9b72fc83d14b","aa4ac675-15bc-49db-b7fa-84335d28cdc7","Kashinath Patil Nagar Stop","kashinath patil nagar stop","VIT College","vit college","2026-09-25T03:15:00.000Z","OPEN"
"89ba3ff8-15bb-4760-804c-ec4693906ef6","15ef891e-746f-4219-8638-297ada541a3a","Swargate PMPML Main Bus Stand","swargate pmpml main bus stand","VIT College","vit college","2026-09-26T02:30:00.000Z","CANCELLED"
"e9de6212-f5db-44d8-a88a-59873ce8a34b","11e76d6b-888c-4c86-a3f2-2d4bab255598","Katraj Terminal","katraj terminal","VIT College","vit college","2026-09-27T02:45:00.000Z","MATCHED"
"ca7b1d2a-22ad-42e7-bd7d-0371ceedc6ac","65caf2f5-0b5e-452f-a096-f7f73ba694f9","Laxmi Narayan Theatre","laxmi narayan theatre","VIT College","vit college","2026-09-28T03:00:00.000Z","OPEN"
"b4f301df-b968-46b0-a6af-e1e148bc12fc","969131e9-4cc6-483d-82f8-990f056d6c5a","Bharati Vidyapeeth","bharati vidyapeeth","VIT College","vit college","2026-09-29T03:15:00.000Z","OPEN"
"5a1aac45-ffe0-47d1-acb1-fcd0e4a587f5","2b79909a-3fc7-4286-93ba-521d9aa64a8f","City Pride BRTS","city pride brts","VIT College","vit college","2026-09-30T02:30:00.000Z","MATCHED"
"179cf5c0-ee64-427e-93a3-8e4b93c0f035","30e63cfd-4d4a-41f2-9c08-fe7bb0c7d4b0","KK Market BRTS","kk market brts","VIT College","vit college","2026-10-01T02:45:00.000Z","OPEN"
"12e4e2b0-a012-42be-981f-52eb05355531","5468079d-9fdf-4eb9-9b29-ed8a7c650d7c","Bibwewadi Bus Stop","bibwewadi bus stop","VIT College","vit college","2026-10-02T03:00:00.000Z","OPEN"
"c98c1189-f4de-4fc1-b110-2fffeb658b42","2cb66b98-63d0-4a21-a9ed-c884d238b71c","Market Yard Corner","market yard corner","VIT College","vit college","2026-10-03T03:15:00.000Z","CANCELLED"
"bbae63e4-81f6-4cdc-a390-df24a25069bf","95204930-6f62-4024-8493-801a30e46f1a","Kashinath Patil Nagar Stop","kashinath patil nagar stop","VIT College","vit college","2026-10-04T02:30:00.000Z","OPEN"
"9e346da2-80fe-4fd3-a0f8-33856af0569e","d04ea078-3e78-494d-83a0-92fee39d6bb7","Lower Indira Nagar Stop","lower indira nagar stop","VIT College","vit college","2026-10-05T02:45:00.000Z","OPEN"
"09800250-4131-404e-8599-200ab8451b3e","39147f90-fbda-49de-88ec-5fe656c0d7b4","Swargate PMPML Main Bus Stand","swargate pmpml main bus stand","VIT College","vit college","2026-09-06T03:00:00.000Z","MATCHED"
"98b75cb4-9db0-4cb9-aeab-3f92f3981ef9","d79a63da-78e9-4b42-a5b3-c04b428ae1c7","Upper Indira Nagar Bus Depot","upper indira nagar bus depot","VIT College","vit college","2026-09-07T03:15:00.000Z","OPEN"
"6980cbad-7994-4d58-9400-a8fdf50043b3","fbd59ae5-86aa-4b7c-b82b-b7c0b9d357a3","Laxmi Narayan Theatre","laxmi narayan theatre","VIT College","vit college","2026-09-08T02:30:00.000Z","OPEN"
"1f536e5e-c3ed-4dce-a033-f041f9ddd8a0","666980bd-8e4f-4f8c-8b8f-e0c3b08af505","Katraj Dairy BRTS","katraj dairy brts","VIT College","vit college","2026-09-09T02:45:00.000Z","MATCHED"
"1c3060ec-9f08-423a-a367-5e5c823fbfde","523365f0-54d7-48ce-b828-50e1b0a2737e","City Pride BRTS","city pride brts","VIT College","vit college","2026-09-10T03:00:00.000Z","CANCELLED"
"890534a6-ddb0-41ae-9b52-7b7bd9e0bc41","7a6f894d-c3ee-4aa4-a5c8-b62bdfa18164","Balaji Nagar BRTS","balaji nagar brts","VIT College","vit college","2026-09-11T03:15:00.000Z","OPEN"
"0d102420-7e09-49a6-bc3e-6dfc39b37ee1","20b672de-a2b7-4ee4-8a1e-2dd98d7a3278","Bibwewadi Bus Stop","bibwewadi bus stop","VIT College","vit college","2026-09-12T02:30:00.000Z","MATCHED"
"e8768fa0-3d32-4ab1-9eac-932da2033745","f0c7e0ed-5ec8-43e2-aabe-d0c93c5234e3","Shankar Maharaj Math","shankar maharaj math","VIT College","vit college","2026-09-13T02:45:00.000Z","OPEN"
"a063b029-f581-45f6-92e9-1392aca0c6cb","2c463203-2185-4bb6-ac9c-dbf4b358d3f9","Kashinath Patil Nagar Stop","kashinath patil nagar stop","VIT College","vit college","2026-09-14T03:00:00.000Z","OPEN"
"2c2fd094-3242-4772-b8e0-f3cefb4c2909","a1ef1ce8-9cb0-499a-bca0-636d395b8e27","Bibwewadi Bus Stop","bibwewadi bus stop","VIT College","vit college","2026-09-15T03:15:00.000Z","MATCHED"
"3c3ad783-3c6d-4bbd-8744-5c8a59a3a9e1","9907b9e1-2eaf-4019-b6c3-d17953880b08","Swargate PMPML Main Bus Stand","swargate pmpml main bus stand","VIT College","vit college","2026-09-16T02:30:00.000Z","OPEN"
"82308fb6-8c74-4535-8cb5-4222f417f4e7","b5e29269-7643-45b9-ac7a-a2ccd2b93983","Kashinath Patil Nagar Stop","kashinath patil nagar stop","VIT College","vit college","2026-09-17T02:45:00.000Z","CANCELLED"
"9f65e3d2-992f-4858-afaf-37b4c3b8ef7b","ef881127-bf53-4e44-ac88-4d08e32ca7a0","Laxmi Narayan Theatre","laxmi narayan theatre","VIT College","vit college","2026-09-18T03:00:00.000Z","MATCHED"
"32238c95-8ba5-4c1c-9d17-3816f858fc4b","3a674059-212e-43b5-bfeb-fc6ed59e20f7","Katraj Terminal","katraj terminal","VIT College","vit college","2026-09-19T03:15:00.000Z","OPEN"
"71d9c6ea-3692-460b-8a19-3a724ba40434","6871daa5-011a-4255-a4bd-29f490afb889","City Pride BRTS","city pride brts","VIT College","vit college","2026-09-20T02:30:00.000Z","OPEN"
"4a1b0ea9-2636-4b03-b7fa-3e5588d9d64f","8fe8486d-63f9-47dc-b19e-cee4aa0ac9c0","Bharati Vidyapeeth","bharati vidyapeeth","VIT College","vit college","2026-09-21T02:45:00.000Z","MATCHED"
"cdd85f43-3eaf-42dc-99fc-3075d2a70519","f69ef11d-7551-4545-967a-f045a72ebb93","Bibwewadi Bus Stop","bibwewadi bus stop","VIT College","vit college","2026-09-22T03:00:00.000Z","OPEN"
"94a5a96c-d57d-424b-b228-4af4aae4e9ee","8dcbd23c-4a1c-425e-b9e1-56d690d064a1","KK Market BRTS","kk market brts","VIT College","vit college","2026-09-23T03:15:00.000Z","OPEN"
"1e3e490b-aa25-4d71-b4bd-d639b25b1e21","edb3c65f-3d50-40e9-9a77-b8be3c596e3d","Kashinath Patil Nagar Stop","kashinath patil nagar stop","VIT College","vit college","2026-09-24T02:30:00.000Z","CANCELLED"
"dc317fdd-f758-4a3a-a758-1e238d78a2d0","24d2a11e-ee6c-4f5b-80ff-7fb9eb39ac32","Market Yard Corner","market yard corner","VIT College","vit college","2026-09-25T02:45:00.000Z","OPEN"
"8f729651-e12d-4364-b2b1-a3271d733799","fd00b702-8bbe-4108-ab3e-1e21ba029f40","Swargate PMPML Main Bus Stand","swargate pmpml main bus stand","VIT College","vit college","2026-09-26T03:00:00.000Z","OPEN"
"8d7c6783-82b9-4d93-813b-3ffa0eace04e","5ac71c5e-4117-49f2-9551-e2487ee014ca","Lower Indira Nagar Stop","lower indira nagar stop","VIT College","vit college","2026-09-27T03:15:00.000Z","MATCHED"
"d0e4e0e8-a094-4422-8cd6-4d1a2610c6aa","420b1194-1446-4c01-a90b-9ad6313738f8","Laxmi Narayan Theatre","laxmi narayan theatre","VIT College","vit college","2026-09-28T02:30:00.000Z","OPEN"
"520a7041-de01-4e42-9a2b-12294658c153","4c3a0823-a2f6-449e-a285-51b92ef1ef89","Upper Indira Nagar Bus Depot","upper indira nagar bus depot","VIT College","vit college","2026-09-29T02:45:00.000Z","OPEN"
"6c32b0a7-fc9a-4e32-9c7d-1f8e352b75db","0c95fe70-a0ca-4d73-8f55-0b0e62001fb9","City Pride BRTS","city pride brts","VIT College","vit college","2026-09-30T03:00:00.000Z","MATCHED"
"a9a4fdca-0c65-408f-92de-47d9ebead0c8","2611b03a-dd3f-4f47-9599-e17430f77e92","Katraj Dairy BRTS","katraj dairy brts","VIT College","vit college","2026-10-01T03:15:00.000Z","CANCELLED"
"39a609db-7566-400d-a94c-66425dff7b3a","3e9526f5-f65f-4da1-a2b1-553ce23973f7","Bibwewadi Bus Stop","bibwewadi bus stop","VIT College","vit college","2026-10-02T02:30:00.000Z","OPEN"
"cfacb0a2-140e-4394-ab42-8d8254c0fe15","ec928319-dcb1-4ffc-9713-393fac2f402a","Balaji Nagar BRTS","balaji nagar brts","VIT College","vit college","2026-10-03T02:45:00.000Z","MATCHED"
"673453ab-f763-47e5-942a-82bccd46c6f0","e36d6950-fda1-4e0a-b9a4-3109c1ef3afd","Kashinath Patil Nagar Stop","kashinath patil nagar stop","VIT College","vit college","2026-10-04T03:00:00.000Z","OPEN"
"19eba3e7-6b49-447a-9479-22f20743f640","1c8d0824-69a8-4346-9507-05d4a6013c68","Shankar Maharaj Math","shankar maharaj math","VIT College","vit college","2026-10-05T03:15:00.000Z","OPEN"
