"rating","comment","id","rideId","reviewerId","revieweeId","createdAt","updatedAt"
"1","The driver did not arrive at the pickup hub.","78c422db-63bb-462d-b8ce-d9bdf3f4f921","a3e970e9-75ee-4f20-9165-255a51a84ca8","f256e949-f4e4-4ba3-8ea9-d6a3d0ba8526","abc3a47b-8ad1-4b85-9c68-7d9ca2c6091e","2026-08-10T09:49:00.000Z","2026-08-10T09:49:00.000Z"
"3","The ride was acceptable but could be more punctual.","ebe6b5bb-fc2f-4c8d-b5e7-9119031f00e0","2c93da10-5ccc-4b4f-b9be-663dbc43be74","a85fce63-b4a4-4d71-9d87-2fb5e4653681","0195616c-ec89-4a4d-8990-b9d0d41435fa","2026-08-10T04:40:00.000Z","2026-08-10T04:40:00.000Z"
"5","Smooth ride and reached campus on time.","7034ae0c-ba4f-4360-ac2b-66005b501420","c94642e2-10f3-48f6-badb-f7cb639224cd","6c3f7adf-4f2a-4914-ba78-8b1548f14a1a","96f0bff7-4a51-45fe-924a-7fd40bd96af0","2026-08-12T04:48:00.000Z","2026-08-12T04:48:00.000Z"
"5","Smooth ride and reached campus on time.","d325c5ba-be0f-4251-9546-c2e1d58e36be","ac13c8ae-3f73-4440-bc4f-791d0d7630f4","2e0f5d10-9fa3-4578-9046-adc52e9f52d6","dbffce9e-93ca-460b-a2e6-fec327ae8a6e","2026-08-14T04:43:00.000Z","2026-08-14T04:43:00.000Z"
"2","The ride was delayed and communication was difficult.","73f1b5e0-b9db-4e6d-9e66-57f11aa5b3b7","8c70b215-94c9-4465-96d0-72dafdb7fecb","df718002-b68d-406f-af02-b7ebdc19dfaa","6767d864-c164-421c-8b90-0f29abc5af41","2026-08-21T09:08:00.000Z","2026-08-21T09:08:00.000Z"
"1","The driver did not arrive at the pickup hub.","7c81ebc8-fca2-4bb2-a203-34987fed5eb1","e740fbe6-08b2-48ab-9ea5-fdea46ba33a2","61b7de30-6ccf-41d6-881f-85e56e865717","8005e16b-eaf8-45be-b4d8-a5fcd5431201","2026-08-24T05:06:00.000Z","2026-08-24T05:06:00.000Z"
"3","The ride was acceptable but could be more punctual.","1b7ab366-2b78-4403-bfa7-63ccee7ecdcb","5f011875-d174-456e-8e7f-72ee59c5e164","acb16d87-c821-4f83-a7a0-8733496f99be","e0bd240d-0573-4a8a-830a-c46264dbd855","2026-08-25T07:41:00.000Z","2026-08-25T07:41:00.000Z"
"4","Friendly driver and a mostly smooth ride.","f4d33625-34fb-45ba-905f-46edf4f01cc3","409dc43c-6d61-425a-9ad3-6cf9f3497009","53329683-b608-43d8-93dd-40f75fc7d319","b8ece9b4-d515-405a-952d-1ccdc242c410","2026-08-28T07:14:00.000Z","2026-08-28T07:14:00.000Z"
"5","Smooth ride and reached campus on time.","a46f010e-0fc0-449c-801c-bb42611d5e55","a9f57098-6b56-47c2-a905-943792856563","c366b16a-709a-4bd5-99f4-4d48e2a64d10","7b50af0a-e87a-4600-b547-06ff9da50ada","2026-08-31T07:00:00.000Z","2026-08-31T07:00:00.000Z"
"3","The ride was acceptable but could be more punctual.","f9cdab4d-c195-4b19-9cbd-0c86611012a7","f519bf84-2469-4645-94a5-4b64c74736be","e16a421d-031b-47d3-936b-9d6bed68b285","e443e68b-7cb4-4260-8ec6-64c485de79d5","2026-09-04T07:46:00.000Z","2026-09-04T07:46:00.000Z"
"2","The ride was delayed and communication was difficult.","588d2f6b-b852-4beb-9265-7f35fdefa014","ca529453-1096-4d6d-b73c-844960b24c84","d04ea078-3e78-494d-83a0-92fee39d6bb7","697c28b3-7690-4ffd-bfa8-c30e27f63214","2026-09-07T08:45:00.000Z","2026-09-07T08:45:00.000Z"
"1","The driver did not arrive at the pickup hub.","1dcfa76a-d759-40cf-b9a0-cdda063ed7ae","6cbc24c9-997a-4575-8f50-74a63c8817db","20b672de-a2b7-4ee4-8a1e-2dd98d7a3278","b2f0c20b-d66e-41c9-b60f-6562ae71b956","2026-09-08T07:40:00.000Z","2026-09-08T07:40:00.000Z"
"5","Smooth ride and reached campus on time.","94c993c9-b761-4b9d-85a4-b8e70aa3a014","d4d9d3bf-e1ec-4b6c-8fd1-77e5c98c2dfc","e0a60ad9-cc73-4c06-a3f4-008b5f55a00b","fc8036f4-d3bf-49ee-baff-431b84d612ea","2026-09-09T05:57:00.000Z","2026-09-09T05:57:00.000Z"
"3","The ride was acceptable but could be more punctual.","8d0eb2d0-70e7-4d5a-98f7-fa968fe21ead","78c3715a-e0d6-4e72-8e78-0812a9f0dc30","aa992245-dc20-4688-8711-279522417636","2d02ada0-aefc-4d76-9f2f-c57bee3201ac","2026-09-10T11:03:00.000Z","2026-09-10T11:03:00.000Z"
"1","The driver did not arrive at the pickup hub.","72fcce67-7a48-45bf-a751-8d8f144846df","80d22281-505f-4704-b42a-1fb05dcf59f6","b4c86de6-995d-4335-a3bb-265de522aecf","afabde80-8412-4536-8a7d-443441b6329d","2026-09-15T03:43:00.000Z","2026-09-15T03:43:00.000Z"
"5","Smooth ride and reached campus on time.","ee9a8fdb-d81f-403b-aaa2-ee782163ecce","95daa436-49ea-4a26-ae45-05b68c07a3c6","c9ab0de5-362b-43a7-9367-b620469096dd","6c3f7adf-4f2a-4914-ba78-8b1548f14a1a","2026-09-16T08:59:00.000Z","2026-09-16T08:59:00.000Z"
"3","The ride was acceptable but could be more punctual.","a224743b-91cd-4fdd-b45c-d41ac8f6e1bf","505a1ac1-40b5-4652-8fbf-67b3a88f1740","8e8cd61b-b7bc-4aca-9fce-e812388f43cc","15d12fa2-5285-4e19-a290-344ead002d9f","2026-09-21T07:58:00.000Z","2026-09-21T07:58:00.000Z"
"1","The driver did not arrive at the pickup hub.","f77adccc-f105-4611-b6bf-f914c6e9bfc3","78ab243a-4567-42f8-baa5-d6fb3f981e4f","8574ead2-c80a-462a-8ad9-5f880cff1bd5","e977337e-9b7d-4b79-9851-7a31a276eaf5","2026-09-22T13:12:00.000Z","2026-09-22T13:12:00.000Z"
"3","The ride was acceptable but could be more punctual.","adcf0748-02e5-4dd8-aa17-b66c1d9bd3fd","f49031a7-61f3-4710-8dca-29a16eb403d0","93fc6c87-52d4-41ea-a349-e5ddc835fe35","5def974b-b8b4-4ef7-8825-5a50ee6710cd","2026-09-28T08:10:00.000Z","2026-09-28T08:10:00.000Z"
"3","The ride was acceptable but could be more punctual.","82ee1e5d-69c6-42c7-bc7f-a0b5e75f2d63","7d02b32f-7429-403a-8b78-9abb2743d54c","c1485f8d-0ff6-4d51-a3fe-b9cc726fcca1","0234ea7e-b8a5-4a4f-8b12-eb48fefff06e","2026-09-29T08:20:00.000Z","2026-09-29T08:20:00.000Z"
"4","Friendly driver and a mostly smooth ride.","2d3a01a2-05f1-4cea-894b-ea71591245ae","1b3f6749-f0ae-4234-8f8a-04caf7f11e60","adfaa168-2d4e-439d-b336-2a1e0b068a71","29bb8b65-a83a-4f6b-b7c4-0a86fd9b82a1","2026-10-01T07:37:00.000Z","2026-10-01T07:37:00.000Z"
"4","Friendly driver and a mostly smooth ride.","7f8a027e-ba20-41f6-826d-18e4ff3a7d18","36b2c460-a1cd-457c-92fe-8f2b55f34de3","bc632420-5e50-4e7f-82f8-381b3e8cb729","c283b8d4-e85f-4f55-a686-461ce166d95c","2026-10-02T12:32:00.000Z","2026-10-02T12:32:00.000Z"
"2","The ride was delayed and communication was difficult.","f26e2fd6-e83a-41d7-ae89-4d8954288189","49077169-77dd-4c65-bdc5-b78766d672c2","48157b16-b775-431a-954d-8b033f391056","8d2bb992-3062-4ae3-b2ae-9d47074dec68","2026-10-06T10:37:00.000Z","2026-10-06T10:37:00.000Z"
"2","The ride was delayed and communication was difficult.","8d527da6-0570-4b40-962c-e4b5339b9529","51804ff0-732e-4f33-9d16-ce45d3f78ad0","5bfe2107-4596-4e4b-8e28-b4761607f7e9","a2cb33f4-0739-4e42-9665-4bae72ebfb2a","2026-10-12T09:23:00.000Z","2026-10-12T09:23:00.000Z"
"2","The ride was delayed and communication was difficult.","6b1c4053-7a19-4d0e-afdb-09c6e162e12b","b329300e-ced4-4596-85e2-2463a21ba4f9","eb966ee8-6300-4734-85a3-fe051d2fa003","95e5d040-6f8f-43de-b101-0a1abbfde269","2026-10-13T06:29:00.000Z","2026-10-13T06:29:00.000Z"
"3","The ride was acceptable but could be more punctual.","742bcc6a-0937-4d97-913d-d689db4e1bcd","39f52ca3-2357-46c5-a98e-8b35ad97689d","ff4be7d8-c958-42da-b75f-f3df6987f079","fbade199-d957-41f1-9c4b-bef677c6f400","2026-10-16T12:32:00.000Z","2026-10-16T12:32:00.000Z"
"3","The ride was acceptable but could be more punctual.","682f87f7-37a2-48d6-9c34-270dcf0eddd9","6cfcfb66-bb8d-4fd1-8063-a7710b4de356","abc3a47b-8ad1-4b85-9c68-7d9ca2c6091e","ffe56b11-38f8-4fa2-936c-d19021b522b8","2026-10-17T07:26:00.000Z","2026-10-17T07:26:00.000Z"
"2","The ride was delayed and communication was difficult.","9bb0dbe5-198d-4900-8c1b-94bc5f03c25e","b7ff1174-56c9-45b7-b1b5-f94890f4a440","b9d9e60d-de32-4732-8eb8-480e0e81bcbf","3857e3b0-5efa-484e-a045-2777f41b2610","2026-10-22T10:25:00.000Z","2026-10-22T10:25:00.000Z"
"5","Smooth ride and reached campus on time.","d167a109-48d7-4ea9-9ce4-a75f853b289c","40cdaa64-0cc4-4366-91b4-6ad064592b70","15d12fa2-5285-4e19-a290-344ead002d9f","ac0cf495-0f8e-40d8-b476-4ac4d53bdc5b","2026-10-23T06:08:00.000Z","2026-10-23T06:08:00.000Z"
"1","The driver did not arrive at the pickup hub.","71b0b419-789f-4f8a-bf1f-0c631d6d72ab","bf7e7173-707d-409a-bb59-ec2ffaf87c16","e0ad93ac-7350-43c7-be63-6b8925810342","24be40cc-fd8a-4efb-95f0-6ec1a107c563","2026-10-29T06:21:00.000Z","2026-10-29T06:21:00.000Z"
"1","The driver did not arrive at the pickup hub.","919b10c8-7382-4eed-94e0-a7f3440811eb","e9bf46ef-8967-4464-94e3-2bb4e3e3b2e4","3a8f1c12-2394-4eb5-8694-7152af59c7d0","7d4898cc-54f3-4bd1-b9da-b31ff1cb26c3","2026-10-31T07:35:00.000Z","2026-10-31T07:35:00.000Z"
"4","Friendly driver and a mostly smooth ride.","003f28a0-9156-47e1-9df5-00e2406e5d8e","bc79fdd2-1cc0-4c64-be42-1c9072fc1859","443d0a1a-c4da-4cf7-9517-4c02de0dff9c","e0ad93ac-7350-43c7-be63-6b8925810342","2026-11-02T10:47:00.000Z","2026-11-02T10:47:00.000Z"
"1","The driver did not arrive at the pickup hub.","8816eac9-2692-41e6-b39b-7951fc28a67f","4c1da699-4a95-4e14-9e46-fd8dcda4c5d3","fa4b13bc-6768-4b5d-843e-2b8836ed9113","c3c94b51-2803-4c25-9e1e-bbe1eb6386cc","2026-11-04T07:49:00.000Z","2026-11-04T07:49:00.000Z"
"1","The driver did not arrive at the pickup hub.","f2d88c5c-2357-44bb-a605-82bd8b3aa892","10dd458e-25b6-43e5-92b7-c13023c64c59","916eed74-db65-4e11-bce1-ffc16e674a10","6aa130d0-4c4b-48c2-bc80-80079a81385f","2026-11-05T10:21:00.000Z","2026-11-05T10:21:00.000Z"
"1","The driver did not arrive at the pickup hub.","437a1568-c42f-49e5-b6ce-d1ede1a1e433","65fc0765-171e-4768-8f13-83aa789737e0","7f819a59-7908-47e3-8d88-f31823ce6b9f","1f497524-0e6c-424a-94f9-93905b5a9755","2026-08-10T12:37:00.000Z","2026-08-10T12:37:00.000Z"
"2","The ride was delayed and communication was difficult.","62db7fbd-25b1-4f52-915d-3a3e82c6295d","237da348-7907-4718-866e-335cde0139c1","fa8313a6-d0cd-4c89-ac5a-1bcf559767e4","1734859f-c79f-4dfa-95dd-e252c5d669fc","2026-08-14T04:06:00.000Z","2026-08-14T04:06:00.000Z"
"1","The driver did not arrive at the pickup hub.","6a6987e0-6a28-4cc3-b8af-0be3a6720688","3bee09b2-95a6-498d-b915-d3ee887867aa","5b9101ca-8247-4c12-bf7c-68abf2b98166","609a5aa2-e576-472b-ae03-3d339a90c45c","2026-08-17T08:38:00.000Z","2026-08-17T08:38:00.000Z"
"1","The driver did not arrive at the pickup hub.","19462960-7900-471b-9c83-a9270eb36c1a","8515b1ea-25b5-4b79-a405-967ef14578af","95204930-6f62-4024-8493-801a30e46f1a","3a8f1c12-2394-4eb5-8694-7152af59c7d0","2026-08-17T08:59:00.000Z","2026-08-17T08:59:00.000Z"
"4","Friendly driver and a mostly smooth ride.","702ca0cf-4787-4ae0-9eba-f0dd252a2cd4","c49264b1-69a1-495c-9e81-1661b261b3a1","ce05a8a6-09ab-4705-92d1-3f61a51fd69d","73c6ef3d-a748-4db3-bd54-68c614823c0d","2026-08-19T07:24:00.000Z","2026-08-19T07:24:00.000Z"
"2","The ride was delayed and communication was difficult.","7f7acb58-6387-4248-aa3b-073c85609778","02b9654f-0b9c-4c0f-8d0b-7ee75d69869b","b3d23434-7107-4dee-ad1b-eebdb7958392","e7cc1cf8-531c-4ba4-ae07-b3b8c7ed12b4","2026-08-26T09:07:00.000Z","2026-08-26T09:07:00.000Z"
"4","Friendly driver and a mostly smooth ride.","bd6b4681-c32d-4a4c-bdee-29df2d9840f1","219a9f81-23af-4a87-82c9-00103d3c4c10","24d2a11e-ee6c-4f5b-80ff-7fb9eb39ac32","105772de-3e2e-4525-873d-28205793d14f","2026-08-26T04:54:00.000Z","2026-08-26T04:54:00.000Z"
"4","Friendly driver and a mostly smooth ride.","dd22da7c-0714-4411-b760-b144932bae2c","b95d44b1-a000-4708-a130-d08780d6485d","3e9526f5-f65f-4da1-a2b1-553ce23973f7","03dfc805-e814-4e5f-a637-8a041faf9ad7","2026-08-29T13:02:00.000Z","2026-08-29T13:02:00.000Z"
"3","The ride was acceptable but could be more punctual.","96166173-328a-4db7-a69a-ea0cd0637416","68e11ca0-3e59-47eb-8235-9af12559df44","4e00ed27-5fe2-4835-b43b-aad7700f4e90","5c76a658-080e-4482-b7f5-3c04ef99ff4f","2026-08-31T11:32:00.000Z","2026-08-31T11:32:00.000Z"
"4","Friendly driver and a mostly smooth ride.","df1ee3c7-3bfb-48da-9a09-23ef8d0a5659","aef59bda-2e4a-4d2a-a535-36263ae82a38","033a0415-353b-46da-a08f-1e6fb661c073","36ffa906-e6db-4e16-8e9b-e3f24ede715c","2026-09-03T05:51:00.000Z","2026-09-03T05:51:00.000Z"
"4","Friendly driver and a mostly smooth ride.","380bd9ad-f325-4c45-8773-753c6a1be50b","f64767c4-af3a-47be-acc7-3ea11da42274","09fad991-eb28-483c-a92f-412d005f86e1","e163653a-9bbe-4e9d-81ab-acf5fb7c4166","2026-09-04T09:55:00.000Z","2026-09-04T09:55:00.000Z"
"5","Smooth ride and reached campus on time.","16eda27a-5b93-4806-9078-a2d6bda885f6","70f69ca4-d226-4e06-8c3f-95690772183e","c2109785-34d1-4db4-83fd-a38a96ff6385","fa4b13bc-6768-4b5d-843e-2b8836ed9113","2026-09-07T04:41:00.000Z","2026-09-07T04:41:00.000Z"
"3","The ride was acceptable but could be more punctual.","607ffa94-9497-4d5e-a41a-da6118590b98","461e5561-1342-4de9-9f6e-44c7fdcf8d5d","3f9c3912-4b7f-4630-8ee8-ef4328f8653a","8190565d-9fb1-4428-a386-4bb1b2f4fdee","2026-09-09T13:35:00.000Z","2026-09-09T13:35:00.000Z"
"1","The driver did not arrive at the pickup hub.","d011b791-38c4-48eb-9796-1a00da6d2d8f","cb373836-670c-4979-b437-20673338636b","d6e02938-24dd-495b-9cf8-9fdde224b304","e4b9e33a-9380-46ad-8b5f-37aca78f2d78","2026-09-09T03:10:00.000Z","2026-09-09T03:10:00.000Z"
"1","The driver did not arrive at the pickup hub.","0307194e-39ad-4470-b16c-55be0d754086","9580a374-62b1-4eae-bcd0-ac7f6a06f671","165aff37-2b73-412f-8558-09a275acac4f","61b7de30-6ccf-41d6-881f-85e56e865717","2026-09-10T11:43:00.000Z","2026-09-10T11:43:00.000Z"
"4","Friendly driver and a mostly smooth ride.","fba86a53-81fc-4ed1-b9dc-b1e556cb6437","9545e0e9-642e-4404-a573-e92a596150aa","46c4f251-86ea-4605-9b4a-0a7b31ba73c3","ae43995b-0b10-49a4-a37e-36a29c7b89fa","2026-09-14T06:37:00.000Z","2026-09-14T06:37:00.000Z"
"3","The ride was acceptable but could be more punctual.","dea3539e-d203-41f1-accf-e9de0eff5fa1","71ad94f4-57f7-4fac-817a-5a2a1cb72cad","e3132854-383b-4d80-b4f9-344261841ff2","2139d70e-ad87-4ff0-985d-00ddaa9d1f33","2026-09-14T10:14:00.000Z","2026-09-14T10:14:00.000Z"
"3","The ride was acceptable but could be more punctual.","4e475959-ba98-4e5e-9946-995ad7e5ad9a","04d4075a-882a-44da-a10d-859151f3b47c","4f582076-f405-4dad-b185-9ae556fcc905","b13dc47d-8a9c-45eb-9dee-0cc214bf6ab4","2026-09-15T06:58:00.000Z","2026-09-15T06:58:00.000Z"
"1","The driver did not arrive at the pickup hub.","eef81c30-a5f1-4717-9a10-dbb2b8e100fd","d27e67f4-e6a7-4cab-9dd0-1692b1b0a82a","df141c8b-23ed-41b3-b69d-5959a4d5207e","f1320520-f547-4abc-be6f-66bd5f323eb5","2026-09-16T12:00:00.000Z","2026-09-16T12:00:00.000Z"
"2","The ride was delayed and communication was difficult.","9c05d436-5a51-4f06-b634-e02bc362b35b","8ab28b94-da4a-47a7-856e-bb3f911a092f","0ab4c678-1df8-414b-9f8b-66facfcdbc01","916eed74-db65-4e11-bce1-ffc16e674a10","2026-09-21T08:46:00.000Z","2026-09-21T08:46:00.000Z"
"1","The driver did not arrive at the pickup hub.","67c488ab-5100-4277-9973-3b97cc8d6dc2","28fd002f-07f7-4e68-9dad-d29d9248e218","8c232265-ccb7-492a-b875-50ee8bc45208","c36606d7-b032-4936-8403-b0f1a43f756a","2026-09-24T04:19:00.000Z","2026-09-24T04:19:00.000Z"
"3","The ride was acceptable but could be more punctual.","c737f8b2-051f-4780-a88e-a6ce9db938a9","994d541c-a0d6-4253-adf5-dee93277ee0d","4bc51cf7-3d71-496c-b2e9-01f1fd8c725a","917b003b-c912-4ed9-afb7-f7eba33fcb14","2026-09-25T07:15:00.000Z","2026-09-25T07:15:00.000Z"
"2","The ride was delayed and communication was difficult.","29ec5f85-dad1-48ea-a399-56046702ee4d","c6b6ec8c-fa82-4bc7-811e-2d6a2e654539","4cc1b8ef-4224-4c25-a72f-a96bb3963a45","fb85cd08-9134-4e91-ad82-1bf40b5e18fe","2026-09-30T07:15:00.000Z","2026-09-30T07:15:00.000Z"
"3","The ride was acceptable but could be more punctual.","0643b4bc-8506-4741-9cbd-37004f025ff0","4b43287c-b8d6-4144-801f-8fc738d1f660","ce3592dc-d951-4134-a2cd-52dbc233a3f4","7a49978a-5b30-4a61-89ea-d655c3a89110","2026-10-01T08:18:00.000Z","2026-10-01T08:18:00.000Z"
"1","The driver did not arrive at the pickup hub.","e7f3c718-7f6c-4eb0-b017-718d5b617a84","2663d3af-98fe-4997-a9a5-c2079a3eb8e3","a6724b4c-1f36-4019-9072-772bbdeeca30","08fe57ab-1152-4527-a359-68c4e78e68d5","2026-10-02T09:01:00.000Z","2026-10-02T09:01:00.000Z"
"4","Friendly driver and a mostly smooth ride.","ff3d781a-9053-4762-8772-727319b4f4e9","60c3d7e5-9d4d-4553-87ac-9b1142f3ef9f","2d02ada0-aefc-4d76-9f2f-c57bee3201ac","669af901-6937-4b2d-a11b-46de7e09eced","2026-10-03T04:09:00.000Z","2026-10-03T04:09:00.000Z"
"2","The ride was delayed and communication was difficult.","f47023c1-d722-498e-b0ff-ffcef7db4434","abd4cbef-dd87-4896-8b4d-0e1f2563b91f","71cd4f7b-3e01-44d7-9657-d28c4544f992","7f819a59-7908-47e3-8d88-f31823ce6b9f","2026-10-06T07:06:00.000Z","2026-10-06T07:06:00.000Z"
"1","The driver did not arrive at the pickup hub.","27f90c69-d917-4d65-955f-2bb402cbf6a6","07b55c01-5682-4721-8b66-2b08d0c5c419","29bb8b65-a83a-4f6b-b7c4-0a86fd9b82a1","08cf7a8e-ecd3-4df0-8139-226218b0981a","2026-10-06T11:04:00.000Z","2026-10-06T11:04:00.000Z"
"1","The driver did not arrive at the pickup hub.","283274d7-c107-4bcb-9edc-1f2aad517423","c982b386-100e-4b39-9d32-15aa2528aadb","ada304c3-1114-48bb-bacb-69446eecee2a","53329683-b608-43d8-93dd-40f75fc7d319","2026-10-08T11:52:00.000Z","2026-10-08T11:52:00.000Z"
"3","The ride was acceptable but could be more punctual.","812c91b8-8c15-4871-bf7e-833961ab02b3","8d0dd793-8e37-43a1-bac8-aa697bd633ce","3857e3b0-5efa-484e-a045-2777f41b2610","984e14a4-a27e-416c-9397-0cf2fb53101f","2026-10-09T05:24:00.000Z","2026-10-09T05:24:00.000Z"
"1","The driver did not arrive at the pickup hub.","e964ec9d-86e1-444f-b113-b66ba3f3157c","3ac9de7e-bec1-42f7-8fa9-65df107e439c","c4023d4b-7895-4d6b-ba0a-7cbce21340b7","364c0441-918b-402a-a77c-fc9446ad8d71","2026-10-14T10:30:00.000Z","2026-10-14T10:30:00.000Z"
"5","Smooth ride and reached campus on time.","dd68fdf1-6b08-436e-b4cf-868cde241241","dae7abf9-1dea-47a8-a3e3-3baccf480ef5","917b003b-c912-4ed9-afb7-f7eba33fcb14","481621b5-ffcf-4751-b9e2-151c0182f97a","2026-10-19T07:28:00.000Z","2026-10-19T07:28:00.000Z"
"2","The ride was delayed and communication was difficult.","b9c7aa45-146e-4cb1-9a28-70e9468e03ff","ba1e12e2-9eb9-4b6c-a607-fc906828f215","0c422408-fcb3-49ec-919b-15b6c943586f","1de804a1-1c04-4d9b-88a6-03aa475b2f23","2026-10-21T04:45:00.000Z","2026-10-21T04:45:00.000Z"
"3","The ride was acceptable but could be more punctual.","7b6095a5-ddf4-43d6-a5e7-ba1fd9078a8a","0c045a71-d9cc-43be-9b09-97b1a3968080","ff933861-ecae-470a-9ee4-3663e749fdbc","b1b24393-ed6c-4074-a261-01b7aa240011","2026-10-26T08:27:00.000Z","2026-10-26T08:27:00.000Z"
"3","The ride was acceptable but could be more punctual.","dd8b65d8-eb72-403f-a6f0-fde0bcf35540","fde6ff47-b7a0-4c75-9ca8-424f0aea8b8a","d022c9ae-ee6b-4085-b2c1-11a5c9e6c784","8fcb293d-bce3-4068-b448-c15533882e86","2026-10-29T09:04:00.000Z","2026-10-29T09:04:00.000Z"
"2","The ride was delayed and communication was difficult.","b9d62232-a9c5-45ae-be16-e1d87d25bf67","a9e80342-6cec-42ba-b981-0e229d2d5046","1386d7bb-79eb-4e36-b78d-7ac74357b589","f34b84c7-eb95-4dff-958a-ef69c608f272","2026-11-02T05:23:00.000Z","2026-11-02T05:23:00.000Z"
"5","Smooth ride and reached campus on time.","7fecf667-32c7-49fe-acf7-514227151775","acf93cf4-9e54-4569-887d-4289bedf6b9c","bf4c6c59-6b96-40c9-9575-8528b27b985c","6279cde7-2c2c-4986-a9a4-55039693b818","2026-11-02T07:36:00.000Z","2026-11-02T07:36:00.000Z"
"1","The driver did not arrive at the pickup hub.","2cff5a41-b456-43bf-af05-6879ae3ba51c","e8667c4f-2d5f-42ec-8e58-87839a8d1747","b5e29269-7643-45b9-ac7a-a2ccd2b93983","61a5fb10-8cc3-48db-a009-2fdb4eb9c378","2026-11-03T07:42:00.000Z","2026-11-03T07:42:00.000Z"
"2","The ride was delayed and communication was difficult.","431e66c7-1470-4a39-bf1f-22b4b2ee5655","99f441eb-bb0f-43c9-9137-0a1796ac06ca","91bce675-58bc-4bd2-b962-52dc6f401671","6b38852c-3199-4130-9bef-739d2cbf98cd","2026-11-04T07:07:00.000Z","2026-11-04T07:07:00.000Z"
"3","The ride was acceptable but could be more punctual.","bef8386b-e6ed-4b73-869a-a95d924dae31","214b642e-0f38-471f-a2f5-2ef1c70c23dc","d52bd72b-f975-4a9d-a394-ead49b80912b","c4608e10-532e-42df-b9ca-6399d157bc77","2026-08-10T07:54:00.000Z","2026-08-10T07:54:00.000Z"
"3","The ride was acceptable but could be more punctual.","fc1e180c-a56c-44c8-ad50-b106a153ced5","892e5adb-bb66-43ba-b497-55611d3ffa6e","2611b03a-dd3f-4f47-9599-e17430f77e92","9c577260-815e-4814-ae42-db071f0604b0","2026-08-10T08:25:00.000Z","2026-08-10T08:25:00.000Z"
"1","The driver did not arrive at the pickup hub.","c2146cf8-1f25-4ca6-859d-d2d0cb1fedaf","f8b3b161-489a-47e1-97f1-0478054aa733","fe0b23a7-80b0-4776-aec0-0e53d369acc1","11e76d6b-888c-4c86-a3f2-2d4bab255598","2026-08-11T08:39:00.000Z","2026-08-11T08:39:00.000Z"
"5","Smooth ride and reached campus on time.","5e3e5d7e-c7b1-4c7d-b9e0-f603f3a0c568","c9abd69a-95fb-4047-88aa-1a4f0b89e684","5b1a8339-482f-4cfd-adca-c91175dce9e8","65caf2f5-0b5e-452f-a096-f7f73ba694f9","2026-08-15T06:06:00.000Z","2026-08-15T06:06:00.000Z"
"3","The ride was acceptable but could be more punctual.","323f6d4a-b091-4e75-bfb6-279fc4f36a0e","02a9338d-3033-411e-9890-d4215b1f489e","71828ca0-ebd4-4211-ba24-a16f7159e15d","e1b6b10d-5653-452d-a57d-24e8752b2f52","2026-08-15T10:16:00.000Z","2026-08-15T10:16:00.000Z"
"1","The driver did not arrive at the pickup hub.","31562b51-06bb-427d-aa5f-54c853667417","843d409e-ee28-4db1-8b51-6f0676ff96f8","52467296-cc1a-4959-869c-83e18fa9c89e","a53ad219-be12-4a6b-9852-64dfe8aa6236","2026-08-17T05:51:00.000Z","2026-08-17T05:51:00.000Z"
"2","The ride was delayed and communication was difficult.","9a1ee838-7fd5-48bb-8a51-9a0774b395bd","dab37055-85ba-475d-b0f7-35641b127e7e","219ae89a-62d9-41de-a1e7-1597cd661ca8","38d92c3f-f6e4-4c90-add9-6f5ecbcd5bde","2026-08-18T05:48:00.000Z","2026-08-18T05:48:00.000Z"
"1","The driver did not arrive at the pickup hub.","9a47d1ca-386e-407a-9a01-37709ac1553b","03036283-52a2-43ac-8f47-2960e7def183","2e418ffb-eadd-4fa8-bcec-343dbb54e803","2b79909a-3fc7-4286-93ba-521d9aa64a8f","2026-08-20T07:11:00.000Z","2026-08-20T07:11:00.000Z"
"1","The driver did not arrive at the pickup hub.","79119876-248f-4340-8711-24c1521d6775","ead236c5-2b28-4552-9ef6-7359bc6cebe2","4aeb0ba0-1769-494f-8568-1d022bba57f2","5a240b3c-f182-4a30-82d1-ae0f6586bff3","2026-08-24T12:27:00.000Z","2026-08-24T12:27:00.000Z"
"4","Friendly driver and a mostly smooth ride.","087c6858-a222-4338-b6f6-043c568dc303","985b307c-1207-41da-bd03-297623770ad0","67279c91-e351-4505-a0ca-11fce52988a2","9beabcea-410e-43e0-9c0e-c32f2476c785","2026-08-22T07:19:00.000Z","2026-08-22T07:19:00.000Z"
"3","The ride was acceptable but could be more punctual.","b47c335a-73a1-4939-b2cd-5ad6d79e85ee","c37d81f7-cada-4bb7-96c0-550745d2d5c2","0c83d7c7-d302-4b47-8f0b-a78f47b02764","85bed899-042e-4b82-a6ac-e7f8e8652524","2026-08-24T06:43:00.000Z","2026-08-24T06:43:00.000Z"
"1","The driver did not arrive at the pickup hub.","a2818fa5-0fc5-41de-a709-b70badf3f248","e72019a5-1885-454c-ae6a-1db99599b533","689f14ae-a33d-4e68-bcf5-198a44130c16","5b9101ca-8247-4c12-bf7c-68abf2b98166","2026-08-25T07:39:00.000Z","2026-08-25T07:39:00.000Z"
"3","The ride was acceptable but could be more punctual.","5659867d-d05c-4cf8-b691-49c605a14e30","4129545e-a9da-496b-8833-fe612ba9d51d","6749e4f8-e2cb-4c58-93fc-57494a89bdad","5468079d-9fdf-4eb9-9b29-ed8a7c650d7c","2026-08-26T04:06:00.000Z","2026-08-26T04:06:00.000Z"
"2","The ride was delayed and communication was difficult.","caad1af4-7390-4889-a928-f7bb6237a5dd","851a8b7d-f37d-4d07-9a56-8af7bdfa64a6","c483836d-7edf-44cf-a968-8b0306198075","2cabb8ae-b3d7-4c51-8207-1b8fc7300e2c","2026-08-27T10:28:00.000Z","2026-08-27T10:28:00.000Z"
"2","The ride was delayed and communication was difficult.","70f3ff58-cd7f-4024-a3fc-f8096bd69f60","7c840af6-4171-4bcd-bcfb-daf55b13aa67","12ddd1f5-2725-4446-9809-0de923c60573","e16a421d-031b-47d3-936b-9d6bed68b285","2026-08-29T06:05:00.000Z","2026-08-29T06:05:00.000Z"
"4","Friendly driver and a mostly smooth ride.","00a43c00-a52e-4bf0-bfe9-743c09d55d13","b2ad7e38-3eaf-4e1f-bd3a-207f163f0991","cfec5b2a-0d9d-4378-b72b-26a6872f2b3a","61caa1f5-7dee-45a4-964a-8e5ed8b6a158","2026-08-31T05:09:00.000Z","2026-08-31T05:09:00.000Z"
"4","Friendly driver and a mostly smooth ride.","923164a6-842f-4c99-b353-4b5f6af9748d","dfec08f0-d98e-4253-9921-8a8d2f0a104f","f293731d-64c9-4dc8-a30d-f5172ef2ce1e","95204930-6f62-4024-8493-801a30e46f1a","2026-09-01T06:58:00.000Z","2026-09-01T06:58:00.000Z"
"4","Friendly driver and a mostly smooth ride.","c5eecc12-5890-4a7e-9b41-19569077cb7c","93f7539a-51b9-4ec8-a0d5-6e9b125e2c9d","d10309b4-cd0a-44fb-b502-63090cb23495","843078cc-2ea7-483f-83b3-cc8bae6695c6","2026-09-03T06:29:00.000Z","2026-09-03T06:29:00.000Z"
"2","The ride was delayed and communication was difficult.","2e6ba1bd-0b94-43b5-94fd-b21c4c23e910","83792133-906a-4a54-925e-9cf2ffbbd04c","0195616c-ec89-4a4d-8990-b9d0d41435fa","d79a63da-78e9-4b42-a5b3-c04b428ae1c7","2026-09-10T12:07:00.000Z","2026-09-10T12:07:00.000Z"
"5","Smooth ride and reached campus on time.","13954b4c-19e0-471c-a193-1404f081f5ab","1bb0ca9f-7ac2-480a-abe5-64665cad0575","0b95ee62-3f26-4837-bdb3-8120bae0deda","fbd59ae5-86aa-4b7c-b82b-b7c0b9d357a3","2026-09-14T03:15:00.000Z","2026-09-14T03:15:00.000Z"
"5","Smooth ride and reached campus on time.","f88ddec1-ed28-46ab-b685-032fd8826e5b","156cd93a-db1d-418b-a796-dc3c5cb50b91","c2483f77-a251-4434-8d94-6a2c53e2d38e","51e576cc-ab7a-49bd-ad0b-21fda7d2bda2","2026-09-14T10:07:00.000Z","2026-09-14T10:07:00.000Z"
"3","The ride was acceptable but could be more punctual.","51bd37d6-00a5-46a5-9c25-8d746ebb4599","adea95bf-9fe1-4684-ad59-00188f08489f","687e3195-2599-427f-a4e3-990ead4c2985","666980bd-8e4f-4f8c-8b8f-e0c3b08af505","2026-09-17T09:15:00.000Z","2026-09-17T09:15:00.000Z"
"3","The ride was acceptable but could be more punctual.","0e0f4959-98a8-47b0-95fb-1968ebe31b49","4c716616-f7ba-45a6-b4d7-12f375280467","04bfe73e-1142-4d3f-8bbf-57dbee041dd2","ced6df1d-3ee8-4c76-8610-955b666d02b6","2026-09-18T06:30:00.000Z","2026-09-18T06:30:00.000Z"
"4","Friendly driver and a mostly smooth ride.","61793efe-aa31-431e-85ae-a0b45990bf0c","9cc2d8f9-1876-4ae4-98af-98018dcd81af","a2cb33f4-0739-4e42-9665-4bae72ebfb2a","523365f0-54d7-48ce-b828-50e1b0a2737e","2026-09-19T07:15:00.000Z","2026-09-19T07:15:00.000Z"
"5","Smooth ride and reached campus on time.","f2cb6d9f-d234-4d7c-b66c-366913e2aebe","64d96317-728b-4d23-a13f-6ae10f4f1329","e9ac0d57-c267-41a2-84aa-846e6f118304","228adcc3-430e-4eba-ba35-403a9eae4ae6","2026-09-21T12:26:00.000Z","2026-09-21T12:26:00.000Z"
"5","Smooth ride and reached campus on time.","c091d4a3-2682-473c-b328-870f51da1658","7c834078-49c1-4e0a-8841-5baac9295798","40ae73ca-67b2-4b5e-97c1-474a92b2d8d3","7a6f894d-c3ee-4aa4-a5c8-b62bdfa18164","2026-09-25T09:49:00.000Z","2026-09-25T09:49:00.000Z"
"5","Smooth ride and reached campus on time.","1424cdfc-991e-4611-bee3-0fcc5b590128","7e620c50-e782-40ce-ac1b-b7e8d5025931","2df45663-f8d0-4308-b79d-fd6c1ff852c9","1386d7bb-79eb-4e36-b78d-7ac74357b589","2026-09-29T08:08:00.000Z","2026-09-29T08:08:00.000Z"
"2","The ride was delayed and communication was difficult.","ab14e067-2e4a-44b6-b736-66ab2b57c4c6","e579d5f0-50ee-4f65-900e-fe3953746e2b","f64e308c-4a0b-433f-bebb-09536f52d5f4","f0be6e7d-be56-4dae-a215-ca68d901c731","2026-10-01T06:23:00.000Z","2026-10-01T06:23:00.000Z"
"4","Friendly driver and a mostly smooth ride.","08cee504-8eec-4755-9c2b-fe5fb6a75782","5053d06e-fd46-4fda-be75-b06eadee4d35","50ca192e-d3dc-40d0-996b-6eea924c44d8","a1ef1ce8-9cb0-499a-bca0-636d395b8e27","2026-10-05T08:40:00.000Z","2026-10-05T08:40:00.000Z"
"1","The driver did not arrive at the pickup hub.","df55fa80-85eb-458b-b250-f9cbbe8d7fa1","a405d83e-943e-4c22-a878-6d593f4ecb07","aa4ac675-15bc-49db-b7fa-84335d28cdc7","39d3794d-33e3-4ffe-b495-fbaa9d28a26b","2026-10-05T04:55:00.000Z","2026-10-05T04:55:00.000Z"
"4","Friendly driver and a mostly smooth ride.","371b7213-de85-4b37-8299-596b1d843060","534008bb-bb9d-4d43-a19c-55954eca4d94","a7b7dfcb-b36f-4cfc-abf8-afd48e896a75","9907b9e1-2eaf-4019-b6c3-d17953880b08","2026-10-08T05:50:00.000Z","2026-10-08T05:50:00.000Z"
"4","Friendly driver and a mostly smooth ride.","0ec44102-2270-4480-84cd-5c73caa41a5d","8ce4f130-c051-4df3-a29d-391d2149aac5","5468079d-9fdf-4eb9-9b29-ed8a7c650d7c","50b52ef7-937a-4ad7-a6ea-5df63741b351","2026-10-08T12:38:00.000Z","2026-10-08T12:38:00.000Z"
"2","The ride was delayed and communication was difficult.","97198623-73d4-45c2-b7a6-e3d0f0b0f8ed","4c74c905-796e-4af0-a90e-10a8fbd87d68","037ed347-fb73-4043-a8e2-c7edc58d6dac","aa992245-dc20-4688-8711-279522417636","2026-10-09T08:54:00.000Z","2026-10-09T08:54:00.000Z"
"5","Smooth ride and reached campus on time.","4962ea3f-085a-4e95-8b3b-eb8a87c94b27","e85f858f-3e89-47d7-b09d-2bdd21c63625","9907b9e1-2eaf-4019-b6c3-d17953880b08","694401c9-b4fa-4309-b22d-16609d61782c","2026-10-15T09:24:00.000Z","2026-10-15T09:24:00.000Z"
"3","The ride was acceptable but could be more punctual.","8c62911f-8524-4383-8033-1011d7b26160","dc2c56c2-eb8a-4210-8e60-bcede454c7a4","0da0c5dd-c04a-461b-bdd7-3d9daceaa0ff","3a674059-212e-43b5-bfeb-fc6ed59e20f7","2026-10-17T09:26:00.000Z","2026-10-17T09:26:00.000Z"
"2","The ride was delayed and communication was difficult.","7694d509-19f9-425d-b4cd-8882c80c511c","af797ae8-5cf3-4024-ab53-aef9bc4e8ec7","d4ebe4da-1cf5-41e9-a052-ad2e992e76f1","b351304c-33e4-4dfa-bbfe-0e46f5cda915","2026-10-19T08:12:00.000Z","2026-10-19T08:12:00.000Z"
"5","Smooth ride and reached campus on time.","fdb701a7-23c5-4b56-b32b-a539616f23cf","c2c38f5d-0d9e-4585-bac4-525d9033ec76","0c95fe70-a0ca-4d73-8f55-0b0e62001fb9","b2a75502-d4ef-429e-8b73-61e440e0983f","2026-10-20T10:17:00.000Z","2026-10-20T10:17:00.000Z"
"3","The ride was acceptable but could be more punctual.","88c07668-d33c-4475-913e-0fea3241a553","3a7eab18-4ccb-4f40-8d3a-92b7140502e0","e1692737-3062-4352-86d9-10ad597efff1","0da0c5dd-c04a-461b-bdd7-3d9daceaa0ff","2026-10-21T07:16:00.000Z","2026-10-21T07:16:00.000Z"
"3","The ride was acceptable but could be more punctual.","f302b7fb-6cc2-445e-a8d8-5a65c2171c52","20492f19-9cf0-4a4b-b9f9-0a047f712444","a8d214fd-de07-4ea1-bae5-557d146f9b27","91bce675-58bc-4bd2-b962-52dc6f401671","2026-10-24T10:00:00.000Z","2026-10-24T10:00:00.000Z"
"4","Friendly driver and a mostly smooth ride.","1ed329fb-53b9-4b34-84bc-48aeda3d9814","885d9b68-9f62-4504-b320-cd39df00b196","4ca5fb96-60cc-461f-9950-c00386ae3d0d","b3d23434-7107-4dee-ad1b-eebdb7958392","2026-10-27T05:34:00.000Z","2026-10-27T05:34:00.000Z"
"4","Friendly driver and a mostly smooth ride.","f3f40004-9c64-44f4-9b4e-8f8904d130a5","2882f12e-3f35-4b3b-ad04-f163fe5380b7","f6bd0cb8-14b6-4983-84a7-6090b75c1bf2","8dcbd23c-4a1c-425e-b9e1-56d690d064a1","2026-10-28T13:02:00.000Z","2026-10-28T13:02:00.000Z"
"5","Smooth ride and reached campus on time.","c88ec1d3-2cfd-42d2-b4ba-de2679fc082e","3a23c523-f2fb-4842-a328-7d147d8d9ca2","89d25526-5e75-4c71-a504-7c0e208f52ae","e448284e-7dcf-4d42-b0eb-1d902bcd1366","2026-10-29T03:44:00.000Z","2026-10-29T03:44:00.000Z"
"2","The ride was delayed and communication was difficult.","42af6089-8912-48d8-99d0-e1e559a8b9df","f82dfe7d-38e0-4ebc-acc5-6d7288963e93","8bcc5330-6b50-4950-bdbf-e5f3a9b775ee","e338d25f-f71d-4949-82c9-72ff79bd50e0","2026-10-30T11:30:00.000Z","2026-10-30T11:30:00.000Z"
"3","The ride was acceptable but could be more punctual.","7df078f4-12d9-4b9c-bad7-91ca81685836","3305a0cb-6348-4dfd-a984-9180665c5bad","d774693a-f4b2-48d7-9848-a02f48110bad","24d2a11e-ee6c-4f5b-80ff-7fb9eb39ac32","2026-11-03T07:55:00.000Z","2026-11-03T07:55:00.000Z"
"4","Friendly driver and a mostly smooth ride.","06f744b8-d53b-449b-9b19-760db927def4","73b567d9-c873-4524-86d9-de9cad1f211c","f7a3a9b0-d919-4111-a000-2b91381aa324","d4ebe4da-1cf5-41e9-a052-ad2e992e76f1","2026-11-04T06:37:00.000Z","2026-11-04T06:37:00.000Z"
"3","The ride was acceptable but could be more punctual.","43b536e9-74b7-4582-b638-44802cc1c4fe","4e6c4d4d-4bd5-4eb8-856e-04ee3c8512da","dabcd5c1-0261-4275-a50f-86ba21a7fb38","fd00b702-8bbe-4108-ab3e-1e21ba029f40","2026-08-08T03:07:00.000Z","2026-08-08T03:07:00.000Z"
"3","The ride was acceptable but could be more punctual.","8b2d3e8f-8939-4aae-86e6-5b583046fa01","777d2dd9-907d-4036-9bf8-794e94c6b55d","5d37ae3a-9fca-401b-81cc-2761fb12b96e","36032724-576b-47c8-a7f3-a44c9abca1ae","2026-08-10T10:54:00.000Z","2026-08-10T10:54:00.000Z"
"1","The driver did not arrive at the pickup hub.","6542e3b2-f339-43f8-9a49-e2123a204de4","082a036b-5dff-41ff-97d7-2c4c01385db0","c6e7cd17-8a26-4b21-bcff-24bc73443535","47fb716c-faad-411e-a3e5-d13e542643c1","2026-08-10T03:28:00.000Z","2026-08-10T03:28:00.000Z"
"2","The ride was delayed and communication was difficult.","832bd676-36be-450f-8106-678ea25ef49a","aa73ed93-d74c-4151-8d2e-53a9a8b20405","ef122acc-af59-49f1-86de-5dc9fd3e25e3","d731dccd-0e69-472d-8310-13e8f5708fe5","2026-08-13T09:12:00.000Z","2026-08-13T09:12:00.000Z"
"5","Smooth ride and reached campus on time.","87727360-a97c-46f2-915d-236404f85e34","07cb54f9-402e-439c-ba9b-69a50f85b1ef","e774b584-0014-4dc8-bc95-1bb5f69d20a3","420b1194-1446-4c01-a90b-9ad6313738f8","2026-08-14T08:10:00.000Z","2026-08-14T08:10:00.000Z"
"5","Smooth ride and reached campus on time.","253e657c-3c9a-498e-8a5e-7875fc1a9d3f","64113ad8-c1b9-410f-9e05-efd756ba2ffc","2b4fe7a0-6432-4448-993d-7b559d10ec1a","d52bd72b-f975-4a9d-a394-ead49b80912b","2026-08-17T07:44:00.000Z","2026-08-17T07:44:00.000Z"
"2","The ride was delayed and communication was difficult.","88e98051-c2b9-4bde-bc54-335a23f70104","e7032ada-8a95-4784-82c5-56fc02ed54f9","2e717694-7d6b-49e8-baf4-53cf8f4fbac3","4c3a0823-a2f6-449e-a285-51b92ef1ef89","2026-08-17T11:06:00.000Z","2026-08-17T11:06:00.000Z"
"5","Smooth ride and reached campus on time.","0c916501-3c94-4cd4-aa91-98f3a53d918b","a67cb91a-08d8-4bd2-9481-d3c540607fc0","9c7182f6-1906-4c8c-b228-eca6a245931d","2bf63d4b-4be8-4a3d-b079-2a7b714b0da3","2026-08-18T05:34:00.000Z","2026-08-18T05:34:00.000Z"
"5","Smooth ride and reached campus on time.","784ff3e0-f543-48ba-a182-2901dfc07356","d5596f61-fb1d-4690-b26e-861d6f0a258f","6767d864-c164-421c-8b90-0f29abc5af41","6d4eadbe-2e7e-4907-9dac-2e7ca825fe4f","2026-08-24T07:00:00.000Z","2026-08-24T07:00:00.000Z"
"5","Smooth ride and reached campus on time.","2b916035-9b57-4dd6-bf48-49736f5a1fdb","fe0ff35c-e4d8-43eb-bb66-8adef99679f5","e443e68b-7cb4-4260-8ec6-64c485de79d5","3e9526f5-f65f-4da1-a2b1-553ce23973f7","2026-08-26T04:10:00.000Z","2026-08-26T04:10:00.000Z"
"2","The ride was delayed and communication was difficult.","0d592742-dbc9-4266-bf06-ef425152ea81","a2df8bae-b220-43a5-90b8-2522bc66f739","aba3000b-d3fe-45b0-93f8-1eb12fe76121","cdec7465-1f6a-4948-bdff-48b43a5e174c","2026-08-31T11:56:00.000Z","2026-08-31T11:56:00.000Z"
"1","The driver did not arrive at the pickup hub.","4b05838f-265a-4273-aba4-c2eb57c935cf","77ace4c3-e753-4f9e-a70e-81645ffd8890","fbade199-d957-41f1-9c4b-bef677c6f400","e36d6950-fda1-4e0a-b9a4-3109c1ef3afd","2026-09-01T03:23:00.000Z","2026-09-01T03:23:00.000Z"
"2","The ride was delayed and communication was difficult.","f8f40498-98fc-4394-8d23-98787c8467b6","80c8daa3-c3ab-448f-8b97-7d9be6874353","ac0cf495-0f8e-40d8-b476-4ac4d53bdc5b","fbb85f19-6812-469a-9a7e-c060b8e1330e","2026-09-02T08:46:00.000Z","2026-09-02T08:46:00.000Z"
"4","Friendly driver and a mostly smooth ride.","2563bdf3-9b85-4974-9609-92de67eb9458","7f608994-54fa-49cd-ad44-ba63a9b8f945","508e57b4-544e-4392-bbd1-17b3a4e613c3","8dc944aa-aca1-45be-a9af-21bd271602d1","2026-09-08T09:25:00.000Z","2026-09-08T09:25:00.000Z"
"4","Friendly driver and a mostly smooth ride.","361a6196-c8d6-40e8-a826-0f742810ee42","02364f96-9af8-47cb-83df-f07d5045526f","17983e48-5904-4312-9f6c-9d6f749c8539","5f049c18-2f70-4261-b271-889d9956d23d","2026-09-11T03:01:00.000Z","2026-09-11T03:01:00.000Z"
"5","Smooth ride and reached campus on time.","19aee81f-eac1-4cd6-8164-b7a0d3915ee5","f266d8db-f4f8-493b-9dc6-a27deba9e0eb","08c75e3d-df80-427a-b942-864b9136eb2a","18da61b6-4b5b-4090-ae04-48fad27b6a3d","2026-09-17T07:02:00.000Z","2026-09-17T07:02:00.000Z"
"1","The driver did not arrive at the pickup hub.","b00c8d73-f562-41de-a1b1-7070a389be03","60c4d276-ee79-4edf-bcdd-fdc356d37b8f","f2ff9e67-5a69-4146-a543-f1fed27fb87a","69158428-13ec-44bc-be1b-661be60211b1","2026-09-15T06:14:00.000Z","2026-09-15T06:14:00.000Z"
"5","Smooth ride and reached campus on time.","da70c47d-8ef7-406c-b555-5e206c22bbb0","f4c827fd-4aaa-4675-9e5a-07fcfe74bca1","f34b84c7-eb95-4dff-958a-ef69c608f272","85802130-aece-4a5c-b091-be9de76fa62e","2026-09-16T08:56:00.000Z","2026-09-16T08:56:00.000Z"
"3","The ride was acceptable but could be more punctual.","e94edd7c-c1cf-4e0d-9dfb-4eb96ec42f4b","06c84b3c-865a-458d-b963-35b8b8e145b7","a53ad219-be12-4a6b-9852-64dfe8aa6236","f6c03d6c-620f-48f6-af10-83f362b1c35a","2026-09-18T11:40:00.000Z","2026-09-18T11:40:00.000Z"
"5","Smooth ride and reached campus on time.","057b08ee-7c89-4e16-8bf8-85c48b9d3018","b56f8db3-a5ea-4a98-8fd2-6eae9e7c7a64","30e63cfd-4d4a-41f2-9c08-fe7bb0c7d4b0","8e8cd61b-b7bc-4aca-9fce-e812388f43cc","2026-09-19T07:19:00.000Z","2026-09-19T07:19:00.000Z"
"3","The ride was acceptable but could be more punctual.","57cd8a04-f498-494d-bf88-5ca44b13d39a","140474d4-92ac-41bc-ae19-6fb4cc891c2f","61caa1f5-7dee-45a4-964a-8e5ed8b6a158","5b1a8339-482f-4cfd-adca-c91175dce9e8","2026-09-21T08:30:00.000Z","2026-09-21T08:30:00.000Z"
"4","Friendly driver and a mostly smooth ride.","3c892cb4-f604-40aa-8cc4-d776b643d8b3","80791095-ce9c-4a9e-8e12-08e482c12297","be9c6ca4-6ee9-481b-8039-dcc0a742224e","b407e420-bc95-44d7-9048-179efe644dba","2026-09-21T07:36:00.000Z","2026-09-21T07:36:00.000Z"
"3","The ride was acceptable but could be more punctual.","d49d6b3e-5839-47ce-895a-15656b693026","e7c7fac0-f7a5-499b-b364-4d432538e656","a1ef1ce8-9cb0-499a-bca0-636d395b8e27","72a2f2bb-d751-41f3-8634-e09d45e07917","2026-09-25T08:06:00.000Z","2026-09-25T08:06:00.000Z"
"2","The ride was delayed and communication was difficult.","12e75d9b-e096-4b33-a746-90402bf228b8","26e698f3-a297-4a6d-831d-1054ef5fbe8e","4c3a0823-a2f6-449e-a285-51b92ef1ef89","4eb4654f-b132-4610-b82a-80fd5aa524c0","2026-10-01T08:53:00.000Z","2026-10-01T08:53:00.000Z"
"3","The ride was acceptable but could be more punctual.","b7c84da7-1c5c-436d-b983-2d1ac9c9a740","721903fb-06fd-4816-8fe4-1410457eef3c","6d4eadbe-2e7e-4907-9dac-2e7ca825fe4f","1712b652-bce4-4309-8027-92304c9fed8f","2026-10-02T09:12:00.000Z","2026-10-02T09:12:00.000Z"
"2","The ride was delayed and communication was difficult.","f325c009-87a3-4d73-bf82-94bad5ada926","d496eed9-0f73-4a18-b29c-43436e627d88","cb3f3ef2-5ef7-449a-8f63-2d283dcb08cf","8a8524b8-3506-433a-9249-833aa24fb089","2026-10-05T07:42:00.000Z","2026-10-05T07:42:00.000Z"
"1","The driver did not arrive at the pickup hub.","da6a9eef-e7f3-496a-895e-f44cd5f62af3","9105cdb4-1781-44d8-8505-ddf60de543ff","8a8524b8-3506-433a-9249-833aa24fb089","4ca5fb96-60cc-461f-9950-c00386ae3d0d","2026-10-09T10:06:00.000Z","2026-10-09T10:06:00.000Z"
"3","The ride was acceptable but could be more punctual.","ed27ff45-5767-4d70-97e2-0d417052258a","38b44d57-b7d1-4977-b3a5-8c22e66d679a","86105958-87be-4dcd-b670-bf501ca8dcdd","22829531-9959-4ca6-a928-9f36eb4703e1","2026-10-09T08:03:00.000Z","2026-10-09T08:03:00.000Z"
"4","Friendly driver and a mostly smooth ride.","73fab39c-623c-4d3e-ba67-97c79d78f021","746b8ee1-8873-421c-baa5-10176fa1cfb9","5b47c5b4-ec85-43dd-9c75-f074a7d568d2","47cbbcf7-3a62-4033-9a9b-5d2ebe48617b","2026-10-15T11:09:00.000Z","2026-10-15T11:09:00.000Z"
"5","Smooth ride and reached campus on time.","5aab2dd8-8bba-4439-a2eb-cd94ec2dbaa0","6fa49c8f-921a-4914-a10d-b105a8f2ea6f","877fcad2-68c5-48bf-942c-586c3d86867f","81e5312b-7123-490f-977b-7f79504efcd6","2026-10-16T11:33:00.000Z","2026-10-16T11:33:00.000Z"
"2","The ride was delayed and communication was difficult.","6a1fc2d7-94e4-4dee-ad7b-93b7ab016a35","2647b6a0-2031-43c0-906c-792292a85840","926e6fcc-8a51-46f5-85e4-e8eefbfe9ddc","6dbaac16-eca9-4619-9461-cf1f791691ff","2026-10-17T07:26:00.000Z","2026-10-17T07:26:00.000Z"
"5","Smooth ride and reached campus on time.","830a310e-d682-4b9c-bf82-38fde7db2ca3","3e53cd37-6ad0-48fa-bfdb-fe5ff1db5eec","9310e53a-bd9e-441e-911c-031aa1551243","6f3fcde3-7927-4673-8e83-5d19997e04eb","2026-10-20T07:07:00.000Z","2026-10-20T07:07:00.000Z"
"3","The ride was acceptable but could be more punctual.","b2979eed-355b-4519-86e6-0c939f138521","f82a46bb-988d-4b31-ab14-17e83991a52b","eb5a4f04-4ebf-43f6-a099-11c15b1dfbe5","ab1c3a5c-50fe-4a26-b80d-4cd36938d001","2026-10-21T03:49:00.000Z","2026-10-21T03:49:00.000Z"
"4","Friendly driver and a mostly smooth ride.","0081ca6d-47bc-459b-8b04-333d208eb434","5016b04d-54b7-4df8-9aea-d96dc510bda5","8a7e159e-c7d0-49fb-9915-996ec39b4c3f","a0c0f44b-0991-4b2f-8eac-5c0f929d5d9a","2026-10-26T09:56:00.000Z","2026-10-26T09:56:00.000Z"
"4","Friendly driver and a mostly smooth ride.","1efc8807-8cec-4b38-af2c-1af1ada2d3e6","2b96b839-ef3d-4b88-898d-96ad74b9e8d1","b08272f1-2eae-461f-9382-c184fe741279","29ba1c6f-943a-462e-a307-a6c327c39a57","2026-10-27T06:46:00.000Z","2026-10-27T06:46:00.000Z"
"1","The driver did not arrive at the pickup hub.","c1756a6d-d564-42e0-8849-8526f2ce9c2e","f58d712b-7078-477a-b43f-fed9d0ed3ccb","7f81c4c3-c234-4bd0-80d1-215c711a0283","abc3a47b-8ad1-4b85-9c68-7d9ca2c6091e","2026-10-28T09:17:00.000Z","2026-10-28T09:17:00.000Z"
"5","Smooth ride and reached campus on time.","dcc429c3-98bc-496d-846a-7a81fcd43c17","a430118d-8cb5-4b44-85cd-cdf9977b103b","b2f0c20b-d66e-41c9-b60f-6562ae71b956","d3b6bef4-14dc-43ee-b1ea-5df640bff3ea","2026-08-08T04:05:00.000Z","2026-08-08T04:05:00.000Z"
"3","The ride was acceptable but could be more punctual.","af68ef7a-5fe9-44b0-89a2-22fda359f8c4","08c3a1d6-e243-4a53-b251-a83bde67a85b","8d2bb992-3062-4ae3-b2ae-9d47074dec68","62390621-3521-47ba-869a-f822874bb453","2026-08-12T03:46:00.000Z","2026-08-12T03:46:00.000Z"
"2","The ride was delayed and communication was difficult.","54adf1ed-3304-46e6-a7f3-71ccfa7187d3","f117153d-b75c-47d1-947e-f27607f3057a","dbb7296e-eb2b-4e18-9aed-9b61128e1b95","e0bd240d-0573-4a8a-830a-c46264dbd855","2026-08-15T09:01:00.000Z","2026-08-15T09:01:00.000Z"
"1","The driver did not arrive at the pickup hub.","ffa72c74-a70d-477b-9089-960b1bf28bcb","911a32ff-755c-43b4-922c-c51c050bf8e0","c3c94b51-2803-4c25-9e1e-bbe1eb6386cc","f256e949-f4e4-4ba3-8ea9-d6a3d0ba8526","2026-08-17T03:48:00.000Z","2026-08-17T03:48:00.000Z"
"2","The ride was delayed and communication was difficult.","149f3e13-52e2-4b8a-850d-c240ee765a52","cc98cbb9-08a3-45c7-b8a5-e280f4b53054","6cc8d264-2c05-4a80-90d4-2b29b4ccd802","ce3592dc-d951-4134-a2cd-52dbc233a3f4","2026-08-17T12:50:00.000Z","2026-08-17T12:50:00.000Z"
"5","Smooth ride and reached campus on time.","4ef63926-38dd-4b02-a0f4-5d9329da7cbb","d965a0a0-ff46-45b2-8e29-70e0218009fd","105772de-3e2e-4525-873d-28205793d14f","08eb06b4-7805-4b0c-998b-d919358e8b0f","2026-08-19T09:12:00.000Z","2026-08-19T09:12:00.000Z"
"1","The driver did not arrive at the pickup hub.","49fb137d-a09c-4a92-884d-099d9a4a0fa5","dba407b5-fbba-4861-9f88-6ba37756fbdf","e4b9e33a-9380-46ad-8b5f-37aca78f2d78","0b95ee62-3f26-4837-bdb3-8120bae0deda","2026-08-21T13:26:00.000Z","2026-08-21T13:26:00.000Z"
"3","The ride was acceptable but could be more punctual.","b8ed04d2-abae-4ced-b225-19d95e0cf429","6190e8cb-ea61-4828-b3cf-4b3599c9cc1a","f1320520-f547-4abc-be6f-66bd5f323eb5","8100f2b8-79e0-4059-be98-ced465000a2e","2026-08-22T06:35:00.000Z","2026-08-22T06:35:00.000Z"
"1","The driver did not arrive at the pickup hub.","fe94ec3a-a8e1-4473-acaa-26568ca1448c","2064366f-bdb4-4956-a2de-33b98bfbf9dc","c36606d7-b032-4936-8403-b0f1a43f756a","a85fce63-b4a4-4d71-9d87-2fb5e4653681","2026-08-24T12:33:00.000Z","2026-08-24T12:33:00.000Z"
"4","Friendly driver and a mostly smooth ride.","0204c0f6-0c62-41ec-9370-03db6c768806","d1875620-c234-42fa-959e-3c604b96cdcc","f10fac1a-d7f2-4f4e-a8f2-d72fd48b371a","a6724b4c-1f36-4019-9072-772bbdeeca30","2026-08-24T07:47:00.000Z","2026-08-24T07:47:00.000Z"
"2","The ride was delayed and communication was difficult.","74e5585d-47ce-4b1d-ab15-ea61d7aed50c","ad795069-7baf-4a04-a5f9-628dd6a9fa79","d79a63da-78e9-4b42-a5b3-c04b428ae1c7","b9d9e60d-de32-4732-8eb8-480e0e81bcbf","2026-09-04T05:15:00.000Z","2026-09-04T05:15:00.000Z"
"2","The ride was delayed and communication was difficult.","c4bacffb-85b8-409f-b22a-f62becc90a6b","606a433e-0f40-4d84-ad55-6406defd9620","2c463203-2185-4bb6-ac9c-dbf4b358d3f9","6c3f7adf-4f2a-4914-ba78-8b1548f14a1a","2026-09-07T10:39:00.000Z","2026-09-07T10:39:00.000Z"
"5","Smooth ride and reached campus on time.","81d82931-38da-4813-b16d-f70ef3484d64","c98fdecc-4a7d-4a8c-8b10-ffec818c340b","10da92ee-210d-4710-88f2-423a285dd142","687e3195-2599-427f-a4e3-990ead4c2985","2026-09-11T07:06:00.000Z","2026-09-11T07:06:00.000Z"
"4","Friendly driver and a mostly smooth ride.","e908a831-a8b8-41df-af2f-a05978f7ee0e","f1f60433-ebf5-471d-8e6e-71e21191073c","b478ed02-c175-49c9-846a-0e9a7f6aa6be","71cd4f7b-3e01-44d7-9657-d28c4544f992","2026-09-14T11:39:00.000Z","2026-09-14T11:39:00.000Z"
"5","Smooth ride and reached campus on time.","b6c20209-a7fb-4bd5-97dc-1b7e24098629","6da7b5ac-9420-43e8-af06-b77d7cb23a0e","5f049c18-2f70-4261-b271-889d9956d23d","5def974b-b8b4-4ef7-8825-5a50ee6710cd","2026-09-16T10:44:00.000Z","2026-09-16T10:44:00.000Z"
"3","The ride was acceptable but could be more punctual.","ca79061c-b2cc-4c32-a64d-1e037041a979","f12a3aca-116d-4cbd-ab1a-32cf815b1071","81e5312b-7123-490f-977b-7f79504efcd6","29bb8b65-a83a-4f6b-b7c4-0a86fd9b82a1","2026-09-21T03:14:00.000Z","2026-09-21T03:14:00.000Z"
"2","The ride was delayed and communication was difficult.","60c0453c-c965-4f8b-986f-1c4ab5f3c2d9","0fcd948a-4a2f-4957-94a5-e7311856dff2","e57ff715-25a1-426c-97cf-87015c1bf680","c283b8d4-e85f-4f55-a686-461ce166d95c","2026-09-22T11:38:00.000Z","2026-09-22T11:38:00.000Z"
"3","The ride was acceptable but could be more punctual.","9eaff0a0-7af7-44e2-b400-0d3a47497d67","975699cc-0b0f-44a0-a6d5-dcc77d7d78c4","5493fbc0-789f-4b10-8644-f8ec21cd0b14","a7ff8669-7d2a-4462-beb0-0d9e874f1dc8","2026-09-23T06:28:00.000Z","2026-09-23T06:28:00.000Z"
"2","The ride was delayed and communication was difficult.","2aeff868-e7d5-48fa-9c22-67366126cf0e","a45c3567-3df1-48f9-ac25-b6adb65479b1","ef8bce94-feeb-4e53-b72f-1a7c2e5bddf1","dae29690-62f3-4202-8961-05b05ec7dcc6","2026-09-24T08:35:00.000Z","2026-09-24T08:35:00.000Z"
"5","Smooth ride and reached campus on time.","579b3e3e-83fc-41aa-a99f-2ddcdcab9c33","70f42fa3-7d35-498a-8102-aad618602372","9d0ef4fe-a576-4770-9ab1-5eafc46b6be0","8d2bb992-3062-4ae3-b2ae-9d47074dec68","2026-09-28T08:04:00.000Z","2026-09-28T08:04:00.000Z"
"3","The ride was acceptable but could be more punctual.","be725009-5f1e-4bd2-8a93-8f6188558cbf","1e255d12-24ab-4935-972d-9c25b0e3e0ff","3009cc84-1259-4bbc-a108-8462919b7c19","aba3000b-d3fe-45b0-93f8-1eb12fe76121","2026-09-30T07:35:00.000Z","2026-09-30T07:35:00.000Z"
"4","Friendly driver and a mostly smooth ride.","9e122664-2d06-404d-88c5-e07418ee16ca","cff84e6c-216b-40df-bfbc-a1c588ec8d75","21c63f77-2d39-4f11-9e0c-1c7312653c75","b53fb963-29ea-4299-915f-2cf34647fe2b","2026-10-01T05:53:00.000Z","2026-10-01T05:53:00.000Z"
"1","The driver did not arrive at the pickup hub.","22631803-caec-408a-ab11-e7acd6780414","eb5a4db3-c7f8-4c69-8793-f457bcf42d93","c64460b2-879f-4506-882f-92adfc9e63ac","ada304c3-1114-48bb-bacb-69446eecee2a","2026-10-05T07:27:00.000Z","2026-10-05T07:27:00.000Z"
"1","The driver did not arrive at the pickup hub.","bbe673f5-a988-4332-bba7-a88f9447fb1e","997271e6-d097-4602-a6ff-57a38cd3f70d","cd9196d9-a849-4e71-b98a-4e48a614e104","fbade199-d957-41f1-9c4b-bef677c6f400","2026-10-06T12:33:00.000Z","2026-10-06T12:33:00.000Z"
"3","The ride was acceptable but could be more punctual.","2d26f760-b2f5-4f63-8815-e6bff72af277","023e3ba1-cc31-40e1-be46-c65dd5bd31bb","ed18db93-5780-4297-ae97-bbe311886b02","ffe56b11-38f8-4fa2-936c-d19021b522b8","2026-10-08T05:10:00.000Z","2026-10-08T05:10:00.000Z"
"1","The driver did not arrive at the pickup hub.","bac4d0eb-201e-447c-9623-f05209e126b1","917d00e5-0906-4ba0-812c-55bab65705d3","43dd383b-7c2d-4840-8095-5e3518602750","02927b89-ffa8-40e0-963e-2651a35e576d","2026-10-08T11:38:00.000Z","2026-10-08T11:38:00.000Z"
"4","Friendly driver and a mostly smooth ride.","846b0c70-c75b-4137-b597-7a0201943b5c","949a90c6-6e5a-479a-b0ca-4fe5faf16eef","b25e6ea6-d736-435b-aead-e9d0d69b728d","ac0cf495-0f8e-40d8-b476-4ac4d53bdc5b","2026-10-13T07:08:00.000Z","2026-10-13T07:08:00.000Z"
"4","Friendly driver and a mostly smooth ride.","0e149d3b-26e1-414b-808c-3cc4862c1164","0148214e-dddd-4bce-9940-d013463e8bb4","ea3fd43b-e1e5-4d62-a163-dae19fc740bd","bbd2b08c-34a8-4439-a7fa-b253b6a9fe04","2026-10-20T10:23:00.000Z","2026-10-20T10:23:00.000Z"
"5","Smooth ride and reached campus on time.","c4bd6a62-1c13-46b0-9cd2-f0be01d207e8","d9a9637e-9975-4f9c-8798-385ca4f4a516","0f35346d-5638-4de0-b685-b0f5e42ff331","40ae73ca-67b2-4b5e-97c1-474a92b2d8d3","2026-10-23T06:58:00.000Z","2026-10-23T06:58:00.000Z"
"4","Friendly driver and a mostly smooth ride.","89031505-6d88-49d5-a3d8-5f78a3fc66cd","1cf68af5-401f-4e97-b9d5-708eb59a4e98","ffe56b11-38f8-4fa2-936c-d19021b522b8","c3c94b51-2803-4c25-9e1e-bbe1eb6386cc","2026-10-24T09:22:00.000Z","2026-10-24T09:22:00.000Z"
"1","The driver did not arrive at the pickup hub.","87d80750-58cc-4cba-9aaf-aa297cae1338","4c7daa33-62d3-4a43-ade7-e966545f3bdb","7d4898cc-54f3-4bd1-b9da-b31ff1cb26c3","6aa130d0-4c4b-48c2-bc80-80079a81385f","2026-10-26T08:54:00.000Z","2026-10-26T08:54:00.000Z"
"3","The ride was acceptable but could be more punctual.","0170a4bf-e513-49b5-9989-9d3275cda3af","6b0159f7-6a47-46fd-b74b-cc1e6a1499f8","829e7fa5-0c38-47a9-a715-877dada17b24","1734859f-c79f-4dfa-95dd-e252c5d669fc","2026-10-30T04:06:00.000Z","2026-10-30T04:06:00.000Z"
"4","Friendly driver and a mostly smooth ride.","80417105-df26-487f-947e-f3d992b32a01","41626340-8b7b-4851-969a-1bbb40f30350","2fd77d02-9eed-432b-bc2b-69984e53b256","f03cb019-ecb8-42fc-ad8b-4be7116d9966","2026-10-30T12:13:00.000Z","2026-10-30T12:13:00.000Z"
"5","Smooth ride and reached campus on time.","8c468d41-e47c-4807-a146-a466fed9d12f","aab6574f-7c7e-44ee-bb48-8475a970f318","ccfa0157-3dc7-4140-84a7-8283ed55f1e4","998a2999-5be3-435d-8015-2a973a6e97cc","2026-11-02T07:31:00.000Z","2026-11-02T07:31:00.000Z"
"3","The ride was acceptable but could be more punctual.","733fb87b-5c13-4719-937d-8468c9471b61","0f47fa9f-0307-43ec-a906-f835bfd4f323","6279cde7-2c2c-4986-a9a4-55039693b818","df718002-b68d-406f-af02-b7ebdc19dfaa","2026-08-11T03:31:00.000Z","2026-08-11T03:31:00.000Z"
"1","The driver did not arrive at the pickup hub.","a0905027-f3af-4db7-9721-f0d919a582d7","197c1866-2696-43cf-b4a6-f904274b3341","969131e9-4cc6-483d-82f8-990f056d6c5a","f7676189-9518-498b-a982-6c245aff61a1","2026-08-12T03:05:00.000Z","2026-08-12T03:05:00.000Z"
"1","The driver did not arrive at the pickup hub.","31f72f83-59c2-46e9-90cb-a84be660d15b","5d6abd1d-f8f2-46ed-b03a-82724c37791d","85bed899-042e-4b82-a6ac-e7f8e8652524","829e7fa5-0c38-47a9-a715-877dada17b24","2026-08-13T11:59:00.000Z","2026-08-13T11:59:00.000Z"
"4","Friendly driver and a mostly smooth ride.","89b1cae4-c0dc-46b2-a2bd-d572473f2515","202a344e-a474-466c-8cdd-25dfba8624f2","39d3794d-33e3-4ffe-b495-fbaa9d28a26b","03dfc805-e814-4e5f-a637-8a041faf9ad7","2026-08-19T10:41:00.000Z","2026-08-19T10:41:00.000Z"
"1","The driver did not arrive at the pickup hub.","695692ab-46d1-4904-8bff-4ff7c79ca8e8","f11504b1-4597-4dee-84f4-e6664fc6a9d1","d96dc164-dffd-4bcb-bc7b-ca59b2d88379","2fd77d02-9eed-432b-bc2b-69984e53b256","2026-08-20T06:43:00.000Z","2026-08-20T06:43:00.000Z"
"2","The ride was delayed and communication was difficult.","6375680e-df6b-4a3e-9369-ffdf66d951e5","c2486bdd-4146-45d8-b812-7d292ff9e3a0","6871daa5-011a-4255-a4bd-29f490afb889","5c76a658-080e-4482-b7f5-3c04ef99ff4f","2026-08-21T10:03:00.000Z","2026-08-21T10:03:00.000Z"
"4","Friendly driver and a mostly smooth ride.","68ace2d4-4361-47db-b022-fbcae2cae0d9","625c9e48-1153-4aa0-ba83-3d3ebb0d2d35","17be73c9-0769-4965-981b-a5457dd33ba5","e4b9e33a-9380-46ad-8b5f-37aca78f2d78","2026-08-31T05:08:00.000Z","2026-08-31T05:08:00.000Z"
"3","The ride was acceptable but could be more punctual.","5f2cf880-e2cf-4433-a8c7-c3afc2b55ada","74c7c6cc-1212-4f67-8647-f4f8965dbb34","8ea08f3a-4be1-4f97-9251-d633e633dc41","b3224a72-ff85-487a-a6c9-b6a1e3beb8dc","2026-09-02T03:29:00.000Z","2026-09-02T03:29:00.000Z"
"3","The ride was acceptable but could be more punctual.","bd330edf-babe-4c5f-804c-022f2fd77c8a","37e2d96a-3816-4e9b-8e05-8d351c01286f","a33b3b67-373b-4a19-ab84-94afce2d3cf6","b13dc47d-8a9c-45eb-9dee-0cc214bf6ab4","2026-09-05T03:13:00.000Z","2026-09-05T03:13:00.000Z"
"1","The driver did not arrive at the pickup hub.","c5232f0d-7247-45ae-a25a-1b9cd084d78f","1c29c569-ab1a-4551-a88a-59b2652c7357","feff947d-b17e-452e-8f42-3a47e3538dae","5118be9b-6811-4a52-9a62-a0ced3f60e27","2026-09-09T08:02:00.000Z","2026-09-09T08:02:00.000Z"
"5","Smooth ride and reached campus on time.","f02b764b-9dd4-40f2-8d38-ba292ab5aee5","b9e526a3-a25c-41b3-8e83-5c8ad96c48a7","3514e5d2-6b02-4d6b-ac2b-59caf1561997","ccfa0157-3dc7-4140-84a7-8283ed55f1e4","2026-09-10T09:07:00.000Z","2026-09-10T09:07:00.000Z"
"4","Friendly driver and a mostly smooth ride.","49e21d78-8dd1-4187-b1af-941284d0ec21","cf384b4a-daf7-4010-b2fa-70f880318ea2","1f869515-a5a9-4eb5-955d-cc39b514d6d4","916eed74-db65-4e11-bce1-ffc16e674a10","2026-09-12T05:46:00.000Z","2026-09-12T05:46:00.000Z"
"4","Friendly driver and a mostly smooth ride.","5ebb56d9-7233-402f-8b86-c1e50420ca49","4ab9b0e6-d621-48bc-b910-02b25ebb37f1","91a6f354-971a-42d5-907b-b61d60bd2863","17983e48-5904-4312-9f6c-9d6f749c8539","2026-09-16T10:32:00.000Z","2026-09-16T10:32:00.000Z"
"1","The driver did not arrive at the pickup hub.","79b06677-890e-48f6-b8bb-724e03ab438d","c72ac630-2128-4bb0-aba8-84e716557c9a","ddde26f0-a657-4cc5-8ef1-1171caad0347","fb85cd08-9134-4e91-ad82-1bf40b5e18fe","2026-09-17T06:29:00.000Z","2026-09-17T06:29:00.000Z"
"5","Smooth ride and reached campus on time.","3265fa5d-52c3-4a05-a6ac-e6979ccb165a","3ccc7a59-3f11-4228-8299-bdbd9ccffc36","f36c8d35-39b1-4fd4-98f7-5ac3c530eab3","f10fac1a-d7f2-4f4e-a8f2-d72fd48b371a","2026-09-21T07:14:00.000Z","2026-09-21T07:14:00.000Z"
"1","The driver did not arrive at the pickup hub.","8fdb3925-e865-4793-8d9a-0b856ddd2838","0c167933-9224-46e7-84ea-7afe5ed2a269","55511d2e-aa5e-4cf6-ac0c-2f79fd94ad59","08fe57ab-1152-4527-a359-68c4e78e68d5","2026-09-22T10:45:00.000Z","2026-09-22T10:45:00.000Z"
"1","The driver did not arrive at the pickup hub.","938a1bae-9299-4048-8ce3-b4106064e784","74f4dd31-a309-400c-aee2-f91f7ac85193","a78892d9-93b0-4a78-9a2f-2fad3db5becb","5ab9a35e-6ac7-4156-95ae-cc1e59bb9fa7","2026-09-28T07:18:00.000Z","2026-09-28T07:18:00.000Z"
"2","The ride was delayed and communication was difficult.","6f4b33b1-0a0b-484c-8762-ac07d3071a33","3de38902-f24c-4296-8974-79ab136dd31e","fc8036f4-d3bf-49ee-baff-431b84d612ea","08c75e3d-df80-427a-b942-864b9136eb2a","2026-09-30T12:30:00.000Z","2026-09-30T12:30:00.000Z"
"5","Smooth ride and reached campus on time.","0e792642-2869-4bd6-b752-aa38b62e3675","77a42f38-3664-4bba-a2a5-288e9759124c","6c3f7adf-4f2a-4914-ba78-8b1548f14a1a","77d7f815-239b-4019-bf1b-76b62751a21d","2026-10-02T08:59:00.000Z","2026-10-02T08:59:00.000Z"
"1","The driver did not arrive at the pickup hub.","88981e3a-4d8f-44af-9760-7558e66e8e33","843db221-cbb4-4277-b5aa-442f03f5b602","2e0f5d10-9fa3-4578-9046-adc52e9f52d6","26f04940-3483-4462-a324-84a3c523c941","2026-10-03T05:30:00.000Z","2026-10-03T05:30:00.000Z"
"2","The ride was delayed and communication was difficult.","96aeadc4-7e56-4d6a-89ee-4cf2cc513d20","32ca6a58-6f35-445f-8f40-785e66838476","f996d0d8-1d3e-4780-bb40-a3c76aeca0fe","8583b128-6eef-4c56-a566-5dc44a8d0a70","2026-10-07T07:43:00.000Z","2026-10-07T07:43:00.000Z"
"3","The ride was acceptable but could be more punctual.","207a532f-357a-4325-bec4-dd806cfc7143","8f24f628-f076-4a48-8fae-f133471c0490","a61af15b-11ce-4c02-a80b-bdf8f24338bc","481621b5-ffcf-4751-b9e2-151c0182f97a","2026-10-08T11:34:00.000Z","2026-10-08T11:34:00.000Z"
"3","The ride was acceptable but could be more punctual.","73515b5a-261a-4e40-92bb-2d5d6e19a0e6","b87eed91-78e3-4bcf-af59-1b0a98afab9a","a49cc7a3-0beb-4fbf-8d54-c676dfe72f4b","25e86fcd-e6f3-4cae-abe5-69da8dc4879a","2026-10-09T03:16:00.000Z","2026-10-09T03:16:00.000Z"
"5","Smooth ride and reached campus on time.","507d7b18-d3ca-44d7-87f7-274d092ea886","5e23b2a3-8939-47b8-8ab7-543b143b14e8","df718002-b68d-406f-af02-b7ebdc19dfaa","a78816e2-8aae-4e54-8410-968bc321f082","2026-10-10T11:15:00.000Z","2026-10-10T11:15:00.000Z"
"4","Friendly driver and a mostly smooth ride.","1dbf95e0-68cf-4281-ae0d-4b6fb4cc7cbe","fe3980ab-6681-4aaa-b6b7-f88c7f736dc4","36ffa906-e6db-4e16-8e9b-e3f24ede715c","c366b16a-709a-4bd5-99f4-4d48e2a64d10","2026-10-12T12:29:00.000Z","2026-10-12T12:29:00.000Z"
"1","The driver did not arrive at the pickup hub.","2cec9893-ad81-4968-b45d-dabca0f2b224","dec379fd-f1e9-4f2f-a79b-ba1513b320c6","dc034266-a00f-4347-8cd9-5799da807274","fc17bde9-8039-463a-b2df-6dd060d08969","2026-10-15T08:46:00.000Z","2026-10-15T08:46:00.000Z"
"5","Smooth ride and reached campus on time.","41d901d1-5e7b-4ea2-92ac-6040cac63aef","13ac3ac3-ca9a-4de6-a758-d65826cd9c6b","c366b16a-709a-4bd5-99f4-4d48e2a64d10","399cdebc-51c2-422b-87a5-220f8cc2d7ac","2026-10-19T05:40:00.000Z","2026-10-19T05:40:00.000Z"
"5","Smooth ride and reached campus on time.","8edcc8b3-d316-4fd3-b841-ec714c487970","9ecfe2b0-5e2d-4e84-a5cd-6839f27bdeaf","65caf2f5-0b5e-452f-a096-f7f73ba694f9","6279cde7-2c2c-4986-a9a4-55039693b818","2026-10-22T10:07:00.000Z","2026-10-22T10:07:00.000Z"
"5","Smooth ride and reached campus on time.","62f296e2-8ac0-4cd8-a13c-504fd1db16ec","6b4dac4b-18f4-4c19-a299-aa891d88d0ef","e16a421d-031b-47d3-936b-9d6bed68b285","aa4ac675-15bc-49db-b7fa-84335d28cdc7","2026-10-24T08:04:00.000Z","2026-10-24T08:04:00.000Z"
"3","The ride was acceptable but could be more punctual.","3fa3c03a-b18d-406a-9a0e-b705faa5e3f5","d0ec488d-7f75-4ee0-8089-7004c1751aa4","20b672de-a2b7-4ee4-8a1e-2dd98d7a3278","c4608e10-532e-42df-b9ca-6399d157bc77","2026-10-28T07:35:00.000Z","2026-10-28T07:35:00.000Z"
"5","Smooth ride and reached campus on time.","be55836d-92f2-4574-a30a-1e059af32003","b2daa0a6-5836-4cf0-b8f5-5bde896f302b","b4c86de6-995d-4335-a3bb-265de522aecf","a53ad219-be12-4a6b-9852-64dfe8aa6236","2026-11-04T04:48:00.000Z","2026-11-04T04:48:00.000Z"
"5","Smooth ride and reached campus on time.","36721232-308a-4765-b94f-77530039152d","1f515b63-70bd-43ce-b2b6-42af637e7a4a","97e2c868-d328-4e04-a87f-cdd9bf32f321","85bed899-042e-4b82-a6ac-e7f8e8652524","2026-08-14T04:39:00.000Z","2026-08-14T04:39:00.000Z"
"3","The ride was acceptable but could be more punctual.","2fb464ef-0e31-4a3c-858b-e31d12af33c7","31c4e25f-857a-4921-b0e3-4b44ed68b09f","cba87ecd-54b1-4aae-9469-fa73c5a1965e","e16a421d-031b-47d3-936b-9d6bed68b285","2026-08-18T03:07:00.000Z","2026-08-18T03:07:00.000Z"
"2","The ride was delayed and communication was difficult.","08514f79-7615-496e-ab6b-866c6058dd90","4ac163ce-436a-4798-8087-7007c8533bb9","7bb61148-2622-4c7a-a643-c561dfafb01a","2cb66b98-63d0-4a21-a9ed-c884d238b71c","2026-08-19T09:54:00.000Z","2026-08-19T09:54:00.000Z"
"2","The ride was delayed and communication was difficult.","c1e69b6e-a345-44a1-b9d3-15359432b5ce","4e0d44dd-4e24-4759-80f9-aa605a9da707","52587ca0-dfe6-482f-bcac-5efecd9cb9c3","dd95ce1d-b76e-4f1f-9a03-108aea02d0d2","2026-08-21T09:16:00.000Z","2026-08-21T09:16:00.000Z"
"3","The ride was acceptable but could be more punctual.","84a35c6f-39b5-4e32-a4f5-5ec150b2bc8f","6c7c1fe1-6540-4e1a-9e85-46a542e5a84b","bc632420-5e50-4e7f-82f8-381b3e8cb729","037ed347-fb73-4043-a8e2-c7edc58d6dac","2026-08-24T11:21:00.000Z","2026-08-24T11:21:00.000Z"
"5","Smooth ride and reached campus on time.","240e800a-7085-4908-a9e1-ba53395a9c13","ca344930-0efc-4f26-bc6f-a9006900db8e","c352d64d-d07b-4edc-951e-c01334524a56","843078cc-2ea7-483f-83b3-cc8bae6695c6","2026-08-24T03:10:00.000Z","2026-08-24T03:10:00.000Z"
"3","The ride was acceptable but could be more punctual.","a94280ce-b5b3-439c-bb34-9f44482d4dc8","123e508f-3ea8-4690-9d05-50b9c726385e","4a67ecba-b514-4d87-beb3-0515635ecc2e","d04ea078-3e78-494d-83a0-92fee39d6bb7","2026-08-25T10:00:00.000Z","2026-08-25T10:00:00.000Z"
"4","Friendly driver and a mostly smooth ride.","81690bcf-ca63-465c-b179-92f5a2973214","4f28a994-b09c-4eb8-a485-90791a66b290","48157b16-b775-431a-954d-8b033f391056","be9c6ca4-6ee9-481b-8039-dcc0a742224e","2026-08-28T12:37:00.000Z","2026-08-28T12:37:00.000Z"
"1","The driver did not arrive at the pickup hub.","b10a41e4-7d47-407d-b25b-4d912bcc632d","486c7829-8841-4380-a7f0-e36a01eeca68","83beeb25-e5a8-4d3e-aab1-07e4280fae11","39147f90-fbda-49de-88ec-5fe656c0d7b4","2026-08-28T07:18:00.000Z","2026-08-28T07:18:00.000Z"
"4","Friendly driver and a mostly smooth ride.","df309eaa-079c-4b38-ba9c-52571a658c89","5c8a72b3-0e4a-4109-b60b-3bbd846479c9","2f39eb16-ab4f-4c25-a572-9a7be1ef7dcd","be4d340c-e4ae-41d8-a1a2-337d84d2bfc1","2026-08-31T08:20:00.000Z","2026-08-31T08:20:00.000Z"
"2","The ride was delayed and communication was difficult.","7dbd4e8e-6556-4c8e-b233-7043e21d6e9f","4b422e98-d5a6-4579-aa76-42b78890e429","eb966ee8-6300-4734-85a3-fe051d2fa003","fbd59ae5-86aa-4b7c-b82b-b7c0b9d357a3","2026-09-03T05:55:00.000Z","2026-09-03T05:55:00.000Z"
"2","The ride was delayed and communication was difficult.","005fe7ab-65e0-488c-838a-5a285e5c0c4b","1b8a5b75-d5a5-49f6-a51f-892105a811d8","ff4be7d8-c958-42da-b75f-f3df6987f079","666980bd-8e4f-4f8c-8b8f-e0c3b08af505","2026-09-07T11:06:00.000Z","2026-09-07T11:06:00.000Z"
"1","The driver did not arrive at the pickup hub.","92aaa4fc-d09a-45dc-9ae2-0eba844ab511","45ab89bc-1712-4465-8ccc-7655a5de55f9","a4e13249-216e-49cd-8abf-6f5bd9c3fe4c","f599bc96-4841-492f-a111-bec5b3b961ae","2026-09-08T10:13:00.000Z","2026-09-08T10:13:00.000Z"
"2","The ride was delayed and communication was difficult.","29d6c466-92a5-4c4d-ac8b-b6d76ad3d6f2","0065da03-c4a0-463b-bbce-a338e78a7abd","772a4089-be1c-415b-9115-5af745dcbd7e","2a786db0-f79e-4a08-a45d-7143a56be137","2026-09-14T07:34:00.000Z","2026-09-14T07:34:00.000Z"
"1","The driver did not arrive at the pickup hub.","32dc2854-0965-4dc8-9d3a-e08c0523ecd9","f2388f06-651a-4bbc-844e-a18f213c7c17","dae29690-62f3-4202-8961-05b05ec7dcc6","20b672de-a2b7-4ee4-8a1e-2dd98d7a3278","2026-09-15T04:17:00.000Z","2026-09-15T04:17:00.000Z"
"2","The ride was delayed and communication was difficult.","7fa7e4a3-d147-49c8-9aa4-0106cd9109c1","80f4cb7d-0003-407e-aa9f-5d4d85dac997","02927b89-ffa8-40e0-963e-2651a35e576d","db21b52b-86e1-49c0-82fe-f5d33db4323f","2026-09-18T03:14:00.000Z","2026-09-18T03:14:00.000Z"
"1","The driver did not arrive at the pickup hub.","40263e09-5f57-4584-a96e-972327ca47ac","79b43ff4-87f4-4ace-8679-16b42cb33ad5","aa3e3c66-ecde-4e1f-9ce3-1617c0ecdcef","f0c7e0ed-5ec8-43e2-aabe-d0c93c5234e3","2026-09-18T07:46:00.000Z","2026-09-18T07:46:00.000Z"
"1","The driver did not arrive at the pickup hub.","bf277d9c-9346-4447-b24b-b02d39efd722","6f535cbb-80e2-4968-bcd9-f7016b177cae","e0ad93ac-7350-43c7-be63-6b8925810342","f0be6e7d-be56-4dae-a215-ca68d901c731","2026-09-19T06:09:00.000Z","2026-09-19T06:09:00.000Z"
"3","The ride was acceptable but could be more punctual.","613312d7-90df-4336-b476-e858b28f2213","f7b6f59b-ebce-4ea1-a91a-c0ed82b55535","fa4b13bc-6768-4b5d-843e-2b8836ed9113","a1ef1ce8-9cb0-499a-bca0-636d395b8e27","2026-09-24T13:14:00.000Z","2026-09-24T13:14:00.000Z"
"1","The driver did not arrive at the pickup hub.","05e7fd2f-f0df-46e5-b857-a5dd267a3635","0e23714a-8fc8-4516-913a-d61ce96d2f6c","916eed74-db65-4e11-bce1-ffc16e674a10","6afa4784-41a5-471b-8dbf-dcd4ef8d1af1","2026-09-26T08:30:00.000Z","2026-09-26T08:30:00.000Z"
"2","The ride was delayed and communication was difficult.","4f3afb10-ebd8-4fa3-aa30-8d212f9c3794","659bb4cc-28f2-40ec-9aa2-12bca3d2f4c6","bab50b6c-7a07-4417-adaf-0a3f199ba726","9907b9e1-2eaf-4019-b6c3-d17953880b08","2026-09-29T06:41:00.000Z","2026-09-29T06:41:00.000Z"
"5","Smooth ride and reached campus on time.","9e734fcb-1929-4500-8cc5-c71accf728e1","84e3ef14-da9e-426d-9e7d-2c0ac184c535","38d92c3f-f6e4-4c90-add9-6f5ecbcd5bde","694401c9-b4fa-4309-b22d-16609d61782c","2026-10-05T12:52:00.000Z","2026-10-05T12:52:00.000Z"
"3","The ride was acceptable but could be more punctual.","3c993e52-2ead-4bab-925b-c31d3b869ebc","de3d37bf-00e4-47d1-a5dc-f06a4ad52cc9","5adcb3aa-a473-41ba-8a29-2fa570db158b","b3d23434-7107-4dee-ad1b-eebdb7958392","2026-10-17T06:20:00.000Z","2026-10-17T06:20:00.000Z"
"1","The driver did not arrive at the pickup hub.","4d94b8d8-1d5e-44a9-bfda-c7b85bb0ab1d","f411ea9b-73d0-472c-95c5-b62213b7b36a","3e9526f5-f65f-4da1-a2b1-553ce23973f7","8dcbd23c-4a1c-425e-b9e1-56d690d064a1","2026-10-20T09:45:00.000Z","2026-10-20T09:45:00.000Z"
"1","The driver did not arrive at the pickup hub.","89273230-2e08-418e-b121-2f07ffb6f7db","aeda5618-e936-41db-9c78-baceabe60e7c","4e00ed27-5fe2-4835-b43b-aad7700f4e90","e338d25f-f71d-4949-82c9-72ff79bd50e0","2026-10-20T09:33:00.000Z","2026-10-20T09:33:00.000Z"
"5","Smooth ride and reached campus on time.","015e12ca-a5ef-4abe-9a28-b34fd4e77dce","94cdd2bb-0863-4cd7-88f6-01b233e9a98e","85802130-aece-4a5c-b091-be9de76fa62e","edb3c65f-3d50-40e9-9a77-b8be3c596e3d","2026-10-21T06:07:00.000Z","2026-10-21T06:07:00.000Z"
"2","The ride was delayed and communication was difficult.","a4eab9ff-558b-4d36-9071-3ee853ecc4a1","468c8426-089c-4852-8bb4-b6e8e1d9b359","47cbbcf7-3a62-4033-9a9b-5d2ebe48617b","d4ebe4da-1cf5-41e9-a052-ad2e992e76f1","2026-10-27T05:55:00.000Z","2026-10-27T05:55:00.000Z"
"1","The driver did not arrive at the pickup hub.","c19c3e1d-92ac-409a-ac66-4d9479749ea9","e95fdd7d-c8c4-4511-847f-3c16f8ef073a","165aff37-2b73-412f-8558-09a275acac4f","5ac71c5e-4117-49f2-9551-e2487ee014ca","2026-10-30T10:46:00.000Z","2026-10-30T10:46:00.000Z"
"5","Smooth ride and reached campus on time.","29694de6-262f-48c9-8e26-d829f4a211cb","dd8a93a1-6a2b-4e4a-8bad-33c62546942a","df141c8b-23ed-41b3-b69d-5959a4d5207e","4c3a0823-a2f6-449e-a285-51b92ef1ef89","2026-11-05T12:33:00.000Z","2026-11-05T12:33:00.000Z"
"4","Friendly driver and a mostly smooth ride.","4efbb9d5-fa2a-4fe9-be71-eb38b1d50bc2","8a209adb-8837-4493-aae6-9a4974952f22","e03cedeb-5d97-4486-a7eb-252b7e1f718a","5adcb3aa-a473-41ba-8a29-2fa570db158b","2026-08-10T10:25:00.000Z","2026-08-10T10:25:00.000Z"
"2","The ride was delayed and communication was difficult.","56c5d97d-ac9d-4ae3-ad58-67f82093384d","3b08269e-3c34-4c2b-83dd-f90ea857bc90","efd497f5-8ba1-4dd5-bcea-20a21ad4b890","0c95fe70-a0ca-4d73-8f55-0b0e62001fb9","2026-08-10T05:49:00.000Z","2026-08-10T05:49:00.000Z"
"5","Smooth ride and reached campus on time.","96c2a798-eb27-47da-9058-b44fe303cd71","f95b602c-ebc1-4afa-93cb-c23b4f87d0c4","30545805-3fe4-4f18-a8a2-8dccf5ff02fd","542484e9-c9f4-48df-8789-a3dffda2107d","2026-08-11T11:11:00.000Z","2026-08-11T11:11:00.000Z"
"3","The ride was acceptable but could be more punctual.","ba32b180-0a47-48c1-bf8b-c6cbb16fc760","6a1e5e22-9695-41fc-a0b5-73377192b276","8c232265-ccb7-492a-b875-50ee8bc45208","6d4eadbe-2e7e-4907-9dac-2e7ca825fe4f","2026-08-14T07:00:00.000Z","2026-08-14T07:00:00.000Z"
"5","Smooth ride and reached campus on time.","f05a4a93-545d-4f0f-8e5c-c7a271139475","11a65f74-bb06-4b9e-b312-7fa0c89dd3f6","4bc51cf7-3d71-496c-b2e9-01f1fd8c725a","3e9526f5-f65f-4da1-a2b1-553ce23973f7","2026-08-17T04:57:00.000Z","2026-08-17T04:57:00.000Z"
"1","The driver did not arrive at the pickup hub.","0dac82c7-b77f-4b0c-80d3-81cc34e9b1af","7eb746e6-367d-42d6-a42d-bef110f307cf","613365a0-56e0-41a2-a7c9-48b35ec746a1","cdec7465-1f6a-4948-bdff-48b43a5e174c","2026-08-22T09:44:00.000Z","2026-08-22T09:44:00.000Z"
"2","The ride was delayed and communication was difficult.","2c460b0f-8a85-4880-87d5-7e2f303d6e4c","3bec7c23-4114-4d6d-a2a8-0d9bb3bf20ad","ce3592dc-d951-4134-a2cd-52dbc233a3f4","e36d6950-fda1-4e0a-b9a4-3109c1ef3afd","2026-08-22T03:55:00.000Z","2026-08-22T03:55:00.000Z"
"1","The driver did not arrive at the pickup hub.","6b8c237b-2e83-4988-a3ac-7d154a097eb4","47a9d685-3ee4-4c75-a812-d1b50858bd9d","a6724b4c-1f36-4019-9072-772bbdeeca30","fbb85f19-6812-469a-9a7e-c060b8e1330e","2026-08-25T07:54:00.000Z","2026-08-25T07:54:00.000Z"
"1","The driver did not arrive at the pickup hub.","a8a1fd6f-f484-472b-9acd-4bc54ab52ca1","61abd12f-67f8-4d49-a1fc-8dba24a42604","2d02ada0-aefc-4d76-9f2f-c57bee3201ac","6fc4cb33-0af8-44b4-af29-e2f5e70c3ca5","2026-08-24T04:58:00.000Z","2026-08-24T04:58:00.000Z"
"1","The driver did not arrive at the pickup hub.","37585946-7b71-45ba-b467-7e342ddfea19","3eda466b-bfae-4cb7-b413-2599e536b7b7","81dfda4a-3ec9-4eae-a7f1-0692e03bb1d0","1c8d0824-69a8-4346-9507-05d4a6013c68","2026-08-25T12:46:00.000Z","2026-08-25T12:46:00.000Z"
"4","Friendly driver and a mostly smooth ride.","e447ae5d-bbe1-45ee-980c-14ea825b421a","c0301d26-daa4-4399-9270-dc6177aab1b6","71cd4f7b-3e01-44d7-9657-d28c4544f992","4fee29cb-0687-44a2-9f09-3ba85cef33d1","2026-08-28T06:44:00.000Z","2026-08-28T06:44:00.000Z"
"2","The ride was delayed and communication was difficult.","bf50b57e-a756-4e9b-bc37-766024e87777","4128e4e5-ee69-4513-9798-384bd7040a26","ada304c3-1114-48bb-bacb-69446eecee2a","8dc944aa-aca1-45be-a9af-21bd271602d1","2026-08-29T08:28:00.000Z","2026-08-29T08:28:00.000Z"
"1","The driver did not arrive at the pickup hub.","d4affd87-7393-4673-9e3a-595723369171","d4cce896-01e7-49b9-94f4-749b28d388f7","24be40cc-fd8a-4efb-95f0-6ec1a107c563","8d1d180b-18bc-4087-9270-19ce1583e574","2026-08-31T08:19:00.000Z","2026-08-31T08:19:00.000Z"
"4","Friendly driver and a mostly smooth ride.","b03dbcdd-b2e9-4f71-8652-a34ca47d02d5","494f77c5-5f85-4e36-bc59-f97e2d7f57aa","5d577020-68d2-4a61-b36d-861bf1486666","18da61b6-4b5b-4090-ae04-48fad27b6a3d","2026-09-03T07:02:00.000Z","2026-09-03T07:02:00.000Z"
"3","The ride was acceptable but could be more punctual.","7b8ec223-eb99-49f0-8a0d-ac296fcd517f","480684cd-dae5-4327-b00b-69d3eb097200","c4023d4b-7895-4d6b-ba0a-7cbce21340b7","cb3f3ef2-5ef7-449a-8f63-2d283dcb08cf","2026-09-04T13:19:00.000Z","2026-09-04T13:19:00.000Z"
"4","Friendly driver and a mostly smooth ride.","eb61bea9-f9ad-46d5-8469-9f8960ad9469","f32b0f87-d50d-47ef-8801-3ef854a3bc8b","08fe57ab-1152-4527-a359-68c4e78e68d5","8e8cd61b-b7bc-4aca-9fce-e812388f43cc","2026-09-10T06:20:00.000Z","2026-09-10T06:20:00.000Z"
"2","The ride was delayed and communication was difficult.","eed28ab6-2565-4318-a42d-97810c6de834","f57e7154-e4f2-437f-a78f-c51a03797777","0c422408-fcb3-49ec-919b-15b6c943586f","b407e420-bc95-44d7-9048-179efe644dba","2026-09-11T08:18:00.000Z","2026-09-11T08:18:00.000Z"
"3","The ride was acceptable but could be more punctual.","d2040d83-f2b9-4282-af7d-f2406e468288","4c964aa8-81a3-4de0-94ef-579a0c5c6534","e1b6b10d-5653-452d-a57d-24e8752b2f52","72a2f2bb-d751-41f3-8634-e09d45e07917","2026-09-15T07:01:00.000Z","2026-09-15T07:01:00.000Z"
"5","Smooth ride and reached campus on time.","725efd95-5f68-4f46-a608-43ad955c03f1","1c60a801-e745-43f1-9be4-4fbe68af7d2e","d022c9ae-ee6b-4085-b2c1-11a5c9e6c784","22cd2c32-c447-4e38-8e94-504aa1dee620","2026-09-19T12:53:00.000Z","2026-09-19T12:53:00.000Z"
"1","The driver did not arrive at the pickup hub.","e9747da7-d88d-4f9a-86a0-a11e6889cb50","78207ebf-2ad0-49ac-929a-37a5983883c9","7cbb830b-c6bc-4fec-a09b-14b8c825bef8","049a400b-5043-4cc0-8f0c-a2000b0bc7c2","2026-09-19T03:32:00.000Z","2026-09-19T03:32:00.000Z"
"2","The ride was delayed and communication was difficult.","4fe919d0-7204-40bc-9626-f2d36ee51c21","61ba6f8f-0984-4158-a063-dfb56bdeaf3f","523365f0-54d7-48ce-b828-50e1b0a2737e","033a0415-353b-46da-a08f-1e6fb661c073","2026-09-22T13:11:00.000Z","2026-09-22T13:11:00.000Z"
"2","The ride was delayed and communication was difficult.","bfd759a3-5998-4cdb-ae72-b25823d93882","2d1152c7-b18b-447e-b33f-474373a3a54c","b5e29269-7643-45b9-ac7a-a2ccd2b93983","8574ead2-c80a-462a-8ad9-5f880cff1bd5","2026-09-23T07:10:00.000Z","2026-09-23T07:10:00.000Z"
"4","Friendly driver and a mostly smooth ride.","f2ff77fc-24df-4df1-a5a3-19668e7db87f","7e64c46a-fefa-4b79-b67b-e53022d6ee16","91bce675-58bc-4bd2-b962-52dc6f401671","8a8524b8-3506-433a-9249-833aa24fb089","2026-09-25T06:18:00.000Z","2026-09-25T06:18:00.000Z"
"1","The driver did not arrive at the pickup hub.","87f44b04-8fe0-4288-bdc8-6ae3e171cb14","2cf0d245-75fc-4d62-99a4-7dd92de50866","36032724-576b-47c8-a7f3-a44c9abca1ae","09fad991-eb28-483c-a92f-412d005f86e1","2026-09-29T07:08:00.000Z","2026-09-29T07:08:00.000Z"
"1","The driver did not arrive at the pickup hub.","155d45d8-2e7e-4943-bb49-a5d4c601d043","bc556f6c-6978-4504-9c39-035c36506fb1","d52bd72b-f975-4a9d-a394-ead49b80912b","4ca5fb96-60cc-461f-9950-c00386ae3d0d","2026-09-29T10:27:00.000Z","2026-09-29T10:27:00.000Z"
"5","Smooth ride and reached campus on time.","da3bb234-dc52-47d0-b3e6-bcfec0bc3a32","47272ea0-551f-40f7-aa8a-a097d4d9f0ef","2611b03a-dd3f-4f47-9599-e17430f77e92","22829531-9959-4ca6-a928-9f36eb4703e1","2026-09-29T04:32:00.000Z","2026-09-29T04:32:00.000Z"
"5","Smooth ride and reached campus on time.","50d21ad9-5904-4023-93da-fdd57debe8c6","573dcd31-9475-4757-9b21-d3e643f57981","8db40dff-f7cd-4508-9c85-9ffd35177784","53476aa4-9daa-46aa-9332-69d4a4566a3d","2026-10-02T06:07:00.000Z","2026-10-02T06:07:00.000Z"
"3","The ride was acceptable but could be more punctual.","55d093a5-9833-47fd-9f0d-76b40babc7ff","45e48165-8985-4179-915e-31d805c0a0f3","18da61b6-4b5b-4090-ae04-48fad27b6a3d","86105958-87be-4dcd-b670-bf501ca8dcdd","2026-10-02T07:49:00.000Z","2026-10-02T07:49:00.000Z"
"1","The driver did not arrive at the pickup hub.","11a21530-b589-4211-9091-4ee328a757c5","24dc9163-9ce5-4c0c-8c34-a56d2cc8f211","5b1a8339-482f-4cfd-adca-c91175dce9e8","d318afa9-113f-46e4-bd9a-1ae0cbe4cec9","2026-10-07T04:49:00.000Z","2026-10-07T04:49:00.000Z"
"1","The driver did not arrive at the pickup hub.","d3fc05b8-beac-4eab-8a98-59fe29e93d6d","ea51276c-85f2-4321-8507-f25560305fa6","71828ca0-ebd4-4211-ba24-a16f7159e15d","47cbbcf7-3a62-4033-9a9b-5d2ebe48617b","2026-10-06T08:12:00.000Z","2026-10-06T08:12:00.000Z"
"5","Smooth ride and reached campus on time.","0a3274d3-8d64-482a-83c4-e1ff80914251","ce465963-95c0-4597-b8d8-0dd28570177e","53476aa4-9daa-46aa-9332-69d4a4566a3d","81e5312b-7123-490f-977b-7f79504efcd6","2026-10-06T08:03:00.000Z","2026-10-06T08:03:00.000Z"
"4","Friendly driver and a mostly smooth ride.","3aff6e9b-6a3e-4982-a749-8e2e6c55bd10","494c8c31-9e2f-4096-b1cf-82afdb419a7d","219ae89a-62d9-41de-a1e7-1597cd661ca8","6dbaac16-eca9-4619-9461-cf1f791691ff","2026-10-07T03:06:00.000Z","2026-10-07T03:06:00.000Z"
"1","The driver did not arrive at the pickup hub.","c3f3096a-704e-48b3-a79f-a74454d3491e","a58e41bc-61fd-4737-a86d-0a92678c3d18","2e418ffb-eadd-4fa8-bcec-343dbb54e803","6f3fcde3-7927-4673-8e83-5d19997e04eb","2026-10-10T03:24:00.000Z","2026-10-10T03:24:00.000Z"
"1","The driver did not arrive at the pickup hub.","313bb28a-ff1c-43fb-a074-0fb75229c6d1","a437d2bc-a591-44b0-afe5-a063b7c225fb","4aeb0ba0-1769-494f-8568-1d022bba57f2","2bba79b1-7549-484e-89e1-bf3b93c66b88","2026-10-10T12:16:00.000Z","2026-10-10T12:16:00.000Z"
"4","Friendly driver and a mostly smooth ride.","9d4f1e7a-0b51-4c61-83df-fe6984871dd3","a78d791c-8e7a-42ab-881f-1dc2a831fd6a","67279c91-e351-4505-a0ca-11fce52988a2","ab1c3a5c-50fe-4a26-b80d-4cd36938d001","2026-10-13T07:19:00.000Z","2026-10-13T07:19:00.000Z"
"3","The ride was acceptable but could be more punctual.","4c570c34-677b-4a36-a5b9-e2551cc71095","1850d338-37ef-4053-bdfb-d5978c01f00d","3abf2f35-867e-4d12-a3c6-7fad053953bd","89d25526-5e75-4c71-a504-7c0e208f52ae","2026-10-13T11:08:00.000Z","2026-10-13T11:08:00.000Z"
"4","Friendly driver and a mostly smooth ride.","52b655ef-f3ff-41dd-9fdb-184a47157261","e31fc4bb-cdc8-4e7d-8a43-5bb3d7a7ec05","0c83d7c7-d302-4b47-8f0b-a78f47b02764","e57ff715-25a1-426c-97cf-87015c1bf680","2026-10-13T07:22:00.000Z","2026-10-13T07:22:00.000Z"
"2","The ride was delayed and communication was difficult.","ee8b7835-e212-4419-a8d2-c9d507112bc7","6a22328d-e5e6-42a9-94a8-c0904a2c3cda","689f14ae-a33d-4e68-bcf5-198a44130c16","a0c0f44b-0991-4b2f-8eac-5c0f929d5d9a","2026-10-14T09:51:00.000Z","2026-10-14T09:51:00.000Z"
"5","Smooth ride and reached campus on time.","6265a5c2-cb08-47d1-8af1-69d531239743","38ffd950-0f67-4e04-93b7-e980bd273ec8","c483836d-7edf-44cf-a968-8b0306198075","3934e51d-f7fc-439d-a64b-1e11c068f9b5","2026-10-16T08:07:00.000Z","2026-10-16T08:07:00.000Z"
"2","The ride was delayed and communication was difficult.","47f6a378-7057-45a7-8615-f11cd33a5a28","c61a8cb1-83b0-4d98-8449-3370b046ab58","12ddd1f5-2725-4446-9809-0de923c60573","29ba1c6f-943a-462e-a307-a6c327c39a57","2026-10-17T06:03:00.000Z","2026-10-17T06:03:00.000Z"
"3","The ride was acceptable but could be more punctual.","5c5f2c04-6eaa-4ce8-a0f6-de305acd9138","f5b0b1ea-eb7a-4f5d-8aa9-d69957cf7089","8f953396-84b2-41a6-a56b-cbfd7dc18157","abc3a47b-8ad1-4b85-9c68-7d9ca2c6091e","2026-10-19T09:49:00.000Z","2026-10-19T09:49:00.000Z"
"3","The ride was acceptable but could be more punctual.","d8c43cc6-3cd6-4267-ae35-17a8396759a3","7016b242-6649-49e9-a1cc-bf7da9bdc38f","f293731d-64c9-4dc8-a30d-f5172ef2ce1e","96f0bff7-4a51-45fe-924a-7fd40bd96af0","2026-10-21T04:48:00.000Z","2026-10-21T04:48:00.000Z"
"2","The ride was delayed and communication was difficult.","a743c9e9-1e51-4b90-9cf8-22893edfa230","3e8cfa3d-2406-4b8f-9a6d-acad97626e1d","229ca7a7-5513-4f42-9ef4-2390c8285215","856c5003-10e0-491c-b001-245c65a8fb4b","2026-10-22T12:26:00.000Z","2026-10-22T12:26:00.000Z"
"3","The ride was acceptable but could be more punctual.","9b9f1971-36b2-4bf1-bbef-63d4addb5f8f","9217ac94-f6b0-43fc-aee4-4cf346eda130","d10309b4-cd0a-44fb-b502-63090cb23495","dbffce9e-93ca-460b-a2e6-fec327ae8a6e","2026-10-23T04:43:00.000Z","2026-10-23T04:43:00.000Z"
"4","Friendly driver and a mostly smooth ride.","58c3627b-91b5-4cca-8c01-c72313c047d5","1aeca1e3-79fa-419b-9cde-f4eaa84962b4","05e3c6c3-c662-4d71-a22e-2f6abe452e90","a4e13249-216e-49cd-8abf-6f5bd9c3fe4c","2026-10-26T07:06:00.000Z","2026-10-26T07:06:00.000Z"
"4","Friendly driver and a mostly smooth ride.","9bd1da97-1f1b-40e4-b180-ef9398b31f15","c299be04-b39c-48c8-98e9-4a55c2d28319","bffb4bf3-10a3-4ff1-bb55-ffc7725007e9","613365a0-56e0-41a2-a7c9-48b35ec746a1","2026-10-30T03:13:00.000Z","2026-10-30T03:13:00.000Z"
"2","The ride was delayed and communication was difficult.","40a5f75c-d59c-4a14-a075-cb2a2ade1d46","06cf39e4-50a4-4a5a-9542-4ae24fbb9656","1137a11d-2e66-45ed-b840-8d12e6722bfa","62390621-3521-47ba-869a-f822874bb453","2026-10-31T04:26:00.000Z","2026-10-31T04:26:00.000Z"
"5","Smooth ride and reached campus on time.","3ea8291d-dc5e-42d1-a6d1-d8f9e3b4ad12","8408664b-7bc4-4224-ac8b-ed4156801209","442efbff-6f39-436d-bf7a-2cbb6404a6ed","f256e949-f4e4-4ba3-8ea9-d6a3d0ba8526","2026-11-05T07:24:00.000Z","2026-11-05T07:24:00.000Z"
"4","Friendly driver and a mostly smooth ride.","73a533ae-e80f-40e5-8602-e6e0ff67ebdf","258d1ca8-d15a-452a-ba4f-c23278b566ce","04bfe73e-1142-4d3f-8bbf-57dbee041dd2","b8ece9b4-d515-405a-952d-1ccdc242c410","2026-08-08T03:50:00.000Z","2026-08-08T03:50:00.000Z"
"4","Friendly driver and a mostly smooth ride.","e4b82412-c9b1-48b4-9e52-c858a2f8c29c","21fc868b-ac9d-42be-a214-c167879e7982","a2cb33f4-0739-4e42-9665-4bae72ebfb2a","7b50af0a-e87a-4600-b547-06ff9da50ada","2026-08-10T07:00:00.000Z","2026-08-10T07:00:00.000Z"
"5","Smooth ride and reached campus on time.","8dc64106-4d7e-4cc2-933d-a5ee7dcadf41","95589fb2-7e54-4d5c-8cc2-572b515dec6f","8190565d-9fb1-4428-a386-4bb1b2f4fdee","c2483f77-a251-4434-8d94-6a2c53e2d38e","2026-08-18T04:38:00.000Z","2026-08-18T04:38:00.000Z"
"1","The driver did not arrive at the pickup hub.","a957cb9a-3434-4b48-881f-2540128da8e0","bbea2a12-55f1-443a-9154-6523f7edcde5","b13dc47d-8a9c-45eb-9dee-0cc214bf6ab4","b2f0c20b-d66e-41c9-b60f-6562ae71b956","2026-08-19T10:15:00.000Z","2026-08-19T10:15:00.000Z"
"5","Smooth ride and reached campus on time.","e3d9c600-0ab0-45e8-a391-3b8df1bb05e6","8da3f066-90ee-4c27-afed-98c63104f981","aada7730-4500-49e3-9240-e7ca2f69db98","2d02ada0-aefc-4d76-9f2f-c57bee3201ac","2026-08-21T07:56:00.000Z","2026-08-21T07:56:00.000Z"
"2","The ride was delayed and communication was difficult.","37157335-4a13-4464-b6a3-81ad7d356030","87849372-c80c-4d44-86c7-f2ed613b0e72","08cf7a8e-ecd3-4df0-8139-226218b0981a","ed6b366d-9f31-4216-84e6-747030d98fda","2026-08-22T03:46:00.000Z","2026-08-22T03:46:00.000Z"
"4","Friendly driver and a mostly smooth ride.","d18d4bba-aa26-408f-9a3e-6cf644888cf3","0727db9d-d014-4e6c-9e3f-3a5f71ba98aa","aa4ac675-15bc-49db-b7fa-84335d28cdc7","afabde80-8412-4536-8a7d-443441b6329d","2026-08-26T05:08:00.000Z","2026-08-26T05:08:00.000Z"
"2","The ride was delayed and communication was difficult.","cb5fa0ab-2d4b-4c88-a2cf-b94fdf2092c1","a5ed1ddf-25cc-4971-b894-fde5d09c4ddb","037ed347-fb73-4043-a8e2-c7edc58d6dac","ea3fd43b-e1e5-4d62-a163-dae19fc740bd","2026-09-01T05:08:00.000Z","2026-09-01T05:08:00.000Z"
"4","Friendly driver and a mostly smooth ride.","60b3581b-6773-4ce4-93de-2d2dcb7365b8","aa093dbc-fcc5-49ca-8804-1035426e7e82","be4d340c-e4ae-41d8-a1a2-337d84d2bfc1","15d12fa2-5285-4e19-a290-344ead002d9f","2026-08-31T07:58:00.000Z","2026-08-31T07:58:00.000Z"
"3","The ride was acceptable but could be more punctual.","1d243085-c7a2-42c4-822f-09309bdec196","90e5fb72-6b73-4a7d-89db-807450802cff","666980bd-8e4f-4f8c-8b8f-e0c3b08af505","687e3195-2599-427f-a4e3-990ead4c2985","2026-09-01T08:35:00.000Z","2026-09-01T08:35:00.000Z"
"2","The ride was delayed and communication was difficult.","1bc4a1f0-2d85-470c-8136-1e5fa6f4771e","cb98608d-b402-4d24-a454-26d35304ad9b","0da0c5dd-c04a-461b-bdd7-3d9daceaa0ff","5def974b-b8b4-4ef7-8825-5a50ee6710cd","2026-09-07T08:10:00.000Z","2026-09-07T08:10:00.000Z"
"4","Friendly driver and a mostly smooth ride.","b3839783-abf7-48c5-8ae5-4fca0399dbf5","42a1981a-e7eb-43d3-b291-980286febec3","0c95fe70-a0ca-4d73-8f55-0b0e62001fb9","2e0f5d10-9fa3-4578-9046-adc52e9f52d6","2026-09-10T07:23:00.000Z","2026-09-10T07:23:00.000Z"
"4","Friendly driver and a mostly smooth ride.","741cd0db-f999-4829-acf3-14f64d6ce6b6","f632ea30-4562-42a7-aa57-62b8fcf38cf4","8d1d180b-18bc-4087-9270-19ce1583e574","a7ff8669-7d2a-4462-beb0-0d9e874f1dc8","2026-09-15T08:05:00.000Z","2026-09-15T08:05:00.000Z"
"4","Friendly driver and a mostly smooth ride.","fca52b83-f479-4812-a6ef-e19438fe516c","c2c268e7-23bf-4f79-9524-472be85437d1","fe668d59-83f5-4167-b303-948c22591f60","856b4feb-c8f1-4731-b41e-d21be114be5d","2026-09-15T06:19:00.000Z","2026-09-15T06:19:00.000Z"
"1","The driver did not arrive at the pickup hub.","43c9b3bb-61cf-4c18-822a-732547e030a7","dba459ff-e61c-49a6-b617-57a0f0a7f879","4eb4654f-b132-4610-b82a-80fd5aa524c0","8d2bb992-3062-4ae3-b2ae-9d47074dec68","2026-09-16T07:43:00.000Z","2026-09-16T07:43:00.000Z"
"3","The ride was acceptable but could be more punctual.","619302f8-575e-4986-8dde-b35ab50db2b6","3ccbfcdc-f7b8-41f9-9639-ac324535425f","4ca5fb96-60cc-461f-9950-c00386ae3d0d","b94bb3da-92c3-4ecf-b576-f9dbbce590b5","2026-09-17T08:01:00.000Z","2026-09-17T08:01:00.000Z"
"1","The driver did not arrive at the pickup hub.","445a50c5-1a89-4c88-882e-2a4ba0533b2f","47200263-42ff-4887-b573-2ff0731c2f7d","8bcc5330-6b50-4950-bdbf-e5f3a9b775ee","0f35346d-5638-4de0-b685-b0f5e42ff331","2026-09-21T12:43:00.000Z","2026-09-21T12:43:00.000Z"
"5","Smooth ride and reached campus on time.","332f5313-a2c7-4111-bdfc-57111098bae1","672300c6-a131-406d-a51a-411049113f03","fa0d30d3-0506-4b72-a9d6-ba7158bfd0a0","a2cb33f4-0739-4e42-9665-4bae72ebfb2a","2026-09-22T11:42:00.000Z","2026-09-22T11:42:00.000Z"
"5","Smooth ride and reached campus on time.","e6c0f573-03c7-4a38-a940-d2e5abefc4c9","53697bd3-4d5a-4e6f-928e-55d014bea16e","f7a3a9b0-d919-4111-a000-2b91381aa324","ada304c3-1114-48bb-bacb-69446eecee2a","2026-09-25T04:38:00.000Z","2026-09-25T04:38:00.000Z"
"1","The driver did not arrive at the pickup hub.","b0668ed7-abfb-43cc-a947-33708afd8f84","fa2ff6bf-ca28-4f23-9296-bb129099252a","e967b8e3-6e99-4788-bb76-597c964a0c6a","f50ed78b-09ac-4340-b6dd-86ae124a356e","2026-10-01T05:46:00.000Z","2026-10-01T05:46:00.000Z"
"5","Smooth ride and reached campus on time.","ba381194-6c68-40d9-abe4-9dab594e51a0","b990766c-e2e8-489f-9a89-641593a37e3b","e774b584-0014-4dc8-bc95-1bb5f69d20a3","ac0cf495-0f8e-40d8-b476-4ac4d53bdc5b","2026-10-03T05:47:00.000Z","2026-10-03T05:47:00.000Z"
"5","Smooth ride and reached campus on time.","84f0e30f-aadc-466a-b19d-75e989caecbc","7b0d36aa-8237-4d28-9df9-a5482f4deb56","90fbd646-a8a0-4f77-af4f-4746feda3a10","bbd2b08c-34a8-4439-a7fa-b253b6a9fe04","2026-10-13T10:23:00.000Z","2026-10-13T10:23:00.000Z"
"2","The ride was delayed and communication was difficult.","3faa5c08-e980-43db-a47c-1760b203ac7f","77cf314a-71ba-4db1-b7c2-1340dffd1580","dbffce9e-93ca-460b-a2e6-fec327ae8a6e","e0ad93ac-7350-43c7-be63-6b8925810342","2026-10-12T10:47:00.000Z","2026-10-12T10:47:00.000Z"
"1","The driver did not arrive at the pickup hub.","e3dab96e-a894-4365-95b5-29717a94db8a","c8bf692e-7598-49c5-bbfc-aee094a11115","ac0cf495-0f8e-40d8-b476-4ac4d53bdc5b","a49cc7a3-0beb-4fbf-8d54-c676dfe72f4b","2026-10-22T10:09:00.000Z","2026-10-22T10:09:00.000Z"
"3","The ride was acceptable but could be more punctual.","9b1f8076-ee1c-4ef9-b49f-2e34a94a66ce","01312676-73a4-4ce7-8860-74087a03f0c6","bbd2b08c-34a8-4439-a7fa-b253b6a9fe04","998a2999-5be3-435d-8015-2a973a6e97cc","2026-10-23T07:09:00.000Z","2026-10-23T07:09:00.000Z"
"2","The ride was delayed and communication was difficult.","da504cce-d7af-4a7a-b7af-f8a658b68a7e","9033334b-bfa8-423c-8fe1-8590201a5c3d","856fb0bc-3ae4-454f-9f56-312a33995404","609a5aa2-e576-472b-ae03-3d339a90c45c","2026-10-26T08:38:00.000Z","2026-10-26T08:38:00.000Z"
"1","The driver did not arrive at the pickup hub.","36046c23-e9c6-4dea-b19e-41da097a0ed8","c92b4087-a422-4d8c-8e79-26bfac9ca101","508e57b4-544e-4392-bbd1-17b3a4e613c3","6a3f9cb7-ea70-4c12-87b0-f7ee4a38b313","2026-10-28T08:55:00.000Z","2026-10-28T08:55:00.000Z"
"3","The ride was acceptable but could be more punctual.","bb9a7639-db0f-4fb0-9131-af3fd0028f1f","11bc1a50-2f31-48c5-9c56-1de186423417","81213212-6e43-4b70-96e8-51e59fb5e735","df718002-b68d-406f-af02-b7ebdc19dfaa","2026-10-29T06:39:00.000Z","2026-10-29T06:39:00.000Z"
"2","The ride was delayed and communication was difficult.","ed21a91f-8d61-4e56-b1c8-485e993a2391","b004db2c-bb58-4659-b373-891c966e24fb","5118be9b-6811-4a52-9a62-a0ced3f60e27","5d577020-68d2-4a61-b36d-861bf1486666","2026-10-30T07:49:00.000Z","2026-10-30T07:49:00.000Z"
"3","The ride was acceptable but could be more punctual.","21c2a912-2a98-44ac-a97f-20bab5f36cf0","e63bc4eb-1cc1-4558-8970-eae47d229ce3","17983e48-5904-4312-9f6c-9d6f749c8539","f7676189-9518-498b-a982-6c245aff61a1","2026-10-31T07:13:00.000Z","2026-10-31T07:13:00.000Z"
"1","The driver did not arrive at the pickup hub.","08ade0f0-d844-43d5-af42-e34408df5e93","07c1f54f-5628-491b-8876-6ea47f6a3a6f","08c75e3d-df80-427a-b942-864b9136eb2a","443d0a1a-c4da-4cf7-9517-4c02de0dff9c","2026-11-02T04:17:00.000Z","2026-11-02T04:17:00.000Z"
"2","The ride was delayed and communication was difficult.","7fffaf01-3502-4624-9a93-5f3909d7a549","1a5421f5-f61c-4571-90b4-fb8985851bbf","f34b84c7-eb95-4dff-958a-ef69c608f272","665f2a26-5d69-41bd-bd37-5d34e2366453","2026-11-05T08:18:00.000Z","2026-11-05T08:18:00.000Z"
"1","The driver did not arrive at the pickup hub.","47ce91cf-0c2d-4041-944f-bfa299052559","eae4c192-f26a-40a5-b957-fdb141661848","c4608e10-532e-42df-b9ca-6399d157bc77","c4023d4b-7895-4d6b-ba0a-7cbce21340b7","2026-08-11T07:22:00.000Z","2026-08-11T07:22:00.000Z"
"2","The ride was delayed and communication was difficult.","a97eeee2-d088-4205-b9e6-03ee5d694189","accdbd4b-396d-4079-9176-3ca5c9e76929","db21b52b-86e1-49c0-82fe-f5d33db4323f","e163653a-9bbe-4e9d-81ab-acf5fb7c4166","2026-08-15T12:16:00.000Z","2026-08-15T12:16:00.000Z"
"5","Smooth ride and reached campus on time.","ce99a9e1-f87a-4ad9-9b19-081ecb1c70f4","d6c17434-0d4d-4199-b0bc-f6b9c07bc630","a1ef1ce8-9cb0-499a-bca0-636d395b8e27","508e57b4-544e-4392-bbd1-17b3a4e613c3","2026-08-17T06:57:00.000Z","2026-08-17T06:57:00.000Z"
"5","Smooth ride and reached campus on time.","a77a67e4-433b-4a5a-99bb-0882903039f7","9e7f8a10-8c34-4309-9abb-26fc9dc0f90f","5bed2f04-01f9-4e95-995a-1a0c306ae9c3","2e269fc9-9682-468b-b756-d02e46a395d8","2026-08-17T10:27:00.000Z","2026-08-17T10:27:00.000Z"
"1","The driver did not arrive at the pickup hub.","61b8f47d-d5a9-410e-887b-7baf7baad67f","84595fe1-7158-45b5-867b-e6a74628a5e6","b407e420-bc95-44d7-9048-179efe644dba","f1320520-f547-4abc-be6f-66bd5f323eb5","2026-08-27T11:49:00.000Z","2026-08-27T11:49:00.000Z"
"1","The driver did not arrive at the pickup hub.","0c67ac9f-3f6a-43d7-8fff-e0b63cb1228f","f30ce3ff-9b76-4031-8fe8-c6dfbcd28cdd","6f3fcde3-7927-4673-8e83-5d19997e04eb","ccfa0157-3dc7-4140-84a7-8283ed55f1e4","2026-09-01T12:20:00.000Z","2026-09-01T12:20:00.000Z"
"2","The ride was delayed and communication was difficult.","130f0495-b01d-40b8-8f99-1e5e61c2675b","20245922-7f9b-4d65-9cc1-3246fbca71bb","29b6b79c-7351-4ba6-a9ad-66967f535c3c","c36606d7-b032-4936-8403-b0f1a43f756a","2026-09-03T04:19:00.000Z","2026-09-03T04:19:00.000Z"
"4","Friendly driver and a mostly smooth ride.","c74913c1-cb37-4fce-977b-a8663a94cdcc","f762400f-e44c-4c3b-b9c8-9bfd561b6e20","5b47c5b4-ec85-43dd-9c75-f074a7d568d2","dc034266-a00f-4347-8cd9-5799da807274","2026-09-04T11:58:00.000Z","2026-09-04T11:58:00.000Z"
"4","Friendly driver and a mostly smooth ride.","cbac7cf0-e78f-418f-a59e-2e009fcec17a","3d9e423d-918c-494a-a8bd-2f6488df70c0","edf92a9c-96cf-4fe7-b02c-abdaad634737","917b003b-c912-4ed9-afb7-f7eba33fcb14","2026-09-05T05:45:00.000Z","2026-09-05T05:45:00.000Z"
"2","The ride was delayed and communication was difficult.","89f59e02-8fa6-43c5-8bde-3e4060d8740b","7b2f6b74-e8ca-4181-bbe7-02b790bc0115","5ce9e64f-f50b-4da1-9486-37f9f09551ed","f10fac1a-d7f2-4f4e-a8f2-d72fd48b371a","2026-09-10T07:02:00.000Z","2026-09-10T07:02:00.000Z"
"3","The ride was acceptable but could be more punctual.","6d77cc43-2e11-41a2-837d-30e96ee2c465","eda848cc-b22a-4858-8df8-8b63259cb5e6","461b5690-97cf-4151-95af-7899c536787b","08fe57ab-1152-4527-a359-68c4e78e68d5","2026-09-12T09:26:00.000Z","2026-09-12T09:26:00.000Z"
"5","Smooth ride and reached campus on time.","e45ad274-abbc-431d-93c3-5966620f6355","43936d16-adac-4c03-80f8-01e6ef744e96","91d3e190-f0bb-4908-a504-df3c03c7e6a6","669af901-6937-4b2d-a11b-46de7e09eced","2026-09-16T04:18:00.000Z","2026-09-16T04:18:00.000Z"
"4","Friendly driver and a mostly smooth ride.","4036e9d2-1a1f-47c5-a25d-5699a9b0a6e1","ec246858-3b03-4b2a-8b16-9341d9321c78","33e24ac2-b991-402e-96fe-a60f7d88716b","7f819a59-7908-47e3-8d88-f31823ce6b9f","2026-09-15T07:06:00.000Z","2026-09-15T07:06:00.000Z"
"5","Smooth ride and reached campus on time.","4f66a459-ba53-4885-a81e-51c3131b3bf7","9e25ce2d-696f-40ba-a21d-adc579773a7e","cce669d0-24ee-4095-8136-3ddc6f61da10","08cf7a8e-ecd3-4df0-8139-226218b0981a","2026-09-16T08:25:00.000Z","2026-09-16T08:25:00.000Z"
"2","The ride was delayed and communication was difficult.","e77b2aea-160d-47cc-b0b7-b005715acacc","1bcbf866-59f4-4ef4-adde-62fce4947855","80ca3ea6-d467-4f49-97eb-b6dc6f476676","984e14a4-a27e-416c-9397-0cf2fb53101f","2026-09-19T05:43:00.000Z","2026-09-19T05:43:00.000Z"
"4","Friendly driver and a mostly smooth ride.","a1286bb0-7cf7-425e-865e-521372643020","04a66207-3f8e-4650-b19e-1692d8444905","70d0f859-149d-4503-9629-7e2b03c67a3f","fa8313a6-d0cd-4c89-ac5a-1bcf559767e4","2026-09-22T12:15:00.000Z","2026-09-22T12:15:00.000Z"
"2","The ride was delayed and communication was difficult.","6cdaf852-b941-4f33-b1ce-6d7a049093fc","785ea47f-a0e2-4e25-8534-f6b42b5194f7","b2f0c20b-d66e-41c9-b60f-6562ae71b956","8583b128-6eef-4c56-a566-5dc44a8d0a70","2026-09-28T03:24:00.000Z","2026-09-28T03:24:00.000Z"
"1","The driver did not arrive at the pickup hub.","b66775e7-2d94-4e8c-abf3-75a78d096bb8","530061fe-8a66-4f85-8836-dc417f7912f2","e977337e-9b7d-4b79-9851-7a31a276eaf5","25e86fcd-e6f3-4cae-abe5-69da8dc4879a","2026-09-29T05:22:00.000Z","2026-09-29T05:22:00.000Z"
"2","The ride was delayed and communication was difficult.","50c4acf6-e54a-4748-b110-e43e37c077cb","7384de82-d9f3-4a09-b9d7-c1096ae96fe9","8d2bb992-3062-4ae3-b2ae-9d47074dec68","1de804a1-1c04-4d9b-88a6-03aa475b2f23","2026-10-01T08:19:00.000Z","2026-10-01T08:19:00.000Z"
"5","Smooth ride and reached campus on time.","95fe5967-27a2-40ab-ac9b-bb9322a6aaa6","54ed5c0b-6bee-488b-8fa0-b18ac7448c5d","95e5d040-6f8f-43de-b101-0a1abbfde269","c366b16a-709a-4bd5-99f4-4d48e2a64d10","2026-10-02T09:31:00.000Z","2026-10-02T09:31:00.000Z"
"4","Friendly driver and a mostly smooth ride.","e83eb7fc-993d-41be-a3b6-35ea5b1e0694","7ad8de96-cb66-47b2-8679-79d581a35a38","105772de-3e2e-4525-873d-28205793d14f","8fcb293d-bce3-4068-b448-c15533882e86","2026-10-08T09:04:00.000Z","2026-10-08T09:04:00.000Z"
"1","The driver did not arrive at the pickup hub.","b9864fea-4709-46a5-834c-1316723cb1a4","138e0e96-2ae0-42eb-925a-2efd6cc07f88","f1320520-f547-4abc-be6f-66bd5f323eb5","f34b84c7-eb95-4dff-958a-ef69c608f272","2026-10-12T05:23:00.000Z","2026-10-12T05:23:00.000Z"
"3","The ride was acceptable but could be more punctual.","b9e45e0f-4f10-4b09-8550-fd39b10e2864","399c90ae-f9b2-4636-b216-eefe642d5e68","c36606d7-b032-4936-8403-b0f1a43f756a","6279cde7-2c2c-4986-a9a4-55039693b818","2026-10-12T07:36:00.000Z","2026-10-12T07:36:00.000Z"
"3","The ride was acceptable but could be more punctual.","e6b9288c-0bf6-4bc4-a275-cd699df7fe66","11a1a211-ed80-4b47-832d-744d54e3697a","f10fac1a-d7f2-4f4e-a8f2-d72fd48b371a","61a5fb10-8cc3-48db-a009-2fdb4eb9c378","2026-10-13T07:42:00.000Z","2026-10-13T07:42:00.000Z"
"2","The ride was delayed and communication was difficult.","f2b3a007-8e9b-4f70-894c-3ad8ce1f8931","ef01b520-394f-42d7-80ea-7c9e4d54ceb9","5ab9a35e-6ac7-4156-95ae-cc1e59bb9fa7","aa4ac675-15bc-49db-b7fa-84335d28cdc7","2026-10-14T09:10:00.000Z","2026-10-14T09:10:00.000Z"
"1","The driver did not arrive at the pickup hub.","ceb106b3-1132-45d4-b364-b0761bf737b4","6aab06c3-ca46-4e55-935a-b585c41aaf77","1de804a1-1c04-4d9b-88a6-03aa475b2f23","32c9560a-e267-4d5f-85c7-ca585ac3975e","2026-10-16T12:04:00.000Z","2026-10-16T12:04:00.000Z"
"5","Smooth ride and reached campus on time.","7f94774c-8996-49e0-9a83-251d2b3da7e8","97e0576b-a371-4489-a6e6-1050d8cd2b6c","8fcb293d-bce3-4068-b448-c15533882e86","15ef891e-746f-4219-8638-297ada541a3a","2026-10-19T07:47:00.000Z","2026-10-19T07:47:00.000Z"
"2","The ride was delayed and communication was difficult.","81b1be4f-58f3-40f5-91f8-6714c1c0c0aa","7b31edae-9abe-4dcc-b7cc-3c3720dc9fb5","2b79909a-3fc7-4286-93ba-521d9aa64a8f","11e76d6b-888c-4c86-a3f2-2d4bab255598","2026-10-20T08:39:00.000Z","2026-10-20T08:39:00.000Z"
"3","The ride was acceptable but could be more punctual.","6b14ad24-cb43-482d-a48d-8d669d743c66","3934bbc8-793b-4112-8542-53c265426f32","2cabb8ae-b3d7-4c51-8207-1b8fc7300e2c","12e82429-ecad-4a76-bc1b-fddf73c8c117","2026-10-21T05:33:00.000Z","2026-10-21T05:33:00.000Z"
"2","The ride was delayed and communication was difficult.","794b0ebe-2928-4076-8834-dda81032fc7e","3733cf77-96d4-4dc1-a9ec-da302478c3d5","843078cc-2ea7-483f-83b3-cc8bae6695c6","ac87c729-c400-43ff-9619-cd867435a982","2026-10-22T09:13:00.000Z","2026-10-22T09:13:00.000Z"
"4","Friendly driver and a mostly smooth ride.","f8816eba-742c-4842-b3be-dfca792e3f4d","ab08ed30-ba47-4fb9-b022-78e8de44f5cf","2c463203-2185-4bb6-ac9c-dbf4b358d3f9","969131e9-4cc6-483d-82f8-990f056d6c5a","2026-10-26T10:44:00.000Z","2026-10-26T10:44:00.000Z"
"4","Friendly driver and a mostly smooth ride.","84c8a3bc-56f4-441f-a8e5-0f9c27bfa223","fbb61ac1-f9d2-4cdf-bf75-96014fa681aa","50b52ef7-937a-4ad7-a6ea-5df63741b351","38d92c3f-f6e4-4c90-add9-6f5ecbcd5bde","2026-10-27T05:48:00.000Z","2026-10-27T05:48:00.000Z"
"3","The ride was acceptable but could be more punctual.","901f2a27-cae7-40f5-b66e-092f322d39eb","7c15c186-d066-4586-95d9-6c15ab96b1ca","8fe8486d-63f9-47dc-b19e-cee4aa0ac9c0","2b79909a-3fc7-4286-93ba-521d9aa64a8f","2026-10-29T07:11:00.000Z","2026-10-29T07:11:00.000Z"
"1","The driver did not arrive at the pickup hub.","109dcc98-bbb9-4d2c-8022-216a9bcd1f4b","8a037316-bd88-4f1b-854e-4024f3773942","b478ed02-c175-49c9-846a-0e9a7f6aa6be","5b9101ca-8247-4c12-bf7c-68abf2b98166","2026-11-03T07:39:00.000Z","2026-11-03T07:39:00.000Z"
"5","Smooth ride and reached campus on time.","95033bf2-43ea-4f72-a44a-3e5e3ac473f5","d0cab530-3c33-4d4a-ae79-520a75ef8312","1c8d0824-69a8-4346-9507-05d4a6013c68","5468079d-9fdf-4eb9-9b29-ed8a7c650d7c","2026-11-04T04:06:00.000Z","2026-11-04T04:06:00.000Z"
"1","The driver did not arrive at the pickup hub.","d32eb500-b462-4c15-97a2-fe131dd70326","373e7fa0-1c24-487c-a052-39be59600702","f6c03d6c-620f-48f6-af10-83f362b1c35a","e16a421d-031b-47d3-936b-9d6bed68b285","2026-08-08T06:05:00.000Z","2026-08-08T06:05:00.000Z"
"5","Smooth ride and reached campus on time.","04cf5c26-cfbb-4c95-8482-31f83f03b88d","82d6e312-ea3e-4afc-80b2-29f1e2db19d2","72a2f2bb-d751-41f3-8634-e09d45e07917","2cb66b98-63d0-4a21-a9ed-c884d238b71c","2026-08-10T10:12:00.000Z","2026-08-10T10:12:00.000Z"
"4","Friendly driver and a mostly smooth ride.","5c4db490-bad3-436e-a117-69658c3ee633","3242d9fc-9ffa-4468-a6bc-e5b75acf07a6","9d0ef4fe-a576-4770-9ab1-5eafc46b6be0","be9c6ca4-6ee9-481b-8039-dcc0a742224e","2026-08-17T08:09:00.000Z","2026-08-17T08:09:00.000Z"
"1","The driver did not arrive at the pickup hub.","aae3e9f7-07ef-4d48-b9f9-55ae36f0cff5","7a765650-b258-434b-bbbc-98ea7db7530e","4056717c-9798-4214-8fbd-07c4e3a98b6b","39147f90-fbda-49de-88ec-5fe656c0d7b4","2026-08-18T03:38:00.000Z","2026-08-18T03:38:00.000Z"
"4","Friendly driver and a mostly smooth ride.","1a81cd9a-0404-49db-a255-6633e135b8fe","57bdea97-fabb-456a-a374-e4980b70f1bb","3009cc84-1259-4bbc-a108-8462919b7c19","be4d340c-e4ae-41d8-a1a2-337d84d2bfc1","2026-08-20T06:12:00.000Z","2026-08-20T06:12:00.000Z"
"2","The ride was delayed and communication was difficult.","d8c7f167-f9ff-480c-a79b-5eac1beafba9","64b15a17-a6a0-4c29-a956-bcc463b3e06d","657e344f-90aa-4e48-a3e5-9a6235100f2e","7cbb830b-c6bc-4fec-a09b-14b8c825bef8","2026-08-24T11:53:00.000Z","2026-08-24T11:53:00.000Z"
"1","The driver did not arrive at the pickup hub.","1994026e-8218-4489-874d-2995a30fd33b","fcd79093-8bbb-4802-9025-22dddfd1bbd8","896d4da2-8fa8-41c5-b3c6-164a6ce57775","51e576cc-ab7a-49bd-ad0b-21fda7d2bda2","2026-08-25T11:17:00.000Z","2026-08-25T11:17:00.000Z"
"4","Friendly driver and a mostly smooth ride.","62e69902-eb8c-4996-9dfb-7f3db919597b","537be75e-2e48-4216-8457-cd11d3b726a2","c64460b2-879f-4506-882f-92adfc9e63ac","2f12a413-553c-4203-bffb-955e3123875f","2026-08-27T04:21:00.000Z","2026-08-27T04:21:00.000Z"
"4","Friendly driver and a mostly smooth ride.","0b69bac7-c5ef-48f3-918a-f4d20c90c770","10d4ae0f-d589-4996-8aa8-b10e0baf2e0b","cd9196d9-a849-4e71-b98a-4e48a614e104","666980bd-8e4f-4f8c-8b8f-e0c3b08af505","2026-08-27T09:15:00.000Z","2026-08-27T09:15:00.000Z"
"3","The ride was acceptable but could be more punctual.","f7b67244-b0bf-4cca-a50c-7361ce2ffb94","874e7b82-c4f1-47b2-9f14-d08d51a04b90","ed18db93-5780-4297-ae97-bbe311886b02","ced6df1d-3ee8-4c76-8610-955b666d02b6","2026-08-28T06:30:00.000Z","2026-08-28T06:30:00.000Z"
"3","The ride was acceptable but could be more punctual.","ffa97027-94da-4668-9481-8df956f6b9fc","8066116b-42f6-40aa-87fd-8d4056b46e4d","715c6bfc-3ccb-48eb-9e74-b58e93075303","228adcc3-430e-4eba-ba35-403a9eae4ae6","2026-08-31T12:26:00.000Z","2026-08-31T12:26:00.000Z"
"5","Smooth ride and reached campus on time.","c450674e-af73-471f-a7d9-433dc947243b","7c526082-d595-4d19-87ba-ee5aee3916ce","6884857e-84bf-44a3-a6b7-57ffce28a733","7a6f894d-c3ee-4aa4-a5c8-b62bdfa18164","2026-09-04T09:49:00.000Z","2026-09-04T09:49:00.000Z"
"5","Smooth ride and reached campus on time.","ff282226-8b63-4397-80e4-4b44a5968c3f","720d41ac-d1b4-4dc9-ba7a-6acf0042e745","29ba1c6f-943a-462e-a307-a6c327c39a57","2a786db0-f79e-4a08-a45d-7143a56be137","2026-09-04T12:43:00.000Z","2026-09-04T12:43:00.000Z"
"5","Smooth ride and reached campus on time.","d6037ef1-ed7c-434e-965b-2a05051aa08b","b38065ef-acd7-4f75-831e-a3883a7c083b","20bdc7ae-7082-421e-b675-6c4002d0295b","20b672de-a2b7-4ee4-8a1e-2dd98d7a3278","2026-09-05T05:02:00.000Z","2026-09-05T05:02:00.000Z"
"4","Friendly driver and a mostly smooth ride.","567d9b59-46e0-430a-9d24-ea18ad3074ab","56676370-b1ed-4512-a806-de2335804b90","62390621-3521-47ba-869a-f822874bb453","1386d7bb-79eb-4e36-b78d-7ac74357b589","2026-09-08T08:08:00.000Z","2026-09-08T08:08:00.000Z"
"4","Friendly driver and a mostly smooth ride.","c789d491-e2b7-4b29-abf3-d46d82ccb260","9e9d3c36-4fab-4b7a-b4d5-2d97e2d9323d","08eb06b4-7805-4b0c-998b-d919358e8b0f","db21b52b-86e1-49c0-82fe-f5d33db4323f","2026-09-07T04:44:00.000Z","2026-09-07T04:44:00.000Z"
"5","Smooth ride and reached campus on time.","ada3d0c8-785b-4cd2-a68a-31cb3df843d6","bd75dfb8-8351-408f-b038-cd01a8ea5c7e","0f35346d-5638-4de0-b685-b0f5e42ff331","bf4c6c59-6b96-40c9-9575-8528b27b985c","2026-09-14T04:47:00.000Z","2026-09-14T04:47:00.000Z"
"4","Friendly driver and a mostly smooth ride.","98e69255-b55c-4bce-8abd-b4b90dadbca8","7f11746a-ddb5-4b52-8c2f-b9ab9ecd24eb","1f497524-0e6c-424a-94f9-93905b5a9755","9907b9e1-2eaf-4019-b6c3-d17953880b08","2026-09-17T05:50:00.000Z","2026-09-17T05:50:00.000Z"
"3","The ride was acceptable but could be more punctual.","55790de8-dcf0-4ab9-897e-9994f7e3c5a7","8766f53e-2624-498b-8250-73a29b3c3c25","ae43995b-0b10-49a4-a37e-36a29c7b89fa","d96dc164-dffd-4bcb-bc7b-ca59b2d88379","2026-09-22T12:58:00.000Z","2026-09-22T12:58:00.000Z"
"3","The ride was acceptable but could be more punctual.","c49d52b5-6fa8-4c7f-8e54-ae1000712daa","c6f65103-d2c6-4eec-89d6-f7e960b5ba24","797bc6e5-c2a2-497c-bf6e-087c71a1d8b5","23cdcd88-f49b-408a-af81-20c714c4290b","2026-09-25T08:07:00.000Z","2026-09-25T08:07:00.000Z"
"4","Friendly driver and a mostly smooth ride.","7b9c6f69-9809-448a-9dcf-93e1ae25dc62","52281e5f-9bb3-49cc-9207-f8963c6daf9e","fc17bde9-8039-463a-b2df-6dd060d08969","b351304c-33e4-4dfa-bbfe-0e46f5cda915","2026-09-28T08:12:00.000Z","2026-09-28T08:12:00.000Z"
"2","The ride was delayed and communication was difficult.","5089073c-10bd-4d52-a8b8-c2f347a95b0f","6851c7b3-6338-4725-9bc5-a2d26fa91353","6279cde7-2c2c-4986-a9a4-55039693b818","6871daa5-011a-4255-a4bd-29f490afb889","2026-09-29T03:21:00.000Z","2026-09-29T03:21:00.000Z"
"5","Smooth ride and reached campus on time.","138ef962-5d2d-4c8d-a1ba-0525c179467b","5881764f-684f-4d17-aca7-e313a53dc378","9c577260-815e-4814-ae42-db071f0604b0","b2a75502-d4ef-429e-8b73-61e440e0983f","2026-09-30T08:14:00.000Z","2026-09-30T08:14:00.000Z"
"1","The driver did not arrive at the pickup hub.","d5a9d6f9-a2d0-4e72-8e21-01035a014080","4f3d34d6-eb5d-4a79-8f45-c82ef2f659fe","969131e9-4cc6-483d-82f8-990f056d6c5a","0da0c5dd-c04a-461b-bdd7-3d9daceaa0ff","2026-10-01T03:43:00.000Z","2026-10-01T03:43:00.000Z"
"1","The driver did not arrive at the pickup hub.","d36e6c58-08f9-4b0a-b7b7-03261d234920","4d851de1-aaf1-4bbe-a31e-b8ad43171874","9ef8f4fa-8101-4ff2-80ff-91a966e3bab8","72cddc2e-6ec2-4e48-aa1a-fc6654d24fab","2026-10-06T11:41:00.000Z","2026-10-06T11:41:00.000Z"
"1","The driver did not arrive at the pickup hub.","bbdcaed1-c334-4c78-b106-76776f57ad8c","3cce6f20-8e5e-4932-b2e7-725646c5f1e4","39d3794d-33e3-4ffe-b495-fbaa9d28a26b","8dcbd23c-4a1c-425e-b9e1-56d690d064a1","2026-10-08T10:45:00.000Z","2026-10-08T10:45:00.000Z"
"4","Friendly driver and a mostly smooth ride.","8008d27a-ff39-4031-b87f-f49ab8ff68eb","b5a76907-4c2f-4ad2-8569-4c707d0491d9","6871daa5-011a-4255-a4bd-29f490afb889","e338d25f-f71d-4949-82c9-72ff79bd50e0","2026-10-10T07:29:00.000Z","2026-10-10T07:29:00.000Z"
"2","The ride was delayed and communication was difficult.","e614362a-eb0f-4179-afdf-bd84d693ea6d","aa82c21a-5784-4162-aea1-c9366db711e8","72cddc2e-6ec2-4e48-aa1a-fc6654d24fab","edb3c65f-3d50-40e9-9a77-b8be3c596e3d","2026-10-13T04:14:00.000Z","2026-10-13T04:14:00.000Z"
"5","Smooth ride and reached campus on time.","482aa47a-8c50-46e5-89f4-ab81f765b157","cfcd71f3-64d5-4c5c-bf60-d93e484a87ef","26dcafa5-e28f-4c96-bd7f-75ca1113e108","76b965ae-22a7-4a52-a8af-e41b3fbabb12","2026-10-12T10:47:00.000Z","2026-10-12T10:47:00.000Z"
"5","Smooth ride and reached campus on time.","2cc1cd97-a76a-4eeb-a018-31c8a3efcbf2","9338a5c7-a28c-4b61-a813-8eb9691e3c56","5ac71c5e-4117-49f2-9551-e2487ee014ca","26dcafa5-e28f-4c96-bd7f-75ca1113e108","2026-10-13T05:55:00.000Z","2026-10-13T05:55:00.000Z"
"1","The driver did not arrive at the pickup hub.","bd52319c-d051-4819-bc38-3fd29af13b4b","2075418e-f94c-4e07-8c10-1c9b8f557ca9","8dc944aa-aca1-45be-a9af-21bd271602d1","fd00b702-8bbe-4108-ab3e-1e21ba029f40","2026-10-17T03:07:00.000Z","2026-10-17T03:07:00.000Z"
"4","Friendly driver and a mostly smooth ride.","03af51c6-a9c2-41d1-85aa-ad5855e3c5cf","8fc74d29-8668-4c29-b46e-3de3d3214c0f","049a400b-5043-4cc0-8f0c-a2000b0bc7c2","5ac71c5e-4117-49f2-9551-e2487ee014ca","2026-10-20T09:25:00.000Z","2026-10-20T09:25:00.000Z"
"3","The ride was acceptable but could be more punctual.","b30d2b1e-b411-4147-95cc-9e2d039e1d1a","0956db94-bc8d-46e8-b954-438af60bb66e","8ea08f3a-4be1-4f97-9251-d633e633dc41","37b52895-1597-4763-836c-78a8301f11b4","2026-10-21T04:06:00.000Z","2026-10-21T04:06:00.000Z"
"3","The ride was acceptable but could be more punctual.","2120e4ee-67aa-4eed-b288-ba712d296919","e34c05af-4ea5-4901-a451-6a551a89777c","d318afa9-113f-46e4-bd9a-1ae0cbe4cec9","d731dccd-0e69-472d-8310-13e8f5708fe5","2026-10-22T09:12:00.000Z","2026-10-22T09:12:00.000Z"
"1","The driver did not arrive at the pickup hub.","cdd1fd58-e941-4728-a7cc-499304226a64","823ada67-5898-4e1c-8c61-a3bfbfd766f0","b03a0f23-2e1f-438e-b34e-47d7681219f2","4c3a0823-a2f6-449e-a285-51b92ef1ef89","2026-10-26T11:06:00.000Z","2026-10-26T11:06:00.000Z"
"1","The driver did not arrive at the pickup hub.","bad3124e-6979-4119-ac0a-2010b38ac563","c3a4b71a-d84a-4aee-acff-7f1e9b1a3c6a","f49a7a5a-e945-4e5c-9e00-e0e22be3b1cd","2bf63d4b-4be8-4a3d-b079-2a7b714b0da3","2026-10-27T05:34:00.000Z","2026-10-27T05:34:00.000Z"
"1","The driver did not arrive at the pickup hub.","ea96990e-0aa2-4776-a025-480328178310","d2abba0a-9602-4839-97cd-770b9fc4b168","feff947d-b17e-452e-8f42-3a47e3538dae","0c95fe70-a0ca-4d73-8f55-0b0e62001fb9","2026-10-29T08:50:00.000Z","2026-10-29T08:50:00.000Z"
"4","Friendly driver and a mostly smooth ride.","b98cd264-621b-4ee6-b085-3b9fdba7ed2a","a5fb05e8-401e-4fac-9f1a-aa6bdb375cf0","3514e5d2-6b02-4d6b-ac2b-59caf1561997","542484e9-c9f4-48df-8789-a3dffda2107d","2026-10-30T08:10:00.000Z","2026-10-30T08:10:00.000Z"
"4","Friendly driver and a mostly smooth ride.","8245c217-3104-4550-bf80-be370ce5f1e8","7c6ed6df-3051-4e7d-b873-0c2b4aebbba5","1f869515-a5a9-4eb5-955d-cc39b514d6d4","c9ab0de5-362b-43a7-9367-b620469096dd","2026-11-02T04:37:00.000Z","2026-11-02T04:37:00.000Z"
"4","Friendly driver and a mostly smooth ride.","34a641d8-22d0-476c-baa0-37b4d9597965","eb4d9fa1-be32-424f-823f-30fd8e8bdd17","de3ce989-9f1f-4440-bace-a75a4256201a","2611b03a-dd3f-4f47-9599-e17430f77e92","2026-11-02T10:26:00.000Z","2026-11-02T10:26:00.000Z"
"3","The ride was acceptable but could be more punctual.","c043d24b-52d7-4e0d-ad68-83991ee1499e","7c49e5a7-8572-4d25-bede-89b7312a5ad4","ea497014-e432-4e85-93b4-c928f4928526","6d4eadbe-2e7e-4907-9dac-2e7ca825fe4f","2026-11-02T07:00:00.000Z","2026-11-02T07:00:00.000Z"
"4","Friendly driver and a mostly smooth ride.","041968e9-b5eb-47b4-8ed8-76452ca89a2a","25a9ee57-3555-4329-ab62-b71d775970ec","91a6f354-971a-42d5-907b-b61d60bd2863","e1692737-3062-4352-86d9-10ad597efff1","2026-11-05T13:25:00.000Z","2026-11-05T13:25:00.000Z"
"2","The ride was delayed and communication was difficult.","66ec3dd7-b52e-46a6-aa93-3902987a7852","39602255-227b-45f9-ae82-1c286858ecff","ddde26f0-a657-4cc5-8ef1-1171caad0347","b478ed02-c175-49c9-846a-0e9a7f6aa6be","2026-08-08T04:18:00.000Z","2026-08-08T04:18:00.000Z"
"4","Friendly driver and a mostly smooth ride.","d8c97012-5a84-424f-8c7c-a807b598c0d0","cebf1226-a787-4f79-b686-280e039bf09b","f054fa78-46b9-4920-a246-d949c994ef39","ec928319-dcb1-4ffc-9713-393fac2f402a","2026-08-10T11:41:00.000Z","2026-08-10T11:41:00.000Z"
"1","The driver did not arrive at the pickup hub.","28896253-567c-463f-8a11-184ef8da469d","7bc3ed98-a013-4f8f-ba30-dafebbec50ec","cf49cf74-3f6e-4709-821d-0f560bf5bf11","fe0b23a7-80b0-4776-aec0-0e53d369acc1","2026-08-10T06:28:00.000Z","2026-08-10T06:28:00.000Z"
"4","Friendly driver and a mostly smooth ride.","1e2a2c1b-2660-44ae-be7e-4cf057b30c37","7558b4c3-cd3c-448e-907f-e4937e5d9c77","f36c8d35-39b1-4fd4-98f7-5ac3c530eab3","cdec7465-1f6a-4948-bdff-48b43a5e174c","2026-08-11T10:55:00.000Z","2026-08-11T10:55:00.000Z"
"1","The driver did not arrive at the pickup hub.","96e68bb1-8b66-4857-8e2f-97a6646f9565","595b1b65-1e92-4713-be1c-585cd1fcf629","55511d2e-aa5e-4cf6-ac0c-2f79fd94ad59","fbb85f19-6812-469a-9a7e-c060b8e1330e","2026-08-13T11:25:00.000Z","2026-08-13T11:25:00.000Z"
"1","The driver did not arrive at the pickup hub.","4abf47f6-0f8f-4a85-9257-d7c5cdcfa33d","9f380028-a07d-4fcc-a93d-1cdfe76e3f75","f6f5aab6-7eb0-41b3-a1ab-500ca62c77fa","1c8d0824-69a8-4346-9507-05d4a6013c68","2026-08-18T12:46:00.000Z","2026-08-18T12:46:00.000Z"
"2","The ride was delayed and communication was difficult.","fda62db0-ae0c-41aa-a6fc-a0d8288feeb1","76179ba1-30e0-477b-ae29-d600f715e9ee","a61af15b-11ce-4c02-a80b-bdf8f24338bc","a78892d9-93b0-4a78-9a2f-2fad3db5becb","2026-08-19T09:57:00.000Z","2026-08-19T09:57:00.000Z"
"3","The ride was acceptable but could be more punctual.","298a2aba-996c-499b-b4fb-ae6dab362e11","26196210-9e3e-4195-bc14-5659986c1e39","665f2a26-5d69-41bd-bd37-5d34e2366453","62390621-3521-47ba-869a-f822874bb453","2026-08-22T04:26:00.000Z","2026-08-22T04:26:00.000Z"
"5","Smooth ride and reached campus on time.","6909678c-d0d0-4879-bc84-89e6002f8d0e","7b014dba-0df2-4338-9833-b2ad08eea006","36ffa906-e6db-4e16-8e9b-e3f24ede715c","9449171f-669b-4ae3-8a11-85c2698005b4","2026-08-25T07:36:00.000Z","2026-08-25T07:36:00.000Z"
"5","Smooth ride and reached campus on time.","4997a443-bc5e-4d5b-b7d0-ba0677bfc2ec","bb68714e-cc99-4298-a0ab-f0964a1a3277","32c9560a-e267-4d5f-85c7-ca585ac3975e","8100f2b8-79e0-4059-be98-ced465000a2e","2026-09-01T06:03:00.000Z","2026-09-01T06:03:00.000Z"
"3","The ride was acceptable but could be more punctual.","4ad06bc9-0db8-47dc-b0bb-76722dcce3d3","07f12c9d-b137-490c-bc05-6847b466144c","65caf2f5-0b5e-452f-a096-f7f73ba694f9","a85fce63-b4a4-4d71-9d87-2fb5e4653681","2026-09-02T11:59:00.000Z","2026-09-02T11:59:00.000Z"
"2","The ride was delayed and communication was difficult.","23927402-1dcc-4707-9e1a-a9ae9b802260","2c44cc2e-2b1a-407b-b6f4-6d379c613876","b0ac27cd-c785-4a92-96f7-125faca0aafd","49e5dc79-ab6d-4188-9d10-62c1b84c7f5c","2026-09-07T10:05:00.000Z","2026-09-07T10:05:00.000Z"
"4","Friendly driver and a mostly smooth ride.","e4de8b1f-93ea-4f6c-b61a-5c40aad28bb5","9bd7e7cc-c3b8-44a4-bb94-071ae012af07","f599bc96-4841-492f-a111-bec5b3b961ae","c2483f77-a251-4434-8d94-6a2c53e2d38e","2026-09-07T07:36:00.000Z","2026-09-07T07:36:00.000Z"
"1","The driver did not arrive at the pickup hub.","cfda8165-fcee-427d-b60c-aeaeeff5cd3e","0989abd2-b57c-4ede-a394-bb7842c14348","fd00b702-8bbe-4108-ab3e-1e21ba029f40","442efbff-6f39-436d-bf7a-2cbb6404a6ed","2026-09-14T11:35:00.000Z","2026-09-14T11:35:00.000Z"
"5","Smooth ride and reached campus on time.","81a85e11-a2cc-4914-bc8f-623d82204e2c","64d9b517-5a5e-48f8-9ce7-d05be280f5a0","ec928319-dcb1-4ffc-9713-393fac2f402a","81dfda4a-3ec9-4eae-a7f1-0692e03bb1d0","2026-09-17T04:06:00.000Z","2026-09-17T04:06:00.000Z"
"1","The driver did not arrive at the pickup hub.","a183608e-9cba-4488-898b-fbfb2ab036bb","8f639569-9d2b-4e19-9a44-45d0f3118bac","9e5cb7c9-7ef5-48c4-9a63-9e419dbc1b10","ea3fd43b-e1e5-4d62-a163-dae19fc740bd","2026-09-19T04:16:00.000Z","2026-09-19T04:16:00.000Z"
"3","The ride was acceptable but could be more punctual.","19106bc3-6c8e-43c4-bff4-45f0ce2db622","3f5dbb31-a588-4482-8a07-b0ec50fbd83f","97e2c868-d328-4e04-a87f-cdd9bf32f321","7833fb03-c858-4574-92d0-cb72030a18eb","2026-09-23T05:58:00.000Z","2026-09-23T05:58:00.000Z"
"4","Friendly driver and a mostly smooth ride.","b0c561fe-6558-432d-bf51-035e60cbf61e","9470df63-a388-477a-ab7c-5c3d550c74ed","6dbaac16-eca9-4619-9461-cf1f791691ff","71cd4f7b-3e01-44d7-9657-d28c4544f992","2026-09-24T11:08:00.000Z","2026-09-24T11:08:00.000Z"
"2","The ride was delayed and communication was difficult.","101728cd-6959-4f61-b361-ff152723850f","3e84b24e-d459-4a5c-ab02-b23b20357c43","91b6dba8-c5ee-49b6-8e0e-cdb6deb6d498","b53fb963-29ea-4299-915f-2cf34647fe2b","2026-10-13T06:18:00.000Z","2026-10-13T06:18:00.000Z"
"2","The ride was delayed and communication was difficult.","f91bbf89-914d-4b2e-b247-ac3c52645e1b","2e26e5e6-8a2c-49a0-9e59-effa2baf3812","b3149c9d-7e24-49af-9af5-ce51be3f88b9","b4419d49-c195-4f67-8a68-1e38418429ef","2026-10-14T11:39:00.000Z","2026-10-14T11:39:00.000Z"
"3","The ride was acceptable but could be more punctual.","0054aaf6-1916-4cc8-add5-0abc9abf7e7f","b4f0bd24-29c0-49cf-8011-acbec3fd9ef2","9449171f-669b-4ae3-8a11-85c2698005b4","e9ac0d57-c267-41a2-84aa-846e6f118304","2026-10-19T08:59:00.000Z","2026-10-19T08:59:00.000Z"
"3","The ride was acceptable but could be more punctual.","06235c62-614c-433e-b104-659884549512","09678e7e-77d5-401a-a91f-fb0664afca57","7b50af0a-e87a-4600-b547-06ff9da50ada","d138941d-1b44-42fe-975d-1a4eb78e7f92","2026-10-22T10:44:00.000Z","2026-10-22T10:44:00.000Z"
"4","Friendly driver and a mostly smooth ride.","affd032a-0395-4da1-8b78-cac0d1095e17","0535125f-5e07-41b4-8183-c0bc955d24ff","dae29690-62f3-4202-8961-05b05ec7dcc6","aa3e3c66-ecde-4e1f-9ce3-1617c0ecdcef","2026-10-26T06:04:00.000Z","2026-10-26T06:04:00.000Z"
"2","The ride was delayed and communication was difficult.","ffa14282-8f9e-4fbf-beac-7eb9e5d16980","3bfcbbe5-ec10-4944-a9dd-ba509007b715","5c76a658-080e-4482-b7f5-3c04ef99ff4f","40ae73ca-67b2-4b5e-97c1-474a92b2d8d3","2026-11-02T05:39:00.000Z","2026-11-02T05:39:00.000Z"
"4","Friendly driver and a mostly smooth ride.","ec30dd88-3fac-4482-86f5-2bd9a2ac4397","bf613fbf-71a6-43c2-b744-db05e823fdf8","bab50b6c-7a07-4417-adaf-0a3f199ba726","9c9999da-6c7c-4b0f-ba28-7f852899325d","2026-08-08T05:20:00.000Z","2026-08-08T05:20:00.000Z"
"2","The ride was delayed and communication was difficult.","d593681f-33b0-4792-a9a5-eda8a433ebd5","60ea93c4-68ee-45c3-989b-ed8b3a08e7cc","25e86fcd-e6f3-4cae-abe5-69da8dc4879a","f03cb019-ecb8-42fc-ad8b-4be7116d9966","2026-08-11T11:12:00.000Z","2026-08-11T11:12:00.000Z"
"4","Friendly driver and a mostly smooth ride.","8d9eab31-c660-456c-b9f1-50ebd890b6c0","7ae097cf-045e-409a-bfb2-c726c8bc06e4","38d92c3f-f6e4-4c90-add9-6f5ecbcd5bde","856fb0bc-3ae4-454f-9f56-312a33995404","2026-08-17T11:21:00.000Z","2026-08-17T11:21:00.000Z"
"5","Smooth ride and reached campus on time.","9b9f0b05-ba89-4f51-9be2-21a66a1a6878","61279771-2695-403c-bef6-29837a8ac5cd","7a6f894d-c3ee-4aa4-a5c8-b62bdfa18164","df718002-b68d-406f-af02-b7ebdc19dfaa","2026-08-20T06:39:00.000Z","2026-08-20T06:39:00.000Z"
"2","The ride was delayed and communication was difficult.","0807f48b-179f-4f24-843e-95608bb07260","d8a7cd4b-6991-4356-b70c-0812f3a06a17","37b52895-1597-4763-836c-78a8301f11b4","665f2a26-5d69-41bd-bd37-5d34e2366453","2026-08-27T08:18:00.000Z","2026-08-27T08:18:00.000Z"
"5","Smooth ride and reached campus on time.","a464cf04-73ba-4ba7-b603-401fe7281384","4b1e205a-ed42-48bd-b784-7fbcff6779c6","fbb85f19-6812-469a-9a7e-c060b8e1330e","2fd77d02-9eed-432b-bc2b-69984e53b256","2026-08-31T03:43:00.000Z","2026-08-31T03:43:00.000Z"
"2","The ride was delayed and communication was difficult.","dae1dc00-c850-4939-a9db-ae2767876287","c5afd19e-a176-4f40-a45b-6f111ad868a9","921d32f1-c9a7-43cd-89fc-af62a5d8d609","b3224a72-ff85-487a-a6c9-b6a1e3beb8dc","2026-09-11T03:46:00.000Z","2026-09-11T03:46:00.000Z"
"2","The ride was delayed and communication was difficult.","6889c5b6-21a3-4141-b6f5-a489a1e0a7ab","beb44845-453e-4d94-bb99-749e6b27cb1e","e03cedeb-5d97-4486-a7eb-252b7e1f718a","d4a58744-1f9c-4554-9321-1fd9d20b1035","2026-09-18T12:00:00.000Z","2026-09-18T12:00:00.000Z"
"5","Smooth ride and reached campus on time.","1508f8cd-7e73-4411-b230-4c5214ac7b3c","14e7ccea-1a48-4de5-984c-54c7fd2a09f4","efd497f5-8ba1-4dd5-bcea-20a21ad4b890","5118be9b-6811-4a52-9a62-a0ced3f60e27","2026-09-19T03:25:00.000Z","2026-09-19T03:25:00.000Z"
"3","The ride was acceptable but could be more punctual.","0a2d9e80-b958-4e18-8916-0c60ef3f952a","04f91d61-b13b-4d4c-9c9c-e6b2cef78c12","30545805-3fe4-4f18-a8a2-8dccf5ff02fd","ccfa0157-3dc7-4140-84a7-8283ed55f1e4","2026-09-22T12:20:00.000Z","2026-09-22T12:20:00.000Z"
"5","Smooth ride and reached campus on time.","d631ebc6-cceb-48a6-b0e1-68cd0f86d5ef","713cddf2-c3b7-4289-8da9-84c9aec1d256","cb1a579d-c56d-40e0-b768-2d2229dc4a47","dc034266-a00f-4347-8cd9-5799da807274","2026-09-24T09:10:00.000Z","2026-09-24T09:10:00.000Z"
"1","The driver did not arrive at the pickup hub.","79746679-94f3-4c03-9c03-4c9c64542815","97c6b31c-5466-45f4-874b-ec58b23010e4","87c9b6ae-2c7c-4de8-9450-1bd9d4cd713c","17983e48-5904-4312-9f6c-9d6f749c8539","2026-09-28T12:55:00.000Z","2026-09-28T12:55:00.000Z"
"4","Friendly driver and a mostly smooth ride.","45b990ab-c8c2-4edc-83c1-6498aaa44976","5a2df2dd-cc6c-4a73-b584-fd67715f78e0","856c5003-10e0-491c-b001-245c65a8fb4b","aada7730-4500-49e3-9240-e7ca2f69db98","2026-09-29T07:22:00.000Z","2026-09-29T07:22:00.000Z"
"2","The ride was delayed and communication was difficult.","28999b65-f3fd-4bb4-a898-78b1e281b86a","ed757b00-7bf5-43f0-a726-ba6bc7a83108","81dfda4a-3ec9-4eae-a7f1-0692e03bb1d0","797bc6e5-c2a2-497c-bf6e-087c71a1d8b5","2026-10-05T11:17:00.000Z","2026-10-05T11:17:00.000Z"
"2","The ride was delayed and communication was difficult.","47b3f340-4581-4b09-a638-dccd69754667","6b14a4fc-2f9f-4e6e-b23d-4e2689cc7ef0","db6d13c6-50ea-4ee7-98cb-daab8b877783","5ab9a35e-6ac7-4156-95ae-cc1e59bb9fa7","2026-10-07T05:23:00.000Z","2026-10-07T05:23:00.000Z"
"1","The driver did not arrive at the pickup hub.","964000e3-a777-4928-8ca4-daacebd85f9f","60e51d1c-4db6-41cc-a466-d71fa743e3a1","998a2999-5be3-435d-8015-2a973a6e97cc","fa8313a6-d0cd-4c89-ac5a-1bcf559767e4","2026-10-12T09:21:00.000Z","2026-10-12T09:21:00.000Z"
"2","The ride was delayed and communication was difficult.","f06c5b6a-5e60-4535-b18c-f761645ea453","e1833241-4414-40fa-b50b-490641907094","5d577020-68d2-4a61-b36d-861bf1486666","26f04940-3483-4462-a324-84a3c523c941","2026-10-13T04:08:00.000Z","2026-10-13T04:08:00.000Z"
"1","The driver did not arrive at the pickup hub.","b8409c14-4819-4efd-9eeb-4568bcf1f9c6","ebf383f1-6041-477c-8b39-eb74e9f66ff1","b3224a72-ff85-487a-a6c9-b6a1e3beb8dc","0c422408-fcb3-49ec-919b-15b6c943586f","2026-10-16T11:20:00.000Z","2026-10-16T11:20:00.000Z"
"4","Friendly driver and a mostly smooth ride.","da9bc698-3298-4cba-9a59-68244f2b2190","1b8626db-a68f-476b-bda8-b29605dcd776","15ef891e-746f-4219-8638-297ada541a3a","f2ff9e67-5a69-4146-a543-f1fed27fb87a","2026-10-24T09:45:00.000Z","2026-10-24T09:45:00.000Z"
"3","The ride was acceptable but could be more punctual.","deb05be8-3dd5-480f-9c88-d560ad8edc2a","f41ffac4-95e0-499c-9b01-ae2b4bc42c21","e1b6b10d-5653-452d-a57d-24e8752b2f52","fc17bde9-8039-463a-b2df-6dd060d08969","2026-10-26T07:06:00.000Z","2026-10-26T07:06:00.000Z"
"1","The driver did not arrive at the pickup hub.","543e5478-dc29-4419-ace0-dafd1a1653c8","48e9d49e-e4c1-48af-887f-45f8af95b056","2cb66b98-63d0-4a21-a9ed-c884d238b71c","50ca192e-d3dc-40d0-996b-6eea924c44d8","2026-10-27T07:34:00.000Z","2026-10-27T07:34:00.000Z"
"2","The ride was delayed and communication was difficult.","d01b1f12-9468-4ff9-b1e0-71d635089284","973aa5ca-1a17-4a55-bc64-48aa4f3d91d9","7cbb830b-c6bc-4fec-a09b-14b8c825bef8","399cdebc-51c2-422b-87a5-220f8cc2d7ac","2026-10-29T05:50:00.000Z","2026-10-29T05:50:00.000Z"
"1","The driver did not arrive at the pickup hub.","2dce12b4-2e03-4617-98a7-4bb6cc79d917","e5ab4d78-27aa-4a41-9db3-993370985546","523365f0-54d7-48ce-b828-50e1b0a2737e","ff933861-ecae-470a-9ee4-3663e749fdbc","2026-10-31T08:26:00.000Z","2026-10-31T08:26:00.000Z"
"4","Friendly driver and a mostly smooth ride.","a5604f1d-fea2-41dd-91a5-b758f0165149","2436d6b5-ff6c-4acd-a0a3-cb8dee6af77e","18da61b6-4b5b-4090-ae04-48fad27b6a3d","ac87c729-c400-43ff-9619-cd867435a982","2026-08-13T09:13:00.000Z","2026-08-13T09:13:00.000Z"
"5","Smooth ride and reached campus on time.","f1b4ecd5-dcc0-47cd-9e88-0a433310b255","e85c32ab-28e2-49d3-b6b5-8164b3e2d9b1","3abf2f35-867e-4d12-a3c6-7fad053953bd","30e63cfd-4d4a-41f2-9c08-fe7bb0c7d4b0","2026-08-27T12:11:00.000Z","2026-08-27T12:11:00.000Z"
"5","Smooth ride and reached campus on time.","bc1dc1dc-9e40-4812-a5a6-e0c1f64f6bd2","0b37b0e9-5d02-4741-96d2-c7256cb5a0c5","8f953396-84b2-41a6-a56b-cbfd7dc18157","2cb66b98-63d0-4a21-a9ed-c884d238b71c","2026-08-29T09:10:00.000Z","2026-08-29T09:10:00.000Z"
"2","The ride was delayed and communication was difficult.","c400153d-cab8-4de1-a2e6-b9e8385a191c","a779d34a-da11-45ce-b862-8cb194d96518","59fd1ae0-7135-47e3-b51b-37d92557542d","d04ea078-3e78-494d-83a0-92fee39d6bb7","2026-09-04T12:50:00.000Z","2026-09-04T12:50:00.000Z"
"5","Smooth ride and reached campus on time.","64818c77-8e21-450d-a2e0-91b0be214808","0760b464-4565-493d-a922-94ca9e91fc6e","fd0ae9bd-2b4a-4bdb-b003-728318b36973","be9c6ca4-6ee9-481b-8039-dcc0a742224e","2026-09-07T08:09:00.000Z","2026-09-07T08:09:00.000Z"
"3","The ride was acceptable but could be more punctual.","b3756a2d-113b-47d9-a258-9701e0f3a519","86d85086-7769-434c-94ed-99cb9e53e17f","3f9fca15-c0f0-4b4b-b617-dfdcac65c8ed","39147f90-fbda-49de-88ec-5fe656c0d7b4","2026-09-08T03:38:00.000Z","2026-09-08T03:38:00.000Z"
"5","Smooth ride and reached campus on time.","53f94e5f-0cac-4bef-9d7b-4c1493bba0a6","32064162-b31e-4d34-8d16-0b054cd4c9f3","8005e16b-eaf8-45be-b4d8-a5fcd5431201","7cbb830b-c6bc-4fec-a09b-14b8c825bef8","2026-09-14T11:53:00.000Z","2026-09-14T11:53:00.000Z"
"2","The ride was delayed and communication was difficult.","7c5608ce-5511-4347-948b-0e3db54ee7e5","a19cd6f6-71fe-46ad-95dd-c6c8c35314ca","442efbff-6f39-436d-bf7a-2cbb6404a6ed","2f12a413-553c-4203-bffb-955e3123875f","2026-09-15T05:10:00.000Z","2026-09-15T05:10:00.000Z"
"5","Smooth ride and reached campus on time.","f7ffd689-89eb-4aee-83f4-68d9a1175fd0","0dbe9480-abd0-4b2b-8f43-4565b347cd43","856b4feb-c8f1-4731-b41e-d21be114be5d","f599bc96-4841-492f-a111-bec5b3b961ae","2026-09-18T09:52:00.000Z","2026-09-18T09:52:00.000Z"
"2","The ride was delayed and communication was difficult.","b638aa44-7481-4861-92dd-12323aee68f8","a406a9d2-3472-429f-8408-867383a9a8b2","e7cc1cf8-531c-4ba4-ae07-b3b8c7ed12b4","20b672de-a2b7-4ee4-8a1e-2dd98d7a3278","2026-09-25T07:56:00.000Z","2026-09-25T07:56:00.000Z"
"5","Smooth ride and reached campus on time.","eea50ae1-5c19-4c08-8450-6a8133e1774a","6313d76a-6e12-474b-b22e-51493289f629","26f04940-3483-4462-a324-84a3c523c941","e0a60ad9-cc73-4c06-a3f4-008b5f55a00b","2026-10-02T09:23:00.000Z","2026-10-02T09:23:00.000Z"
"5","Smooth ride and reached campus on time.","4d874a13-bb14-44aa-ae15-d11bf9436b83","294c18ad-4603-47a3-b97a-5dd9489da0fc","12e82429-ecad-4a76-bc1b-fddf73c8c117","6afa4784-41a5-471b-8dbf-dcd4ef8d1af1","2026-10-06T10:03:00.000Z","2026-10-06T10:03:00.000Z"
"5","Smooth ride and reached campus on time.","6ed9461f-1a5a-4975-95d2-958c99491c9c","26fbe6a5-a5f4-4bc6-a39c-3e9c413b447f","be4d340c-e4ae-41d8-a1a2-337d84d2bfc1","b5e29269-7643-45b9-ac7a-a2ccd2b93983","2026-10-10T10:14:00.000Z","2026-10-10T10:14:00.000Z"
"4","Friendly driver and a mostly smooth ride.","cf6925ac-935d-4f89-b989-9ff7d21e6e64","92f1deee-31f9-435c-92e3-0788db8a5791","fcfaa482-6492-469b-ba42-8abf44531f61","d96dc164-dffd-4bcb-bc7b-ca59b2d88379","2026-10-12T10:38:00.000Z","2026-10-12T10:38:00.000Z"
"2","The ride was delayed and communication was difficult.","ac4d03af-876b-423e-bf5c-1d619fe943c1","8435501f-1d0d-44b9-8f9f-d03a191d583d","8d1d180b-18bc-4087-9270-19ce1583e574","e49978a2-3a3c-40a9-aa44-f434bfa66b81","2026-10-23T06:39:00.000Z","2026-10-23T06:39:00.000Z"
"4","Friendly driver and a mostly smooth ride.","b38c694d-1309-4d07-95df-3702f7bf9808","2b488433-1028-4b11-ae93-c76b4784ee5a","fa0d30d3-0506-4b72-a9d6-ba7158bfd0a0","76b965ae-22a7-4a52-a8af-e41b3fbabb12","2026-11-02T10:47:00.000Z","2026-11-02T10:47:00.000Z"
"3","The ride was acceptable but could be more punctual.","67f02c8f-5e67-4ed5-a62e-f72d94313631","14e8bb6c-b0b8-466e-b65f-13c23ea52937","5c96563c-848e-485c-acbe-fea45d06506b","10da92ee-210d-4710-88f2-423a285dd142","2026-11-05T10:46:00.000Z","2026-11-05T10:46:00.000Z"
"1","The driver did not arrive at the pickup hub.","249fda97-1b2d-48bb-9279-1ea7b7b8a7ee","1a4e863f-c031-4524-bb27-2963abd60f5a","82251b7c-39c1-4612-9777-0028617b08fc","0c95fe70-a0ca-4d73-8f55-0b0e62001fb9","2026-08-20T08:50:00.000Z","2026-08-20T08:50:00.000Z"
"2","The ride was delayed and communication was difficult.","d1a386b9-7556-4237-b6a2-e8457851dec9","0ce13de0-220c-4e27-836d-2f6fe71d9845","90fbd646-a8a0-4f77-af4f-4746feda3a10","542484e9-c9f4-48df-8789-a3dffda2107d","2026-08-21T08:10:00.000Z","2026-08-21T08:10:00.000Z"
"2","The ride was delayed and communication was difficult.","503963e1-b449-40da-9d86-c350422ae4e6","6ad9dd1f-a784-4ac0-a90b-9344e16aa0ef","3cba72c9-ac53-4442-8d16-3fa4f75f696d","c9ab0de5-362b-43a7-9367-b620469096dd","2026-08-24T04:37:00.000Z","2026-08-24T04:37:00.000Z"
"5","Smooth ride and reached campus on time.","c2342f5c-0995-44cb-a245-2f2377a2fe0e","6f8f22e3-a3d5-4b96-a2c2-2971f613d884","ed6b366d-9f31-4216-84e6-747030d98fda","e1692737-3062-4352-86d9-10ad597efff1","2026-08-27T13:25:00.000Z","2026-08-27T13:25:00.000Z"
"2","The ride was delayed and communication was difficult.","a59602bd-2b4f-442d-ad3f-8a0c9c47a329","b6423514-73e1-4c71-9429-9bd1c2b0b703","b049f74f-7dd1-454b-91ad-b27eeaeed095","b478ed02-c175-49c9-846a-0e9a7f6aa6be","2026-08-28T03:12:00.000Z","2026-08-28T03:12:00.000Z"
"1","The driver did not arrive at the pickup hub.","c1473e17-efa4-4c91-a32b-ac3ae299e888","68cc07d1-b0a5-4160-b161-3ebe9ae829b4","03dfc805-e814-4e5f-a637-8a041faf9ad7","287a280f-3e96-473f-a98b-7fea3a6ff244","2026-09-09T04:58:00.000Z","2026-09-09T04:58:00.000Z"
"2","The ride was delayed and communication was difficult.","b0255056-b205-41c6-b3c5-9bbd4e3d91be","71ecd16c-73ec-46bc-9ff5-28862574cbe0","81213212-6e43-4b70-96e8-51e59fb5e735","4e00ed27-5fe2-4835-b43b-aad7700f4e90","2026-09-09T03:37:00.000Z","2026-09-09T03:37:00.000Z"
"2","The ride was delayed and communication was difficult.","6ca917ab-2ba6-44b0-b2a8-244577699665","6987b167-7709-46d8-b12b-b7ee6d98235b","5118be9b-6811-4a52-9a62-a0ced3f60e27","8d1d180b-18bc-4087-9270-19ce1583e574","2026-09-10T07:01:00.000Z","2026-09-10T07:01:00.000Z"
"1","The driver did not arrive at the pickup hub.","1b11f53b-f906-49ea-a4d5-01a4c184fc9a","7a356257-b76e-4261-a3ee-d3a7d1782078","669af901-6937-4b2d-a11b-46de7e09eced","9e5cb7c9-7ef5-48c4-9a63-9e419dbc1b10","2026-09-12T10:28:00.000Z","2026-09-12T10:28:00.000Z"
"2","The ride was delayed and communication was difficult.","6dfd001c-8861-4efb-9a14-39cf6930a456","46fe3db0-a3ea-47af-b853-382e4b9795c6","c4608e10-532e-42df-b9ca-6399d157bc77","a8d214fd-de07-4ea1-bae5-557d146f9b27","2026-09-18T08:31:00.000Z","2026-09-18T08:31:00.000Z"
"5","Smooth ride and reached campus on time.","8000d962-3312-4de7-856a-cb6b45da8b34","5ba5f76c-fa67-48f4-89ed-6861d02e466c","228adcc3-430e-4eba-ba35-403a9eae4ae6","1e8f38cb-b0ae-4701-9268-3c8e55456ef9","2026-09-24T04:43:00.000Z","2026-09-24T04:43:00.000Z"
"3","The ride was acceptable but could be more punctual.","79ed37be-3534-454a-a25f-1fc3689373b5","b7c5c67f-b349-4ca1-90e1-f85f51629ab9","f69ef11d-7551-4545-967a-f045a72ebb93","22cd2c32-c447-4e38-8e94-504aa1dee620","2026-09-28T12:03:00.000Z","2026-09-28T12:03:00.000Z"
"4","Friendly driver and a mostly smooth ride.","2ed25cc8-cab8-4dc5-b834-e4c2542d66ae","a14352a7-dd09-485a-93f4-cc9ed1f83047","76b965ae-22a7-4a52-a8af-e41b3fbabb12","049a400b-5043-4cc0-8f0c-a2000b0bc7c2","2026-09-29T07:41:00.000Z","2026-09-29T07:41:00.000Z"
"2","The ride was delayed and communication was difficult.","15e962c4-010d-407b-8c88-3f1a0107527f","3b3e2f78-4eb4-42f0-bf47-8f5fe96cff72","47fb716c-faad-411e-a3e5-d13e542643c1","033a0415-353b-46da-a08f-1e6fb661c073","2026-09-30T12:55:00.000Z","2026-09-30T12:55:00.000Z"
"1","The driver did not arrive at the pickup hub.","fa09baf9-6de3-4dc7-a3b1-36a3b0d52aff","d82fb1b7-633b-492e-a897-fb6a329c723f","287a280f-3e96-473f-a98b-7fea3a6ff244","52467296-cc1a-4959-869c-83e18fa9c89e","2026-10-05T11:10:00.000Z","2026-10-05T11:10:00.000Z"
"5","Smooth ride and reached campus on time.","f6012446-09de-4867-880e-fa344df38aa8","a3d7f628-948b-4ed8-b220-4933b8bc251d","22cd2c32-c447-4e38-8e94-504aa1dee620","09fad991-eb28-483c-a92f-412d005f86e1","2026-10-07T05:43:00.000Z","2026-10-07T05:43:00.000Z"
"5","Smooth ride and reached campus on time.","5842f030-7f9d-4da8-9fc6-544010b2a577","7b87c305-59f3-4fd8-a861-c8ab5ded409e","29b6b79c-7351-4ba6-a9ad-66967f535c3c","d318afa9-113f-46e4-bd9a-1ae0cbe4cec9","2026-10-14T04:49:00.000Z","2026-10-14T04:49:00.000Z"
"4","Friendly driver and a mostly smooth ride.","ae29abad-d9d4-4102-96cf-b2472e789b54","06663373-1e24-4ffb-ba01-aa810fb5c054","edf92a9c-96cf-4fe7-b02c-abdaad634737","f6bd0cb8-14b6-4983-84a7-6090b75c1bf2","2026-10-15T04:28:00.000Z","2026-10-15T04:28:00.000Z"
"3","The ride was acceptable but could be more punctual.","4fa272a1-d15e-48e5-a627-906556fbfc10","15c43573-9026-4514-96b2-386aa2b78dd8","750f9bd3-e937-4388-a25a-3cc6be098aa7","219ae89a-62d9-41de-a1e7-1597cd661ca8","2026-10-19T08:08:00.000Z","2026-10-19T08:08:00.000Z"
"4","Friendly driver and a mostly smooth ride.","6bad0f1a-ebfe-4f6e-8283-85010ce5a885","5d8e823c-adde-43a3-b70a-4a96ebf53f8d","461b5690-97cf-4151-95af-7899c536787b","89d25526-5e75-4c71-a504-7c0e208f52ae","2026-10-22T10:13:00.000Z","2026-10-22T10:13:00.000Z"
"4","Friendly driver and a mostly smooth ride.","f83d276e-12a2-42f9-b877-3ce32dc354d9","639b8dab-868e-46c8-9985-2b24c67e426f","90d5fa4d-50ca-4080-ae76-6f8158f4c9a5","4bb40fa4-b428-432e-aca2-1a954ebd5186","2026-10-30T11:21:00.000Z","2026-10-30T11:21:00.000Z"
"2","The ride was delayed and communication was difficult.","efe78ab3-48fa-4ce0-887e-881777bb0a06","80c739c0-028a-4aeb-bb97-4a8b74e9b783","70d0f859-149d-4503-9629-7e2b03c67a3f","856c5003-10e0-491c-b001-245c65a8fb4b","2026-11-02T10:46:00.000Z","2026-11-02T10:46:00.000Z"
"1","The driver did not arrive at the pickup hub.","7a927d59-eedc-4145-88a3-d14c9eb3b520","17fa5741-b7f9-4a82-b0d6-00329164d053","d3b6bef4-14dc-43ee-b1ea-5df640bff3ea","20bdc7ae-7082-421e-b675-6c4002d0295b","2026-11-03T07:33:00.000Z","2026-11-03T07:33:00.000Z"
"4","Friendly driver and a mostly smooth ride.","51c2b2e3-96f7-49e0-bd3e-159c64724076","5c55ad94-091b-4dbe-a90e-a6c42aec12c8","e977337e-9b7d-4b79-9851-7a31a276eaf5","613365a0-56e0-41a2-a7c9-48b35ec746a1","2026-08-10T06:49:00.000Z","2026-08-10T06:49:00.000Z"
"1","The driver did not arrive at the pickup hub.","3758a547-b383-4c8b-8fed-cc3994ee31a5","9ddfc12d-47f7-4408-abc6-123d3cbebe36","0234ea7e-b8a5-4a4f-8b12-eb48fefff06e","6767d864-c164-421c-8b90-0f29abc5af41","2026-08-11T07:54:00.000Z","2026-08-11T07:54:00.000Z"
"5","Smooth ride and reached campus on time.","24e165dd-ef6d-413c-9b81-fa25aca228e7","c5fe6c7b-15ea-41e0-833c-774eb1cb567a","95e5d040-6f8f-43de-b101-0a1abbfde269","9449171f-669b-4ae3-8a11-85c2698005b4","2026-08-13T07:15:00.000Z","2026-08-13T07:15:00.000Z"
"1","The driver did not arrive at the pickup hub.","30061302-ad87-49c9-8896-fd1cb569d3bb","3730edf5-ca9b-413a-95bb-067c438692c2","d138941d-1b44-42fe-975d-1a4eb78e7f92","8005e16b-eaf8-45be-b4d8-a5fcd5431201","2026-08-14T05:03:00.000Z","2026-08-14T05:03:00.000Z"
"2","The ride was delayed and communication was difficult.","13f5b0d4-d830-4298-861b-f82370819ccb","7587378b-5f55-48cb-b882-7cfb86c63877","b5eb2319-5923-4823-9cfb-fa0ca41f597b","7b50af0a-e87a-4600-b547-06ff9da50ada","2026-08-21T03:06:00.000Z","2026-08-21T03:06:00.000Z"
"5","Smooth ride and reached campus on time.","12227093-b2f8-46d7-abbe-8b48f7585ce4","a1630283-894c-4a39-856e-c89470bedb88","5ab9a35e-6ac7-4156-95ae-cc1e59bb9fa7","e443e68b-7cb4-4260-8ec6-64c485de79d5","2026-08-25T12:47:00.000Z","2026-08-25T12:47:00.000Z"
"5","Smooth ride and reached campus on time.","9a863a11-3497-4b45-b05d-ce8aed6c540e","ccff349f-403c-4b6c-9e06-9c56b1f665f4","1de804a1-1c04-4d9b-88a6-03aa475b2f23","49e5dc79-ab6d-4188-9d10-62c1b84c7f5c","2026-08-27T08:26:00.000Z","2026-08-27T08:26:00.000Z"
"2","The ride was delayed and communication was difficult.","db1aad30-b1df-4a4c-9776-e76711fc6dde","1b5a74ec-7181-4008-adee-2fea688239c4","8fcb293d-bce3-4068-b448-c15533882e86","c2483f77-a251-4434-8d94-6a2c53e2d38e","2026-08-28T05:56:00.000Z","2026-08-28T05:56:00.000Z"
"2","The ride was delayed and communication was difficult.","9d9384b6-fcab-4222-b3e6-22e3c5c50292","b65a297f-80ed-487e-8d43-fb5cbc1de73c","6b38852c-3199-4130-9bef-739d2cbf98cd","b2f0c20b-d66e-41c9-b60f-6562ae71b956","2026-08-29T13:16:00.000Z","2026-08-29T13:16:00.000Z"
"3","The ride was acceptable but could be more punctual.","9aeadb5f-840b-4b0a-b4dc-795b34650100","5663e112-eabf-49eb-ab35-ec5082302f65","2b79909a-3fc7-4286-93ba-521d9aa64a8f","2d02ada0-aefc-4d76-9f2f-c57bee3201ac","2026-08-31T11:33:00.000Z","2026-08-31T11:33:00.000Z"
"1","The driver did not arrive at the pickup hub.","dad58976-2acb-4433-ab91-712809a5ed22","5a627008-6213-4d82-a416-c3848627168a","ced6df1d-3ee8-4c76-8610-955b666d02b6","442efbff-6f39-436d-bf7a-2cbb6404a6ed","2026-09-04T12:32:00.000Z","2026-09-04T12:32:00.000Z"
"3","The ride was acceptable but could be more punctual.","df3ca685-1488-49ce-9547-67c6e87cf28b","cb0261b9-ca17-42fa-aa13-259055b48769","2a786db0-f79e-4a08-a45d-7143a56be137","afabde80-8412-4536-8a7d-443441b6329d","2026-09-05T05:57:00.000Z","2026-09-05T05:57:00.000Z"
"4","Friendly driver and a mostly smooth ride.","929cbafe-9485-42dd-88aa-4270a81c82ed","65637234-30d3-41cb-9ace-a4af79b5b756","50b52ef7-937a-4ad7-a6ea-5df63741b351","81dfda4a-3ec9-4eae-a7f1-0692e03bb1d0","2026-09-07T05:32:00.000Z","2026-09-07T05:32:00.000Z"
"3","The ride was acceptable but could be more punctual.","f3b49df6-9757-48f3-9c04-bf519d5ce54d","a725442f-24b5-4f29-891d-13311ca8d1d8","e448284e-7dcf-4d42-b0eb-1d902bcd1366","15d12fa2-5285-4e19-a290-344ead002d9f","2026-09-12T10:03:00.000Z","2026-09-12T10:03:00.000Z"
"4","Friendly driver and a mostly smooth ride.","fe8d52ae-cdd4-4bdf-aeec-371380e26c27","e6938160-cc66-41d1-947e-88a4491a2bf1","542484e9-c9f4-48df-8789-a3dffda2107d","7833fb03-c858-4574-92d0-cb72030a18eb","2026-09-15T06:03:00.000Z","2026-09-15T06:03:00.000Z"
"4","Friendly driver and a mostly smooth ride.","75a9d0df-1b50-47a3-bfa8-b26344462fc8","b29d5853-3fca-44ba-ac92-f2a4f29d3e99","f6c03d6c-620f-48f6-af10-83f362b1c35a","772a4089-be1c-415b-9115-5af745dcbd7e","2026-09-18T03:01:00.000Z","2026-09-18T03:01:00.000Z"
"4","Friendly driver and a mostly smooth ride.","b3d855de-eaab-464e-bf7e-e659f28a5c51","217449f2-0e98-4a0a-981a-b6bdcea2b520","72a2f2bb-d751-41f3-8634-e09d45e07917","04bfe73e-1142-4d3f-8bbf-57dbee041dd2","2026-09-18T12:06:00.000Z","2026-09-18T12:06:00.000Z"
"5","Smooth ride and reached campus on time.","026b448a-0423-4c91-8315-8721dda2d992","598d8fe4-1151-4bfa-b95c-94c6f23b5e76","22829531-9959-4ca6-a928-9f36eb4703e1","2e0f5d10-9fa3-4578-9046-adc52e9f52d6","2026-09-22T12:12:00.000Z","2026-09-22T12:12:00.000Z"
"4","Friendly driver and a mostly smooth ride.","8b7b1428-d1df-4551-8a72-d6a040358330","e62c64fb-47f1-4303-b22d-9145aa897d78","3a33f6e7-07ab-4e3d-a721-814ac739de5e","db6d13c6-50ea-4ee7-98cb-daab8b877783","2026-09-28T11:53:00.000Z","2026-09-28T11:53:00.000Z"
"4","Friendly driver and a mostly smooth ride.","9c96dfca-8d4e-4a86-ae60-757be7e33574","d120ccf0-a286-49dc-97be-4e1b88604163","7e9c129c-4156-4ca9-af99-d00fb8d1aadd","0f35346d-5638-4de0-b685-b0f5e42ff331","2026-09-30T10:58:00.000Z","2026-09-30T10:58:00.000Z"
"2","The ride was delayed and communication was difficult.","5290ffcf-6476-49fe-a2ce-097a9887c897","63f14e9a-34ab-4413-9774-48d5cfb74128","657e344f-90aa-4e48-a3e5-9a6235100f2e","a2cb33f4-0739-4e42-9665-4bae72ebfb2a","2026-10-02T11:23:00.000Z","2026-10-02T11:23:00.000Z"
"2","The ride was delayed and communication was difficult.","d8e92e4c-aa68-4103-8238-f2a5e53d0553","02c305a4-eaec-4b0b-b035-315d57b846b8","b69aeeb6-95cd-4c93-b1fd-e8588a274731","95e5d040-6f8f-43de-b101-0a1abbfde269","2026-10-03T03:46:00.000Z","2026-10-03T03:46:00.000Z"
"2","The ride was delayed and communication was difficult.","c0944a74-bfd4-4fd8-a420-4b13be838aec","e2114b2f-0b12-414d-96d4-5d5c6cb40480","3916a068-e6a5-4012-812a-fbcd946203e9","f50ed78b-09ac-4340-b6dd-86ae124a356e","2026-10-12T06:28:00.000Z","2026-10-12T06:28:00.000Z"
"4","Friendly driver and a mostly smooth ride.","720ddff4-8584-421f-9d98-dc3bc55361c6","595a469b-af0f-4bb7-a2eb-7acffb31737b","20bdc7ae-7082-421e-b675-6c4002d0295b","aa3e3c66-ecde-4e1f-9ce3-1617c0ecdcef","2026-10-15T05:14:00.000Z","2026-10-15T05:14:00.000Z"
"4","Friendly driver and a mostly smooth ride.","bebc38ca-7dc4-4366-a219-3a09198f6408","fbb6ff31-de42-4e7a-b295-d0017fc3294b","08eb06b4-7805-4b0c-998b-d919358e8b0f","dbb7296e-eb2b-4e18-9aed-9b61128e1b95","2026-10-19T08:15:00.000Z","2026-10-19T08:15:00.000Z"
"3","The ride was acceptable but could be more punctual.","0138314a-aff2-40e0-9e16-aa250ea0e85d","cf13160f-876f-40e5-aafc-efcd67d33b21","5def974b-b8b4-4ef7-8825-5a50ee6710cd","7d4898cc-54f3-4bd1-b9da-b31ff1cb26c3","2026-10-22T05:45:00.000Z","2026-10-22T05:45:00.000Z"
"5","Smooth ride and reached campus on time.","85857ffa-5905-4fa8-ba94-66a8273dace3","b49c1fa4-56ce-470d-8c3e-53fe619e49d1","1f497524-0e6c-424a-94f9-93905b5a9755","9c9999da-6c7c-4b0f-ba28-7f852899325d","2026-10-27T03:35:00.000Z","2026-10-27T03:35:00.000Z"
"5","Smooth ride and reached campus on time.","470ea8c7-6317-485c-b60a-92ebd4b51efd","098ba033-2ec9-4018-a6cf-05c7521ae234","2e269fc9-9682-468b-b756-d02e46a395d8","6cc8d264-2c05-4a80-90d4-2b29b4ccd802","2026-10-31T05:00:00.000Z","2026-10-31T05:00:00.000Z"
"3","The ride was acceptable but could be more punctual.","85511bff-817a-453a-8932-e357f55f4002","8b8e37b7-6d64-4ebf-a0bd-e10deee98eeb","ae43995b-0b10-49a4-a37e-36a29c7b89fa","a49cc7a3-0beb-4fbf-8d54-c676dfe72f4b","2026-11-02T13:02:00.000Z","2026-11-02T13:02:00.000Z"
"4","Friendly driver and a mostly smooth ride.","e95febd1-83e4-4822-a836-b168f51b7e72","9c96ad51-775d-41b3-95be-15ebf7d1c28d","fb85cd08-9134-4e91-ad82-1bf40b5e18fe","856fb0bc-3ae4-454f-9f56-312a33995404","2026-11-03T10:51:00.000Z","2026-11-03T10:51:00.000Z"
"4","Friendly driver and a mostly smooth ride.","da8c35c8-0c88-4131-93db-8482b2f84102","3617f41d-0051-4001-bf6b-5d8f0407c4c9","797bc6e5-c2a2-497c-bf6e-087c71a1d8b5","609a5aa2-e576-472b-ae03-3d339a90c45c","2026-11-04T07:04:00.000Z","2026-11-04T07:04:00.000Z"
"4","Friendly driver and a mostly smooth ride.","f105931d-c2a1-4a28-a657-fb022e1201cc","02e5d488-9570-4e13-b9e9-4c76b813fbc6","77d7f815-239b-4019-bf1b-76b62751a21d","3a8f1c12-2394-4eb5-8694-7152af59c7d0","2026-11-05T13:27:00.000Z","2026-11-05T13:27:00.000Z"
"1","The driver did not arrive at the pickup hub.","2cb0274e-89ce-48bd-ae9d-6628af9e3256","f88afde2-cf10-4261-b116-232dc7e75088","9c577260-815e-4814-ae42-db071f0604b0","5d577020-68d2-4a61-b36d-861bf1486666","2026-08-11T07:41:00.000Z","2026-08-11T07:41:00.000Z"
"5","Smooth ride and reached campus on time.","f40fa9e8-c657-41a1-8b11-7c471e5bba34","3221d101-4df9-47aa-99cd-67e16a015384","39147f90-fbda-49de-88ec-5fe656c0d7b4","e7cc1cf8-531c-4ba4-ae07-b3b8c7ed12b4","2026-08-15T13:07:00.000Z","2026-08-15T13:07:00.000Z"
"2","The ride was delayed and communication was difficult.","20057ee5-cbc8-40ad-948e-35cac7a60283","686e426c-7cba-46f8-9b6a-bfc136e8d03b","51e576cc-ab7a-49bd-ad0b-21fda7d2bda2","105772de-3e2e-4525-873d-28205793d14f","2026-08-19T04:54:00.000Z","2026-08-19T04:54:00.000Z"
"5","Smooth ride and reached campus on time.","9ec1d246-3add-499d-9638-23a17399287b","28f9cbf9-f4d1-4f7d-8b2a-3682fc031c0d","f0c7e0ed-5ec8-43e2-aabe-d0c93c5234e3","c4023d4b-7895-4d6b-ba0a-7cbce21340b7","2026-08-18T07:22:00.000Z","2026-08-18T07:22:00.000Z"
"2","The ride was delayed and communication was difficult.","8a55d50d-d46d-4952-bbcb-736a8a2d19d1","d188b88e-3642-44a2-b4b8-3b58020f5d47","72cddc2e-6ec2-4e48-aa1a-fc6654d24fab","2df45663-f8d0-4308-b79d-fd6c1ff852c9","2026-08-22T04:25:00.000Z","2026-08-22T04:25:00.000Z"
"4","Friendly driver and a mostly smooth ride.","1f169d69-f50b-41af-a6f0-b5a6e6cae419","129d59fe-cab7-48bd-bc70-5a1b03d912e9","26dcafa5-e28f-4c96-bd7f-75ca1113e108","b5eb2319-5923-4823-9cfb-fa0ca41f597b","2026-08-24T07:24:00.000Z","2026-08-24T07:24:00.000Z"
"2","The ride was delayed and communication was difficult.","3554a32f-1d76-4cd0-b5f9-99259efacf07","e1a6c223-e656-45b4-933e-163628291322","e36d6950-fda1-4e0a-b9a4-3109c1ef3afd","2e269fc9-9682-468b-b756-d02e46a395d8","2026-08-27T11:01:00.000Z","2026-08-27T11:01:00.000Z"
"4","Friendly driver and a mostly smooth ride.","d687be43-0808-430b-b9fd-032d87f1b5ed","2af6d5fc-ec15-4cb7-9a97-50151e3f9103","69158428-13ec-44bc-be1b-661be60211b1","8190565d-9fb1-4428-a386-4bb1b2f4fdee","2026-08-29T07:50:00.000Z","2026-08-29T07:50:00.000Z"
"2","The ride was delayed and communication was difficult.","1f984ed6-cbf8-4d9f-81df-c168d3476293","2ad705d0-f96b-4878-af7c-cfca956fcabd","b03a0f23-2e1f-438e-b34e-47d7681219f2","f1320520-f547-4abc-be6f-66bd5f323eb5","2026-09-07T12:12:00.000Z","2026-09-07T12:12:00.000Z"
"1","The driver did not arrive at the pickup hub.","a608e591-f91a-4ddd-a853-16d54d569252","ec16c9b1-7c47-4c4d-a652-dd0724b84e3c","f49a7a5a-e945-4e5c-9e00-e0e22be3b1cd","acb16d87-c821-4f83-a7a0-8733496f99be","2026-09-08T08:38:00.000Z","2026-09-08T08:38:00.000Z"
"2","The ride was delayed and communication was difficult.","3d5504d0-19d3-450f-ac3b-c2a1662b3e4d","57aebe55-c7db-4635-9fb4-d015eebc0c2d","f054fa78-46b9-4920-a246-d949c994ef39","bab50b6c-7a07-4417-adaf-0a3f199ba726","2026-09-18T09:48:00.000Z","2026-09-18T09:48:00.000Z"
"5","Smooth ride and reached campus on time.","8af29f63-5ac3-4755-a1d3-ec4c1f5cbb13","a7fda605-6fbf-46ed-bf6b-e9b5e96c34a4","cf49cf74-3f6e-4709-821d-0f560bf5bf11","aada7730-4500-49e3-9240-e7ca2f69db98","2026-09-21T04:14:00.000Z","2026-09-21T04:14:00.000Z"
"3","The ride was acceptable but could be more punctual.","a56f47a6-d667-4b97-883f-2b30c7603d84","ca81712f-ae45-4555-b159-71839b6f96f3","d9f990c4-afb2-4074-8034-6a62f6c93ce4","7a49978a-5b30-4a61-89ea-d655c3a89110","2026-09-22T08:48:00.000Z","2026-09-22T08:48:00.000Z"
"3","The ride was acceptable but could be more punctual.","720ba166-1286-4d4b-823c-f5655312826a","4b05f836-ad03-4097-90c1-298e8d0a852a","be3f8ff0-be2c-4cc2-bb19-b7c7caedba70","669af901-6937-4b2d-a11b-46de7e09eced","2026-09-23T04:18:00.000Z","2026-09-23T04:18:00.000Z"
"5","Smooth ride and reached campus on time.","2bae74f5-fc6b-4e4d-af9b-d94888b4ea2c","727ed4f1-19c6-4f72-a309-afda240e2867","96f0bff7-4a51-45fe-924a-7fd40bd96af0","08cf7a8e-ecd3-4df0-8139-226218b0981a","2026-09-28T12:23:00.000Z","2026-09-28T12:23:00.000Z"
"2","The ride was delayed and communication was difficult.","62d95928-c294-4d32-ac57-e29145857a1a","7faa0492-12e5-4a9e-b31b-76e3d7fef397","f256e949-f4e4-4ba3-8ea9-d6a3d0ba8526","53329683-b608-43d8-93dd-40f75fc7d319","2026-09-29T09:37:00.000Z","2026-09-29T09:37:00.000Z"
"1","The driver did not arrive at the pickup hub.","c8f048aa-6882-459e-a36b-f1f4c7aa999a","30e4ddae-66c9-4866-b68f-48b04d139cac","a85fce63-b4a4-4d71-9d87-2fb5e4653681","984e14a4-a27e-416c-9397-0cf2fb53101f","2026-09-29T07:47:00.000Z","2026-09-29T07:47:00.000Z"
"4","Friendly driver and a mostly smooth ride.","d941f277-1a7a-4f04-b1c8-8a3bf7aca92c","a60e247e-fbac-41a7-9eff-f6a02bc41929","b4419d49-c195-4f67-8a68-1e38418429ef","1d69f9fe-09f6-4a0a-8dc1-753c6b3015e6","2026-10-05T07:59:00.000Z","2026-10-05T07:59:00.000Z"
"4","Friendly driver and a mostly smooth ride.","4ad99ea6-3ec9-4516-a850-f0c8795eec0a","9ae7df25-367f-42df-bfbd-788443428f8c","61b7de30-6ccf-41d6-881f-85e56e865717","b1b24393-ed6c-4074-a261-01b7aa240011","2026-10-14T04:16:00.000Z","2026-10-14T04:16:00.000Z"
"4","Friendly driver and a mostly smooth ride.","d1b00cec-03d2-432b-9f80-5b06780a5cb6","f92e45d3-3dcd-4da4-9336-6d6bc5eafdf2","acb16d87-c821-4f83-a7a0-8733496f99be","f2ff9e67-5a69-4146-a543-f1fed27fb87a","2026-10-14T08:02:00.000Z","2026-10-14T08:02:00.000Z"
"4","Friendly driver and a mostly smooth ride.","f08ccaa1-74fe-4583-a467-fcf89732a0a3","3d41d947-5b7e-4b24-89c8-0a0b168fa8f3","7a49978a-5b30-4a61-89ea-d655c3a89110","7ecb9a58-e71e-47e3-b199-1b14f78ab1cd","2026-10-17T07:45:00.000Z","2026-10-17T07:45:00.000Z"
"4","Friendly driver and a mostly smooth ride.","1f4b59a2-d02c-4bbf-9d8e-f40d98fe05bf","33bdd8b0-270a-4643-9f36-75481d848392","399cdebc-51c2-422b-87a5-220f8cc2d7ac","ff933861-ecae-470a-9ee4-3663e749fdbc","2026-10-21T08:42:00.000Z","2026-10-21T08:42:00.000Z"
"3","The ride was acceptable but could be more punctual.","0c8b4552-a592-4b9f-a6df-b8c63c566385","2195a3b0-f61c-4a52-8a25-6a6ed093f294","5a240b3c-f182-4a30-82d1-ae0f6586bff3","61a5fb10-8cc3-48db-a009-2fdb4eb9c378","2026-10-23T05:45:00.000Z","2026-10-23T05:45:00.000Z"
"3","The ride was acceptable but could be more punctual.","ea4a7d73-3109-4ac0-942f-32167fb6f608","7f26a95b-2271-4604-96f8-020cce5b4e5a","3a674059-212e-43b5-bfeb-fc6ed59e20f7","12e82429-ecad-4a76-bc1b-fddf73c8c117","2026-10-31T05:41:00.000Z","2026-10-31T05:41:00.000Z"
"2","The ride was delayed and communication was difficult.","77f46c20-f4bc-41d9-84af-9658001d3b22","19cf44e4-1c4e-447c-8642-a6400160c5f6","e49978a2-3a3c-40a9-aa44-f434bfa66b81","ac87c729-c400-43ff-9619-cd867435a982","2026-11-02T09:29:00.000Z","2026-11-02T09:29:00.000Z"
"1","The driver did not arrive at the pickup hub.","5a221ca3-10e0-4395-ad6f-5729dc948bc2","d5f8b7ff-1ca7-4515-845e-2a47b27ebb3d","e338d25f-f71d-4949-82c9-72ff79bd50e0","65caf2f5-0b5e-452f-a096-f7f73ba694f9","2026-11-02T04:59:00.000Z","2026-11-02T04:59:00.000Z"
"2","The ride was delayed and communication was difficult.","f6e33c54-c611-4acb-9c0a-871569c45927","69749b31-ab8f-465d-aeed-75509f596ee2","ec928319-dcb1-4ffc-9713-393fac2f402a","38d92c3f-f6e4-4c90-add9-6f5ecbcd5bde","2026-08-11T05:48:00.000Z","2026-08-11T05:48:00.000Z"
"3","The ride was acceptable but could be more punctual.","2a67ccbc-5210-4bf4-abd1-5a3713f4de9e","6fc8d650-22f8-42f1-b4c9-bdcadd3364d9","a0c0f44b-0991-4b2f-8eac-5c0f929d5d9a","5468079d-9fdf-4eb9-9b29-ed8a7c650d7c","2026-08-18T05:44:00.000Z","2026-08-18T05:44:00.000Z"
"1","The driver did not arrive at the pickup hub.","35d94a2a-e2f6-4e07-b248-b1a5b6403b32","e93b9a72-7b21-49b6-bce7-658180d0c954","93fc6c87-52d4-41ea-a349-e5ddc835fe35","2cabb8ae-b3d7-4c51-8207-1b8fc7300e2c","2026-08-17T10:42:00.000Z","2026-08-17T10:42:00.000Z"
"3","The ride was acceptable but could be more punctual.","d872e70b-df2c-436a-96f2-216b3c1bc421","fbb01cb7-ffcc-4c55-bcb6-a3649322d9f7","c1485f8d-0ff6-4d51-a3fe-b9cc726fcca1","61caa1f5-7dee-45a4-964a-8e5ed8b6a158","2026-08-20T07:50:00.000Z","2026-08-20T07:50:00.000Z"
"1","The driver did not arrive at the pickup hub.","6ff01935-0199-4ba5-ac77-4dd1d768cb99","df163bed-b810-40fd-a447-881153897bef","adfaa168-2d4e-439d-b336-2a1e0b068a71","95204930-6f62-4024-8493-801a30e46f1a","2026-08-22T06:45:00.000Z","2026-08-22T06:45:00.000Z"
"2","The ride was delayed and communication was difficult.","eabb5272-943a-4446-af22-9a0d86aa1cae","779af6dc-6f98-41d7-ab09-ee759fac0e2f","f16b2296-c08c-4229-b1cd-9d4425b7954a","ce05a8a6-09ab-4705-92d1-3f61a51fd69d","2026-08-29T08:14:00.000Z","2026-08-29T08:14:00.000Z"
"3","The ride was acceptable but could be more punctual.","56c7ccc8-3c94-466c-b941-2408c9b1ba68","c66dd1ed-18b4-4685-afa4-ba930d2ec6ae","5bfe2107-4596-4e4b-8e28-b4761607f7e9","7cbb830b-c6bc-4fec-a09b-14b8c825bef8","2026-09-02T08:44:00.000Z","2026-09-02T08:44:00.000Z"
"3","The ride was acceptable but could be more punctual.","dad3918f-33b0-413c-8b76-363b2e0e2e14","ba00c892-2844-4ab3-879b-9a9dc2b0af3f","b3149c9d-7e24-49af-9af5-ce51be3f88b9","51e576cc-ab7a-49bd-ad0b-21fda7d2bda2","2026-09-04T12:14:00.000Z","2026-09-04T12:14:00.000Z"
"1","The driver did not arrive at the pickup hub.","f0f32072-411c-4ddd-90c7-c8cc55d1a50d","c9a57223-aeb8-4e50-9854-0070f3c536ba","49e5dc79-ab6d-4188-9d10-62c1b84c7f5c","9ef8f4fa-8101-4ff2-80ff-91a966e3bab8","2026-09-11T08:02:00.000Z","2026-09-11T08:02:00.000Z"
"3","The ride was acceptable but could be more punctual.","4519ec2d-ac6c-4c06-b551-7a0f2fc2aadd","23626a72-9385-46f6-a839-c14d118dd91b","1734859f-c79f-4dfa-95dd-e252c5d669fc","be4ef771-c8b1-4464-b4f7-41e3ea277c87","2026-09-21T12:05:00.000Z","2026-09-21T12:05:00.000Z"
"5","Smooth ride and reached campus on time.","9a0afc94-408b-4d42-a187-7adad45902b7","ba7bfc1b-25ba-4a42-a0a3-a144d7ec29ae","3a8f1c12-2394-4eb5-8694-7152af59c7d0","2c463203-2185-4bb6-ac9c-dbf4b358d3f9","2026-09-22T07:25:00.000Z","2026-09-22T07:25:00.000Z"
"2","The ride was delayed and communication was difficult.","e342d374-3697-4338-9e4c-1777cbfe5dcb","383334eb-8e6f-45e0-a74f-f27d7923a853","5c76a658-080e-4482-b7f5-3c04ef99ff4f","bf4c6c59-6b96-40c9-9575-8528b27b985c","2026-09-23T06:58:00.000Z","2026-09-23T06:58:00.000Z"
"3","The ride was acceptable but could be more punctual.","dabd30f1-e485-4eac-84ed-98120131560d","26051dbe-7196-4480-9f96-304a9a97e6a6","7ecb9a58-e71e-47e3-b199-1b14f78ab1cd","5bed2f04-01f9-4e95-995a-1a0c306ae9c3","2026-10-02T05:25:00.000Z","2026-10-02T05:25:00.000Z"
"3","The ride was acceptable but could be more punctual.","31de8f57-a8cc-44b5-8ce1-eafb1151b54e","8032cd99-e12f-4ec2-9569-017e1ae509a9","95204930-6f62-4024-8493-801a30e46f1a","3a674059-212e-43b5-bfeb-fc6ed59e20f7","2026-10-06T11:03:00.000Z","2026-10-06T11:03:00.000Z"
"5","Smooth ride and reached campus on time.","ac6330d0-ffc6-461e-883a-0b2f02a822b8","61821a7c-59ee-49c4-9f97-33222e7a3e05","7a6f894d-c3ee-4aa4-a5c8-b62bdfa18164","6871daa5-011a-4255-a4bd-29f490afb889","2026-10-10T05:40:00.000Z","2026-10-10T05:40:00.000Z"
"5","Smooth ride and reached campus on time.","098bcc67-b394-412e-b500-c30aa9eb68c6","56c03a0f-fed6-4ca7-82c5-f3d96fb219b8","f0be6e7d-be56-4dae-a215-ca68d901c731","b2a75502-d4ef-429e-8b73-61e440e0983f","2026-10-10T07:34:00.000Z","2026-10-10T07:34:00.000Z"
"1","The driver did not arrive at the pickup hub.","7931d759-e7ae-4521-84b2-eacd6ace8db0","ae5704d3-79c1-48bf-b46d-1a276feed183","6afa4784-41a5-471b-8dbf-dcd4ef8d1af1","0da0c5dd-c04a-461b-bdd7-3d9daceaa0ff","2026-10-12T04:04:00.000Z","2026-10-12T04:04:00.000Z"
"1","The driver did not arrive at the pickup hub.","345a99d1-6ed4-40ad-b481-bfa8337e1d2e","cc7a7726-535c-4056-bf4a-94ef2b88d03d","b3d23434-7107-4dee-ad1b-eebdb7958392","91bce675-58bc-4bd2-b962-52dc6f401671","2026-10-15T13:13:00.000Z","2026-10-15T13:13:00.000Z"
"5","Smooth ride and reached campus on time.","3f5fc7ad-b62f-40df-aff0-cb4d06fa6696","9e62d7b8-e849-4ca3-a5d9-64e5775dbaee","033a0415-353b-46da-a08f-1e6fb661c073","26dcafa5-e28f-4c96-bd7f-75ca1113e108","2026-10-23T06:52:00.000Z","2026-10-23T06:52:00.000Z"
"4","Friendly driver and a mostly smooth ride.","dcdea73e-f892-433e-a236-c997e4eff5a5","b5eb8212-e82e-482e-ad38-6ab2bbb79976","09fad991-eb28-483c-a92f-412d005f86e1","24d2a11e-ee6c-4f5b-80ff-7fb9eb39ac32","2026-10-24T11:59:00.000Z","2026-10-24T11:59:00.000Z"
"5","Smooth ride and reached campus on time.","b80fa656-83d2-4296-bc7d-d4ebe33c0fc0","763a762e-7137-41f7-965b-987915935713","ab1c3a5c-50fe-4a26-b80d-4cd36938d001","10da92ee-210d-4710-88f2-423a285dd142","2026-10-26T10:46:00.000Z","2026-10-26T10:46:00.000Z"
"5","Smooth ride and reached campus on time.","8912d339-0926-42d4-a64b-fa5fc09fa1e3","3f85d0fe-d505-450d-8f11-ecd7bded9f18","c2109785-34d1-4db4-83fd-a38a96ff6385","fd00b702-8bbe-4108-ab3e-1e21ba029f40","2026-10-27T06:02:00.000Z","2026-10-27T06:02:00.000Z"
"4","Friendly driver and a mostly smooth ride.","e852df29-6224-447c-9d9b-e7edea4a2990","3c834951-4aec-45a4-8748-bd87d62f01f9","d6e02938-24dd-495b-9cf8-9fdde224b304","47fb716c-faad-411e-a3e5-d13e542643c1","2026-10-29T07:57:00.000Z","2026-10-29T07:57:00.000Z"
"2","The ride was delayed and communication was difficult.","629493ba-7164-4797-85a7-0dac12d9db5e","fb4759b7-dc26-4c49-ba24-4223ea1311a3","cd22228b-a880-42a9-b5b5-fa0701f9c386","d731dccd-0e69-472d-8310-13e8f5708fe5","2026-11-02T12:38:00.000Z","2026-11-02T12:38:00.000Z"
"2","The ride was delayed and communication was difficult.","842a76b4-05d1-40a8-8b05-96d041ba3a25","024a0e49-d344-43eb-bb9a-842b30d830b2","46c4f251-86ea-4605-9b4a-0a7b31ba73c3","420b1194-1446-4c01-a90b-9ad6313738f8","2026-11-02T04:26:00.000Z","2026-11-02T04:26:00.000Z"
"1","The driver did not arrive at the pickup hub.","969646c0-5e11-4ff6-8e94-01b409a918b0","a67ab61c-bb46-417e-9943-dabd0408943b","c69150f8-4df1-4f92-9ee7-62209c9db1a6","2bf63d4b-4be8-4a3d-b079-2a7b714b0da3","2026-08-08T06:10:00.000Z","2026-08-08T06:10:00.000Z"
"2","The ride was delayed and communication was difficult.","492f371f-ea0a-4115-8a6d-48c945b1d28f","ec16c5ca-3405-49a3-ad78-f1f074513ee9","d2298097-598d-4264-8db3-a0e927ab6ed1","ec928319-dcb1-4ffc-9713-393fac2f402a","2026-08-19T08:03:00.000Z","2026-08-19T08:03:00.000Z"
"3","The ride was acceptable but could be more punctual.","71dc2dda-baec-4fe5-a902-ed4f2356fe90","7437b5cf-b16c-4674-b563-f539b54b1fdc","3857e3b0-5efa-484e-a045-2777f41b2610","4e00ed27-5fe2-4835-b43b-aad7700f4e90","2026-08-31T03:03:00.000Z","2026-08-31T03:03:00.000Z"
"5","Smooth ride and reached campus on time.","8ce9d23c-7b0c-4d75-97bc-fbf4046d00cf","2d370a77-728c-4c29-b9e9-705407dbf878","6aa130d0-4c4b-48c2-bc80-80079a81385f","5f049c18-2f70-4261-b271-889d9956d23d","2026-09-01T07:27:00.000Z","2026-09-01T07:27:00.000Z"
"3","The ride was acceptable but could be more punctual.","8dbe3eb8-c974-4d45-9a31-0b0033f7b646","445347b0-7a06-421e-8abc-0e6b0ca2cda1","998a2999-5be3-435d-8015-2a973a6e97cc","9e5cb7c9-7ef5-48c4-9a63-9e419dbc1b10","2026-09-02T10:23:00.000Z","2026-09-02T10:23:00.000Z"
"4","Friendly driver and a mostly smooth ride.","8236ee48-80dc-439e-ab67-f3a8328d3042","9da840fd-ef4f-4741-be55-aa89b3798220","e163653a-9bbe-4e9d-81ab-acf5fb7c4166","69158428-13ec-44bc-be1b-661be60211b1","2026-09-05T06:57:00.000Z","2026-09-05T06:57:00.000Z"
"2","The ride was delayed and communication was difficult.","fc1c1b08-6d47-431d-bda8-9caa666cd79a","2b7f065f-d763-4c8d-81d5-29d53b346904","b3224a72-ff85-487a-a6c9-b6a1e3beb8dc","85802130-aece-4a5c-b091-be9de76fa62e","2026-09-07T08:20:00.000Z","2026-09-07T08:20:00.000Z"
"4","Friendly driver and a mostly smooth ride.","402efe33-ad86-4a28-9dc6-4c4f55341d6c","c47f6ff6-c48b-437f-aa20-f26fe4c69d61","d4a58744-1f9c-4554-9321-1fd9d20b1035","a8d214fd-de07-4ea1-bae5-557d146f9b27","2026-09-07T04:49:00.000Z","2026-09-07T04:49:00.000Z"
"3","The ride was acceptable but could be more punctual.","f49f3cea-c24c-4242-a821-eb77ac79080b","3e0e06e4-85e8-4288-8bad-8664a9d67a1c","ff933861-ecae-470a-9ee4-3663e749fdbc","1e8f38cb-b0ae-4701-9268-3c8e55456ef9","2026-09-17T04:43:00.000Z","2026-09-17T04:43:00.000Z"
"3","The ride was acceptable but could be more punctual.","bc4fd69e-8723-42f5-8462-c46bbd96f149","9f78ead0-be12-4ff7-a015-b4241037f0ee","1386d7bb-79eb-4e36-b78d-7ac74357b589","4eb4654f-b132-4610-b82a-80fd5aa524c0","2026-09-21T04:58:00.000Z","2026-09-21T04:58:00.000Z"
"1","The driver did not arrive at the pickup hub.","e2184d7a-81b6-465a-b006-f374d0ba9a20","647fbd36-865a-44b2-a6ca-97a8134efdbd","bf4c6c59-6b96-40c9-9575-8528b27b985c","1712b652-bce4-4309-8027-92304c9fed8f","2026-09-23T09:39:00.000Z","2026-09-23T09:39:00.000Z"
"3","The ride was acceptable but could be more punctual.","1c98803b-f97d-4fca-9f19-fd0ba8b4b3e5","8652bdd3-afc3-4084-ac55-bfdba3ec9456","edb3c65f-3d50-40e9-9a77-b8be3c596e3d","8ea08f3a-4be1-4f97-9251-d633e633dc41","2026-09-26T08:05:00.000Z","2026-09-26T08:05:00.000Z"
"1","The driver did not arrive at the pickup hub.","8eb5d0bb-31b6-4f00-82df-1dcc6b0e12ad","f30d5c5e-a395-4da6-bbaf-035e6f0cb35d","97169492-6066-4681-a1f9-9a132e78bbd1","219ae89a-62d9-41de-a1e7-1597cd661ca8","2026-10-09T11:47:00.000Z","2026-10-09T11:47:00.000Z"
"4","Friendly driver and a mostly smooth ride.","bc61b625-88e1-45ba-8cd0-e4e9ed5fa59d","689c53e4-8aac-4964-9019-81cb42a05b1c","59fd1ae0-7135-47e3-b51b-37d92557542d","20bdc7ae-7082-421e-b675-6c4002d0295b","2026-10-26T08:29:00.000Z","2026-10-26T08:29:00.000Z"
"3","The ride was acceptable but could be more punctual.","75e91865-2922-4b9c-aed1-720afc28d132","3a859328-7f23-4cfe-9b9f-f6ac03b38c72","fd0ae9bd-2b4a-4bdb-b003-728318b36973","1137a11d-2e66-45ed-b840-8d12e6722bfa","2026-10-26T12:33:00.000Z","2026-10-26T12:33:00.000Z"
"1","The driver did not arrive at the pickup hub.","a4b44bfb-e68b-4104-bd79-a221b1e8cb90","dda36a99-8f79-486e-a3c8-987bfd597aaf","3f9fca15-c0f0-4b4b-b617-dfdcac65c8ed","d3b6bef4-14dc-43ee-b1ea-5df640bff3ea","2026-10-28T03:18:00.000Z","2026-10-28T03:18:00.000Z"
"3","The ride was acceptable but could be more punctual.","84452367-4f75-4aa3-8d9b-60ad095eca1f","14eb1a28-5f82-44af-be8d-6d15951dc525","0b95ee62-3f26-4837-bdb3-8120bae0deda","8005e16b-eaf8-45be-b4d8-a5fcd5431201","2026-11-02T05:06:00.000Z","2026-11-02T05:06:00.000Z"
"2","The ride was delayed and communication was difficult.","efe31c0b-747e-44ed-8c49-64b87221da11","8e183fad-80e2-48bc-89c9-d67aab15f33a","c2483f77-a251-4434-8d94-6a2c53e2d38e","e0bd240d-0573-4a8a-830a-c46264dbd855","2026-11-03T07:41:00.000Z","2026-11-03T07:41:00.000Z"
"4","Friendly driver and a mostly smooth ride.","3e93d5ac-e0d0-4994-aa45-c1125d35befe","2c9e1fdd-08ea-4c4a-a54d-c58e8fd95e8b","687e3195-2599-427f-a4e3-990ead4c2985","ce3592dc-d951-4134-a2cd-52dbc233a3f4","2026-11-05T09:43:00.000Z","2026-11-05T09:43:00.000Z"
"5","Smooth ride and reached campus on time.","2f7c8e7a-4d7e-45dc-a26f-096833376596","e1262640-ccda-40aa-a383-ad2e18be6cad","856b4feb-c8f1-4731-b41e-d21be114be5d","08eb06b4-7805-4b0c-998b-d919358e8b0f","2026-08-11T10:31:00.000Z","2026-08-11T10:31:00.000Z"
"1","The driver did not arrive at the pickup hub.","1da5b065-3caf-4dcc-8db7-cbdabe8a2515","ba7df89c-952c-4176-a7b7-fea11ad2aaa4","e9ac0d57-c267-41a2-84aa-846e6f118304","0b95ee62-3f26-4837-bdb3-8120bae0deda","2026-08-11T12:04:00.000Z","2026-08-11T12:04:00.000Z"
"4","Friendly driver and a mostly smooth ride.","40ebf88f-6517-4945-949a-fa57f71cb560","26a7eaa0-3a59-4a12-9e36-51785f3959d6","fa7fbc07-c93a-4085-a4f5-6f1e0fc83121","8100f2b8-79e0-4059-be98-ced465000a2e","2026-08-12T07:15:00.000Z","2026-08-12T07:15:00.000Z"
"1","The driver did not arrive at the pickup hub.","e747e704-29f5-442b-a299-72b9d381a161","ab008c01-0b88-4f94-a86a-934b489d9c8b","f03cb019-ecb8-42fc-ad8b-4be7116d9966","a6724b4c-1f36-4019-9072-772bbdeeca30","2026-08-14T04:24:00.000Z","2026-08-14T04:24:00.000Z"
"4","Friendly driver and a mostly smooth ride.","680d75c9-69f6-4d95-8840-fb9886a59e8a","44eaa27f-cd72-435f-b19a-ce28e3170135","e7cc1cf8-531c-4ba4-ae07-b3b8c7ed12b4","697c28b3-7690-4ffd-bfa8-c30e27f63214","2026-08-17T08:45:00.000Z","2026-08-17T08:45:00.000Z"
"5","Smooth ride and reached campus on time.","346e0f24-b571-4a89-996e-4a54b70d75d4","b498d5b9-1115-4d65-a5d7-87d3092a196c","2df45663-f8d0-4308-b79d-fd6c1ff852c9","49e5dc79-ab6d-4188-9d10-62c1b84c7f5c","2026-08-17T10:05:00.000Z","2026-08-17T10:05:00.000Z"
"3","The ride was acceptable but could be more punctual.","20382da2-ecb5-42b3-b181-524e292090f3","5173c86c-0c3b-4bc8-93ac-65882f57e975","26f04940-3483-4462-a324-84a3c523c941","1f726f94-16aa-417d-8d05-1b3dd96d0827","2026-08-24T11:21:00.000Z","2026-08-24T11:21:00.000Z"
"1","The driver did not arrive at the pickup hub.","a4551d6b-99e2-43be-8268-70e9d56d1c6d","9bf095d8-1480-4ee1-bb36-37a9f6611172","a78816e2-8aae-4e54-8410-968bc321f082","b9d9e60d-de32-4732-8eb8-480e0e81bcbf","2026-08-24T08:03:00.000Z","2026-08-24T08:03:00.000Z"
"5","Smooth ride and reached campus on time.","3946075d-60f5-4041-bb0e-4a40cf7f65b0","0a23afc5-d7c3-4c46-a2b6-11eea0518cbb","12e82429-ecad-4a76-bc1b-fddf73c8c117","6c3f7adf-4f2a-4914-ba78-8b1548f14a1a","2026-08-29T08:16:00.000Z","2026-08-29T08:16:00.000Z"
"2","The ride was delayed and communication was difficult.","3b7c1d38-2875-4811-b6ee-0b303dabcc7a","93feacaa-c09f-46b4-a205-40f98f8c58a1","a7b7dfcb-b36f-4cfc-abf8-afd48e896a75","81dfda4a-3ec9-4eae-a7f1-0692e03bb1d0","2026-08-28T08:24:00.000Z","2026-08-28T08:24:00.000Z"
"3","The ride was acceptable but could be more punctual.","2f32a461-7d0b-4812-8c53-e57a3d9a40d9","c8f08fc3-85c4-499c-bb08-e66706f016cc","fcfaa482-6492-469b-ba42-8abf44531f61","e977337e-9b7d-4b79-9851-7a31a276eaf5","2026-09-02T11:08:00.000Z","2026-09-02T11:08:00.000Z"
"3","The ride was acceptable but could be more punctual.","46812577-5f08-45b0-8fd7-13dbf6de641a","062a50c8-aa8a-4e36-966f-477f8b951151","be4ef771-c8b1-4464-b4f7-41e3ea277c87","7833fb03-c858-4574-92d0-cb72030a18eb","2026-09-03T03:37:00.000Z","2026-09-03T03:37:00.000Z"
"4","Friendly driver and a mostly smooth ride.","b8fcd91a-1e96-40d6-92fc-aad76d077385","307ad082-3678-4ce1-b714-bc574a997f63","8dcbd23c-4a1c-425e-b9e1-56d690d064a1","772a4089-be1c-415b-9115-5af745dcbd7e","2026-09-08T08:54:00.000Z","2026-09-08T08:54:00.000Z"
"1","The driver did not arrive at the pickup hub.","c0197c2f-84bf-4811-88d8-3427c8f684ec","c09210db-df91-4535-8213-415977698bdd","e1692737-3062-4352-86d9-10ad597efff1","29bb8b65-a83a-4f6b-b7c4-0a86fd9b82a1","2026-09-11T05:46:00.000Z","2026-09-11T05:46:00.000Z"
"1","The driver did not arrive at the pickup hub.","35642399-63a2-4ae4-8ba7-5bc6e3f062ab","30c83b98-bf06-469c-b074-c979dd771dbb","a8d214fd-de07-4ea1-bae5-557d146f9b27","dae29690-62f3-4202-8961-05b05ec7dcc6","2026-09-15T08:36:00.000Z","2026-09-15T08:36:00.000Z"
"4","Friendly driver and a mostly smooth ride.","b4fd2c17-dd42-411c-9665-99760c94122b","8260fdc9-307c-4bb9-823f-0379cb8e7484","f6bd0cb8-14b6-4983-84a7-6090b75c1bf2","db6d13c6-50ea-4ee7-98cb-daab8b877783","2026-09-18T11:06:00.000Z","2026-09-18T11:06:00.000Z"
"3","The ride was acceptable but could be more punctual.","3597d1a0-24f0-4558-9ac7-09f5738611e7","67d43918-bc6a-431a-aa68-4244b7299882","89d25526-5e75-4c71-a504-7c0e208f52ae","aba3000b-d3fe-45b0-93f8-1eb12fe76121","2026-09-19T05:51:00.000Z","2026-09-19T05:51:00.000Z"
"4","Friendly driver and a mostly smooth ride.","ab49305f-e618-4e62-a5c6-655bc7234242","c5f334a9-d905-4a18-9c76-744aefec8b2c","a68aae4c-c9bd-4227-aac3-87e0cce8704c","95e5d040-6f8f-43de-b101-0a1abbfde269","2026-09-24T05:24:00.000Z","2026-09-24T05:24:00.000Z"
"3","The ride was acceptable but could be more punctual.","f254c0a4-7d95-4de4-8b12-86b5de7e9910","3bc86f5c-3099-4f83-9938-d19f28c748a1","d774693a-f4b2-48d7-9848-a02f48110bad","b4419d49-c195-4f67-8a68-1e38418429ef","2026-09-24T12:07:00.000Z","2026-09-24T12:07:00.000Z"
"2","The ride was delayed and communication was difficult.","ec8e70ce-e95d-443c-9ce4-225d559d59e7","fe797ccb-dcab-4cea-bedc-7dbbfb0e6401","5c96563c-848e-485c-acbe-fea45d06506b","fbade199-d957-41f1-9c4b-bef677c6f400","2026-09-28T13:17:00.000Z","2026-09-28T13:17:00.000Z"
"3","The ride was acceptable but could be more punctual.","12801b9b-b572-48aa-94df-4ddf9ae4ce16","7dbaad8f-272b-46df-989e-f705b0f08fd3","181765e4-8d59-4d44-860f-b05bf3bda2f4","d138941d-1b44-42fe-975d-1a4eb78e7f92","2026-10-01T10:44:00.000Z","2026-10-01T10:44:00.000Z"
"5","Smooth ride and reached campus on time.","622c5eba-6ebf-4397-9b9b-2838af0fdcb8","61ac25c4-e0bf-4b6e-a241-70eceedba048","ef122acc-af59-49f1-86de-5dc9fd3e25e3","3857e3b0-5efa-484e-a045-2777f41b2610","2026-10-03T08:54:00.000Z","2026-10-03T08:54:00.000Z"
"4","Friendly driver and a mostly smooth ride.","be50a024-9e6a-4cdd-ad45-5f75ce15df79","f4587e89-2762-4360-8973-5f60ee052396","dbaeea46-2585-4546-82df-3945b9be2cbd","93c44edd-bbc5-4ac3-9dba-63f636b8ed0b","2026-10-06T09:14:00.000Z","2026-10-06T09:14:00.000Z"
"5","Smooth ride and reached campus on time.","2788fe75-2cc3-4759-8228-69b99ea85602","1fb6a133-cfcb-4ff0-ace8-fd749e17ccf0","2b4fe7a0-6432-4448-993d-7b559d10ec1a","aa3e3c66-ecde-4e1f-9ce3-1617c0ecdcef","2026-10-05T06:04:00.000Z","2026-10-05T06:04:00.000Z"
"4","Friendly driver and a mostly smooth ride.","2c68e9de-d368-4e36-a6fb-93253e199844","38282c2a-2ede-4648-aa13-b3310c3b94f0","2e717694-7d6b-49e8-baf4-53cf8f4fbac3","fa7fbc07-c93a-4085-a4f5-6f1e0fc83121","2026-10-07T08:42:00.000Z","2026-10-07T08:42:00.000Z"
"5","Smooth ride and reached campus on time.","a967fb9f-ac89-4d90-aebc-5140f9d7c6f1","606bfa56-80b9-4c4f-9b20-9823c64ecd4e","03b1388a-04d6-4ee8-b7ee-b8541ca330f1","f996d0d8-1d3e-4780-bb40-a3c76aeca0fe","2026-10-08T11:31:00.000Z","2026-10-08T11:31:00.000Z"
"3","The ride was acceptable but could be more punctual.","55234902-0f57-4ab4-b3f8-ad718f62cb65","489e7212-7651-44f8-9127-cfa5880e0795","82251b7c-39c1-4612-9777-0028617b08fc","24be40cc-fd8a-4efb-95f0-6ec1a107c563","2026-10-09T04:20:00.000Z","2026-10-09T04:20:00.000Z"
"2","The ride was delayed and communication was difficult.","cbf6cf03-dda9-4be3-a2a1-2de01e298aa3","4f2a34af-d58a-4515-9ad5-f218b4838650","3cba72c9-ac53-4442-8d16-3fa4f75f696d","7d4898cc-54f3-4bd1-b9da-b31ff1cb26c3","2026-10-13T06:27:00.000Z","2026-10-13T06:27:00.000Z"
"1","The driver did not arrive at the pickup hub.","27191566-cbc8-412e-8e70-384146a3e63e","838fc599-3923-43de-a423-cab1369604cd","aba3000b-d3fe-45b0-93f8-1eb12fe76121","f03cb019-ecb8-42fc-ad8b-4be7116d9966","2026-10-20T11:12:00.000Z","2026-10-20T11:12:00.000Z"
"4","Friendly driver and a mostly smooth ride.","2393c9e3-4650-45f6-80c5-f3d45b5be112","8199f561-4f70-4b8c-b716-2b3f4bed1b28","fbade199-d957-41f1-9c4b-bef677c6f400","6cc8d264-2c05-4a80-90d4-2b29b4ccd802","2026-10-22T04:07:00.000Z","2026-10-22T04:07:00.000Z"
"4","Friendly driver and a mostly smooth ride.","e373c889-33bf-4db4-b982-f0adc1993f7f","68326949-6fc7-41c0-a02b-5666ac81045d","f7676189-9518-498b-a982-6c245aff61a1","3a8f1c12-2394-4eb5-8694-7152af59c7d0","2026-10-26T08:59:00.000Z","2026-10-26T08:59:00.000Z"
"4","Friendly driver and a mostly smooth ride.","f3d84b08-2bbf-4b18-8f4e-fbb8536c3cd1","478bb025-bace-45fa-8187-1ae9987e5428","03dfc805-e814-4e5f-a637-8a041faf9ad7","73c6ef3d-a748-4db3-bd54-68c614823c0d","2026-10-28T07:24:00.000Z","2026-10-28T07:24:00.000Z"
"4","Friendly driver and a mostly smooth ride.","58d22143-9b6b-49a2-98dc-4d94e83f4fbe","40ce5803-9ea2-4fde-86be-d19f64893f91","669af901-6937-4b2d-a11b-46de7e09eced","829e7fa5-0c38-47a9-a715-877dada17b24","2026-11-02T11:35:00.000Z","2026-11-02T11:35:00.000Z"
"3","The ride was acceptable but could be more punctual.","8391cef3-6cf7-4aa3-a624-61f378239b64","1aaa9fc5-7bce-4483-b4fb-c182a69f8ba9","a53ad219-be12-4a6b-9852-64dfe8aa6236","03dfc805-e814-4e5f-a637-8a041faf9ad7","2026-08-10T11:50:00.000Z","2026-08-10T11:50:00.000Z"
"4","Friendly driver and a mostly smooth ride.","9237bc16-97e7-4afc-b500-54da9cad7f4f","b7ce6a32-3f3a-4a2e-a8ed-55d1a2e0e090","be9c6ca4-6ee9-481b-8039-dcc0a742224e","2df45663-f8d0-4308-b79d-fd6c1ff852c9","2026-08-12T03:01:00.000Z","2026-08-12T03:01:00.000Z"
"4","Friendly driver and a mostly smooth ride.","30c8241d-ca2c-4f9f-97b4-3e864222371d","4cb06401-c831-4878-8d3a-0cf284dd9b3a","f69ef11d-7551-4545-967a-f045a72ebb93","8190565d-9fb1-4428-a386-4bb1b2f4fdee","2026-08-19T13:35:00.000Z","2026-08-19T13:35:00.000Z"
"1","The driver did not arrive at the pickup hub.","58ba6c60-029a-40ad-9d4b-966404c5dee9","ca939ded-9104-42cf-a4b3-6843b47783c2","4c3a0823-a2f6-449e-a285-51b92ef1ef89","b3224a72-ff85-487a-a6c9-b6a1e3beb8dc","2026-08-22T06:45:00.000Z","2026-08-22T06:45:00.000Z"
"5","Smooth ride and reached campus on time.","e14b5729-8c50-4694-8451-3d30e3f30d23","a82b0c1a-886f-4211-a0a9-054ebf2de948","6d4eadbe-2e7e-4907-9dac-2e7ca825fe4f","81213212-6e43-4b70-96e8-51e59fb5e735","2026-08-24T10:40:00.000Z","2026-08-24T10:40:00.000Z"
"4","Friendly driver and a mostly smooth ride.","f46914df-a0c0-4277-bb66-e00b3223fa7d","4a54e2bf-6545-4272-ad64-bd47d61df079","cb3f3ef2-5ef7-449a-8f63-2d283dcb08cf","b13dc47d-8a9c-45eb-9dee-0cc214bf6ab4","2026-08-26T05:56:00.000Z","2026-08-26T05:56:00.000Z"
"3","The ride was acceptable but could be more punctual.","ef9a30de-c585-4c35-8ade-159f35af6fe0","91cd9721-950d-4891-95b6-560672d57fde","8a8524b8-3506-433a-9249-833aa24fb089","d4a58744-1f9c-4554-9321-1fd9d20b1035","2026-08-29T11:19:00.000Z","2026-08-29T11:19:00.000Z"
"3","The ride was acceptable but could be more punctual.","10a48781-b015-4e0b-8eab-9019c8870819","0fe39544-ef36-496d-bd05-d021888a50a5","86105958-87be-4dcd-b670-bf501ca8dcdd","5118be9b-6811-4a52-9a62-a0ced3f60e27","2026-09-01T06:20:00.000Z","2026-09-01T06:20:00.000Z"
"5","Smooth ride and reached campus on time.","ba8d4f7f-9e57-4855-8099-7d87334a7264","d0147f0f-9dff-4ab5-829e-07e2649721a2","926e6fcc-8a51-46f5-85e4-e8eefbfe9ddc","fb85cd08-9134-4e91-ad82-1bf40b5e18fe","2026-09-09T07:15:00.000Z","2026-09-09T07:15:00.000Z"
"1","The driver did not arrive at the pickup hub.","8b6efaa2-ff70-45cf-aabc-0759c9d4c28e","ae052ba8-5c1a-4561-9c33-141130e5628f","750f9bd3-e937-4388-a25a-3cc6be098aa7","bab50b6c-7a07-4417-adaf-0a3f199ba726","2026-09-08T12:42:00.000Z","2026-09-08T12:42:00.000Z"
"3","The ride was acceptable but could be more punctual.","60b1cd8b-f3b4-487f-9ad1-186db218a8e7","b51b91cf-cfeb-4048-87c0-520d2ff484ab","9310e53a-bd9e-441e-911c-031aa1551243","aada7730-4500-49e3-9240-e7ca2f69db98","2026-09-09T05:16:00.000Z","2026-09-09T05:16:00.000Z"
"5","Smooth ride and reached campus on time.","0b1e7d41-032f-4e3c-9033-4c86d06cf041","cfffa02c-1431-4c2c-9c09-2884923e9ff6","eb5a4f04-4ebf-43f6-a099-11c15b1dfbe5","7a49978a-5b30-4a61-89ea-d655c3a89110","2026-09-12T08:11:00.000Z","2026-09-12T08:11:00.000Z"
"4","Friendly driver and a mostly smooth ride.","cb671ae0-a383-4e83-8283-7d611478fb75","a2ada4c5-5541-46f5-9ba3-ca2738625fbe","7f81c4c3-c234-4bd0-80d1-215c711a0283","53329683-b608-43d8-93dd-40f75fc7d319","2026-09-18T11:09:00.000Z","2026-09-18T11:09:00.000Z"
"2","The ride was delayed and communication was difficult.","78a06150-5aed-41e7-8250-a4638145ce1b","3db3257f-3d10-4e5f-84eb-67dfbc67f98b","90d5fa4d-50ca-4080-ae76-6f8158f4c9a5","08c75e3d-df80-427a-b942-864b9136eb2a","2026-09-21T11:31:00.000Z","2026-09-21T11:31:00.000Z"
"3","The ride was acceptable but could be more punctual.","d68ceadc-04e4-44b3-8820-14b5437520ee","58cc2256-2ec1-4cd2-8c61-7a6dfc93ecc3","34887a09-84f2-49c3-97c8-eaa9e671e141","77d7f815-239b-4019-bf1b-76b62751a21d","2026-09-21T07:57:00.000Z","2026-09-21T07:57:00.000Z"
"5","Smooth ride and reached campus on time.","9b36543f-a699-4594-a5a3-4e78a7a8a025","ce84c9d5-53b0-4049-bef8-2c863c4743f4","d3b6bef4-14dc-43ee-b1ea-5df640bff3ea","364c0441-918b-402a-a77c-fc9446ad8d71","2026-09-24T11:46:00.000Z","2026-09-24T11:46:00.000Z"
"3","The ride was acceptable but could be more punctual.","54a5e502-78c4-4167-9b63-d1891ac9b5b2","98981a53-c80c-4f63-91fb-2b433181ec4e","8100f2b8-79e0-4059-be98-ced465000a2e","0c422408-fcb3-49ec-919b-15b6c943586f","2026-09-26T10:04:00.000Z","2026-09-26T10:04:00.000Z"
"3","The ride was acceptable but could be more punctual.","48218d60-8b9d-420b-8e68-583139817d73","6d0a333b-623b-499b-9752-7def665d02ff","0234ea7e-b8a5-4a4f-8b12-eb48fefff06e","a78816e2-8aae-4e54-8410-968bc321f082","2026-10-01T09:48:00.000Z","2026-10-01T09:48:00.000Z"
"5","Smooth ride and reached campus on time.","acb57b79-14e3-46d3-be0f-1f93e5aadb04","5fe68a5e-2b41-450c-9ea7-7a4f1919c026","d138941d-1b44-42fe-975d-1a4eb78e7f92","b1b24393-ed6c-4074-a261-01b7aa240011","2026-10-05T08:27:00.000Z","2026-10-05T08:27:00.000Z"
"3","The ride was acceptable but could be more punctual.","c9ec37a2-345e-469d-8788-71e891e5ff80","ba9278c7-bf64-4d67-8b6e-d30a5cfedd4f","c3c94b51-2803-4c25-9e1e-bbe1eb6386cc","fc17bde9-8039-463a-b2df-6dd060d08969","2026-10-05T07:06:00.000Z","2026-10-05T07:06:00.000Z"
"1","The driver did not arrive at the pickup hub.","1261b83f-5076-4705-8fa0-42d9f51432f9","2741c327-9739-4f41-b232-e2de2842ce22","6cc8d264-2c05-4a80-90d4-2b29b4ccd802","7ecb9a58-e71e-47e3-b199-1b14f78ab1cd","2026-10-06T12:13:00.000Z","2026-10-06T12:13:00.000Z"
"3","The ride was acceptable but could be more punctual.","f413dcfd-b1ae-4478-8c3a-976d6cab92a9","8f48bc14-eb02-42c5-806b-a120caae63de","6a3f9cb7-ea70-4c12-87b0-f7ee4a38b313","50ca192e-d3dc-40d0-996b-6eea924c44d8","2026-10-07T05:37:00.000Z","2026-10-07T05:37:00.000Z"
"1","The driver did not arrive at the pickup hub.","3d49a1c9-9a2e-47c5-8ba7-94d955d36e15","f9e07fb2-20a3-41bf-b1a3-a8cd544569d3","e448284e-7dcf-4d42-b0eb-1d902bcd1366","5a240b3c-f182-4a30-82d1-ae0f6586bff3","2026-11-02T12:27:00.000Z","2026-11-02T12:27:00.000Z"
"1","The driver did not arrive at the pickup hub.","68ddd39d-1daf-4e8b-9bac-b8288203463f","65474831-05b7-4a37-8459-e593b5ec272a","10da92ee-210d-4710-88f2-423a285dd142","9beabcea-410e-43e0-9c0e-c32f2476c785","2026-10-31T07:19:00.000Z","2026-10-31T07:19:00.000Z"
"4","Friendly driver and a mostly smooth ride.","8bf7f279-5bbf-4406-8770-f1c4265efe53","2e038fee-9718-4868-a45b-74849aa62d4e","420b1194-1446-4c01-a90b-9ad6313738f8","30e63cfd-4d4a-41f2-9c08-fe7bb0c7d4b0","2026-11-05T12:11:00.000Z","2026-11-05T12:11:00.000Z"
"5","Smooth ride and reached campus on time.","5006d5e5-8fdf-4f56-a1fa-7e7f80fef265","5700c7ad-a661-41ac-8de3-0caa8edd4916","542484e9-c9f4-48df-8789-a3dffda2107d","85bed899-042e-4b82-a6ac-e7f8e8652524","2026-11-02T06:43:00.000Z","2026-11-02T06:43:00.000Z"
"3","The ride was acceptable but could be more punctual.","8aab26f1-28f7-4f9e-8114-2fe9272afca8","b7ba8e54-92be-434c-ba84-25ccd8366591","5f049c18-2f70-4261-b271-889d9956d23d","2cabb8ae-b3d7-4c51-8207-1b8fc7300e2c","2026-11-05T10:28:00.000Z","2026-11-05T10:28:00.000Z"
"5","Smooth ride and reached campus on time.","a0bb20b7-c2ff-4d6f-bce0-34d01c87d4f4","0a9c89f4-ad9e-46c8-8338-2757a38d5122","81e5312b-7123-490f-977b-7f79504efcd6","95204930-6f62-4024-8493-801a30e46f1a","2026-08-12T08:59:00.000Z","2026-08-12T08:59:00.000Z"
"4","Friendly driver and a mostly smooth ride.","be8f67c9-5e87-4492-a160-158d1cc0d18c","bb6447da-be36-4483-a6db-f03969d1306d","e57ff715-25a1-426c-97cf-87015c1bf680","037ed347-fb73-4043-a8e2-c7edc58d6dac","2026-08-13T10:04:00.000Z","2026-08-13T10:04:00.000Z"
"3","The ride was acceptable but could be more punctual.","65fb53fd-c220-4cd8-a664-2429aa9973c5","5490818a-2bc2-4ef4-937f-aa45c186f23e","ef8bce94-feeb-4e53-b72f-1a7c2e5bddf1","d04ea078-3e78-494d-83a0-92fee39d6bb7","2026-08-15T09:24:00.000Z","2026-08-15T09:24:00.000Z"
"4","Friendly driver and a mostly smooth ride.","448f2793-9d3e-4cba-b110-f1fef8a33436","da735137-ace5-43af-ab24-22dac49fda23","4f4e35d9-739c-4f3d-b0b4-2067faa30741","d022c9ae-ee6b-4085-b2c1-11a5c9e6c784","2026-08-17T05:08:00.000Z","2026-08-17T05:08:00.000Z"
"3","The ride was acceptable but could be more punctual.","6242bc16-9fe2-479d-9fb7-5f22ca7751d8","a64c3a42-0e72-4c06-9c85-60c0039d0c26","7e9c129c-4156-4ca9-af99-d00fb8d1aadd","d79a63da-78e9-4b42-a5b3-c04b428ae1c7","2026-08-21T09:08:00.000Z","2026-08-21T09:08:00.000Z"
"5","Smooth ride and reached campus on time.","ea3e87be-d569-4170-9199-94c56e8f45d1","56c645af-8b79-43bc-a739-c8cb8fbf2680","43dd383b-7c2d-4840-8095-5e3518602750","f599bc96-4841-492f-a111-bec5b3b961ae","2026-08-29T10:34:00.000Z","2026-08-29T10:34:00.000Z"
"1","The driver did not arrive at the pickup hub.","a8c2a509-7782-444a-9a0c-21611f2f9bf7","e5c29427-4d28-4be5-bf7a-580d4952ab5d","b25e6ea6-d736-435b-aead-e9d0d69b728d","fcfaa482-6492-469b-ba42-8abf44531f61","2026-09-04T04:47:00.000Z","2026-09-04T04:47:00.000Z"
"2","The ride was delayed and communication was difficult.","0042d8bf-e540-4950-b920-ee17c4bfd340","009f4a96-e552-4848-bef5-7a21b796a829","1f726f94-16aa-417d-8d05-1b3dd96d0827","f0be6e7d-be56-4dae-a215-ca68d901c731","2026-09-10T06:23:00.000Z","2026-09-10T06:23:00.000Z"
"5","Smooth ride and reached campus on time.","c9024c38-baa4-4174-bd49-6003790abe89","722b279b-dccd-4554-b6b0-583efd80ad3b","ffe56b11-38f8-4fa2-936c-d19021b522b8","a1ef1ce8-9cb0-499a-bca0-636d395b8e27","2026-09-14T08:40:00.000Z","2026-09-14T08:40:00.000Z"
"3","The ride was acceptable but could be more punctual.","567698f5-1c03-4fa1-b679-7b85f1f98180","04c461eb-f5d7-4f2b-a227-edba582fcd38","7d4898cc-54f3-4bd1-b9da-b31ff1cb26c3","6afa4784-41a5-471b-8dbf-dcd4ef8d1af1","2026-09-16T07:46:00.000Z","2026-09-16T07:46:00.000Z"
"1","The driver did not arrive at the pickup hub.","5cbe9208-653f-485f-a24b-e5f8cc6503ca","1e936a3f-b640-432e-8ff8-bf3b94f3c7fb","609a5aa2-e576-472b-ae03-3d339a90c45c","50b52ef7-937a-4ad7-a6ea-5df63741b351","2026-09-18T08:03:00.000Z","2026-09-18T08:03:00.000Z"
"5","Smooth ride and reached campus on time.","e892482e-846e-49f1-8ced-6cef5dc087b3","de36d91d-800f-4ad4-b9e1-2a6be77027d4","2fd77d02-9eed-432b-bc2b-69984e53b256","b5e29269-7643-45b9-ac7a-a2ccd2b93983","2026-09-21T12:23:00.000Z","2026-09-21T12:23:00.000Z"
"2","The ride was delayed and communication was difficult.","c7d94e34-0d7e-4d13-8af8-2ec101749bb0","0233b488-5cba-414c-afb1-1ed73840054d","fb85cd08-9134-4e91-ad82-1bf40b5e18fe","694401c9-b4fa-4309-b22d-16609d61782c","2026-09-24T09:24:00.000Z","2026-09-24T09:24:00.000Z"
"3","The ride was acceptable but could be more punctual.","77e0628c-0181-4de1-a94f-90d695f5abeb","a937e903-39aa-449d-b394-e7a901c00589","481621b5-ffcf-4751-b9e2-151c0182f97a","0d570a75-885b-4a1d-a33c-3705d1a1e89a","2026-09-29T05:09:00.000Z","2026-09-29T05:09:00.000Z"
"3","The ride was acceptable but could be more punctual.","423803b2-9985-4d55-b5f5-2a6b5d1e8a92","ca158156-cb12-4a7a-8103-67d36572fa78","85bed899-042e-4b82-a6ac-e7f8e8652524","8fe8486d-63f9-47dc-b19e-cee4aa0ac9c0","2026-10-02T09:44:00.000Z","2026-10-02T09:44:00.000Z"
"4","Friendly driver and a mostly smooth ride.","700a9ab0-13d2-4652-a8c0-a8b0ccbdf997","12e459f4-a197-4331-84db-2a65861c530e","39147f90-fbda-49de-88ec-5fe656c0d7b4","91bce675-58bc-4bd2-b962-52dc6f401671","2026-10-05T12:19:00.000Z","2026-10-05T12:19:00.000Z"
"1","The driver did not arrive at the pickup hub.","e4ac5944-439e-4ff8-a4da-b9bd6cc288b7","24496544-286d-4884-872d-9825d267b0ea","69158428-13ec-44bc-be1b-661be60211b1","36032724-576b-47c8-a7f3-a44c9abca1ae","2026-10-19T10:54:00.000Z","2026-10-19T10:54:00.000Z"
"2","The ride was delayed and communication was difficult.","12196534-86bd-40cc-8dd2-0aa465ffe2ef","4b211acc-47a1-4736-b9f2-f22224c155f2","a33b3b67-373b-4a19-ab84-94afce2d3cf6","d52bd72b-f975-4a9d-a394-ead49b80912b","2026-10-26T07:44:00.000Z","2026-10-26T07:44:00.000Z"
"5","Smooth ride and reached campus on time.","ae8cea9b-e326-48ef-87e9-ae60e5ba26d9","b5129ec5-87ef-4d74-96c3-c1fa95d7b873","f3823776-2961-40e6-9f5b-0eb8213276b9","f24e7e05-582d-47da-aa31-e435fb66bfa2","2026-11-04T08:33:00.000Z","2026-11-04T08:33:00.000Z"
"3","The ride was acceptable but could be more punctual.","bfedadea-2c0c-4365-8265-5e7cce7a6733","6ba2286e-6a29-4561-80b6-ca95fe1de44b","2aa9eabe-95db-4ea2-bb38-66742013ed82","3e9526f5-f65f-4da1-a2b1-553ce23973f7","2026-11-04T04:10:00.000Z","2026-11-04T04:10:00.000Z"
"5","Smooth ride and reached campus on time.","6a3f14ae-0805-4c5a-8c1e-223852cdc681","1b24ad7f-82fe-4482-abe4-dc2d49f3376b","d9f990c4-afb2-4074-8034-6a62f6c93ce4","e36d6950-fda1-4e0a-b9a4-3109c1ef3afd","2026-08-12T05:59:00.000Z","2026-08-12T05:59:00.000Z"
"5","Smooth ride and reached campus on time.","fe6d9a71-6b01-406e-bd21-e4b2d5f26dbd","9e9a4e21-b4ed-41bf-89e4-d737b3072366","be3f8ff0-be2c-4cc2-bb19-b7c7caedba70","6fc4cb33-0af8-44b4-af29-e2f5e70c3ca5","2026-08-14T04:09:00.000Z","2026-08-14T04:09:00.000Z"
"2","The ride was delayed and communication was difficult.","35d9e245-9681-41a8-81fc-751e39823b7d","2160327c-0a56-458c-8e3a-b0a653bb488a","a78892d9-93b0-4a78-9a2f-2fad3db5becb","29ba1c6f-943a-462e-a307-a6c327c39a57","2026-08-08T06:03:00.000Z","2026-08-08T06:03:00.000Z"
"4","Friendly driver and a mostly smooth ride.","00cc0d87-ff49-4564-a89b-88c0ea200726","12b7724e-5d38-4e12-a9c5-92b757d48e24","fc8036f4-d3bf-49ee-baff-431b84d612ea","4bb40fa4-b428-432e-aca2-1a954ebd5186","2026-08-11T08:44:00.000Z","2026-08-11T08:44:00.000Z"
"2","The ride was delayed and communication was difficult.","d19f5006-94b0-4bb7-9277-acf3ecc4cefb","6373477b-6351-4807-9c1f-290fbf1561ef","b4419d49-c195-4f67-8a68-1e38418429ef","a4e13249-216e-49cd-8abf-6f5bd9c3fe4c","2026-08-17T07:06:00.000Z","2026-08-17T07:06:00.000Z"
"1","The driver did not arrive at the pickup hub.","0d9fefda-5a28-4513-8281-f136a62c021f","edc119e1-9174-402e-b23c-6da190e38c4c","7a49978a-5b30-4a61-89ea-d655c3a89110","ce3592dc-d951-4134-a2cd-52dbc233a3f4","2026-08-27T09:43:00.000Z","2026-08-27T09:43:00.000Z"
"4","Friendly driver and a mostly smooth ride.","97400a9b-f1e7-46cf-a7b5-2d7c6064af3c","358dcfdc-19d7-46c5-9792-db4cafb39e25","1d69f9fe-09f6-4a0a-8dc1-753c6b3015e6","08eb06b4-7805-4b0c-998b-d919358e8b0f","2026-08-29T11:27:00.000Z","2026-08-29T11:27:00.000Z"
"2","The ride was delayed and communication was difficult.","863c26aa-ebbb-4a12-abf1-2883758b5e35","9acaa625-8ac9-4eb2-b657-e5fefadadb13","399cdebc-51c2-422b-87a5-220f8cc2d7ac","0b95ee62-3f26-4837-bdb3-8120bae0deda","2026-08-31T12:13:00.000Z","2026-08-31T12:13:00.000Z"
"4","Friendly driver and a mostly smooth ride.","e0bffe53-8e62-4462-953d-381aeddc31f9","b054dae5-6749-4f45-bd70-90a5261bb3cb","5a240b3c-f182-4a30-82d1-ae0f6586bff3","a6724b4c-1f36-4019-9072-772bbdeeca30","2026-09-03T07:21:00.000Z","2026-09-03T07:21:00.000Z"
"4","Friendly driver and a mostly smooth ride.","4abec72a-b099-49b9-886f-8a2a4ce992a8","2c6ab345-9777-45b4-a794-95db08ae07c2","cba87ecd-54b1-4aae-9469-fa73c5a1965e","772a4089-be1c-415b-9115-5af745dcbd7e","2026-09-29T08:54:00.000Z","2026-09-29T08:54:00.000Z"
"5","Smooth ride and reached campus on time.","bdf8bce1-0a9c-4742-90e5-7d6deab7c4ae","096bba8c-0116-411d-9f14-1c96839712fc","f16b2296-c08c-4229-b1cd-9d4425b7954a","db6d13c6-50ea-4ee7-98cb-daab8b877783","2026-10-08T08:38:00.000Z","2026-10-08T08:38:00.000Z"
"2","The ride was delayed and communication was difficult.","6fb0606b-a75f-4791-8bda-16bb11298fb4","50e7e7af-1469-4648-8b4e-455511038b4b","2f39eb16-ab4f-4c25-a572-9a7be1ef7dcd","aba3000b-d3fe-45b0-93f8-1eb12fe76121","2026-10-10T05:51:00.000Z","2026-10-10T05:51:00.000Z"
"3","The ride was acceptable but could be more punctual.","b2d144e0-3e3d-443f-a452-528ea18ff263","29639fe3-fba9-4ec1-8c2a-beeec3698b93","a4e13249-216e-49cd-8abf-6f5bd9c3fe4c","02927b89-ffa8-40e0-963e-2651a35e576d","2026-10-19T09:37:00.000Z","2026-10-19T09:37:00.000Z"
"4","Friendly driver and a mostly smooth ride.","318486c8-e97e-4fc4-a163-a6b173ba4eed","446815d8-3895-4b64-a9a5-7699f549864d","772a4089-be1c-415b-9115-5af745dcbd7e","93c44edd-bbc5-4ac3-9dba-63f636b8ed0b","2026-10-24T09:59:00.000Z","2026-10-24T09:59:00.000Z"
"1","The driver did not arrive at the pickup hub.","36fac670-6dcf-4424-aa28-460d7ba88cfa","2f2c5365-84d3-4d5c-b8d1-6f264b5f4215","7ecb9a58-e71e-47e3-b199-1b14f78ab1cd","6cc8d264-2c05-4a80-90d4-2b29b4ccd802","2026-08-13T04:07:00.000Z","2026-08-13T04:07:00.000Z"
"2","The ride was delayed and communication was difficult.","1046f7b1-32b7-4410-bb75-b766751f4898","51a9e42c-d1f6-478c-b886-b626dcbd18f3","11e76d6b-888c-4c86-a3f2-2d4bab255598","998a2999-5be3-435d-8015-2a973a6e97cc","2026-08-14T07:09:00.000Z","2026-08-14T07:09:00.000Z"
"3","The ride was acceptable but could be more punctual.","708ea1cf-a513-4246-be52-4916bb246d3f","69ee0216-5020-4028-b822-cf3a10cc01dc","2f12a413-553c-4203-bffb-955e3123875f","6a3f9cb7-ea70-4c12-87b0-f7ee4a38b313","2026-08-19T08:55:00.000Z","2026-08-19T08:55:00.000Z"
"3","The ride was acceptable but could be more punctual.","aad8bbda-1ea8-4540-88d0-f97b4b674daa","da00e29b-5b94-4c48-9058-fdc14b347db5","f0be6e7d-be56-4dae-a215-ca68d901c731","5d577020-68d2-4a61-b36d-861bf1486666","2026-08-21T07:49:00.000Z","2026-08-21T07:49:00.000Z"
"3","The ride was acceptable but could be more punctual.","213b9f6b-b931-43b2-8378-62ea09055366","2c00669e-dc0c-456d-ba1d-8920b4c821fc","85802130-aece-4a5c-b091-be9de76fa62e","2df45663-f8d0-4308-b79d-fd6c1ff852c9","2026-09-02T03:01:00.000Z","2026-09-02T03:01:00.000Z"
"4","Friendly driver and a mostly smooth ride.","56603f59-2509-4a14-903c-bfb67d897ff0","78e46e6e-9c6f-4b0f-b064-7d4e9460e632","1e8f38cb-b0ae-4701-9268-3c8e55456ef9","b5eb2319-5923-4823-9cfb-fa0ca41f597b","2026-09-02T12:44:00.000Z","2026-09-02T12:44:00.000Z"
"3","The ride was acceptable but could be more punctual.","cd3c383d-87bf-410f-9672-e678fe4436e2","afd4311b-966f-4fc9-9674-d1effabc820f","c69150f8-4df1-4f92-9ee7-62209c9db1a6","acb16d87-c821-4f83-a7a0-8733496f99be","2026-09-18T06:51:00.000Z","2026-09-18T06:51:00.000Z"
"5","Smooth ride and reached campus on time.","4b89c512-e9fd-475c-8378-d9ec06dcbf06","e9d984c5-4020-4da0-80d0-e3c032d9fb7a","0be154a0-2b93-4226-ac8a-ca86dcf33409","f64e308c-4a0b-433f-bebb-09536f52d5f4","2026-09-22T12:52:00.000Z","2026-09-22T12:52:00.000Z"
"4","Friendly driver and a mostly smooth ride.","0484c53d-03e4-4922-89c1-15d9f4fcb8e7","ea4686ae-04a6-4e3c-bf15-6aad0dee5c58","d2298097-598d-4264-8db3-a0e927ab6ed1","bab50b6c-7a07-4417-adaf-0a3f199ba726","2026-09-28T07:37:00.000Z","2026-09-28T07:37:00.000Z"
"4","Friendly driver and a mostly smooth ride.","de8d2906-7dd0-4454-8455-2e74f6d376dd","8b3cee6b-4a19-4c8d-b82f-21d325d81f9b","6aa130d0-4c4b-48c2-bc80-80079a81385f","77d7f815-239b-4019-bf1b-76b62751a21d","2026-10-12T07:57:00.000Z","2026-10-12T07:57:00.000Z"
"3","The ride was acceptable but could be more punctual.","d0283327-d9ff-4f4f-a61d-928a115ed835","e18ffa39-51b9-4c89-87c6-2375d3dfec8a","e163653a-9bbe-4e9d-81ab-acf5fb7c4166","1d69f9fe-09f6-4a0a-8dc1-753c6b3015e6","2026-10-15T03:42:00.000Z","2026-10-15T03:42:00.000Z"
"1","The driver did not arrive at the pickup hub.","3aa6d177-cf85-4959-ac87-669fe8cc3e41","8f6f07bc-40b3-4d20-ad36-f204245382be","08fe57ab-1152-4527-a359-68c4e78e68d5","25e86fcd-e6f3-4cae-abe5-69da8dc4879a","2026-10-20T05:22:00.000Z","2026-10-20T05:22:00.000Z"
"5","Smooth ride and reached campus on time.","5e6fc5ce-3282-409d-9a37-3bbd94a45ee1","9332f881-ccfc-4094-9dc8-c4d5cd07b1b1","984e14a4-a27e-416c-9397-0cf2fb53101f","a78816e2-8aae-4e54-8410-968bc321f082","2026-10-22T09:48:00.000Z","2026-10-22T09:48:00.000Z"
"1","The driver did not arrive at the pickup hub.","43c2545a-3094-41c6-b946-75d517ae78bd","dc4f1378-fa9d-491f-989b-2adebf496cbc","0d570a75-885b-4a1d-a33c-3705d1a1e89a","aa4ac675-15bc-49db-b7fa-84335d28cdc7","2026-11-03T09:47:00.000Z","2026-11-03T09:47:00.000Z"
"1","The driver did not arrive at the pickup hub.","43273381-a7fe-47ed-bdc5-60ab215bedc8","3ef932f8-9b79-48ff-abbc-2273cdb6085b","edb3c65f-3d50-40e9-9a77-b8be3c596e3d","32c9560a-e267-4d5f-85c7-ca585ac3975e","2026-11-05T12:56:00.000Z","2026-11-05T12:56:00.000Z"
"2","The ride was delayed and communication was difficult.","1931da33-94d5-4759-b15a-c0ef46b557d9","5dd3314d-5acc-49a3-b1f7-a4223ac2c922","53476aa4-9daa-46aa-9332-69d4a4566a3d","969131e9-4cc6-483d-82f8-990f056d6c5a","2026-08-17T10:44:00.000Z","2026-08-17T10:44:00.000Z"
"1","The driver did not arrive at the pickup hub.","0b9573af-c9ce-4820-922b-647bff766cf0","282d040b-e458-4f43-87ce-6e90e60a984e","1f4600a9-443c-419b-9d1a-685629408e0a","dd95ce1d-b76e-4f1f-9a03-108aea02d0d2","2026-08-31T08:07:00.000Z","2026-08-31T08:07:00.000Z"
"5","Smooth ride and reached campus on time.","86c8cafe-f98c-4464-b35e-5335be8a8260","4793818c-9038-444e-9a31-d8ccf26be3c5","229ca7a7-5513-4f42-9ef4-2390c8285215","037ed347-fb73-4043-a8e2-c7edc58d6dac","2026-09-02T09:06:00.000Z","2026-09-02T09:06:00.000Z"
"1","The driver did not arrive at the pickup hub.","96cb6d17-03ba-4164-908f-ef14bb7fe81c","630d16a7-18c7-422e-b6ef-712ff998edf2","05e3c6c3-c662-4d71-a22e-2f6abe452e90","d022c9ae-ee6b-4085-b2c1-11a5c9e6c784","2026-09-07T05:08:00.000Z","2026-09-07T05:08:00.000Z"
"3","The ride was acceptable but could be more punctual.","452728b0-60cb-49c9-8f49-42525689e537","42d0dc10-3ea3-455f-b23d-3388179c0489","4edeb0bf-7259-4a78-a36d-e652c8861873","ce05a8a6-09ab-4705-92d1-3f61a51fd69d","2026-09-08T12:24:00.000Z","2026-09-08T12:24:00.000Z"
"4","Friendly driver and a mostly smooth ride.","c80e451d-97a1-40d8-8466-5da1a33f22f5","6a6e2627-f884-4cca-8c1d-82b75cc700a8","bffb4bf3-10a3-4ff1-bb55-ffc7725007e9","be4d340c-e4ae-41d8-a1a2-337d84d2bfc1","2026-09-10T06:12:00.000Z","2026-09-10T06:12:00.000Z"
"2","The ride was delayed and communication was difficult.","f39b8349-700c-4357-947f-827ffe948bcd","315ddd6c-622c-4ebe-a3eb-f9b6ad14e648","fa7fbc07-c93a-4085-a4f5-6f1e0fc83121","9ef8f4fa-8101-4ff2-80ff-91a966e3bab8","2026-09-21T08:48:00.000Z","2026-09-21T08:48:00.000Z"
"3","The ride was acceptable but could be more punctual.","0ee08c60-c4e7-49bf-9f1f-6864f46d2e96","4234d333-5e7a-4777-a843-8cd872cc0bfc","73c6ef3d-a748-4db3-bd54-68c614823c0d","2a786db0-f79e-4a08-a45d-7143a56be137","2026-09-24T07:08:00.000Z","2026-09-24T07:08:00.000Z"
"3","The ride was acceptable but could be more punctual.","f355bac9-94e7-4871-a896-6a31795abca8","81918c19-9464-4372-9030-04ffda40efb8","8190565d-9fb1-4428-a386-4bb1b2f4fdee","db21b52b-86e1-49c0-82fe-f5d33db4323f","2026-09-28T04:44:00.000Z","2026-09-28T04:44:00.000Z"
"1","The driver did not arrive at the pickup hub.","6074a832-59c9-4fe9-8f3a-faf5f9e19893","754bfc2b-64ca-4525-b5de-492ae2b6d51f","b13dc47d-8a9c-45eb-9dee-0cc214bf6ab4","f0c7e0ed-5ec8-43e2-aabe-d0c93c5234e3","2026-09-28T08:52:00.000Z","2026-09-28T08:52:00.000Z"
"3","The ride was acceptable but could be more punctual.","251bca53-a888-4c26-bae6-6b0e654747ca","54a4f39a-97cf-453f-a124-b59b4e6629a1","a78816e2-8aae-4e54-8410-968bc321f082","bf4c6c59-6b96-40c9-9575-8528b27b985c","2026-10-03T03:09:00.000Z","2026-10-03T03:09:00.000Z"
"1","The driver did not arrive at the pickup hub.","339b9dca-d0cc-4625-8eee-c1777a66514d","6fb95ba1-a6fd-4716-ab7a-245bb3d2b8ef","666980bd-8e4f-4f8c-8b8f-e0c3b08af505","5bed2f04-01f9-4e95-995a-1a0c306ae9c3","2026-10-13T04:48:00.000Z","2026-10-13T04:48:00.000Z"
"4","Friendly driver and a mostly smooth ride.","a625bf4c-a7f3-4905-a240-401a6a120c1c","9d994eef-e6f9-4dbb-b1db-39cf4b47f848","8dcbd23c-4a1c-425e-b9e1-56d690d064a1","0d570a75-885b-4a1d-a33c-3705d1a1e89a","2026-10-17T05:54:00.000Z","2026-10-17T05:54:00.000Z"
"2","The ride was delayed and communication was difficult.","57002e7d-e2f1-4837-9f9d-0cbbbec920f7","3ce5026b-7ab8-40ba-8766-ef2004cc5179","6fc4cb33-0af8-44b4-af29-e2f5e70c3ca5","8fe8486d-63f9-47dc-b19e-cee4aa0ac9c0","2026-10-22T12:24:00.000Z","2026-10-22T12:24:00.000Z"
"2","The ride was delayed and communication was difficult.","23b6f245-2e1b-4cb1-9e3f-a727f82780c5","e908adf9-8739-455d-a325-21cdee725a50","4eb4654f-b132-4610-b82a-80fd5aa524c0","72cddc2e-6ec2-4e48-aa1a-fc6654d24fab","2026-10-26T10:15:00.000Z","2026-10-26T10:15:00.000Z"
"3","The ride was acceptable but could be more punctual.","634eab4a-82e9-485f-96de-460d4e8f6b68","88007d2e-42ba-4e61-9e3a-f9f344086c3a","1cb6adeb-9163-4fbb-b53f-65f5505df0b2","edb3c65f-3d50-40e9-9a77-b8be3c596e3d","2026-10-31T03:18:00.000Z","2026-10-31T03:18:00.000Z"
"2","The ride was delayed and communication was difficult.","05eba8cc-708b-46ef-8a8f-2ed776c0deeb","a0a52b3c-f29e-4edc-8ade-c6a73ea4d624","a68aae4c-c9bd-4227-aac3-87e0cce8704c","26dcafa5-e28f-4c96-bd7f-75ca1113e108","2026-11-02T05:55:00.000Z","2026-11-02T05:55:00.000Z"
"4","Friendly driver and a mostly smooth ride.","69ac60a5-18d7-419f-9e43-fce6231ce5d1","62a2a1ea-fd3d-4a56-af2d-8a4b5cc2f660","181765e4-8d59-4d44-860f-b05bf3bda2f4","5ac71c5e-4117-49f2-9551-e2487ee014ca","2026-08-11T09:25:00.000Z","2026-08-11T09:25:00.000Z"
"5","Smooth ride and reached campus on time.","50e335c2-b21b-4972-9e8c-900b881a6f99","1356c62d-7cd1-4bf7-b4d8-9c54a1d3abad","dbffce9e-93ca-460b-a2e6-fec327ae8a6e","2611b03a-dd3f-4f47-9599-e17430f77e92","2026-08-24T10:26:00.000Z","2026-08-24T10:26:00.000Z"
"2","The ride was delayed and communication was difficult.","03b1e20f-b63d-4b1f-bef4-380b6d8c0391","d5de26f2-8389-44c1-a190-3f405251c404","c283b8d4-e85f-4f55-a686-461ce166d95c","fe0b23a7-80b0-4776-aec0-0e53d369acc1","2026-08-31T06:28:00.000Z","2026-08-31T06:28:00.000Z"
"2","The ride was delayed and communication was difficult.","f14c8d1b-1582-40ae-9e43-b494748769bc","e7435db3-63b3-4fba-a0ed-be3066168d9f","bbd2b08c-34a8-4439-a7fa-b253b6a9fe04","6fc4cb33-0af8-44b4-af29-e2f5e70c3ca5","2026-09-03T06:43:00.000Z","2026-09-03T06:43:00.000Z"
"1","The driver did not arrive at the pickup hub.","10ccc05f-4dd4-4d03-b974-e46115bf719b","58d3c330-aa1f-4a79-92e6-38a7f94481f8","8583b128-6eef-4c56-a566-5dc44a8d0a70","cb3f3ef2-5ef7-449a-8f63-2d283dcb08cf","2026-09-14T10:25:00.000Z","2026-09-14T10:25:00.000Z"
"1","The driver did not arrive at the pickup hub.","ab9acf52-70e0-446c-817d-9ec33c4ae3cf","17bbd8d2-9f98-4560-84a0-cd720c21c507","b351304c-33e4-4dfa-bbfe-0e46f5cda915","71828ca0-ebd4-4211-ba24-a16f7159e15d","2026-09-29T06:04:00.000Z","2026-09-29T06:04:00.000Z"
"3","The ride was acceptable but could be more punctual.","08b99cb7-dfa9-4cdd-ac52-a98a75533ac9","233e3fe2-c2d8-4e69-b6e1-8863bf84ea51","6f3fcde3-7927-4673-8e83-5d19997e04eb","97e2c868-d328-4e04-a87f-cdd9bf32f321","2026-10-10T07:28:00.000Z","2026-10-10T07:28:00.000Z"
"5","Smooth ride and reached campus on time.","b9bf8377-3938-40c1-b0e0-eb095e4ce56e","ce558404-d67a-4366-8a39-c7d343a60edb","3934e51d-f7fc-439d-a64b-1e11c068f9b5","53476aa4-9daa-46aa-9332-69d4a4566a3d","2026-10-12T03:34:00.000Z","2026-10-12T03:34:00.000Z"
"5","Smooth ride and reached campus on time.","3c0acd22-e52c-46a3-af3a-9116770f582e","64248799-ea70-49df-9f1b-105a25fe31be","fac65e5b-f1a5-4896-b38a-74849ccdc168","86105958-87be-4dcd-b670-bf501ca8dcdd","2026-10-12T08:04:00.000Z","2026-10-12T08:04:00.000Z"
"3","The ride was acceptable but could be more punctual.","5969d106-69ca-4487-ba35-e652872dd935","a2bdc5e3-efbd-4b73-a3ac-deb12dae33eb","80ca3ea6-d467-4f49-97eb-b6dc6f476676","0195616c-ec89-4a4d-8990-b9d0d41435fa","2026-10-30T08:42:00.000Z","2026-10-30T08:42:00.000Z"
"1","The driver did not arrive at the pickup hub.","2adb6f22-e3ae-4204-9a24-a3c6787f675b","d5d03f89-3122-4eef-93db-48240a7c078c","34887a09-84f2-49c3-97c8-eaa9e671e141","96f0bff7-4a51-45fe-924a-7fd40bd96af0","2026-10-31T07:54:00.000Z","2026-10-31T07:54:00.000Z"
"2","The ride was delayed and communication was difficult.","084d822c-556d-4661-b928-3a8df0c9dba9","62e27b61-872d-44c5-8c1c-cbb7242572e6","8100f2b8-79e0-4059-be98-ced465000a2e","1137a11d-2e66-45ed-b840-8d12e6722bfa","2026-11-05T07:46:00.000Z","2026-11-05T07:46:00.000Z"
"5","Smooth ride and reached campus on time.","e9355a48-dca4-4293-a3fb-1dd13fd18ba1","fda53875-8de3-4343-95dc-4bd627b41573","afabde80-8412-4536-8a7d-443441b6329d","a78892d9-93b0-4a78-9a2f-2fad3db5becb","2026-08-10T13:13:00.000Z","2026-08-10T13:13:00.000Z"
"1","The driver did not arrive at the pickup hub.","770e667b-e49d-4ada-b20e-35ad9f2470b9","5c388faa-23cb-4c2b-9581-221eb4d2f9db","ac87c729-c400-43ff-9619-cd867435a982","fc8036f4-d3bf-49ee-baff-431b84d612ea","2026-08-31T03:46:00.000Z","2026-08-31T03:46:00.000Z"
"5","Smooth ride and reached campus on time.","1e4723f4-28d7-46eb-8c26-1d05962da352","1ab7f7f6-61ff-4e96-944c-3e74331a7714","4f4e35d9-739c-4f3d-b0b4-2067faa30741","856b4feb-c8f1-4731-b41e-d21be114be5d","2026-09-25T06:50:00.000Z","2026-09-25T06:50:00.000Z"
"1","The driver did not arrive at the pickup hub.","6784830a-0d61-442f-8379-2660fb15d63b","6742e1d6-251a-4342-af46-3ea267847fe9","4056717c-9798-4214-8fbd-07c4e3a98b6b","b94bb3da-92c3-4ecf-b576-f9dbbce590b5","2026-09-28T08:42:00.000Z","2026-09-28T08:42:00.000Z"
"1","The driver did not arrive at the pickup hub.","39360729-d4ab-4fbd-bb57-eee701da1877","fa5e39b7-28f9-4d0f-8253-5cd2e220e39f","896d4da2-8fa8-41c5-b3c6-164a6ce57775","b4419d49-c195-4f67-8a68-1e38418429ef","2026-10-05T07:59:00.000Z","2026-10-05T07:59:00.000Z"
"5","Smooth ride and reached campus on time.","38d0ef19-c4a9-454d-82c4-3382c0b373d4","adab8f23-d616-4b20-a168-54930c1ddd09","2e0cc7b0-3544-40fe-910b-e573a7d33c9a","e9ac0d57-c267-41a2-84aa-846e6f118304","2026-10-09T08:25:00.000Z","2026-10-09T08:25:00.000Z"
"2","The ride was delayed and communication was difficult.","a6252569-6830-4be9-9367-74d46bcc8572","2a373865-6714-4035-877e-edc70025de85","fc17bde9-8039-463a-b2df-6dd060d08969","6a3f9cb7-ea70-4c12-87b0-f7ee4a38b313","2026-08-10T12:27:00.000Z","2026-08-10T12:27:00.000Z"
"5","Smooth ride and reached campus on time.","d6490a99-bcea-4761-8efa-9d22e0cf8b66","9b14c880-e7ad-499c-a804-9b0a77b3e835","2bf63d4b-4be8-4a3d-b079-2a7b714b0da3","e163653a-9bbe-4e9d-81ab-acf5fb7c4166","2026-08-26T08:14:00.000Z","2026-08-26T08:14:00.000Z"
"1","The driver did not arrive at the pickup hub.","25487a4e-1467-4ee8-9747-a0118b2a868d","ff354b32-1f2a-4307-9e7e-27b6a506a765","049a400b-5043-4cc0-8f0c-a2000b0bc7c2","61b7de30-6ccf-41d6-881f-85e56e865717","2026-09-02T07:54:00.000Z","2026-09-02T07:54:00.000Z"
"5","Smooth ride and reached campus on time.","7702df64-733e-44b1-995d-a5a8899a7c4d","f1f00b1e-9947-4f6f-8688-bfa455d4625b","2bba79b1-7549-484e-89e1-bf3b93c66b88","ae43995b-0b10-49a4-a37e-36a29c7b89fa","2026-09-03T06:44:00.000Z","2026-09-03T06:44:00.000Z"
"2","The ride was delayed and communication was difficult.","11e6b672-b817-4f66-b05f-f8bf4ddd4b46","878e52d7-2def-40b6-a913-df1a54047a34","17982a72-f4c8-4037-9da7-01d2b81b4f51","2139d70e-ad87-4ff0-985d-00ddaa9d1f33","2026-09-05T10:30:00.000Z","2026-09-05T10:30:00.000Z"
"3","The ride was acceptable but could be more punctual.","0f5d5852-f943-4527-a4cc-05f32ebfa5aa","baa2df2c-bc9c-4de0-8703-f981605afd42","3e48df00-372b-4e64-9ef2-a432d0530793","d4a58744-1f9c-4554-9321-1fd9d20b1035","2026-09-08T09:24:00.000Z","2026-09-08T09:24:00.000Z"
"3","The ride was acceptable but could be more punctual.","7a7f4ba2-a991-438c-8dad-8e5ae20d8f3c","24726f7e-d370-44f4-b661-389e47aa84da","de3ce989-9f1f-4440-bace-a75a4256201a","f64e308c-4a0b-433f-bebb-09536f52d5f4","2026-09-12T12:23:00.000Z","2026-09-12T12:23:00.000Z"
"3","The ride was acceptable but could be more punctual.","1d6b5f92-b70c-4f73-9959-45b8cc5cc9db","3030c4fc-f717-4545-9a5c-be4c04749c81","7833fb03-c858-4574-92d0-cb72030a18eb","fa8313a6-d0cd-4c89-ac5a-1bcf559767e4","2026-10-03T08:26:00.000Z","2026-10-03T08:26:00.000Z"
"1","The driver did not arrive at the pickup hub.","8b32ad97-593e-467d-a51c-319ed07c8ab9","bcb302ed-b8e1-4e7a-b9d9-9711e6345a1a","1d69f9fe-09f6-4a0a-8dc1-753c6b3015e6","8fcb293d-bce3-4068-b448-c15533882e86","2026-10-19T11:43:00.000Z","2026-10-19T11:43:00.000Z"
"2","The ride was delayed and communication was difficult.","9cc5b644-724d-454b-99e0-0ce45cc98c9b","a56af269-ecfc-444d-ae56-6f7c48cdc314","d04ea078-3e78-494d-83a0-92fee39d6bb7","6b38852c-3199-4130-9bef-739d2cbf98cd","2026-10-26T04:44:00.000Z","2026-10-26T04:44:00.000Z"
"2","The ride was delayed and communication was difficult.","58fee58f-145d-4283-96c0-6a64f0a2aa06","06ff1ac1-1cdd-4882-a3d4-05e2586953d8","f599bc96-4841-492f-a111-bec5b3b961ae","15ef891e-746f-4219-8638-297ada541a3a","2026-10-27T07:50:00.000Z","2026-10-27T07:50:00.000Z"
"3","The ride was acceptable but could be more punctual.","f07daa7e-7a2a-46e0-ace4-dc349c755b17","65de9618-15bc-453c-955c-fd27adf9016d","aa992245-dc20-4688-8711-279522417636","11e76d6b-888c-4c86-a3f2-2d4bab255598","2026-10-30T12:49:00.000Z","2026-10-30T12:49:00.000Z"
"2","The ride was delayed and communication was difficult.","efc6d8fe-784b-4b3e-8a44-d774ce430a76","613ba694-3e7c-43c2-85d9-8c48e3915e08","4fee29cb-0687-44a2-9f09-3ba85cef33d1","a7b7dfcb-b36f-4cfc-abf8-afd48e896a75","2026-08-10T10:28:00.000Z","2026-08-10T10:28:00.000Z"
"4","Friendly driver and a mostly smooth ride.","f719b519-9ac4-463a-950e-e97378ca67f0","62a6ad9d-040a-46b9-86a4-98e88b3b4478","6dbaac16-eca9-4619-9461-cf1f791691ff","5b9101ca-8247-4c12-bf7c-68abf2b98166","2026-08-15T11:06:00.000Z","2026-08-15T11:06:00.000Z"
"2","The ride was delayed and communication was difficult.","87283cf0-386c-4e0d-96e0-f3d1e28c6632","2be199f1-236b-4c4c-95d5-07a1a637ba28","5a542579-2130-44d7-a1c7-dde5ad030d85","d022c9ae-ee6b-4085-b2c1-11a5c9e6c784","2026-08-26T03:47:00.000Z","2026-08-26T03:47:00.000Z"
"2","The ride was delayed and communication was difficult.","06e7d8ff-eb13-4c69-8797-7c5b1fa03ff9","6c723a3b-9cf7-4c29-acea-b8e91eac6037","b9a94dba-cbdd-4dab-b668-c38541a542df","d79a63da-78e9-4b42-a5b3-c04b428ae1c7","2026-08-31T12:00:00.000Z","2026-08-31T12:00:00.000Z"
"2","The ride was delayed and communication was difficult.","f4bc79bd-0b07-4646-8303-d0168ecff1e1","9ea78b52-e13e-41aa-b6e6-c6fb804b9d6a","91b6dba8-c5ee-49b6-8e0e-cdb6deb6d498","b0ac27cd-c785-4a92-96f7-125faca0aafd","2026-09-01T06:52:00.000Z","2026-09-01T06:52:00.000Z"
"3","The ride was acceptable but could be more punctual.","70bd8694-18bd-47fa-93e0-454e11489c21","6db03bbb-4d28-4aa6-ab41-981cd5606957","9449171f-669b-4ae3-8a11-85c2698005b4","523365f0-54d7-48ce-b828-50e1b0a2737e","2026-09-10T03:38:00.000Z","2026-09-10T03:38:00.000Z"
"5","Smooth ride and reached campus on time.","136fbb45-fe7a-4460-b198-153ed3e2611c","95e93a87-27ee-4ca0-b3cd-8695eb53eb78","15d12fa2-5285-4e19-a290-344ead002d9f","fcfaa482-6492-469b-ba42-8abf44531f61","2026-09-14T08:52:00.000Z","2026-09-14T08:52:00.000Z"
"5","Smooth ride and reached campus on time.","09743195-a2e5-496a-a7c9-1c9e6f67e092","9ccd89c5-9b93-4a5e-94b7-69b12d8c1962","b53fb963-29ea-4299-915f-2cf34647fe2b","1386d7bb-79eb-4e36-b78d-7ac74357b589","2026-09-16T10:08:00.000Z","2026-09-16T10:08:00.000Z"
"2","The ride was delayed and communication was difficult.","60e60e4c-33f1-4002-952b-2ef9284ba0ef","f7c3edde-8d74-4490-afc2-6830ce3be3e9","443d0a1a-c4da-4cf7-9517-4c02de0dff9c","e0a60ad9-cc73-4c06-a3f4-008b5f55a00b","2026-09-22T10:26:00.000Z","2026-09-22T10:26:00.000Z"
"5","Smooth ride and reached campus on time.","53b5b36c-c20a-48b1-a7a3-44a4b324693c","56b7d79f-522f-4f5a-8729-1e0fc9091cab","ce05a8a6-09ab-4705-92d1-3f61a51fd69d","0d570a75-885b-4a1d-a33c-3705d1a1e89a","2026-10-08T06:19:00.000Z","2026-10-08T06:19:00.000Z"
"5","Smooth ride and reached campus on time.","52121b14-b0cc-4ffb-9dc3-bb8391ac922a","72bf91fc-d001-4a56-82a4-d1eb501ba250","24d2a11e-ee6c-4f5b-80ff-7fb9eb39ac32","f69ef11d-7551-4545-967a-f045a72ebb93","2026-10-15T04:15:00.000Z","2026-10-15T04:15:00.000Z"
"3","The ride was acceptable but could be more punctual.","09f15f8d-284d-4b51-94fe-b2c5db0a31f6","18534323-4c1a-42b5-a4dc-3c856f3ec8fb","3f9c3912-4b7f-4630-8ee8-ef4328f8653a","36032724-576b-47c8-a7f3-a44c9abca1ae","2026-10-28T10:15:00.000Z","2026-10-28T10:15:00.000Z"
"3","The ride was acceptable but could be more punctual.","629ad18d-510d-4170-8be2-69b8e5b70c1d","9406b3b7-8f8c-46b1-8a1d-31da7b01ed0f","e3132854-383b-4d80-b4f9-344261841ff2","b4c86de6-995d-4335-a3bb-265de522aecf","2026-11-04T09:59:00.000Z","2026-11-04T09:59:00.000Z"
"4","Friendly driver and a mostly smooth ride.","0caa6682-ef9d-4d94-a17d-ad8cdd24ea4a","84be5a55-e829-48c8-ab27-ca6cdff57bb7","4f582076-f405-4dad-b185-9ae556fcc905","d52bd72b-f975-4a9d-a394-ead49b80912b","2026-11-04T07:57:00.000Z","2026-11-04T07:57:00.000Z"
"3","The ride was acceptable but could be more punctual.","1b511f73-c261-4cb6-b0e0-e5c5411a1f0a","f3c80668-b5bc-4b28-8409-aa52172c2319","0be154a0-2b93-4226-ac8a-ca86dcf33409","2611b03a-dd3f-4f47-9599-e17430f77e92","2026-08-13T07:45:00.000Z","2026-08-13T07:45:00.000Z"
"2","The ride was delayed and communication was difficult.","29d7bf37-52f1-47c9-9dde-71638d0f3ee5","47daf1e2-49a7-4733-bda8-1503d592742f","cb1a579d-c56d-40e0-b768-2d2229dc4a47","f24e7e05-582d-47da-aa31-e435fb66bfa2","2026-08-15T10:16:00.000Z","2026-08-15T10:16:00.000Z"
"2","The ride was delayed and communication was difficult.","be57dbf9-3d9b-41f3-8d59-50f3814a394f","1e39df68-34c9-4d9c-bcf7-0a13e977d751","856c5003-10e0-491c-b001-245c65a8fb4b","fe0b23a7-80b0-4776-aec0-0e53d369acc1","2026-08-20T08:13:00.000Z","2026-08-20T08:13:00.000Z"
"5","Smooth ride and reached campus on time.","088b6ac6-a3c9-455c-931b-d6e3b36732b0","793bea38-1f4c-456f-9990-b9f065e182bc","29bb8b65-a83a-4f6b-b7c4-0a86fd9b82a1","8db40dff-f7cd-4508-9c85-9ffd35177784","2026-08-27T09:28:00.000Z","2026-08-27T09:28:00.000Z"
"2","The ride was delayed and communication was difficult.","7b920edd-adf5-4f54-baf0-4f6b19f3560c","87201639-8ebc-4525-aa9b-ce9afa61685b","984e14a4-a27e-416c-9397-0cf2fb53101f","5b1a8339-482f-4cfd-adca-c91175dce9e8","2026-09-10T11:15:00.000Z","2026-09-10T11:15:00.000Z"
"5","Smooth ride and reached campus on time.","d8678ecb-2931-46bf-857d-4e8195e420ea","c727bebc-b6c3-4381-a2a9-ca3880b69d66","15ef891e-746f-4219-8638-297ada541a3a","fe668d59-83f5-4167-b303-948c22591f60","2026-09-14T11:25:00.000Z","2026-09-14T11:25:00.000Z"
"3","The ride was acceptable but could be more punctual.","5881eea0-bbf8-480e-92b0-e0258a81ba0b","9bc4bf71-8a47-4617-a4fa-55226b71e106","2cb66b98-63d0-4a21-a9ed-c884d238b71c","71828ca0-ebd4-4211-ba24-a16f7159e15d","2026-09-17T07:36:00.000Z","2026-09-17T07:36:00.000Z"
"5","Smooth ride and reached campus on time.","2e20544a-8fa9-488c-9e74-bb72f46b2598","03049748-8647-4ae0-b12d-9b08d872fc52","fe0b23a7-80b0-4776-aec0-0e53d369acc1","97e2c868-d328-4e04-a87f-cdd9bf32f321","2026-10-02T09:28:00.000Z","2026-10-02T09:28:00.000Z"
"3","The ride was acceptable but could be more punctual.","a46cf789-dafe-43c9-bb82-4f5532f4aae3","c7b9d6b7-de3c-4bbc-b030-53c51ec496b1","5468079d-9fdf-4eb9-9b29-ed8a7c650d7c","b049f74f-7dd1-454b-91ad-b27eeaeed095","2026-08-29T09:14:00.000Z","2026-08-29T09:14:00.000Z"
"3","The ride was acceptable but could be more punctual.","477d8210-b5d9-4a0b-82a8-683f98c28c2c","2419322b-9919-468e-a5ed-4889ec3bba1f","d731dccd-0e69-472d-8310-13e8f5708fe5","0234ea7e-b8a5-4a4f-8b12-eb48fefff06e","2026-09-10T08:42:00.000Z","2026-09-10T08:42:00.000Z"
"3","The ride was acceptable but could be more punctual.","9da2cceb-0cd5-42f4-bb24-5a0062d5c14c","6880deab-b831-4a52-b582-07c686838a69","dabcd5c1-0261-4275-a50f-86ba21a7fb38","ffe56b11-38f8-4fa2-936c-d19021b522b8","2026-09-28T06:08:00.000Z","2026-09-28T06:08:00.000Z"
"3","The ride was acceptable but could be more punctual.","4839a1a0-dedd-4886-9a64-5d0933a42212","e3951f74-d33d-4f94-9091-edb8749b277e","5d37ae3a-9fca-401b-81cc-2761fb12b96e","02927b89-ffa8-40e0-963e-2651a35e576d","2026-09-28T09:37:00.000Z","2026-09-28T09:37:00.000Z"
"4","Friendly driver and a mostly smooth ride.","b04b32a2-33ab-455d-9a9d-35827f222b2f","a0848fe1-7530-48c1-bb1f-27797dc0407a","9c7182f6-1906-4c8c-b228-eca6a245931d","dbb7296e-eb2b-4e18-9aed-9b61128e1b95","2026-10-07T06:11:00.000Z","2026-10-07T06:11:00.000Z"
"2","The ride was delayed and communication was difficult.","3e0aaefb-5c8c-4446-a227-810d6b3e975d","4663534b-ba27-41ea-83d3-554aff15c460","6767d864-c164-421c-8b90-0f29abc5af41","40ae73ca-67b2-4b5e-97c1-474a92b2d8d3","2026-10-13T08:41:00.000Z","2026-10-13T08:41:00.000Z"
"4","Friendly driver and a mostly smooth ride.","bff70692-2690-4b29-be84-ee6cbc8bf8db","79590f44-0967-42fd-b0b2-a39251b5dc46","b8ece9b4-d515-405a-952d-1ccdc242c410","c3c94b51-2803-4c25-9e1e-bbe1eb6386cc","2026-10-14T07:49:00.000Z","2026-10-14T07:49:00.000Z"
"5","Smooth ride and reached campus on time.","a07b7d12-0887-4824-8b80-55f5f39a0f0f","e268d994-28cc-4698-8d36-13bfcfd92c0b","ed6b366d-9f31-4216-84e6-747030d98fda","6aa130d0-4c4b-48c2-bc80-80079a81385f","2026-10-16T10:53:00.000Z","2026-10-16T10:53:00.000Z"
"2","The ride was delayed and communication was difficult.","f2b56d1d-ca6a-41fa-a343-0055651d53c1","3a7e4fd8-1932-460e-ab7a-d3cede393e3a","b049f74f-7dd1-454b-91ad-b27eeaeed095","9c9999da-6c7c-4b0f-ba28-7f852899325d","2026-10-17T05:20:00.000Z","2026-10-17T05:20:00.000Z"
"2","The ride was delayed and communication was difficult.","f999a4c8-6922-477f-94e7-2a6677404195","5c1b3efb-7c50-49a5-b5d1-3d644f237d61","9c9999da-6c7c-4b0f-ba28-7f852899325d","856fb0bc-3ae4-454f-9f56-312a33995404","2026-10-26T11:21:00.000Z","2026-10-26T11:21:00.000Z"
"5","Smooth ride and reached campus on time.","b6db3e8d-5ebe-406b-8e25-295aa63cdb71","2a624fa6-6ead-486a-8633-35da388c9345","f2ff9e67-5a69-4146-a543-f1fed27fb87a","105772de-3e2e-4525-873d-28205793d14f","2026-11-04T04:54:00.000Z","2026-11-04T04:54:00.000Z"
"1","The driver did not arrive at the pickup hub.","bfa5e64e-bdf3-4ec6-b226-8f9fed723ca4","c2903257-5007-4e17-ae40-b7c8060b32a1","76b965ae-22a7-4a52-a8af-e41b3fbabb12","e4b9e33a-9380-46ad-8b5f-37aca78f2d78","2026-08-20T04:23:00.000Z","2026-08-20T04:23:00.000Z"
"1","The driver did not arrive at the pickup hub.","a9183eb5-30b3-45af-bb48-6bfa0f8ecf7c","9c4be972-a9b9-40d6-aa1d-6f5408282dac","cdec7465-1f6a-4948-bdff-48b43a5e174c","ae43995b-0b10-49a4-a37e-36a29c7b89fa","2026-08-24T06:37:00.000Z","2026-08-24T06:37:00.000Z"
"5","Smooth ride and reached campus on time.","65437304-a5ed-4476-863f-1d7e96c3aa9b","8fc39df0-6017-41f5-afb5-7a113699cf79","3934e51d-f7fc-439d-a64b-1e11c068f9b5","916eed74-db65-4e11-bce1-ffc16e674a10","2026-09-01T04:21:00.000Z","2026-09-01T04:21:00.000Z"
"1","The driver did not arrive at the pickup hub.","b96b5d55-5555-4337-b40c-b899222ae3c8","80ec623e-6857-448c-b901-d80a0141ee25","4bb40fa4-b428-432e-aca2-1a954ebd5186","26f04940-3483-4462-a324-84a3c523c941","2026-09-24T06:25:00.000Z","2026-09-24T06:25:00.000Z"
"2","The ride was delayed and communication was difficult.","4c77f7cf-12a9-4a13-8d08-648528e44488","d31bc2e3-d543-430f-8694-03deef0d03a0","e0bd240d-0573-4a8a-830a-c46264dbd855","1d69f9fe-09f6-4a0a-8dc1-753c6b3015e6","2026-09-25T05:23:00.000Z","2026-09-25T05:23:00.000Z"
"3","The ride was acceptable but could be more punctual.","e4afb235-eea2-47ae-bb6f-df446a704ed5","b060f8ea-8adb-4269-aac4-410824a6548d","afabde80-8412-4536-8a7d-443441b6329d","481621b5-ffcf-4751-b9e2-151c0182f97a","2026-09-28T07:28:00.000Z","2026-09-28T07:28:00.000Z"
"3","The ride was acceptable but could be more punctual.","5962f46b-8325-4ffd-ba4d-3574eaa3f857","5ca7ba09-c9d8-4156-94a2-4924d514c253","dbb7296e-eb2b-4e18-9aed-9b61128e1b95","f2ff9e67-5a69-4146-a543-f1fed27fb87a","2026-10-05T08:34:00.000Z","2026-10-05T08:34:00.000Z"
"1","The driver did not arrive at the pickup hub.","8c938917-5db8-47d7-b9dc-ace47854b26c","8dca88da-214d-418a-9950-3820c5a0025c","364c0441-918b-402a-a77c-fc9446ad8d71","6b38852c-3199-4130-9bef-739d2cbf98cd","2026-10-17T04:20:00.000Z","2026-10-17T04:20:00.000Z"
"4","Friendly driver and a mostly smooth ride.","c6bfc634-ea47-4d94-b748-c33e73e17f1e","a89e487d-58b0-4fad-9d7c-706e74dd8e1b","d79a63da-78e9-4b42-a5b3-c04b428ae1c7","65caf2f5-0b5e-452f-a096-f7f73ba694f9","2026-10-24T06:06:00.000Z","2026-10-24T06:06:00.000Z"
"3","The ride was acceptable but could be more punctual.","45e13947-c840-41cc-a7f3-f2e0b57ad372","68f26ce5-b4bb-472d-b600-5ea3e62e9c2f","2a786db0-f79e-4a08-a45d-7143a56be137","a53ad219-be12-4a6b-9852-64dfe8aa6236","2026-10-26T05:51:00.000Z","2026-10-26T05:51:00.000Z"
"1","The driver did not arrive at the pickup hub.","1b0b89de-2027-4b36-aad8-e5421cc0fd15","4fa31dbb-5e33-4dd3-a43e-79f543fe1378","1712b652-bce4-4309-8027-92304c9fed8f","61caa1f5-7dee-45a4-964a-8e5ed8b6a158","2026-08-10T05:09:00.000Z","2026-08-10T05:09:00.000Z"
"5","Smooth ride and reached campus on time.","02543a5a-6f8a-417a-a082-6e3473da0533","974ff15c-c038-4dc5-987b-3071cb4137f1","22829531-9959-4ca6-a928-9f36eb4703e1","dd95ce1d-b76e-4f1f-9a03-108aea02d0d2","2026-08-11T12:35:00.000Z","2026-08-11T12:35:00.000Z"
"3","The ride was acceptable but could be more punctual.","0b406614-ea73-404a-af21-9fd11c0dc0c9","880eece1-35c6-47cc-9b13-df7a4dafa75b","b69aeeb6-95cd-4c93-b1fd-e8588a274731","fbd59ae5-86aa-4b7c-b82b-b7c0b9d357a3","2026-08-24T03:15:00.000Z","2026-08-24T03:15:00.000Z"
"5","Smooth ride and reached campus on time.","d362c09d-bd84-4537-abec-df7a963483f0","3beb3b27-79ed-44b0-9627-62428b551e82","ea3fd43b-e1e5-4d62-a163-dae19fc740bd","be4ef771-c8b1-4464-b4f7-41e3ea277c87","2026-09-10T11:35:00.000Z","2026-09-10T11:35:00.000Z"
"1","The driver did not arrive at the pickup hub.","e1c5ad8b-51d3-4fd0-8272-1f182907ce91","35101783-fa01-4108-9a78-87e5da2fce52","5def974b-b8b4-4ef7-8825-5a50ee6710cd","2c463203-2185-4bb6-ac9c-dbf4b358d3f9","2026-09-11T04:11:00.000Z","2026-09-11T04:11:00.000Z"
"2","The ride was delayed and communication was difficult.","8afa36ec-abe6-4cac-b3a8-a6f87c21b0e7","a1113ccb-74a8-4188-b35a-bec65d08d99e","a7ff8669-7d2a-4462-beb0-0d9e874f1dc8","e0a60ad9-cc73-4c06-a3f4-008b5f55a00b","2026-09-12T08:29:00.000Z","2026-09-12T08:29:00.000Z"
"3","The ride was acceptable but could be more punctual.","a035bd7b-cbd5-4290-8298-8eefcfefe786","c381757c-59d6-4043-86ec-c0f5fd5e3529","ccfa0157-3dc7-4140-84a7-8283ed55f1e4","ef881127-bf53-4e44-ac88-4d08e32ca7a0","2026-09-23T04:36:00.000Z","2026-09-23T04:36:00.000Z"
"1","The driver did not arrive at the pickup hub.","6c5ef22a-4caa-42e5-99ce-61c85c754ef2","e2d96fa2-a305-4a6f-a9ec-0280397eb8d9","d96dc164-dffd-4bcb-bc7b-ca59b2d88379","e448284e-7dcf-4d42-b0eb-1d902bcd1366","2026-10-09T04:11:00.000Z","2026-10-09T04:11:00.000Z"
"2","The ride was delayed and communication was difficult.","15232ae3-c2b0-46fa-be84-c17a6bb034db","ab694b13-6aa0-4aa4-98f1-38188790098d","e36d6950-fda1-4e0a-b9a4-3109c1ef3afd","10da92ee-210d-4710-88f2-423a285dd142","2026-10-16T07:38:00.000Z","2026-10-16T07:38:00.000Z"
"3","The ride was acceptable but could be more punctual.","6d4af4a8-f6ca-4ce8-aff1-3ad1dcae2a13","94270a5f-8991-4d87-b1df-21a194650720","17be73c9-0769-4965-981b-a5457dd33ba5","47fb716c-faad-411e-a3e5-d13e542643c1","2026-10-19T03:28:00.000Z","2026-10-19T03:28:00.000Z"
"2","The ride was delayed and communication was difficult.","939959e5-17a2-4f9e-ba7e-766a5b38af00","66787283-0589-4690-a5eb-98871bb937b5","2bba79b1-7549-484e-89e1-bf3b93c66b88","420b1194-1446-4c01-a90b-9ad6313738f8","2026-10-23T08:10:00.000Z","2026-10-23T08:10:00.000Z"
"3","The ride was acceptable but could be more punctual.","a4a8c4c4-a4c9-416f-aa69-93f563a70caf","11f5f859-d820-4866-a902-fe4d64cc5049","17982a72-f4c8-4037-9da7-01d2b81b4f51","b4c86de6-995d-4335-a3bb-265de522aecf","2026-10-26T10:36:00.000Z","2026-10-26T10:36:00.000Z"
