"id","driverId","corridorId","originHubId","destinationHubId","originName","originLat","originLng","destName","destLat","destLng","departureTime","totalSeats","availableSeats","vehicleType","helmetProvided","contribution","notes","status","classDate","scheduleId","collegeStartTime","collegeEndTime","ridePurpose","originSequence","destinationSequence"
"2160327c-0a56-458c-8e3a-b0a653bb488a","29ba1c6f-943a-462e-a307-a6c327c39a57","swargate-vit","11cd5543-db39-4321-9f12-008b367d2ce1","6c30c56b-74ce-4c24-a819-98b9ab6387f5","Upper Indira Nagar Bus Depot","18.4682","73.8623","VIT College","18.4635","73.8682","2026-08-08T05:03:00.000Z","1","0","bike","true","18","Morning campus commute","COMPLETED","2026-08-08","75f36949-c6d9-4238-bd87-a037820708b8","11:03","14:24","travel_to_college","10","12"
"a3e970e9-75ee-4f20-9165-255a51a84ca8","abc3a47b-8ad1-4b85-9c68-7d9ca2c6091e","katraj-vit","6c30c56b-74ce-4c24-a819-98b9ab6387f5","eb0d92a7-38aa-446a-9f38-091814ea3abd","VIT College","18.4635","73.8682","Chintamani Nagar","18.4651","73.864","2026-08-10T08:49:00.000Z","2","0","car","false","72","","COMPLETED","2026-08-10","fb1cbdea-4970-487b-970a-6c7efa94ac2f","10:33","14:04","return_from_college","13","12"
"2c93da10-5ccc-4b4f-b9be-663dbc43be74","0195616c-ec89-4a4d-8990-b9d0d41435fa","swargate-vit","11cd5543-db39-4321-9f12-008b367d2ce1","6c30c56b-74ce-4c24-a819-98b9ab6387f5","Upper Indira Nagar Bus Depot","18.4682","73.8623","VIT College","18.4635","73.8682","2026-08-10T03:40:00.000Z","2","1","car","false","20","","COMPLETED","2026-08-10","580bea75-0432-4622-bd4c-a866a4067c67","09:40","13:37","travel_to_college","10","12"
"12b7724e-5d38-4e12-a9c5-92b757d48e24","4bb40fa4-b428-432e-aca2-1a954ebd5186","katraj-vit","6c30c56b-74ce-4c24-a819-98b9ab6387f5","a80964b4-72f5-43de-ad1a-bdcb9fca796e","VIT College","18.4635","73.8682","Lower Indira Nagar Stop","18.4718","73.8618","2026-08-11T07:44:00.000Z","1","0","bike","true","25","","COMPLETED","2026-08-11","f57f8e9f-13f8-486f-9eae-e2358f46ebbf","09:15","12:59","return_from_college","13","9"
"c94642e2-10f3-48f6-badb-f7cb639224cd","96f0bff7-4a51-45fe-924a-7fd40bd96af0","swargate-vit","11cd5543-db39-4321-9f12-008b367d2ce1","6c30c56b-74ce-4c24-a819-98b9ab6387f5","Upper Indira Nagar Bus Depot","18.4682","73.8623","VIT College","18.4635","73.8682","2026-08-12T03:48:00.000Z","1","0","bike","false","28","","SCHEDULED","2026-08-12","c4e60a8e-5d44-4f59-8833-fb04e7d5550e","09:48","12:59","travel_to_college","10","12"
"bb34fe76-14af-4ae5-9f5c-603285cfbd25","856c5003-10e0-491c-b001-245c65a8fb4b","katraj-vit","6c30c56b-74ce-4c24-a819-98b9ab6387f5","86597dc2-00ef-475a-8a9a-daf0323897ca","VIT College","18.4635","73.8682","Katraj Terminal","18.4471","73.8562","2026-08-13T11:26:00.000Z","1","1","scooty","true","24","Please arrive five minutes early","COMPLETED","2026-08-13","0c76b768-c268-4622-8be7-8cedae095264","13:03","16:41","return_from_college","13","1"
"ac13c8ae-3f73-4440-bc4f-791d0d7630f4","dbffce9e-93ca-460b-a2e6-fec327ae8a6e","swargate-vit","570167fe-7324-46a2-9cf4-fbea6048e8be","6c30c56b-74ce-4c24-a819-98b9ab6387f5","City Pride BRTS","18.4845","73.8583","VIT College","18.4635","73.8682","2026-08-14T03:43:00.000Z","1","0","scooty","false","20","","COMPLETED","2026-08-14","9c5ebbe6-b7d2-4488-a120-3f9b526fb9ba","09:43","13:09","travel_to_college","5","12"
"2b9eb664-e252-4eb4-aaf1-0330d9b229fb","20bdc7ae-7082-421e-b675-6c4002d0295b","katraj-vit","6c30c56b-74ce-4c24-a819-98b9ab6387f5","876d2e4d-fad4-4ee2-916c-e5ad147030cf","VIT College","18.4635","73.8682","Katraj Dairy BRTS","18.4508","73.8569","2026-08-17T07:29:00.000Z","1","1","bike","true","11","Please arrive five minutes early","COMPLETED","2026-08-17","6bcb26f8-6860-4f1c-b21b-12018362dec3","09:14","12:44","return_from_college","13","2"
"6373477b-6351-4807-9c1f-290fbf1561ef","a4e13249-216e-49cd-8abf-6f5bd9c3fe4c","swargate-vit","0095597e-ebd1-4f83-a6c0-a8e94be6a92b","6c30c56b-74ce-4c24-a819-98b9ab6387f5","Laxmi Narayan Theatre","18.4965","73.8584","VIT College","18.4635","73.8682","2026-08-17T06:06:00.000Z","3","2","car","false","80","Pickup near the hub","COMPLETED","2026-08-17","cd64b72a-e134-456e-bce1-e2abac4a9575","12:06","15:08","travel_to_college","3","12"
"e4faf1af-7b41-4c8f-bb4e-2647ba612763","1137a11d-2e66-45ed-b840-8d12e6722bfa","katraj-vit","6c30c56b-74ce-4c24-a819-98b9ab6387f5","1bc21bdf-5bcc-4dd4-8140-eac24ae23b69","VIT College","18.4635","73.8682","Kashinath Patil Nagar Stop","18.4745","73.8631","2026-08-17T11:33:00.000Z","1","1","scooty","true","0","Please arrive five minutes early","CANCELLED","2026-08-17","458d1be9-10f5-4253-95f0-6402c8eb4ef5","12:56","16:48","return_from_college","13","10"
"5cef133f-2e32-48e4-a7eb-2811979c2847","d3b6bef4-14dc-43ee-b1ea-5df640bff3ea","swargate-vit","a80964b4-72f5-43de-ad1a-bdcb9fca796e","6c30c56b-74ce-4c24-a819-98b9ab6387f5","Lower Indira Nagar Stop","18.4718","73.8618","VIT College","18.4635","73.8682","2026-08-19T02:18:00.000Z","1","1","bike","true","21","Please arrive five minutes early","COMPLETED","2026-08-19","cb06865f-fb5b-4f7c-bdb0-79ccba1baa87","08:18","11:37","travel_to_college","8","12"
"76179ba1-30e0-477b-ae29-d600f715e9ee","a78892d9-93b0-4a78-9a2f-2fad3db5becb","katraj-vit","6c30c56b-74ce-4c24-a819-98b9ab6387f5","3221d156-13e7-4834-84ce-848f49b87be2","VIT College","18.4635","73.8682","Bibwewadi Bus Stop","18.4792","73.8615","2026-08-19T08:57:00.000Z","1","0","scooty","true","20","Pickup near the hub","COMPLETED","2026-08-19","ad2f95be-f361-46a9-bfca-0e519024556c","10:38","14:12","return_from_college","13","8"
"7ecc5433-f388-49c8-89a7-e6af39dbbed2","613365a0-56e0-41a2-a7c9-48b35ec746a1","swargate-vit","eb0d92a7-38aa-446a-9f38-091814ea3abd","6c30c56b-74ce-4c24-a819-98b9ab6387f5","Chintamani Nagar","18.4651","73.864","VIT College","18.4635","73.8682","2026-08-21T02:13:00.000Z","1","1","scooty","true","17","Pickup near the hub","SCHEDULED","2026-08-21","eca61ce9-b86b-457d-9bd0-b0ad1a74a6bd","08:13","11:59","travel_to_college","11","12"
"8c70b215-94c9-4465-96d0-72dafdb7fecb","6767d864-c164-421c-8b90-0f29abc5af41","katraj-vit","6c30c56b-74ce-4c24-a819-98b9ab6387f5","1bc21bdf-5bcc-4dd4-8140-eac24ae23b69","VIT College","18.4635","73.8682","Kashinath Patil Nagar Stop","18.4745","73.8631","2026-08-21T08:08:00.000Z","1","0","scooty","true","28","Please arrive five minutes early","CANCELLED","2026-08-21","4fcf16f3-4746-4821-81fd-7e5942fdde5e","10:08","13:23","return_from_college","13","10"
"26196210-9e3e-4195-bc14-5659986c1e39","62390621-3521-47ba-869a-f822874bb453","swargate-vit","3221d156-13e7-4834-84ce-848f49b87be2","6c30c56b-74ce-4c24-a819-98b9ab6387f5","Bibwewadi Bus Stop","18.4792","73.8615","VIT College","18.4635","73.8682","2026-08-22T03:26:00.000Z","1","0","bike","true","14","Pickup near the hub","COMPLETED","2026-08-22","3265dc11-00c0-44f6-94e0-11e4c941a1e9","09:26","12:54","travel_to_college","7","12"
"7b014dba-0df2-4338-9833-b2ad08eea006","9449171f-669b-4ae3-8a11-85c2698005b4","katraj-vit","6c30c56b-74ce-4c24-a819-98b9ab6387f5","876d2e4d-fad4-4ee2-916c-e5ad147030cf","VIT College","18.4635","73.8682","Katraj Dairy BRTS","18.4508","73.8569","2026-08-25T06:36:00.000Z","1","0","bike","true","25","Pickup near the hub","SCHEDULED","2026-08-25","af6b73ed-6b76-41cf-a408-892b59c05ae8","08:14","11:51","return_from_college","13","2"
"e740fbe6-08b2-48ab-9ea5-fdea46ba33a2","8005e16b-eaf8-45be-b4d8-a5fcd5431201","swargate-vit","a80964b4-72f5-43de-ad1a-bdcb9fca796e","6c30c56b-74ce-4c24-a819-98b9ab6387f5","Lower Indira Nagar Stop","18.4718","73.8618","VIT College","18.4635","73.8682","2026-08-24T04:06:00.000Z","1","0","bike","false","16","Please arrive five minutes early","COMPLETED","2026-08-24","167b58d4-4959-4016-8b6a-d4376b79e5c5","10:06","13:55","travel_to_college","8","12"
"5f011875-d174-456e-8e7f-72ee59c5e164","e0bd240d-0573-4a8a-830a-c46264dbd855","katraj-vit","6c30c56b-74ce-4c24-a819-98b9ab6387f5","86597dc2-00ef-475a-8a9a-daf0323897ca","VIT College","18.4635","73.8682","Katraj Terminal","18.4471","73.8562","2026-08-25T06:41:00.000Z","1","0","scooty","false","17","Morning campus commute","CANCELLED","2026-08-25","b482fc51-e84d-4abb-b5e0-75c917055cfd","08:37","11:56","return_from_college","13","1"
"6464cd59-ff68-4a0e-9445-5c85c2202968","f256e949-f4e4-4ba3-8ea9-d6a3d0ba8526","swargate-vit","1bc21bdf-5bcc-4dd4-8140-eac24ae23b69","6c30c56b-74ce-4c24-a819-98b9ab6387f5","Kashinath Patil Nagar Stop","18.4745","73.8631","VIT College","18.4635","73.8682","2026-08-27T06:24:00.000Z","1","1","bike","true","1","","COMPLETED","2026-08-27","fda887c9-427c-4800-9387-4ce716823c4f","12:24","15:38","travel_to_college","9","12"
"edc119e1-9174-402e-b23c-6da190e38c4c","ce3592dc-d951-4134-a2cd-52dbc233a3f4","katraj-vit","6c30c56b-74ce-4c24-a819-98b9ab6387f5","86597dc2-00ef-475a-8a9a-daf0323897ca","VIT College","18.4635","73.8682","Katraj Terminal","18.4471","73.8562","2026-08-27T08:43:00.000Z","1","0","scooty","true","12","","SCHEDULED","2026-08-27","1b5b61c6-b3b5-42fd-9733-46ec0b5a5606","10:52","13:58","return_from_college","13","1"
"409dc43c-6d61-425a-9ad3-6cf9f3497009","b8ece9b4-d515-405a-952d-1ccdc242c410","swargate-vit","570167fe-7324-46a2-9cf4-fbea6048e8be","6c30c56b-74ce-4c24-a819-98b9ab6387f5","City Pride BRTS","18.4845","73.8583","VIT College","18.4635","73.8682","2026-08-28T06:14:00.000Z","1","0","bike","true","18","Morning campus commute","COMPLETED","2026-08-28","c781dd50-98cc-4ff4-ac09-f824bf8f2a0d","12:14","16:05","travel_to_college","5","12"
"358dcfdc-19d7-46c5-9792-db4cafb39e25","08eb06b4-7805-4b0c-998b-d919358e8b0f","katraj-vit","6c30c56b-74ce-4c24-a819-98b9ab6387f5","11cd5543-db39-4321-9f12-008b367d2ce1","VIT College","18.4635","73.8682","Upper Indira Nagar Bus Depot","18.4682","73.8623","2026-08-29T10:27:00.000Z","1","0","scooty","true","3","","COMPLETED","2026-08-29","ceb6dbaf-45b9-4c8c-90ee-06edf9473be3","12:01","15:42","return_from_college","13","11"
"a9f57098-6b56-47c2-a905-943792856563","7b50af0a-e87a-4600-b547-06ff9da50ada","swargate-vit","eb0d92a7-38aa-446a-9f38-091814ea3abd","6c30c56b-74ce-4c24-a819-98b9ab6387f5","Chintamani Nagar","18.4651","73.864","VIT College","18.4635","73.8682","2026-08-31T06:00:00.000Z","1","0","bike","true","24","Please arrive five minutes early","COMPLETED","2026-08-31","229d6466-cce4-40aa-a965-82da0c5d8eb3","12:00","15:18","travel_to_college","11","12"
"9acaa625-8ac9-4eb2-b657-e5fefadadb13","0b95ee62-3f26-4837-bdb3-8120bae0deda","katraj-vit","6c30c56b-74ce-4c24-a819-98b9ab6387f5","1bc21bdf-5bcc-4dd4-8140-eac24ae23b69","VIT College","18.4635","73.8682","Kashinath Patil Nagar Stop","18.4745","73.8631","2026-08-31T11:13:00.000Z","1","0","bike","true","19","","CANCELLED","2026-08-31","4bad0c9c-44a9-41aa-ae7d-2f951776f271","12:56","16:28","return_from_college","13","10"
"bb68714e-cc99-4298-a0ab-f0964a1a3277","8100f2b8-79e0-4059-be98-ced465000a2e","swargate-vit","a80964b4-72f5-43de-ad1a-bdcb9fca796e","6c30c56b-74ce-4c24-a819-98b9ab6387f5","Lower Indira Nagar Stop","18.4718","73.8618","VIT College","18.4635","73.8682","2026-09-01T05:03:00.000Z","1","0","bike","true","2","Please arrive five minutes early","COMPLETED","2026-09-01","7f72ccc7-2557-4d76-87f0-0d8c7065bae7","11:03","14:43","travel_to_college","8","12"
"07f12c9d-b137-490c-bc05-6847b466144c","a85fce63-b4a4-4d71-9d87-2fb5e4653681","katraj-vit","6c30c56b-74ce-4c24-a819-98b9ab6387f5","af5c22fe-11db-4392-b90e-85f946c0a37b","VIT College","18.4635","73.8682","KK Market BRTS","18.4683","73.8579","2026-09-02T10:59:00.000Z","1","0","scooty","true","10","Pickup near the hub","SCHEDULED","2026-09-02","bf1da3a0-998a-4c6c-a462-29aa5ff15239","13:14","16:14","return_from_college","13","5"
"b054dae5-6749-4f45-bd70-90a5261bb3cb","a6724b4c-1f36-4019-9072-772bbdeeca30","swargate-vit","19cfadd2-1ff7-4a2f-b5e3-eeb73f44cc28","6c30c56b-74ce-4c24-a819-98b9ab6387f5","Swargate PMPML Main Bus Stand","18.4991","73.8583","VIT College","18.4635","73.8682","2026-09-03T06:21:00.000Z","4","3","car","false","75","Morning campus commute","COMPLETED","2026-09-03","923f9c3d-ef6f-4524-a73f-a23103e1bd42","12:21","15:52","travel_to_college","1","12"
"f519bf84-2469-4645-94a5-4b64c74736be","e443e68b-7cb4-4260-8ec6-64c485de79d5","katraj-vit","6c30c56b-74ce-4c24-a819-98b9ab6387f5","ebb92112-ef31-4ebe-a259-4e999c52f0fd","VIT College","18.4635","73.8682","Bharati Vidyapeeth","18.456","73.8574","2026-09-04T06:46:00.000Z","2","0","car","false","48","","COMPLETED","2026-09-04","8767c421-cdca-496f-9a05-a2cc36fdf018","08:43","12:01","return_from_college","13","3"
"ca529453-1096-4d6d-b73c-844960b24c84","697c28b3-7690-4ffd-bfa8-c30e27f63214","swargate-vit","596f6d76-b8c5-4cf2-9058-1a1a334d424d","6c30c56b-74ce-4c24-a819-98b9ab6387f5","Panchami BRTS","18.4902","73.8586","VIT College","18.4635","73.8682","2026-09-07T07:45:00.000Z","1","0","bike","true","8","Morning campus commute","COMPLETED","2026-09-07","579eed97-e951-4567-bf56-b83d5f2cc5d3","13:45","17:35","travel_to_college","4","12"
"2c44cc2e-2b1a-407b-b6f4-6d379c613876","49e5dc79-ab6d-4188-9d10-62c1b84c7f5c","katraj-vit","6c30c56b-74ce-4c24-a819-98b9ab6387f5","af5c22fe-11db-4392-b90e-85f946c0a37b","VIT College","18.4635","73.8682","KK Market BRTS","18.4683","73.8579","2026-09-07T09:05:00.000Z","1","0","bike","true","27","","COMPLETED","2026-09-07","e652cbe3-d178-4c3f-8440-88e393ef73b6","10:47","14:20","return_from_college","13","5"
"9bd7e7cc-c3b8-44a4-bb94-071ae012af07","c2483f77-a251-4434-8d94-6a2c53e2d38e","swargate-vit","eb0d92a7-38aa-446a-9f38-091814ea3abd","6c30c56b-74ce-4c24-a819-98b9ab6387f5","Chintamani Nagar","18.4651","73.864","VIT College","18.4635","73.8682","2026-09-07T06:36:00.000Z","1","0","scooty","true","25","Pickup near the hub","CANCELLED","2026-09-07","66605e02-fb9e-4e84-9173-2c93566a26af","12:36","16:19","travel_to_college","11","12"
"6cbc24c9-997a-4575-8f50-74a63c8817db","b2f0c20b-d66e-41c9-b60f-6562ae71b956","katraj-vit","6c30c56b-74ce-4c24-a819-98b9ab6387f5","86e290a5-7e39-4f7a-805e-a6154d820f01","VIT College","18.4635","73.8682","Market Yard Corner","18.4792","73.8581","2026-09-08T06:40:00.000Z","1","0","bike","true","13","","COMPLETED","2026-09-08","d3c2a4e1-3b6b-4e81-a79a-001300f7fae8","08:07","11:55","return_from_college","13","7"
"d4d9d3bf-e1ec-4b6c-8fd1-77e5c98c2dfc","fc8036f4-d3bf-49ee-baff-431b84d612ea","swargate-vit","596f6d76-b8c5-4cf2-9058-1a1a334d424d","6c30c56b-74ce-4c24-a819-98b9ab6387f5","Panchami BRTS","18.4902","73.8586","VIT College","18.4635","73.8682","2026-09-09T04:57:00.000Z","1","0","bike","true","24","Please arrive five minutes early","CANCELLED","2026-09-09","2bd6cd74-5750-467e-a6d6-f1b496e472cf","10:57","14:29","travel_to_college","4","12"
"78c3715a-e0d6-4e72-8e78-0812a9f0dc30","2d02ada0-aefc-4d76-9f2f-c57bee3201ac","katraj-vit","6c30c56b-74ce-4c24-a819-98b9ab6387f5","86597dc2-00ef-475a-8a9a-daf0323897ca","VIT College","18.4635","73.8682","Katraj Terminal","18.4471","73.8562","2026-09-10T10:03:00.000Z","1","0","bike","true","4","Please arrive five minutes early","COMPLETED","2026-09-10","ceec0c79-37d0-4615-acb7-aa84e2f04c3c","12:07","15:18","return_from_college","13","1"
"080c0231-8db6-4bf8-af7e-18f1897059cb","ed6b366d-9f31-4216-84e6-747030d98fda","swargate-vit","596f6d76-b8c5-4cf2-9058-1a1a334d424d","6c30c56b-74ce-4c24-a819-98b9ab6387f5","Panchami BRTS","18.4902","73.8586","VIT College","18.4635","73.8682","2026-09-11T04:52:00.000Z","1","1","scooty","false","11","","SCHEDULED","2026-09-11","87743512-e2c6-441d-89a1-c33224965521","10:52","14:26","travel_to_college","4","12"
"545281f3-0f0e-4257-b59e-65b48e3321bc","1f726f94-16aa-417d-8d05-1b3dd96d0827","katraj-vit","6c30c56b-74ce-4c24-a819-98b9ab6387f5","86e290a5-7e39-4f7a-805e-a6154d820f01","VIT College","18.4635","73.8682","Market Yard Corner","18.4792","73.8581","2026-09-12T07:33:00.000Z","1","1","scooty","true","9","Pickup near the hub","COMPLETED","2026-09-12","bb370988-29c3-4ce2-b060-3431e99ebd01","08:56","12:48","return_from_college","13","7"
"e014b291-f580-4258-b975-b7b590db113d","b9d9e60d-de32-4732-8eb8-480e0e81bcbf","swargate-vit","1bc21bdf-5bcc-4dd4-8140-eac24ae23b69","6c30c56b-74ce-4c24-a819-98b9ab6387f5","Kashinath Patil Nagar Stop","18.4745","73.8631","VIT College","18.4635","73.8682","2026-09-14T07:03:00.000Z","4","4","car","false","48","Morning campus commute","CANCELLED","2026-09-14","173a9831-ce88-40fe-9e83-d18f7dbcb582","13:03","16:35","travel_to_college","9","12"
"0989abd2-b57c-4ede-a394-bb7842c14348","442efbff-6f39-436d-bf7a-2cbb6404a6ed","katraj-vit","6c30c56b-74ce-4c24-a819-98b9ab6387f5","eb0d92a7-38aa-446a-9f38-091814ea3abd","VIT College","18.4635","73.8682","Chintamani Nagar","18.4651","73.864","2026-09-14T10:35:00.000Z","1","0","bike","true","5","Pickup near the hub","COMPLETED","2026-09-14","5fdbc68e-c25c-49f8-a4d7-db22c3302258","12:35","15:50","return_from_college","13","12"
"80d22281-505f-4704-b42a-1fb05dcf59f6","afabde80-8412-4536-8a7d-443441b6329d","swargate-vit","19cfadd2-1ff7-4a2f-b5e3-eeb73f44cc28","6c30c56b-74ce-4c24-a819-98b9ab6387f5","Swargate PMPML Main Bus Stand","18.4991","73.8583","VIT College","18.4635","73.8682","2026-09-15T02:43:00.000Z","1","0","scooty","true","21","Pickup near the hub","COMPLETED","2026-09-15","b3b3717c-fe49-4f5f-863a-abfedefe06ff","08:43","12:35","travel_to_college","1","12"
"95daa436-49ea-4a26-ae45-05b68c07a3c6","6c3f7adf-4f2a-4914-ba78-8b1548f14a1a","katraj-vit","6c30c56b-74ce-4c24-a819-98b9ab6387f5","ebb92112-ef31-4ebe-a259-4e999c52f0fd","VIT College","18.4635","73.8682","Bharati Vidyapeeth","18.456","73.8574","2026-09-16T07:59:00.000Z","1","0","bike","true","20","Pickup near the hub","CANCELLED","2026-09-16","1ab6841f-bbd3-42b3-993f-7179a7953338","09:32","13:14","return_from_college","13","3"
"64d9b517-5a5e-48f8-9ce7-d05be280f5a0","81dfda4a-3ec9-4eae-a7f1-0692e03bb1d0","swargate-vit","a80964b4-72f5-43de-ad1a-bdcb9fca796e","6c30c56b-74ce-4c24-a819-98b9ab6387f5","Lower Indira Nagar Stop","18.4718","73.8618","VIT College","18.4635","73.8682","2026-09-17T03:06:00.000Z","1","0","scooty","true","15","Please arrive five minutes early","COMPLETED","2026-09-17","cbea5804-64c9-4ce4-8854-71f553e03927","09:06","12:25","travel_to_college","8","12"
"392cb2f8-d9df-427a-8ec9-95de2ae3799e","b049f74f-7dd1-454b-91ad-b27eeaeed095","katraj-vit","6c30c56b-74ce-4c24-a819-98b9ab6387f5","86597dc2-00ef-475a-8a9a-daf0323897ca","VIT College","18.4635","73.8682","Katraj Terminal","18.4471","73.8562","2026-09-18T09:06:00.000Z","1","1","bike","true","14","","COMPLETED","2026-09-18","89d09381-c42b-46c2-bdfb-b815160a262b","10:24","14:21","return_from_college","13","1"
"8f639569-9d2b-4e19-9a44-45d0f3118bac","ea3fd43b-e1e5-4d62-a163-dae19fc740bd","swargate-vit","86e290a5-7e39-4f7a-805e-a6154d820f01","6c30c56b-74ce-4c24-a819-98b9ab6387f5","Market Yard Corner","18.4792","73.8581","VIT College","18.4635","73.8682","2026-09-19T03:16:00.000Z","1","0","bike","true","6","Please arrive five minutes early","COMPLETED","2026-09-19","eb89cc0c-db41-4d67-97f3-f06c558b7bdb","09:16","13:09","travel_to_college","6","12"
"505a1ac1-40b5-4652-8fbf-67b3a88f1740","15d12fa2-5285-4e19-a290-344ead002d9f","katraj-vit","6c30c56b-74ce-4c24-a819-98b9ab6387f5","af5c22fe-11db-4392-b90e-85f946c0a37b","VIT College","18.4635","73.8682","KK Market BRTS","18.4683","73.8579","2026-09-21T06:58:00.000Z","1","0","bike","false","5","","SCHEDULED","2026-09-21","c96aa3a2-96f0-4c19-9e2d-c58288065e55","08:29","12:13","return_from_college","13","5"
"d7357d00-84c1-4e53-8ca5-9ac52c5a58f5","687e3195-2599-427f-a4e3-990ead4c2985","swargate-vit","a80964b4-72f5-43de-ad1a-bdcb9fca796e","6c30c56b-74ce-4c24-a819-98b9ab6387f5","Lower Indira Nagar Stop","18.4718","73.8618","VIT College","18.4635","73.8682","2026-09-21T07:34:00.000Z","4","4","car","false","23","Pickup near the hub","SCHEDULED","2026-09-21","ee02984c-3dd6-4a4f-b0a2-ca631585fc6c","13:34","16:55","travel_to_college","8","12"
"78ab243a-4567-42f8-baa5-d6fb3f981e4f","e977337e-9b7d-4b79-9851-7a31a276eaf5","katraj-vit","6c30c56b-74ce-4c24-a819-98b9ab6387f5","11cd5543-db39-4321-9f12-008b367d2ce1","VIT College","18.4635","73.8682","Upper Indira Nagar Bus Depot","18.4682","73.8623","2026-09-22T12:12:00.000Z","1","0","bike","false","11","Please arrive five minutes early","SCHEDULED","2026-09-22","e2688b44-fde8-4c28-ad74-639854453fa9","13:59","17:27","return_from_college","13","11"
"3f5dbb31-a588-4482-8a07-b0ec50fbd83f","7833fb03-c858-4574-92d0-cb72030a18eb","swargate-vit","eb0d92a7-38aa-446a-9f38-091814ea3abd","6c30c56b-74ce-4c24-a819-98b9ab6387f5","Chintamani Nagar","18.4651","73.864","VIT College","18.4635","73.8682","2026-09-23T04:58:00.000Z","1","0","bike","false","24","Pickup near the hub","SCHEDULED","2026-09-23","3f26a6a0-60a3-4a95-a602-92d7fcbfb34e","10:58","14:38","travel_to_college","11","12"
"9470df63-a388-477a-ab7c-5c3d550c74ed","71cd4f7b-3e01-44d7-9657-d28c4544f992","katraj-vit","6c30c56b-74ce-4c24-a819-98b9ab6387f5","876d2e4d-fad4-4ee2-916c-e5ad147030cf","VIT College","18.4635","73.8682","Katraj Dairy BRTS","18.4508","73.8569","2026-09-24T10:08:00.000Z","1","0","bike","false","23","","SCHEDULED","2026-09-24","5050ebe3-a30f-4b1b-a000-c942f53dc840","11:58","15:23","return_from_college","13","2"
"636ac1e5-e8b4-4cbf-afec-60e548a2c3dd","bfe5c77b-945d-47a5-81f7-7ae8e1ff5d5b","swargate-vit","3221d156-13e7-4834-84ce-848f49b87be2","6c30c56b-74ce-4c24-a819-98b9ab6387f5","Bibwewadi Bus Stop","18.4792","73.8615","VIT College","18.4635","73.8682","2026-09-25T07:12:00.000Z","1","1","bike","true","25","","SCHEDULED","2026-09-25","c29fda7f-2c66-477b-a5ab-ceda20650c54","13:12","16:41","travel_to_college","7","12"
"f49031a7-61f3-4710-8dca-29a16eb403d0","5def974b-b8b4-4ef7-8825-5a50ee6710cd","katraj-vit","6c30c56b-74ce-4c24-a819-98b9ab6387f5","86597dc2-00ef-475a-8a9a-daf0323897ca","VIT College","18.4635","73.8682","Katraj Terminal","18.4471","73.8562","2026-09-28T07:10:00.000Z","3","0","car","false","42","Morning campus commute","SCHEDULED","2026-09-28","dfcdef6d-90fb-4ec1-8b76-ddffa435dea4","09:07","12:25","return_from_college","13","1"
"2c6ab345-9777-45b4-a794-95db08ae07c2","772a4089-be1c-415b-9115-5af745dcbd7e","swargate-vit","19cfadd2-1ff7-4a2f-b5e3-eeb73f44cc28","6c30c56b-74ce-4c24-a819-98b9ab6387f5","Swargate PMPML Main Bus Stand","18.4991","73.8583","VIT College","18.4635","73.8682","2026-09-29T07:54:00.000Z","2","1","car","false","59","Pickup near the hub","SCHEDULED","2026-09-29","67c453d6-61ec-48dd-b0ce-0164c5f7bea8","13:54","17:11","travel_to_college","1","12"
"e3355ceb-b08d-4951-a32a-8d52582985af","04bfe73e-1142-4d3f-8bbf-57dbee041dd2","katraj-vit","6c30c56b-74ce-4c24-a819-98b9ab6387f5","3221d156-13e7-4834-84ce-848f49b87be2","VIT College","18.4635","73.8682","Bibwewadi Bus Stop","18.4792","73.8615","2026-09-28T09:24:00.000Z","1","1","scooty","true","15","Pickup near the hub","SCHEDULED","2026-09-28","b56258ab-0e3d-4093-a04e-76c36d2f08c6","11:04","14:39","return_from_college","13","8"
"7d02b32f-7429-403a-8b78-9abb2743d54c","0234ea7e-b8a5-4a4f-8b12-eb48fefff06e","swargate-vit","11cd5543-db39-4321-9f12-008b367d2ce1","6c30c56b-74ce-4c24-a819-98b9ab6387f5","Upper Indira Nagar Bus Depot","18.4682","73.8623","VIT College","18.4635","73.8682","2026-09-29T07:20:00.000Z","1","0","scooty","true","29","Morning campus commute","SCHEDULED","2026-09-29","e99cd267-185e-4f79-b727-2bf1fe3c4797","13:20","17:18","travel_to_college","10","12"
"a46b8abb-7f58-4ce7-8fbe-c3a9393eb841","2e0f5d10-9fa3-4578-9046-adc52e9f52d6","katraj-vit","6c30c56b-74ce-4c24-a819-98b9ab6387f5","11cd5543-db39-4321-9f12-008b367d2ce1","VIT College","18.4635","73.8682","Upper Indira Nagar Bus Depot","18.4682","73.8623","2026-09-30T12:06:00.000Z","1","1","scooty","true","22","","SCHEDULED","2026-09-30","9fb2ea85-ab70-4e19-89a3-0a93baf4656a","13:58","17:21","return_from_college","13","11"
"1b3f6749-f0ae-4234-8f8a-04caf7f11e60","29bb8b65-a83a-4f6b-b7c4-0a86fd9b82a1","swargate-vit","a80964b4-72f5-43de-ad1a-bdcb9fca796e","6c30c56b-74ce-4c24-a819-98b9ab6387f5","Lower Indira Nagar Stop","18.4718","73.8618","VIT College","18.4635","73.8682","2026-10-01T06:37:00.000Z","3","2","car","false","69","Please arrive five minutes early","SCHEDULED","2026-10-01","d128ba7a-582d-4236-bcca-aba99f2752a3","12:37","16:28","travel_to_college","8","12"
"36b2c460-a1cd-457c-92fe-8f2b55f34de3","c283b8d4-e85f-4f55-a686-461ce166d95c","katraj-vit","6c30c56b-74ce-4c24-a819-98b9ab6387f5","3221d156-13e7-4834-84ce-848f49b87be2","VIT College","18.4635","73.8682","Bibwewadi Bus Stop","18.4792","73.8615","2026-10-02T11:32:00.000Z","1","0","scooty","true","0","Morning campus commute","SCHEDULED","2026-10-02","bd61d557-bb30-48c1-bdbc-96439caccf72","13:30","16:47","return_from_college","13","8"
"c95c3cbe-06de-4f02-8209-d537672df89e","a7ff8669-7d2a-4462-beb0-0d9e874f1dc8","swargate-vit","a80964b4-72f5-43de-ad1a-bdcb9fca796e","6c30c56b-74ce-4c24-a819-98b9ab6387f5","Lower Indira Nagar Stop","18.4718","73.8618","VIT College","18.4635","73.8682","2026-10-06T07:05:00.000Z","4","4","car","false","66","Pickup near the hub","SCHEDULED","2026-10-06","06cfdc40-9e32-4a2c-808e-41d40e5f1bc5","13:05","17:03","travel_to_college","8","12"
"7af251b1-c357-4a1b-bd99-dcc1d92cebaf","dae29690-62f3-4202-8961-05b05ec7dcc6","katraj-vit","6c30c56b-74ce-4c24-a819-98b9ab6387f5","ebb92112-ef31-4ebe-a259-4e999c52f0fd","VIT College","18.4635","73.8682","Bharati Vidyapeeth","18.456","73.8574","2026-10-06T07:36:00.000Z","1","1","bike","true","1","","SCHEDULED","2026-10-06","978a2744-cf81-4c9c-9acd-4d2c5db00998","09:31","12:51","return_from_college","13","3"
"93704f8f-9b3d-4658-9df9-7297a09efb6d","856b4feb-c8f1-4731-b41e-d21be114be5d","swargate-vit","0c2d013a-9422-4c89-905f-4ec287ba2251","6c30c56b-74ce-4c24-a819-98b9ab6387f5","Swargate BRTS Stop","18.4982","73.8588","VIT College","18.4635","73.8682","2026-10-05T05:11:00.000Z","1","1","bike","true","10","Morning campus commute","SCHEDULED","2026-10-05","e8eebddb-2317-4f5a-bf75-20643626ff57","11:11","14:26","travel_to_college","2","12"
"49077169-77dd-4c65-bdc5-b78766d672c2","8d2bb992-3062-4ae3-b2ae-9d47074dec68","katraj-vit","6c30c56b-74ce-4c24-a819-98b9ab6387f5","1bc21bdf-5bcc-4dd4-8140-eac24ae23b69","VIT College","18.4635","73.8682","Kashinath Patil Nagar Stop","18.4745","73.8631","2026-10-06T09:37:00.000Z","1","0","bike","true","20","Morning campus commute","SCHEDULED","2026-10-06","934d4901-9199-4dc5-873c-3846be58785a","11:08","14:52","return_from_college","13","10"
"5b4c231d-27bf-408c-951f-fddd27a7e9e0","b94bb3da-92c3-4ecf-b576-f9dbbce590b5","swargate-vit","570167fe-7324-46a2-9cf4-fbea6048e8be","6c30c56b-74ce-4c24-a819-98b9ab6387f5","City Pride BRTS","18.4845","73.8583","VIT College","18.4635","73.8682","2026-10-07T07:49:00.000Z","4","4","car","false","60","","SCHEDULED","2026-10-07","17747b55-6130-4a80-b8b9-355216700a8b","13:49","17:36","travel_to_college","5","12"
"096bba8c-0116-411d-9f14-1c96839712fc","db6d13c6-50ea-4ee7-98cb-daab8b877783","katraj-vit","6c30c56b-74ce-4c24-a819-98b9ab6387f5","eb0d92a7-38aa-446a-9f38-091814ea3abd","VIT College","18.4635","73.8682","Chintamani Nagar","18.4651","73.864","2026-10-08T07:38:00.000Z","1","0","scooty","true","26","Pickup near the hub","SCHEDULED","2026-10-08","b8cd715f-763c-42f1-8421-587e3031726d","09:00","12:53","return_from_college","13","12"
"50e7e7af-1469-4648-8b4e-455511038b4b","aba3000b-d3fe-45b0-93f8-1eb12fe76121","swargate-vit","570167fe-7324-46a2-9cf4-fbea6048e8be","6c30c56b-74ce-4c24-a819-98b9ab6387f5","City Pride BRTS","18.4845","73.8583","VIT College","18.4635","73.8682","2026-10-10T04:51:00.000Z","1","0","bike","false","30","Please arrive five minutes early","SCHEDULED","2026-10-10","ccf2c7f2-28d4-4623-a77e-b3c06f30756d","10:51","14:40","travel_to_college","5","12"
"aced7d47-d250-420a-9774-e2988bf4185a","0f35346d-5638-4de0-b685-b0f5e42ff331","katraj-vit","6c30c56b-74ce-4c24-a819-98b9ab6387f5","eb0d92a7-38aa-446a-9f38-091814ea3abd","VIT College","18.4635","73.8682","Chintamani Nagar","18.4651","73.864","2026-10-12T11:43:00.000Z","1","1","bike","false","6","Pickup near the hub","SCHEDULED","2026-10-12","518d95ca-027a-4c55-b3a8-62fa10474983","13:12","16:58","return_from_college","13","12"
"3e84b24e-d459-4a5c-ab02-b23b20357c43","b53fb963-29ea-4299-915f-2cf34647fe2b","swargate-vit","0c2d013a-9422-4c89-905f-4ec287ba2251","6c30c56b-74ce-4c24-a819-98b9ab6387f5","Swargate BRTS Stop","18.4982","73.8588","VIT College","18.4635","73.8682","2026-10-13T05:18:00.000Z","1","0","bike","false","25","Pickup near the hub","SCHEDULED","2026-10-13","e4bc70c5-be1a-4968-a183-90295db8af8f","11:18","14:45","travel_to_college","2","12"
"51804ff0-732e-4f33-9d16-ce45d3f78ad0","a2cb33f4-0739-4e42-9665-4bae72ebfb2a","katraj-vit","6c30c56b-74ce-4c24-a819-98b9ab6387f5","86e290a5-7e39-4f7a-805e-a6154d820f01","VIT College","18.4635","73.8682","Market Yard Corner","18.4792","73.8581","2026-10-12T08:23:00.000Z","2","0","car","false","44","Please arrive five minutes early","SCHEDULED","2026-10-12","3ceb464f-cb07-4aa2-a419-f61a99b89f7e","09:39","13:38","return_from_college","13","7"
"b329300e-ced4-4596-85e2-2463a21ba4f9","95e5d040-6f8f-43de-b101-0a1abbfde269","swargate-vit","19cfadd2-1ff7-4a2f-b5e3-eeb73f44cc28","6c30c56b-74ce-4c24-a819-98b9ab6387f5","Swargate PMPML Main Bus Stand","18.4991","73.8583","VIT College","18.4635","73.8682","2026-10-13T05:29:00.000Z","2","1","car","false","27","Morning campus commute","SCHEDULED","2026-10-13","ebed6065-4051-46e6-993a-89848dbcab5c","11:29","15:16","travel_to_college","1","12"
"2e26e5e6-8a2c-49a0-9e59-effa2baf3812","b4419d49-c195-4f67-8a68-1e38418429ef","katraj-vit","6c30c56b-74ce-4c24-a819-98b9ab6387f5","0ad9adea-2c75-4d2a-86ae-34dcc0727788","VIT College","18.4635","73.8682","Shankar Maharaj Math","18.4735","73.8579","2026-10-14T10:39:00.000Z","3","2","car","false","36","Morning campus commute","SCHEDULED","2026-10-14","ed6d3c67-4013-4390-a477-7cb6bd2e4cb7","12:04","15:54","return_from_college","13","6"
"a7379bc1-41fc-4653-9c0b-b1912b205e68","ada304c3-1114-48bb-bacb-69446eecee2a","swargate-vit","3221d156-13e7-4834-84ce-848f49b87be2","6c30c56b-74ce-4c24-a819-98b9ab6387f5","Bibwewadi Bus Stop","18.4792","73.8615","VIT College","18.4635","73.8682","2026-10-15T03:37:00.000Z","1","1","bike","false","23","Pickup near the hub","SCHEDULED","2026-10-15","95511cbf-291c-4177-8793-a664516dd1dc","09:37","12:50","travel_to_college","7","12"
"39f52ca3-2357-46c5-a98e-8b35ad97689d","fbade199-d957-41f1-9c4b-bef677c6f400","katraj-vit","6c30c56b-74ce-4c24-a819-98b9ab6387f5","3221d156-13e7-4834-84ce-848f49b87be2","VIT College","18.4635","73.8682","Bibwewadi Bus Stop","18.4792","73.8615","2026-10-16T11:32:00.000Z","1","0","bike","false","9","Morning campus commute","SCHEDULED","2026-10-16","3316de37-716a-488a-acd1-577488dd6728","13:37","16:47","return_from_college","13","8"
"6cfcfb66-bb8d-4fd1-8063-a7710b4de356","ffe56b11-38f8-4fa2-936c-d19021b522b8","swargate-vit","0095597e-ebd1-4f83-a6c0-a8e94be6a92b","6c30c56b-74ce-4c24-a819-98b9ab6387f5","Laxmi Narayan Theatre","18.4965","73.8584","VIT College","18.4635","73.8682","2026-10-17T06:26:00.000Z","1","0","bike","true","19","Please arrive five minutes early","SCHEDULED","2026-10-17","514a371d-3713-4b7c-9aff-923b833de150","12:26","16:20","travel_to_college","3","12"
"29639fe3-fba9-4ec1-8c2a-beeec3698b93","02927b89-ffa8-40e0-963e-2651a35e576d","katraj-vit","6c30c56b-74ce-4c24-a819-98b9ab6387f5","1bc21bdf-5bcc-4dd4-8140-eac24ae23b69","VIT College","18.4635","73.8682","Kashinath Patil Nagar Stop","18.4745","73.8631","2026-10-19T08:37:00.000Z","2","1","car","false","43","Morning campus commute","SCHEDULED","2026-10-19","cf5f5d89-1cb5-45be-ac74-037c09b554e1","10:43","13:52","return_from_college","13","10"
"b4f0bd24-29c0-49cf-8011-acbec3fd9ef2","e9ac0d57-c267-41a2-84aa-846e6f118304","swargate-vit","1bc21bdf-5bcc-4dd4-8140-eac24ae23b69","6c30c56b-74ce-4c24-a819-98b9ab6387f5","Kashinath Patil Nagar Stop","18.4745","73.8631","VIT College","18.4635","73.8682","2026-10-19T07:59:00.000Z","4","3","car","false","56","","SCHEDULED","2026-10-19","4d469f26-02a7-460e-a820-bdffc08d835e","13:59","17:33","travel_to_college","9","12"
"09678e7e-77d5-401a-a91f-fb0664afca57","d138941d-1b44-42fe-975d-1a4eb78e7f92","katraj-vit","6c30c56b-74ce-4c24-a819-98b9ab6387f5","ebb92112-ef31-4ebe-a259-4e999c52f0fd","VIT College","18.4635","73.8682","Bharati Vidyapeeth","18.456","73.8574","2026-10-22T09:44:00.000Z","1","0","bike","true","13","","SCHEDULED","2026-10-22","b23ff17f-f9f0-4a98-9788-e5802e1e7988","11:14","14:59","return_from_college","13","3"
"95d59f60-f6b4-44df-aad2-9883ffe95be1","f50ed78b-09ac-4340-b6dd-86ae124a356e","swargate-vit","0095597e-ebd1-4f83-a6c0-a8e94be6a92b","6c30c56b-74ce-4c24-a819-98b9ab6387f5","Laxmi Narayan Theatre","18.4965","73.8584","VIT College","18.4635","73.8682","2026-10-21T04:01:00.000Z","1","1","scooty","false","19","Pickup near the hub","SCHEDULED","2026-10-21","23939365-8a66-4ac6-9bfa-ee14f43d2445","10:01","13:50","travel_to_college","3","12"
"b7ff1174-56c9-45b7-b1b5-f94890f4a440","3857e3b0-5efa-484e-a045-2777f41b2610","katraj-vit","6c30c56b-74ce-4c24-a819-98b9ab6387f5","ebb92112-ef31-4ebe-a259-4e999c52f0fd","VIT College","18.4635","73.8682","Bharati Vidyapeeth","18.456","73.8574","2026-10-22T09:25:00.000Z","1","0","scooty","true","11","","SCHEDULED","2026-10-22","e0252138-9d3b-4058-95ac-6b12d41851e7","11:15","14:40","return_from_college","13","3"
"40cdaa64-0cc4-4366-91b4-6ad064592b70","ac0cf495-0f8e-40d8-b476-4ac4d53bdc5b","swargate-vit","eb0d92a7-38aa-446a-9f38-091814ea3abd","6c30c56b-74ce-4c24-a819-98b9ab6387f5","Chintamani Nagar","18.4651","73.864","VIT College","18.4635","73.8682","2026-10-23T05:08:00.000Z","1","0","bike","false","5","Morning campus commute","SCHEDULED","2026-10-23","10440ea9-450a-41e7-88e8-79ea34b6885d","11:08","14:51","travel_to_college","11","12"
"446815d8-3895-4b64-a9a5-7699f549864d","93c44edd-bbc5-4ac3-9dba-63f636b8ed0b","katraj-vit","6c30c56b-74ce-4c24-a819-98b9ab6387f5","86597dc2-00ef-475a-8a9a-daf0323897ca","VIT College","18.4635","73.8682","Katraj Terminal","18.4471","73.8562","2026-10-24T08:59:00.000Z","1","0","bike","true","18","","SCHEDULED","2026-10-24","2b766986-3bf2-4bc4-831b-b9a9186dd8ec","10:42","14:14","return_from_college","13","1"
"0535125f-5e07-41b4-8183-c0bc955d24ff","aa3e3c66-ecde-4e1f-9ce3-1617c0ecdcef","swargate-vit","596f6d76-b8c5-4cf2-9058-1a1a334d424d","6c30c56b-74ce-4c24-a819-98b9ab6387f5","Panchami BRTS","18.4902","73.8586","VIT College","18.4635","73.8682","2026-10-26T05:04:00.000Z","1","0","bike","true","4","Morning campus commute","SCHEDULED","2026-10-26","95c349b2-386f-42e6-b164-ad5c0d95dad3","11:04","14:32","travel_to_college","4","12"
"8e053454-b287-451b-a1c0-86dc06f9f919","fa7fbc07-c93a-4085-a4f5-6f1e0fc83121","katraj-vit","6c30c56b-74ce-4c24-a819-98b9ab6387f5","3221d156-13e7-4834-84ce-848f49b87be2","VIT College","18.4635","73.8682","Bibwewadi Bus Stop","18.4792","73.8615","2026-10-28T07:42:00.000Z","1","1","scooty","true","18","Morning campus commute","SCHEDULED","2026-10-28","2a111801-06d9-4f6d-b9b5-6e59bd191025","09:53","12:57","return_from_college","13","8"
"c8978e26-ad18-49dd-bb87-9c0ea1a29e0c","dbb7296e-eb2b-4e18-9aed-9b61128e1b95","swargate-vit","86e290a5-7e39-4f7a-805e-a6154d820f01","6c30c56b-74ce-4c24-a819-98b9ab6387f5","Market Yard Corner","18.4792","73.8581","VIT College","18.4635","73.8682","2026-10-27T04:40:00.000Z","2","2","car","false","56","Pickup near the hub","SCHEDULED","2026-10-27","224ac0b9-3428-42f8-a62a-78063790ee61","10:40","14:38","travel_to_college","6","12"
"cdfa824a-f854-4855-a964-448c5420caed","f996d0d8-1d3e-4780-bb40-a3c76aeca0fe","katraj-vit","6c30c56b-74ce-4c24-a819-98b9ab6387f5","3221d156-13e7-4834-84ce-848f49b87be2","VIT College","18.4635","73.8682","Bibwewadi Bus Stop","18.4792","73.8615","2026-10-29T10:31:00.000Z","1","1","bike","true","29","Morning campus commute","SCHEDULED","2026-10-29","4183e5ec-a8f6-4baa-99a7-1ca1be8c4c1e","12:27","15:46","return_from_college","13","8"
"bf7e7173-707d-409a-bb59-ec2ffaf87c16","24be40cc-fd8a-4efb-95f0-6ec1a107c563","swargate-vit","0095597e-ebd1-4f83-a6c0-a8e94be6a92b","6c30c56b-74ce-4c24-a819-98b9ab6387f5","Laxmi Narayan Theatre","18.4965","73.8584","VIT College","18.4635","73.8682","2026-10-29T05:21:00.000Z","2","0","car","false","24","Pickup near the hub","SCHEDULED","2026-10-29","aeabe17b-fe7b-41e8-a7d1-535739196935","11:21","14:40","travel_to_college","3","12"
"169fc2f0-d836-43d1-83b1-ae1763e64fbe","bbd2b08c-34a8-4439-a7fa-b253b6a9fe04","katraj-vit","6c30c56b-74ce-4c24-a819-98b9ab6387f5","1bc21bdf-5bcc-4dd4-8140-eac24ae23b69","VIT College","18.4635","73.8682","Kashinath Patil Nagar Stop","18.4745","73.8631","2026-11-03T09:23:00.000Z","1","1","bike","true","8","Morning campus commute","SCHEDULED","2026-11-03","10161e01-56af-46b2-ab9b-69e062a1c803","11:06","14:38","return_from_college","13","10"
"e9bf46ef-8967-4464-94e3-2bb4e3e3b2e4","7d4898cc-54f3-4bd1-b9da-b31ff1cb26c3","swargate-vit","19cfadd2-1ff7-4a2f-b5e3-eeb73f44cc28","6c30c56b-74ce-4c24-a819-98b9ab6387f5","Swargate PMPML Main Bus Stand","18.4991","73.8583","VIT College","18.4635","73.8682","2026-10-31T06:35:00.000Z","1","0","scooty","true","14","","SCHEDULED","2026-10-31","b26b4456-f54e-43a6-a4cd-65b90c6faa85","12:35","15:51","travel_to_college","1","12"
"bc79fdd2-1cc0-4c64-be42-1c9072fc1859","e0ad93ac-7350-43c7-be63-6b8925810342","katraj-vit","6c30c56b-74ce-4c24-a819-98b9ab6387f5","0ad9adea-2c75-4d2a-86ae-34dcc0727788","VIT College","18.4635","73.8682","Shankar Maharaj Math","18.4735","73.8579","2026-11-02T09:47:00.000Z","1","0","scooty","true","26","","SCHEDULED","2026-11-02","2dcb247c-8f72-4c73-ba25-5172e6b59674","11:36","15:02","return_from_college","13","6"
"3bfcbbe5-ec10-4944-a9dd-ba509007b715","40ae73ca-67b2-4b5e-97c1-474a92b2d8d3","swargate-vit","86e290a5-7e39-4f7a-805e-a6154d820f01","6c30c56b-74ce-4c24-a819-98b9ab6387f5","Market Yard Corner","18.4792","73.8581","VIT College","18.4635","73.8682","2026-11-02T04:39:00.000Z","1","0","scooty","true","26","Morning campus commute","SCHEDULED","2026-11-02","e41afbf0-1322-4b3d-ac2b-a90bc5bd9891","10:39","14:33","travel_to_college","6","12"
"4c1da699-4a95-4e14-9e46-fd8dcda4c5d3","c3c94b51-2803-4c25-9e1e-bbe1eb6386cc","katraj-vit","6c30c56b-74ce-4c24-a819-98b9ab6387f5","876d2e4d-fad4-4ee2-916c-e5ad147030cf","VIT College","18.4635","73.8682","Katraj Dairy BRTS","18.4508","73.8569","2026-11-04T06:49:00.000Z","3","1","car","false","59","Please arrive five minutes early","SCHEDULED","2026-11-04","9950861b-3bb3-41e0-a584-c98f0b083229","08:35","12:04","return_from_college","13","2"
"c000e5c3-2f7b-4545-b8f0-e0043eb13933","a61af15b-11ce-4c02-a80b-bdf8f24338bc","swargate-vit","596f6d76-b8c5-4cf2-9058-1a1a334d424d","6c30c56b-74ce-4c24-a819-98b9ab6387f5","Panchami BRTS","18.4902","73.8586","VIT College","18.4635","73.8682","2026-11-04T07:44:00.000Z","1","1","bike","false","7","Pickup near the hub","SCHEDULED","2026-11-04","bdcf146d-db44-4d82-80be-e054a7afe1d0","13:44","17:07","travel_to_college","4","12"
"10dd458e-25b6-43e5-92b7-c13023c64c59","6aa130d0-4c4b-48c2-bc80-80079a81385f","katraj-vit","6c30c56b-74ce-4c24-a819-98b9ab6387f5","af5c22fe-11db-4392-b90e-85f946c0a37b","VIT College","18.4635","73.8682","KK Market BRTS","18.4683","73.8579","2026-11-05T09:21:00.000Z","1","0","bike","true","7","Morning campus commute","SCHEDULED","2026-11-05","348203ae-a541-401a-a9e7-a12d7ab296dd","11:01","14:36","return_from_college","13","5"
"bf613fbf-71a6-43c2-b744-db05e823fdf8","9c9999da-6c7c-4b0f-ba28-7f852899325d","swargate-vit","eb0d92a7-38aa-446a-9f38-091814ea3abd","6c30c56b-74ce-4c24-a819-98b9ab6387f5","Chintamani Nagar","18.4651","73.864","VIT College","18.4635","73.8682","2026-08-08T04:20:00.000Z","1","0","bike","true","7","Morning campus commute","COMPLETED","2026-08-08","0e5a3f3b-27af-42fa-85c7-0a1b8b53f3c5","10:20","13:21","travel_to_college","11","12"
"65fc0765-171e-4768-8f13-83aa789737e0","1f497524-0e6c-424a-94f9-93905b5a9755","katraj-vit","6c30c56b-74ce-4c24-a819-98b9ab6387f5","fea32ab3-d832-43d3-a3a0-788e8711526d","VIT College","18.4635","73.8682","Balaji Nagar BRTS","18.4628","73.8577","2026-08-10T11:37:00.000Z","1","0","bike","true","28","","SCHEDULED","2026-08-10","891c22c8-5e00-4137-ab98-a7b572bd907a","13:23","16:52","return_from_college","13","4"
"237da348-7907-4718-866e-335cde0139c1","1734859f-c79f-4dfa-95dd-e252c5d669fc","swargate-vit","1bc21bdf-5bcc-4dd4-8140-eac24ae23b69","6c30c56b-74ce-4c24-a819-98b9ab6387f5","Kashinath Patil Nagar Stop","18.4745","73.8631","VIT College","18.4635","73.8682","2026-08-14T03:06:00.000Z","1","0","bike","true","18","Morning campus commute","COMPLETED","2026-08-14","7e56d2fa-7126-44f1-a7df-efe76b0c8ad7","09:06","12:52","travel_to_college","9","12"
"60ea93c4-68ee-45c3-989b-ed8b3a08e7cc","f03cb019-ecb8-42fc-ad8b-4be7116d9966","katraj-vit","6c30c56b-74ce-4c24-a819-98b9ab6387f5","eb0d92a7-38aa-446a-9f38-091814ea3abd","VIT College","18.4635","73.8682","Chintamani Nagar","18.4651","73.864","2026-08-11T10:12:00.000Z","4","3","car","false","26","Please arrive five minutes early","COMPLETED","2026-08-11","f74d87b8-b1cb-46d0-956b-a42db185d136","11:54","15:27","return_from_college","13","12"
"2f2c5365-84d3-4d5c-b8d1-6f264b5f4215","6cc8d264-2c05-4a80-90d4-2b29b4ccd802","swargate-vit","eb0d92a7-38aa-446a-9f38-091814ea3abd","6c30c56b-74ce-4c24-a819-98b9ab6387f5","Chintamani Nagar","18.4651","73.864","VIT College","18.4635","73.8682","2026-08-13T03:07:00.000Z","1","0","scooty","true","0","Pickup near the hub","COMPLETED","2026-08-13","5987d3cd-8340-475b-98cb-3f0b50630d3a","09:07","12:30","travel_to_college","11","12"
"c1eebeb2-db41-4cb7-a3b5-691292698f91","a49cc7a3-0beb-4fbf-8d54-c676dfe72f4b","katraj-vit","6c30c56b-74ce-4c24-a819-98b9ab6387f5","3221d156-13e7-4834-84ce-848f49b87be2","VIT College","18.4635","73.8682","Bibwewadi Bus Stop","18.4792","73.8615","2026-08-13T09:09:00.000Z","2","2","car","false","33","Please arrive five minutes early","CANCELLED","2026-08-13","60ac46eb-fb6e-4280-999c-ba7b0edf3400","10:32","14:24","return_from_college","13","8"
"51a9e42c-d1f6-478c-b886-b626dcbd18f3","998a2999-5be3-435d-8015-2a973a6e97cc","swargate-vit","1bc21bdf-5bcc-4dd4-8140-eac24ae23b69","6c30c56b-74ce-4c24-a819-98b9ab6387f5","Kashinath Patil Nagar Stop","18.4745","73.8631","VIT College","18.4635","73.8682","2026-08-14T06:09:00.000Z","2","1","car","false","76","","COMPLETED","2026-08-14","daf2113f-62fe-4cf9-aae8-1da6ddf4103e","12:09","15:58","travel_to_college","9","12"
"7ae097cf-045e-409a-bfb2-c726c8bc06e4","856fb0bc-3ae4-454f-9f56-312a33995404","katraj-vit","6c30c56b-74ce-4c24-a819-98b9ab6387f5","fea32ab3-d832-43d3-a3a0-788e8711526d","VIT College","18.4635","73.8682","Balaji Nagar BRTS","18.4628","73.8577","2026-08-17T10:21:00.000Z","1","0","scooty","false","20","Morning campus commute","COMPLETED","2026-08-17","90a58c41-fff8-4c26-b259-c55b5dc48ab8","11:53","15:36","return_from_college","13","4"
"3bee09b2-95a6-498d-b915-d3ee887867aa","609a5aa2-e576-472b-ae03-3d339a90c45c","swargate-vit","86e290a5-7e39-4f7a-805e-a6154d820f01","6c30c56b-74ce-4c24-a819-98b9ab6387f5","Market Yard Corner","18.4792","73.8581","VIT College","18.4635","73.8682","2026-08-17T07:38:00.000Z","1","0","scooty","true","10","Morning campus commute","COMPLETED","2026-08-17","1cc0e9b0-2e71-4c96-b4ef-7b3ae24dacad","13:38","16:45","travel_to_college","6","12"
"8515b1ea-25b5-4b79-a405-967ef14578af","3a8f1c12-2394-4eb5-8694-7152af59c7d0","katraj-vit","6c30c56b-74ce-4c24-a819-98b9ab6387f5","3221d156-13e7-4834-84ce-848f49b87be2","VIT College","18.4635","73.8682","Bibwewadi Bus Stop","18.4792","73.8615","2026-08-17T07:59:00.000Z","2","0","car","false","40","Morning campus commute","COMPLETED","2026-08-17","017f0d04-c0ce-4985-a80d-cf37eddf635d","10:13","13:14","return_from_college","13","8"
"c49264b1-69a1-495c-9e81-1661b261b3a1","73c6ef3d-a748-4db3-bd54-68c614823c0d","swargate-vit","596f6d76-b8c5-4cf2-9058-1a1a334d424d","6c30c56b-74ce-4c24-a819-98b9ab6387f5","Panchami BRTS","18.4902","73.8586","VIT College","18.4635","73.8682","2026-08-19T06:24:00.000Z","1","0","scooty","true","13","Morning campus commute","COMPLETED","2026-08-19","79797ae8-3c95-4bd1-a7b3-fb18d847690b","12:24","16:10","travel_to_college","4","12"
"69ee0216-5020-4028-b822-cf3a10cc01dc","6a3f9cb7-ea70-4c12-87b0-f7ee4a38b313","katraj-vit","6c30c56b-74ce-4c24-a819-98b9ab6387f5","fea32ab3-d832-43d3-a3a0-788e8711526d","VIT College","18.4635","73.8682","Balaji Nagar BRTS","18.4628","73.8577","2026-08-19T07:55:00.000Z","1","0","bike","true","30","","CANCELLED","2026-08-19","3b7fdda0-920b-46f2-9fb8-cb02a2d677cc","09:14","13:10","return_from_college","13","4"
"61279771-2695-403c-bef6-29837a8ac5cd","df718002-b68d-406f-af02-b7ebdc19dfaa","swargate-vit","a80964b4-72f5-43de-ad1a-bdcb9fca796e","6c30c56b-74ce-4c24-a819-98b9ab6387f5","Lower Indira Nagar Stop","18.4718","73.8618","VIT College","18.4635","73.8682","2026-08-20T05:39:00.000Z","1","0","scooty","true","0","Pickup near the hub","SCHEDULED","2026-08-20","a327a5f3-e46d-4836-bd78-cd5019ebe565","11:39","15:07","travel_to_college","8","12"
"da00e29b-5b94-4c48-9058-fdc14b347db5","5d577020-68d2-4a61-b36d-861bf1486666","katraj-vit","6c30c56b-74ce-4c24-a819-98b9ab6387f5","3221d156-13e7-4834-84ce-848f49b87be2","VIT College","18.4635","73.8682","Bibwewadi Bus Stop","18.4792","73.8615","2026-08-21T06:49:00.000Z","3","2","car","false","24","Pickup near the hub","SCHEDULED","2026-08-21","20bc6e37-b072-4065-96b4-08f034ad617f","08:59","12:04","return_from_college","13","8"
"9f0f2b67-68d7-468f-af8a-6e7eacc996bd","f7676189-9518-498b-a982-6c245aff61a1","swargate-vit","86e290a5-7e39-4f7a-805e-a6154d820f01","6c30c56b-74ce-4c24-a819-98b9ab6387f5","Market Yard Corner","18.4792","73.8581","VIT College","18.4635","73.8682","2026-08-22T06:13:00.000Z","4","4","car","false","54","Pickup near the hub","COMPLETED","2026-08-22","5fbcafda-5b02-4fe7-8bc4-d001f20b65cb","12:13","16:06","travel_to_college","6","12"
"6cd39986-2957-4c10-aeb1-988bf7f9c642","829e7fa5-0c38-47a9-a715-877dada17b24","katraj-vit","6c30c56b-74ce-4c24-a819-98b9ab6387f5","876d2e4d-fad4-4ee2-916c-e5ad147030cf","VIT College","18.4635","73.8682","Katraj Dairy BRTS","18.4508","73.8569","2026-08-24T10:35:00.000Z","1","1","bike","true","17","Pickup near the hub","CANCELLED","2026-08-24","ef7df226-a9a4-4e57-b103-b5035e19bad0","11:54","15:50","return_from_college","13","2"
"81a7f5ab-2161-41ba-9b2a-461a7e131be7","443d0a1a-c4da-4cf7-9517-4c02de0dff9c","swargate-vit","570167fe-7324-46a2-9cf4-fbea6048e8be","6c30c56b-74ce-4c24-a819-98b9ab6387f5","City Pride BRTS","18.4845","73.8583","VIT College","18.4635","73.8682","2026-08-24T03:17:00.000Z","1","1","bike","true","18","Morning campus commute","COMPLETED","2026-08-24","5b93a2eb-4c45-40da-9731-44c51f3942b7","09:17","12:24","travel_to_college","5","12"
"02b9654f-0b9c-4c0f-8d0b-7ee75d69869b","e7cc1cf8-531c-4ba4-ae07-b3b8c7ed12b4","katraj-vit","6c30c56b-74ce-4c24-a819-98b9ab6387f5","af5c22fe-11db-4392-b90e-85f946c0a37b","VIT College","18.4635","73.8682","KK Market BRTS","18.4683","73.8579","2026-08-26T08:07:00.000Z","1","0","bike","true","13","","SCHEDULED","2026-08-26","18ca6419-7fcb-4590-9d82-a8059d5e3cba","10:21","13:22","return_from_college","13","5"
"219a9f81-23af-4a87-82c9-00103d3c4c10","105772de-3e2e-4525-873d-28205793d14f","swargate-vit","86e290a5-7e39-4f7a-805e-a6154d820f01","6c30c56b-74ce-4c24-a819-98b9ab6387f5","Market Yard Corner","18.4792","73.8581","VIT College","18.4635","73.8682","2026-08-26T03:54:00.000Z","1","0","bike","true","22","Morning campus commute","CANCELLED","2026-08-26","1f247e4f-f355-4ba4-a55a-684f58a3fa51","09:54","13:06","travel_to_college","6","12"
"d8a7cd4b-6991-4356-b70c-0812f3a06a17","665f2a26-5d69-41bd-bd37-5d34e2366453","katraj-vit","6c30c56b-74ce-4c24-a819-98b9ab6387f5","11cd5543-db39-4321-9f12-008b367d2ce1","VIT College","18.4635","73.8682","Upper Indira Nagar Bus Depot","18.4682","73.8623","2026-08-27T07:18:00.000Z","1","0","bike","true","6","Please arrive five minutes early","COMPLETED","2026-08-27","2834e21d-9767-43fe-8e9a-89811e127408","09:28","12:33","return_from_college","13","11"
"eab07b26-75e6-4d60-b37d-b2672ac13f7b","c4023d4b-7895-4d6b-ba0a-7cbce21340b7","swargate-vit","0095597e-ebd1-4f83-a6c0-a8e94be6a92b","6c30c56b-74ce-4c24-a819-98b9ab6387f5","Laxmi Narayan Theatre","18.4965","73.8584","VIT College","18.4635","73.8682","2026-08-28T02:11:00.000Z","1","1","bike","false","27","","COMPLETED","2026-08-28","00478325-8811-4d49-8fd0-6bcb52472904","08:11","11:29","travel_to_college","3","12"
"b95d44b1-a000-4708-a130-d08780d6485d","03dfc805-e814-4e5f-a637-8a041faf9ad7","katraj-vit","6c30c56b-74ce-4c24-a819-98b9ab6387f5","3221d156-13e7-4834-84ce-848f49b87be2","VIT College","18.4635","73.8682","Bibwewadi Bus Stop","18.4792","73.8615","2026-08-29T12:02:00.000Z","1","0","bike","true","1","Please arrive five minutes early","COMPLETED","2026-08-29","f0f15b04-d024-4333-994a-295069b8f9b7","13:25","17:17","return_from_college","13","8"
"4b1e205a-ed42-48bd-b784-7fbcff6779c6","2fd77d02-9eed-432b-bc2b-69984e53b256","swargate-vit","596f6d76-b8c5-4cf2-9058-1a1a334d424d","6c30c56b-74ce-4c24-a819-98b9ab6387f5","Panchami BRTS","18.4902","73.8586","VIT College","18.4635","73.8682","2026-08-31T02:43:00.000Z","1","0","bike","true","29","Pickup near the hub","SCHEDULED","2026-08-31","c0a405ec-6c78-4e40-adef-cbcbed99629a","08:43","12:36","travel_to_college","4","12"
"68e11ca0-3e59-47eb-8235-9af12559df44","5c76a658-080e-4482-b7f5-3c04ef99ff4f","katraj-vit","6c30c56b-74ce-4c24-a819-98b9ab6387f5","1bc21bdf-5bcc-4dd4-8140-eac24ae23b69","VIT College","18.4635","73.8682","Kashinath Patil Nagar Stop","18.4745","73.8631","2026-08-31T10:32:00.000Z","1","0","scooty","true","15","Morning campus commute","COMPLETED","2026-08-31","08c69400-80d6-4084-97d1-17b4acfce9b5","12:00","15:47","return_from_college","13","10"
"2c00669e-dc0c-456d-ba1d-8920b4c821fc","2df45663-f8d0-4308-b79d-fd6c1ff852c9","swargate-vit","11cd5543-db39-4321-9f12-008b367d2ce1","6c30c56b-74ce-4c24-a819-98b9ab6387f5","Upper Indira Nagar Bus Depot","18.4682","73.8623","VIT College","18.4635","73.8682","2026-09-02T02:01:00.000Z","1","0","scooty","true","15","Please arrive five minutes early","COMPLETED","2026-09-02","f774d8b3-6c72-4669-9ff3-14146564c857","08:01","12:01","travel_to_college","10","12"
"78e46e6e-9c6f-4b0f-b064-7d4e9460e632","b5eb2319-5923-4823-9cfb-fa0ca41f597b","katraj-vit","6c30c56b-74ce-4c24-a819-98b9ab6387f5","0ad9adea-2c75-4d2a-86ae-34dcc0727788","VIT College","18.4635","73.8682","Shankar Maharaj Math","18.4735","73.8579","2026-09-02T11:44:00.000Z","1","0","bike","true","7","Please arrive five minutes early","SCHEDULED","2026-09-02","eabb6eff-fa9d-41da-a5a3-060fe40ae9ba","13:10","16:59","return_from_college","13","6"
"aef59bda-2e4a-4d2a-a535-36263ae82a38","36ffa906-e6db-4e16-8e9b-e3f24ede715c","swargate-vit","3221d156-13e7-4834-84ce-848f49b87be2","6c30c56b-74ce-4c24-a819-98b9ab6387f5","Bibwewadi Bus Stop","18.4792","73.8615","VIT College","18.4635","73.8682","2026-09-03T04:51:00.000Z","1","0","bike","true","25","","SCHEDULED","2026-09-03","f63119a1-66ba-42be-8d23-e9bf83bc9ab9","10:51","14:50","travel_to_college","7","12"
"f64767c4-af3a-47be-acc7-3ea11da42274","e163653a-9bbe-4e9d-81ab-acf5fb7c4166","katraj-vit","6c30c56b-74ce-4c24-a819-98b9ab6387f5","ebb92112-ef31-4ebe-a259-4e999c52f0fd","VIT College","18.4635","73.8682","Bharati Vidyapeeth","18.456","73.8574","2026-09-04T08:55:00.000Z","3","0","car","false","21","Morning campus commute","COMPLETED","2026-09-04","44be308d-de7b-44f9-bb38-069cfd8e12da","10:53","14:10","return_from_college","13","3"
"2237f2ca-1d00-4f56-814d-2c6c92751071","508e57b4-544e-4392-bbd1-17b3a4e613c3","swargate-vit","3221d156-13e7-4834-84ce-848f49b87be2","6c30c56b-74ce-4c24-a819-98b9ab6387f5","Bibwewadi Bus Stop","18.4792","73.8615","VIT College","18.4635","73.8682","2026-09-05T04:22:00.000Z","1","1","bike","true","19","Morning campus commute","CANCELLED","2026-09-05","819f97c9-ff57-489a-b3f1-d2231559e2e6","10:22","14:09","travel_to_college","7","12"
"ec18becf-f762-45c6-859c-32b7cb0f07d6","2e269fc9-9682-468b-b756-d02e46a395d8","katraj-vit","6c30c56b-74ce-4c24-a819-98b9ab6387f5","1bc21bdf-5bcc-4dd4-8140-eac24ae23b69","VIT College","18.4635","73.8682","Kashinath Patil Nagar Stop","18.4745","73.8631","2026-09-07T09:27:00.000Z","1","1","bike","true","17","Morning campus commute","CANCELLED","2026-09-07","cd0405d1-c149-4621-a125-f651f637b755","11:22","14:42","return_from_college","13","10"
"70f69ca4-d226-4e06-8c3f-95690772183e","fa4b13bc-6768-4b5d-843e-2b8836ed9113","swargate-vit","0095597e-ebd1-4f83-a6c0-a8e94be6a92b","6c30c56b-74ce-4c24-a819-98b9ab6387f5","Laxmi Narayan Theatre","18.4965","73.8584","VIT College","18.4635","73.8682","2026-09-07T03:41:00.000Z","1","0","scooty","true","10","Please arrive five minutes early","COMPLETED","2026-09-07","8191cf82-5eb9-417e-8c72-d8b9c02bce29","09:41","13:40","travel_to_college","3","12"
"461e5561-1342-4de9-9f6e-44c7fdcf8d5d","8190565d-9fb1-4428-a386-4bb1b2f4fdee","katraj-vit","6c30c56b-74ce-4c24-a819-98b9ab6387f5","ebb92112-ef31-4ebe-a259-4e999c52f0fd","VIT College","18.4635","73.8682","Bharati Vidyapeeth","18.456","73.8574","2026-09-09T12:35:00.000Z","4","1","car","false","69","Please arrive five minutes early","COMPLETED","2026-09-09","fb826936-a5b8-457d-83c4-e899a445f106","13:50","17:50","return_from_college","13","3"
"cb373836-670c-4979-b437-20673338636b","e4b9e33a-9380-46ad-8b5f-37aca78f2d78","swargate-vit","11cd5543-db39-4321-9f12-008b367d2ce1","6c30c56b-74ce-4c24-a819-98b9ab6387f5","Upper Indira Nagar Bus Depot","18.4682","73.8623","VIT College","18.4635","73.8682","2026-09-09T02:10:00.000Z","1","0","bike","true","17","","COMPLETED","2026-09-09","13cb51f6-461f-4dcd-b2b5-9f9d4ed83b1b","08:10","11:46","travel_to_college","10","12"
"9580a374-62b1-4eae-bcd0-ac7f6a06f671","61b7de30-6ccf-41d6-881f-85e56e865717","katraj-vit","6c30c56b-74ce-4c24-a819-98b9ab6387f5","11cd5543-db39-4321-9f12-008b367d2ce1","VIT College","18.4635","73.8682","Upper Indira Nagar Bus Depot","18.4682","73.8623","2026-09-10T10:43:00.000Z","2","0","car","false","21","Pickup near the hub","SCHEDULED","2026-09-10","4326ef76-eae4-4044-90d1-23280b21ce66","12:30","15:58","return_from_college","13","11"
"c5afd19e-a176-4f40-a45b-6f111ad868a9","b3224a72-ff85-487a-a6c9-b6a1e3beb8dc","swargate-vit","a80964b4-72f5-43de-ad1a-bdcb9fca796e","6c30c56b-74ce-4c24-a819-98b9ab6387f5","Lower Indira Nagar Stop","18.4718","73.8618","VIT College","18.4635","73.8682","2026-09-11T02:46:00.000Z","3","2","car","false","22","Morning campus commute","COMPLETED","2026-09-11","6b39aecd-c020-47c1-a612-786d33951cee","08:46","12:30","travel_to_college","8","12"
"8e78585e-3cca-4d71-ae2d-e3ad9e95dc8b","81213212-6e43-4b70-96e8-51e59fb5e735","katraj-vit","6c30c56b-74ce-4c24-a819-98b9ab6387f5","0ad9adea-2c75-4d2a-86ae-34dcc0727788","VIT College","18.4635","73.8682","Shankar Maharaj Math","18.4735","73.8579","2026-09-12T09:37:00.000Z","1","1","scooty","true","20","Morning campus commute","COMPLETED","2026-09-12","eb517d19-6f66-4988-8bac-054e8fe99519","11:47","14:52","return_from_college","13","6"
"9545e0e9-642e-4404-a573-e92a596150aa","ae43995b-0b10-49a4-a37e-36a29c7b89fa","swargate-vit","19cfadd2-1ff7-4a2f-b5e3-eeb73f44cc28","6c30c56b-74ce-4c24-a819-98b9ab6387f5","Swargate PMPML Main Bus Stand","18.4991","73.8583","VIT College","18.4635","73.8682","2026-09-14T05:37:00.000Z","2","1","car","false","57","","COMPLETED","2026-09-14","7478456f-2d63-4d5d-9aee-fab7c9f7be63","11:37","14:43","travel_to_college","1","12"
"71ad94f4-57f7-4fac-817a-5a2a1cb72cad","2139d70e-ad87-4ff0-985d-00ddaa9d1f33","katraj-vit","6c30c56b-74ce-4c24-a819-98b9ab6387f5","86597dc2-00ef-475a-8a9a-daf0323897ca","VIT College","18.4635","73.8682","Katraj Terminal","18.4471","73.8562","2026-09-14T09:14:00.000Z","4","2","car","false","67","","CANCELLED","2026-09-14","4890effd-c44e-4022-872f-0975aefd1f4d","10:53","14:29","return_from_college","13","1"
"04d4075a-882a-44da-a10d-859151f3b47c","b13dc47d-8a9c-45eb-9dee-0cc214bf6ab4","swargate-vit","596f6d76-b8c5-4cf2-9058-1a1a334d424d","6c30c56b-74ce-4c24-a819-98b9ab6387f5","Panchami BRTS","18.4902","73.8586","VIT College","18.4635","73.8682","2026-09-15T05:58:00.000Z","1","0","bike","true","26","Morning campus commute","COMPLETED","2026-09-15","2df07815-c6c9-464a-8180-dc5f49f9280d","11:58","15:22","travel_to_college","4","12"
"d27e67f4-e6a7-4cab-9dd0-1692b1b0a82a","f1320520-f547-4abc-be6f-66bd5f323eb5","katraj-vit","6c30c56b-74ce-4c24-a819-98b9ab6387f5","86e290a5-7e39-4f7a-805e-a6154d820f01","VIT College","18.4635","73.8682","Market Yard Corner","18.4792","73.8581","2026-09-16T11:00:00.000Z","1","0","scooty","true","24","Pickup near the hub","COMPLETED","2026-09-16","0d1f68c1-a53f-4957-ab1f-781bfd659201","12:38","16:15","return_from_college","13","7"
"afd4311b-966f-4fc9-9674-d1effabc820f","acb16d87-c821-4f83-a7a0-8733496f99be","swargate-vit","0095597e-ebd1-4f83-a6c0-a8e94be6a92b","6c30c56b-74ce-4c24-a819-98b9ab6387f5","Laxmi Narayan Theatre","18.4965","73.8584","VIT College","18.4635","73.8682","2026-09-18T05:51:00.000Z","1","0","bike","true","28","","CANCELLED","2026-09-18","6d7371bc-eced-4e22-a2f7-46bbcbbba094","11:51","15:23","travel_to_college","3","12"
"beb44845-453e-4d94-bb99-749e6b27cb1e","d4a58744-1f9c-4554-9321-1fd9d20b1035","katraj-vit","6c30c56b-74ce-4c24-a819-98b9ab6387f5","af5c22fe-11db-4392-b90e-85f946c0a37b","VIT College","18.4635","73.8682","KK Market BRTS","18.4683","73.8579","2026-09-18T11:00:00.000Z","1","0","scooty","true","13","Please arrive five minutes early","COMPLETED","2026-09-18","e3f7bd3a-30f8-48f9-9f2b-abb08179c1b2","12:37","16:15","return_from_college","13","5"
"14e7ccea-1a48-4de5-984c-54c7fd2a09f4","5118be9b-6811-4a52-9a62-a0ced3f60e27","swargate-vit","0095597e-ebd1-4f83-a6c0-a8e94be6a92b","6c30c56b-74ce-4c24-a819-98b9ab6387f5","Laxmi Narayan Theatre","18.4965","73.8584","VIT College","18.4635","73.8682","2026-09-19T02:25:00.000Z","1","0","scooty","true","13","Please arrive five minutes early","COMPLETED","2026-09-19","afffac24-e345-4ddd-abc7-5b6597953153","08:25","11:34","travel_to_college","3","12"
"04f91d61-b13b-4d4c-9c9c-e6b2cef78c12","ccfa0157-3dc7-4140-84a7-8283ed55f1e4","katraj-vit","6c30c56b-74ce-4c24-a819-98b9ab6387f5","1bc21bdf-5bcc-4dd4-8140-eac24ae23b69","VIT College","18.4635","73.8682","Kashinath Patil Nagar Stop","18.4745","73.8631","2026-09-22T11:20:00.000Z","3","1","car","false","21","Morning campus commute","SCHEDULED","2026-09-22","c0d561ce-f3a9-4f08-ade3-ae936bc10650","13:29","16:35","return_from_college","13","10"
"8ab28b94-da4a-47a7-856e-bb3f911a092f","916eed74-db65-4e11-bce1-ffc16e674a10","swargate-vit","19cfadd2-1ff7-4a2f-b5e3-eeb73f44cc28","6c30c56b-74ce-4c24-a819-98b9ab6387f5","Swargate PMPML Main Bus Stand","18.4991","73.8583","VIT College","18.4635","73.8682","2026-09-21T07:46:00.000Z","3","1","car","false","32","Please arrive five minutes early","SCHEDULED","2026-09-21","84a15b1b-78af-47c9-a4dc-f466d85d8a8e","13:46","17:32","travel_to_college","1","12"
"e9d984c5-4020-4da0-80d0-e3c032d9fb7a","f64e308c-4a0b-433f-bebb-09536f52d5f4","katraj-vit","6c30c56b-74ce-4c24-a819-98b9ab6387f5","ebb92112-ef31-4ebe-a259-4e999c52f0fd","VIT College","18.4635","73.8682","Bharati Vidyapeeth","18.456","73.8574","2026-09-22T11:52:00.000Z","1","0","scooty","true","9","","SCHEDULED","2026-09-22","0947e133-cb19-4a5d-a866-b07a4d60c2fa","13:37","17:07","return_from_college","13","3"
"28fd002f-07f7-4e68-9dad-d29d9248e218","c36606d7-b032-4936-8403-b0f1a43f756a","swargate-vit","570167fe-7324-46a2-9cf4-fbea6048e8be","6c30c56b-74ce-4c24-a819-98b9ab6387f5","City Pride BRTS","18.4845","73.8583","VIT College","18.4635","73.8682","2026-09-24T03:19:00.000Z","4","2","car","false","51","","SCHEDULED","2026-09-24","f0ca6925-1d9d-442e-afeb-db3fc5479a38","09:19","13:18","travel_to_college","5","12"
"713cddf2-c3b7-4289-8da9-84c9aec1d256","dc034266-a00f-4347-8cd9-5799da807274","katraj-vit","6c30c56b-74ce-4c24-a819-98b9ab6387f5","0ad9adea-2c75-4d2a-86ae-34dcc0727788","VIT College","18.4635","73.8682","Shankar Maharaj Math","18.4735","73.8579","2026-09-24T08:10:00.000Z","2","1","car","false","35","Morning campus commute","SCHEDULED","2026-09-24","8bc693e4-9378-4c1a-a47d-1237d8342a20","09:57","13:25","return_from_college","13","6"
"994d541c-a0d6-4253-adf5-dee93277ee0d","917b003b-c912-4ed9-afb7-f7eba33fcb14","swargate-vit","570167fe-7324-46a2-9cf4-fbea6048e8be","6c30c56b-74ce-4c24-a819-98b9ab6387f5","City Pride BRTS","18.4845","73.8583","VIT College","18.4635","73.8682","2026-09-25T06:15:00.000Z","1","0","bike","false","30","Please arrive five minutes early","SCHEDULED","2026-09-25","9bc95b71-c253-4039-b8a3-df1888fd51fe","12:15","16:06","travel_to_college","5","12"
"97c6b31c-5466-45f4-874b-ec58b23010e4","17983e48-5904-4312-9f6c-9d6f749c8539","katraj-vit","6c30c56b-74ce-4c24-a819-98b9ab6387f5","11cd5543-db39-4321-9f12-008b367d2ce1","VIT College","18.4635","73.8682","Upper Indira Nagar Bus Depot","18.4682","73.8623","2026-09-28T11:55:00.000Z","1","0","scooty","false","19","","SCHEDULED","2026-09-28","f7a4f172-2395-4401-b4aa-0ad474aacad4","13:28","17:10","return_from_college","13","11"
"c6b6ec8c-fa82-4bc7-811e-2d6a2e654539","fb85cd08-9134-4e91-ad82-1bf40b5e18fe","swargate-vit","86e290a5-7e39-4f7a-805e-a6154d820f01","6c30c56b-74ce-4c24-a819-98b9ab6387f5","Market Yard Corner","18.4792","73.8581","VIT College","18.4635","73.8682","2026-09-30T06:15:00.000Z","1","0","bike","true","12","","SCHEDULED","2026-09-30","29dfe867-f16c-4b88-9437-b3dd7c96053b","12:15","16:05","travel_to_college","6","12"
"ea4686ae-04a6-4e3c-bf15-6aad0dee5c58","bab50b6c-7a07-4417-adaf-0a3f199ba726","katraj-vit","6c30c56b-74ce-4c24-a819-98b9ab6387f5","1bc21bdf-5bcc-4dd4-8140-eac24ae23b69","VIT College","18.4635","73.8682","Kashinath Patil Nagar Stop","18.4745","73.8631","2026-09-28T06:37:00.000Z","2","1","car","false","36","Morning campus commute","SCHEDULED","2026-09-28","8cf4a379-b7e5-4120-8f3f-0e5f4f125edb","08:47","11:52","return_from_college","13","10"
"5a2df2dd-cc6c-4a73-b584-fd67715f78e0","aada7730-4500-49e3-9240-e7ca2f69db98","swargate-vit","1bc21bdf-5bcc-4dd4-8140-eac24ae23b69","6c30c56b-74ce-4c24-a819-98b9ab6387f5","Kashinath Patil Nagar Stop","18.4745","73.8631","VIT College","18.4635","73.8682","2026-09-29T06:22:00.000Z","1","0","scooty","true","18","Please arrive five minutes early","SCHEDULED","2026-09-29","fe9920bb-b198-4f64-b92b-b3d07f57a003","12:22","16:01","travel_to_college","9","12"
"b706d681-5745-448b-a469-ef6a7454950f","f10fac1a-d7f2-4f4e-a8f2-d72fd48b371a","katraj-vit","6c30c56b-74ce-4c24-a819-98b9ab6387f5","876d2e4d-fad4-4ee2-916c-e5ad147030cf","VIT College","18.4635","73.8682","Katraj Dairy BRTS","18.4508","73.8569","2026-09-30T11:21:00.000Z","1","1","scooty","true","30","","SCHEDULED","2026-09-30","8def100c-789e-4155-a71e-f58b0976acd8","13:28","16:36","return_from_college","13","2"
"4b43287c-b8d6-4144-801f-8fc738d1f660","7a49978a-5b30-4a61-89ea-d655c3a89110","swargate-vit","19cfadd2-1ff7-4a2f-b5e3-eeb73f44cc28","6c30c56b-74ce-4c24-a819-98b9ab6387f5","Swargate PMPML Main Bus Stand","18.4991","73.8583","VIT College","18.4635","73.8682","2026-10-01T07:18:00.000Z","1","0","scooty","true","19","Morning campus commute","SCHEDULED","2026-10-01","5ef5c614-eb2b-4caa-af8c-cb76824a20a6","13:18","17:00","travel_to_college","1","12"
"2663d3af-98fe-4997-a9a5-c2079a3eb8e3","08fe57ab-1152-4527-a359-68c4e78e68d5","katraj-vit","6c30c56b-74ce-4c24-a819-98b9ab6387f5","0ad9adea-2c75-4d2a-86ae-34dcc0727788","VIT College","18.4635","73.8682","Shankar Maharaj Math","18.4735","73.8579","2026-10-02T08:01:00.000Z","1","0","scooty","true","22","Morning campus commute","SCHEDULED","2026-10-02","e1563eca-a84f-4794-b2bd-4241da83a8cd","09:30","13:16","return_from_college","13","6"
"60c3d7e5-9d4d-4553-87ac-9b1142f3ef9f","669af901-6937-4b2d-a11b-46de7e09eced","swargate-vit","a80964b4-72f5-43de-ad1a-bdcb9fca796e","6c30c56b-74ce-4c24-a819-98b9ab6387f5","Lower Indira Nagar Stop","18.4718","73.8618","VIT College","18.4635","73.8682","2026-10-03T03:09:00.000Z","1","0","bike","true","24","Morning campus commute","SCHEDULED","2026-10-03","4acfd856-8ddd-4dcc-9d5a-3b72323d97a4","09:09","12:10","travel_to_college","8","12"
"ed757b00-7bf5-43f0-a726-ba6bc7a83108","797bc6e5-c2a2-497c-bf6e-087c71a1d8b5","katraj-vit","6c30c56b-74ce-4c24-a819-98b9ab6387f5","ebb92112-ef31-4ebe-a259-4e999c52f0fd","VIT College","18.4635","73.8682","Bharati Vidyapeeth","18.456","73.8574","2026-10-05T10:17:00.000Z","2","1","car","false","43","","SCHEDULED","2026-10-05","9652aa97-2697-452a-b017-81536d14954c","12:28","15:32","return_from_college","13","3"
"abd4cbef-dd87-4896-8b4d-0e1f2563b91f","7f819a59-7908-47e3-8d88-f31823ce6b9f","swargate-vit","86e290a5-7e39-4f7a-805e-a6154d820f01","6c30c56b-74ce-4c24-a819-98b9ab6387f5","Market Yard Corner","18.4792","73.8581","VIT College","18.4635","73.8682","2026-10-06T06:06:00.000Z","1","0","bike","false","4","Pickup near the hub","SCHEDULED","2026-10-06","41aee892-2362-437a-b255-ad7983c6a5df","12:06","15:55","travel_to_college","6","12"
"07b55c01-5682-4721-8b66-2b08d0c5c419","08cf7a8e-ecd3-4df0-8139-226218b0981a","katraj-vit","6c30c56b-74ce-4c24-a819-98b9ab6387f5","af5c22fe-11db-4392-b90e-85f946c0a37b","VIT College","18.4635","73.8682","KK Market BRTS","18.4683","73.8579","2026-10-06T10:04:00.000Z","1","0","scooty","true","11","Pickup near the hub","SCHEDULED","2026-10-06","c5852d4c-720e-48ba-8145-20e854c34b27","12:11","15:19","return_from_college","13","5"
"6b14a4fc-2f9f-4e6e-b23d-4e2689cc7ef0","5ab9a35e-6ac7-4156-95ae-cc1e59bb9fa7","swargate-vit","86e290a5-7e39-4f7a-805e-a6154d820f01","6c30c56b-74ce-4c24-a819-98b9ab6387f5","Market Yard Corner","18.4792","73.8581","VIT College","18.4635","73.8682","2026-10-07T04:23:00.000Z","4","3","car","false","24","Please arrive five minutes early","SCHEDULED","2026-10-07","5341c213-5997-4fdd-ade2-0263e2c6c135","10:23","13:34","travel_to_college","6","12"
"c982b386-100e-4b39-9d32-15aa2528aadb","53329683-b608-43d8-93dd-40f75fc7d319","katraj-vit","6c30c56b-74ce-4c24-a819-98b9ab6387f5","86e290a5-7e39-4f7a-805e-a6154d820f01","VIT College","18.4635","73.8682","Market Yard Corner","18.4792","73.8581","2026-10-08T10:52:00.000Z","1","0","scooty","true","11","Please arrive five minutes early","SCHEDULED","2026-10-08","165468c4-5ce8-49ea-a92e-fb2555cdb5d3","12:46","16:07","return_from_college","13","7"
"8d0dd793-8e37-43a1-bac8-aa697bd633ce","984e14a4-a27e-416c-9397-0cf2fb53101f","swargate-vit","11cd5543-db39-4321-9f12-008b367d2ce1","6c30c56b-74ce-4c24-a819-98b9ab6387f5","Upper Indira Nagar Bus Depot","18.4682","73.8623","VIT College","18.4635","73.8682","2026-10-09T04:24:00.000Z","1","0","scooty","true","4","Pickup near the hub","SCHEDULED","2026-10-09","27c50c94-4718-4a12-99f0-dcb4a6fb6c3a","10:24","14:03","travel_to_college","10","12"
"61f52e72-52a3-4b0e-b0a2-2ea7ccf1e263","08c75e3d-df80-427a-b942-864b9136eb2a","katraj-vit","6c30c56b-74ce-4c24-a819-98b9ab6387f5","3221d156-13e7-4834-84ce-848f49b87be2","VIT College","18.4635","73.8682","Bibwewadi Bus Stop","18.4792","73.8615","2026-10-10T08:56:00.000Z","1","1","scooty","true","12","Morning campus commute","SCHEDULED","2026-10-10","c1b73343-96e8-40af-9d95-0439a5cb4310","10:42","14:11","return_from_college","13","8"
"8b3cee6b-4a19-4c8d-b82f-21d325d81f9b","77d7f815-239b-4019-bf1b-76b62751a21d","swargate-vit","570167fe-7324-46a2-9cf4-fbea6048e8be","6c30c56b-74ce-4c24-a819-98b9ab6387f5","City Pride BRTS","18.4845","73.8583","VIT College","18.4635","73.8682","2026-10-12T06:57:00.000Z","1","0","bike","true","29","Morning campus commute","SCHEDULED","2026-10-12","2f68535e-18b7-4a9a-a8ed-6fc1dadc441b","12:57","16:47","travel_to_college","5","12"
"60e51d1c-4db6-41cc-a466-d71fa743e3a1","fa8313a6-d0cd-4c89-ac5a-1bcf559767e4","katraj-vit","6c30c56b-74ce-4c24-a819-98b9ab6387f5","1bc21bdf-5bcc-4dd4-8140-eac24ae23b69","VIT College","18.4635","73.8682","Kashinath Patil Nagar Stop","18.4745","73.8631","2026-10-12T08:21:00.000Z","4","3","car","false","22","Please arrive five minutes early","SCHEDULED","2026-10-12","e2aea076-7de6-492f-8963-1eb1edf93d59","10:19","13:36","return_from_college","13","10"
"e1833241-4414-40fa-b50b-490641907094","26f04940-3483-4462-a324-84a3c523c941","swargate-vit","3221d156-13e7-4834-84ce-848f49b87be2","6c30c56b-74ce-4c24-a819-98b9ab6387f5","Bibwewadi Bus Stop","18.4792","73.8615","VIT College","18.4635","73.8682","2026-10-13T03:08:00.000Z","1","0","scooty","true","29","","SCHEDULED","2026-10-13","d688cf41-36f4-4372-90c9-da890c667caa","09:08","12:27","travel_to_college","7","12"
"3ac9de7e-bec1-42f7-8fa9-65df107e439c","364c0441-918b-402a-a77c-fc9446ad8d71","katraj-vit","6c30c56b-74ce-4c24-a819-98b9ab6387f5","3221d156-13e7-4834-84ce-848f49b87be2","VIT College","18.4635","73.8682","Bibwewadi Bus Stop","18.4792","73.8615","2026-10-14T09:30:00.000Z","3","1","car","false","52","","SCHEDULED","2026-10-14","a46c8f59-c214-4d23-bdad-7a2be842cce7","11:19","14:45","return_from_college","13","8"
"e18ffa39-51b9-4c89-87c6-2375d3dfec8a","1d69f9fe-09f6-4a0a-8dc1-753c6b3015e6","swargate-vit","19cfadd2-1ff7-4a2f-b5e3-eeb73f44cc28","6c30c56b-74ce-4c24-a819-98b9ab6387f5","Swargate PMPML Main Bus Stand","18.4991","73.8583","VIT College","18.4635","73.8682","2026-10-15T02:42:00.000Z","1","0","scooty","true","11","Pickup near the hub","SCHEDULED","2026-10-15","8ce932a8-86a8-4e0a-b516-d762e1fb8cc1","08:42","12:03","travel_to_college","1","12"
"ebf383f1-6041-477c-8b39-eb74e9f66ff1","0c422408-fcb3-49ec-919b-15b6c943586f","katraj-vit","6c30c56b-74ce-4c24-a819-98b9ab6387f5","876d2e4d-fad4-4ee2-916c-e5ad147030cf","VIT College","18.4635","73.8682","Katraj Dairy BRTS","18.4508","73.8569","2026-10-16T10:20:00.000Z","1","0","bike","false","12","Morning campus commute","SCHEDULED","2026-10-16","d37c2063-24cf-4f78-80f9-7ee3835c7c61","12:21","15:35","return_from_college","13","2"
"d54bc263-6d96-4e23-9154-7242e74a758b","8583b128-6eef-4c56-a566-5dc44a8d0a70","swargate-vit","596f6d76-b8c5-4cf2-9058-1a1a334d424d","6c30c56b-74ce-4c24-a819-98b9ab6387f5","Panchami BRTS","18.4902","73.8586","VIT College","18.4635","73.8682","2026-10-17T03:25:00.000Z","1","1","scooty","true","23","","SCHEDULED","2026-10-17","761a2e1f-9e90-4554-9875-41561a57d111","09:25","13:07","travel_to_college","4","12"
"dae7abf9-1dea-47a8-a3e3-3baccf480ef5","481621b5-ffcf-4751-b9e2-151c0182f97a","katraj-vit","6c30c56b-74ce-4c24-a819-98b9ab6387f5","a80964b4-72f5-43de-ad1a-bdcb9fca796e","VIT College","18.4635","73.8682","Lower Indira Nagar Stop","18.4718","73.8618","2026-10-19T06:28:00.000Z","4","3","car","false","22","Pickup near the hub","SCHEDULED","2026-10-19","15d6cab2-51eb-4290-a285-0845e0ae4ad2","08:29","11:43","return_from_college","13","9"
"8f6f07bc-40b3-4d20-ad36-f204245382be","25e86fcd-e6f3-4cae-abe5-69da8dc4879a","swargate-vit","596f6d76-b8c5-4cf2-9058-1a1a334d424d","6c30c56b-74ce-4c24-a819-98b9ab6387f5","Panchami BRTS","18.4902","73.8586","VIT College","18.4635","73.8682","2026-10-20T04:22:00.000Z","1","0","scooty","true","27","","SCHEDULED","2026-10-20","fd01bd74-7065-4ebf-961d-e8877d7b672c","10:22","14:22","travel_to_college","4","12"
"9332f881-ccfc-4094-9dc8-c4d5cd07b1b1","a78816e2-8aae-4e54-8410-968bc321f082","katraj-vit","6c30c56b-74ce-4c24-a819-98b9ab6387f5","3221d156-13e7-4834-84ce-848f49b87be2","VIT College","18.4635","73.8682","Bibwewadi Bus Stop","18.4792","73.8615","2026-10-22T08:48:00.000Z","1","0","bike","true","20","Pickup near the hub","SCHEDULED","2026-10-22","eb46d43a-f771-4a4f-a5f6-551133c4f096","10:27","14:03","return_from_college","13","8"
"ba1e12e2-9eb9-4b6c-a607-fc906828f215","1de804a1-1c04-4d9b-88a6-03aa475b2f23","swargate-vit","19cfadd2-1ff7-4a2f-b5e3-eeb73f44cc28","6c30c56b-74ce-4c24-a819-98b9ab6387f5","Swargate PMPML Main Bus Stand","18.4991","73.8583","VIT College","18.4635","73.8682","2026-10-21T03:45:00.000Z","1","0","scooty","true","22","Morning campus commute","SCHEDULED","2026-10-21","df3e0cd3-8a59-4c6a-b3f3-9a6501ecda5a","09:45","12:48","travel_to_college","1","12"
"e15c187d-7956-4a3e-9360-b632c088ec79","c366b16a-709a-4bd5-99f4-4d48e2a64d10","katraj-vit","6c30c56b-74ce-4c24-a819-98b9ab6387f5","11cd5543-db39-4321-9f12-008b367d2ce1","VIT College","18.4635","73.8682","Upper Indira Nagar Bus Depot","18.4682","73.8623","2026-10-22T08:00:00.000Z","1","1","scooty","true","14","Please arrive five minutes early","SCHEDULED","2026-10-22","fd371365-d95b-442f-9ce9-f5de66bf5890","09:33","13:15","return_from_college","13","11"
"0c045a71-d9cc-43be-9b09-97b1a3968080","b1b24393-ed6c-4074-a261-01b7aa240011","swargate-vit","86e290a5-7e39-4f7a-805e-a6154d820f01","6c30c56b-74ce-4c24-a819-98b9ab6387f5","Market Yard Corner","18.4792","73.8581","VIT College","18.4635","73.8682","2026-10-26T07:27:00.000Z","2","1","car","false","77","Please arrive five minutes early","SCHEDULED","2026-10-26","57a9d184-0c2f-4b88-9710-2ea7f62959cd","13:27","16:57","travel_to_college","6","12"
"1b8626db-a68f-476b-bda8-b29605dcd776","f2ff9e67-5a69-4146-a543-f1fed27fb87a","katraj-vit","6c30c56b-74ce-4c24-a819-98b9ab6387f5","86e290a5-7e39-4f7a-805e-a6154d820f01","VIT College","18.4635","73.8682","Market Yard Corner","18.4792","73.8581","2026-10-24T08:45:00.000Z","4","3","car","false","40","Please arrive five minutes early","SCHEDULED","2026-10-24","d759f1a6-e284-4a66-ab20-47c1bf214ab6","11:00","14:00","return_from_college","13","7"
"f41ffac4-95e0-499c-9b01-ae2b4bc42c21","fc17bde9-8039-463a-b2df-6dd060d08969","swargate-vit","570167fe-7324-46a2-9cf4-fbea6048e8be","6c30c56b-74ce-4c24-a819-98b9ab6387f5","City Pride BRTS","18.4845","73.8583","VIT College","18.4635","73.8682","2026-10-26T06:06:00.000Z","1","0","bike","true","2","","SCHEDULED","2026-10-26","d0ed3269-7399-467c-af75-99417f5890ba","12:06","15:36","travel_to_college","5","12"
"d6ebd3f4-914a-4517-9eef-f1d87a4c2492","7ecb9a58-e71e-47e3-b199-1b14f78ab1cd","katraj-vit","6c30c56b-74ce-4c24-a819-98b9ab6387f5","ebb92112-ef31-4ebe-a259-4e999c52f0fd","VIT College","18.4635","73.8682","Bharati Vidyapeeth","18.456","73.8574","2026-10-26T10:11:00.000Z","1","1","bike","true","27","","SCHEDULED","2026-10-26","75161911-ddce-4998-bd49-99423b3639f2","11:27","15:26","return_from_college","13","3"
"48e9d49e-e4c1-48af-887f-45f8af95b056","50ca192e-d3dc-40d0-996b-6eea924c44d8","swargate-vit","11cd5543-db39-4321-9f12-008b367d2ce1","6c30c56b-74ce-4c24-a819-98b9ab6387f5","Upper Indira Nagar Bus Depot","18.4682","73.8623","VIT College","18.4635","73.8682","2026-10-27T06:34:00.000Z","1","0","bike","true","9","Morning campus commute","SCHEDULED","2026-10-27","fc21b5d1-5a1e-49c3-b67e-3a2195d56bac","12:34","16:17","travel_to_college","10","12"
"fde6ff47-b7a0-4c75-9ca8-424f0aea8b8a","8fcb293d-bce3-4068-b448-c15533882e86","katraj-vit","6c30c56b-74ce-4c24-a819-98b9ab6387f5","fea32ab3-d832-43d3-a3a0-788e8711526d","VIT College","18.4635","73.8682","Balaji Nagar BRTS","18.4628","73.8577","2026-10-29T08:04:00.000Z","4","3","car","false","74","","SCHEDULED","2026-10-29","5e5d5b2c-14b0-48fa-b5d3-3473f4b0ca4c","09:44","13:19","return_from_college","13","4"
"973aa5ca-1a17-4a55-bc64-48aa4f3d91d9","399cdebc-51c2-422b-87a5-220f8cc2d7ac","swargate-vit","11cd5543-db39-4321-9f12-008b367d2ce1","6c30c56b-74ce-4c24-a819-98b9ab6387f5","Upper Indira Nagar Bus Depot","18.4682","73.8623","VIT College","18.4635","73.8682","2026-10-29T04:50:00.000Z","1","0","bike","true","16","Pickup near the hub","SCHEDULED","2026-10-29","10758544-8cf0-470b-8702-de1667b0473b","10:50","14:00","travel_to_college","10","12"
"e5ab4d78-27aa-4a41-9db3-993370985546","ff933861-ecae-470a-9ee4-3663e749fdbc","katraj-vit","6c30c56b-74ce-4c24-a819-98b9ab6387f5","876d2e4d-fad4-4ee2-916c-e5ad147030cf","VIT College","18.4635","73.8682","Katraj Dairy BRTS","18.4508","73.8569","2026-10-31T07:26:00.000Z","1","0","bike","true","29","Please arrive five minutes early","SCHEDULED","2026-10-31","6ba507d1-65f0-43b9-822b-09906c9f77b5","09:08","12:41","return_from_college","13","2"
"a9e80342-6cec-42ba-b981-0e229d2d5046","f34b84c7-eb95-4dff-958a-ef69c608f272","swargate-vit","11cd5543-db39-4321-9f12-008b367d2ce1","6c30c56b-74ce-4c24-a819-98b9ab6387f5","Upper Indira Nagar Bus Depot","18.4682","73.8623","VIT College","18.4635","73.8682","2026-11-02T04:23:00.000Z","3","2","car","false","52","","SCHEDULED","2026-11-02","d76405f7-c725-4167-88d8-60cff1b8541f","10:23","13:43","travel_to_college","10","12"
"acf93cf4-9e54-4569-887d-4289bedf6b9c","6279cde7-2c2c-4986-a9a4-55039693b818","katraj-vit","6c30c56b-74ce-4c24-a819-98b9ab6387f5","86e290a5-7e39-4f7a-805e-a6154d820f01","VIT College","18.4635","73.8682","Market Yard Corner","18.4792","73.8581","2026-11-02T06:36:00.000Z","1","0","bike","true","18","Please arrive five minutes early","SCHEDULED","2026-11-02","def430dc-8393-465c-a495-8acf8afbb309","08:02","11:51","return_from_college","13","7"
"e8667c4f-2d5f-42ec-8e58-87839a8d1747","61a5fb10-8cc3-48db-a009-2fdb4eb9c378","swargate-vit","11cd5543-db39-4321-9f12-008b367d2ce1","6c30c56b-74ce-4c24-a819-98b9ab6387f5","Upper Indira Nagar Bus Depot","18.4682","73.8623","VIT College","18.4635","73.8682","2026-11-03T06:42:00.000Z","3","1","car","false","61","Morning campus commute","SCHEDULED","2026-11-03","ae92adb5-4861-430d-a305-109671464eaf","12:42","15:57","travel_to_college","10","12"
"dc4f1378-fa9d-491f-989b-2adebf496cbc","aa4ac675-15bc-49db-b7fa-84335d28cdc7","katraj-vit","6c30c56b-74ce-4c24-a819-98b9ab6387f5","ebb92112-ef31-4ebe-a259-4e999c52f0fd","VIT College","18.4635","73.8682","Bharati Vidyapeeth","18.456","73.8574","2026-11-03T08:47:00.000Z","1","0","bike","true","29","Morning campus commute","SCHEDULED","2026-11-03","35531c12-3046-46f4-af64-b928bbfc1b44","10:55","14:02","return_from_college","13","3"
"99f441eb-bb0f-43c9-9137-0a1796ac06ca","6b38852c-3199-4130-9bef-739d2cbf98cd","swargate-vit","11cd5543-db39-4321-9f12-008b367d2ce1","6c30c56b-74ce-4c24-a819-98b9ab6387f5","Upper Indira Nagar Bus Depot","18.4682","73.8623","VIT College","18.4635","73.8682","2026-11-04T06:07:00.000Z","1","0","scooty","true","29","Pickup near the hub","SCHEDULED","2026-11-04","5f85df88-cdc6-43af-979e-ae0bd03c5899","12:07","15:31","travel_to_college","10","12"
"3ef932f8-9b79-48ff-abbc-2273cdb6085b","32c9560a-e267-4d5f-85c7-ca585ac3975e","katraj-vit","6c30c56b-74ce-4c24-a819-98b9ab6387f5","a80964b4-72f5-43de-ad1a-bdcb9fca796e","VIT College","18.4635","73.8682","Lower Indira Nagar Stop","18.4718","73.8618","2026-11-05T11:56:00.000Z","1","0","scooty","true","22","Morning campus commute","SCHEDULED","2026-11-05","6036ecd0-b69b-4d93-9d4e-8ad0d19f3adc","13:27","17:11","return_from_college","13","9"
"7f6f7c81-be98-40f5-aa11-509328ce383f","15ef891e-746f-4219-8638-297ada541a3a","swargate-vit","eb0d92a7-38aa-446a-9f38-091814ea3abd","6c30c56b-74ce-4c24-a819-98b9ab6387f5","Chintamani Nagar","18.4651","73.864","VIT College","18.4635","73.8682","2026-08-10T06:47:00.000Z","2","2","car","false","42","","COMPLETED","2026-08-10","29e6ec77-bfe6-4c35-b1c6-6d783f9806b9","12:47","16:18","travel_to_college","11","12"
"214b642e-0f38-471f-a2f5-2ef1c70c23dc","c4608e10-532e-42df-b9ca-6399d157bc77","katraj-vit","6c30c56b-74ce-4c24-a819-98b9ab6387f5","a80964b4-72f5-43de-ad1a-bdcb9fca796e","VIT College","18.4635","73.8682","Lower Indira Nagar Stop","18.4718","73.8618","2026-08-10T06:54:00.000Z","1","0","bike","true","4","Pickup near the hub","COMPLETED","2026-08-10","8c11e4c7-243b-4dc1-93fb-dc45fea234ba","09:06","12:09","return_from_college","13","9"
"892e5adb-bb66-43ba-b497-55611d3ffa6e","9c577260-815e-4814-ae42-db071f0604b0","swargate-vit","1bc21bdf-5bcc-4dd4-8140-eac24ae23b69","6c30c56b-74ce-4c24-a819-98b9ab6387f5","Kashinath Patil Nagar Stop","18.4745","73.8631","VIT College","18.4635","73.8682","2026-08-10T07:25:00.000Z","1","0","scooty","false","29","","CANCELLED","2026-08-10","1f843a1b-0fdf-4f69-ba32-13258e429f08","13:25","17:20","travel_to_college","9","12"
"f8b3b161-489a-47e1-97f1-0478054aa733","11e76d6b-888c-4c86-a3f2-2d4bab255598","katraj-vit","6c30c56b-74ce-4c24-a819-98b9ab6387f5","86597dc2-00ef-475a-8a9a-daf0323897ca","VIT College","18.4635","73.8682","Katraj Terminal","18.4471","73.8562","2026-08-11T07:39:00.000Z","1","0","bike","true","17","Please arrive five minutes early","COMPLETED","2026-08-11","2a8b4251-04a8-47e6-aaea-f7ff7d7c1946","09:17","12:54","return_from_college","13","1"
"ab7c2a2d-d1ea-446d-bdd8-99f2f29b6db6","12e82429-ecad-4a76-bc1b-fddf73c8c117","swargate-vit","19cfadd2-1ff7-4a2f-b5e3-eeb73f44cc28","6c30c56b-74ce-4c24-a819-98b9ab6387f5","Swargate PMPML Main Bus Stand","18.4991","73.8583","VIT College","18.4635","73.8682","2026-08-12T04:33:00.000Z","1","1","bike","true","7","Please arrive five minutes early","COMPLETED","2026-08-12","047c9612-35e1-4247-84b6-77406c1f83fb","10:33","14:14","travel_to_college","1","12"
"2436d6b5-ff6c-4acd-a0a3-cb8dee6af77e","ac87c729-c400-43ff-9619-cd867435a982","katraj-vit","6c30c56b-74ce-4c24-a819-98b9ab6387f5","a80964b4-72f5-43de-ad1a-bdcb9fca796e","VIT College","18.4635","73.8682","Lower Indira Nagar Stop","18.4718","73.8618","2026-08-13T08:13:00.000Z","3","1","car","false","56","","SCHEDULED","2026-08-13","5bfe861b-16f6-4712-9db6-6036cbe1d70f","09:34","13:28","return_from_college","13","9"
"c9abd69a-95fb-4047-88aa-1a4f0b89e684","65caf2f5-0b5e-452f-a096-f7f73ba694f9","swargate-vit","eb0d92a7-38aa-446a-9f38-091814ea3abd","6c30c56b-74ce-4c24-a819-98b9ab6387f5","Chintamani Nagar","18.4651","73.864","VIT College","18.4635","73.8682","2026-08-15T05:06:00.000Z","1","0","scooty","true","16","Morning campus commute","CANCELLED","2026-08-15","b818b47f-f964-4fe9-bb10-602d326e6e6b","11:06","14:38","travel_to_college","11","12"
"02a9338d-3033-411e-9890-d4215b1f489e","e1b6b10d-5653-452d-a57d-24e8752b2f52","katraj-vit","6c30c56b-74ce-4c24-a819-98b9ab6387f5","3221d156-13e7-4834-84ce-848f49b87be2","VIT College","18.4635","73.8682","Bibwewadi Bus Stop","18.4792","73.8615","2026-08-15T09:16:00.000Z","1","0","scooty","true","0","Pickup near the hub","CANCELLED","2026-08-15","f3fdc93b-a010-4810-b206-ac5de6a7eb6a","11:19","14:31","return_from_college","13","8"
"843d409e-ee28-4db1-8b51-6f0676ff96f8","a53ad219-be12-4a6b-9852-64dfe8aa6236","swargate-vit","3221d156-13e7-4834-84ce-848f49b87be2","6c30c56b-74ce-4c24-a819-98b9ab6387f5","Bibwewadi Bus Stop","18.4792","73.8615","VIT College","18.4635","73.8682","2026-08-17T04:51:00.000Z","2","0","car","false","37","Please arrive five minutes early","CANCELLED","2026-08-17","0cdfb75c-ae03-4a36-92f4-1c7bdacd462d","10:51","13:53","travel_to_college","7","12"
"5dd3314d-5acc-49a3-b1f7-a4223ac2c922","969131e9-4cc6-483d-82f8-990f056d6c5a","katraj-vit","6c30c56b-74ce-4c24-a819-98b9ab6387f5","ebb92112-ef31-4ebe-a259-4e999c52f0fd","VIT College","18.4635","73.8682","Bharati Vidyapeeth","18.456","73.8574","2026-08-17T09:44:00.000Z","1","0","scooty","true","19","Pickup near the hub","SCHEDULED","2026-08-17","f48ef106-0531-4c55-a51c-70ca7b122cd0","11:41","14:59","return_from_college","13","3"
"dab37055-85ba-475d-b0f7-35641b127e7e","38d92c3f-f6e4-4c90-add9-6f5ecbcd5bde","swargate-vit","0c2d013a-9422-4c89-905f-4ec287ba2251","6c30c56b-74ce-4c24-a819-98b9ab6387f5","Swargate BRTS Stop","18.4982","73.8588","VIT College","18.4635","73.8682","2026-08-18T04:48:00.000Z","1","0","scooty","true","27","Pickup near the hub","SCHEDULED","2026-08-18","618be6e2-6518-4c92-9b4f-baac99977102","10:48","14:25","travel_to_college","2","12"
"88d1d342-cfe3-469a-b549-4361d99d2379","a7b7dfcb-b36f-4cfc-abf8-afd48e896a75","katraj-vit","6c30c56b-74ce-4c24-a819-98b9ab6387f5","86e290a5-7e39-4f7a-805e-a6154d820f01","VIT College","18.4635","73.8682","Market Yard Corner","18.4792","73.8581","2026-08-19T07:00:00.000Z","1","1","scooty","true","13","Please arrive five minutes early","CANCELLED","2026-08-19","7ce66ea8-9e23-482b-a453-9e4cc8af94b2","08:36","12:15","return_from_college","13","7"
"03036283-52a2-43ac-8f47-2960e7def183","2b79909a-3fc7-4286-93ba-521d9aa64a8f","swargate-vit","596f6d76-b8c5-4cf2-9058-1a1a334d424d","6c30c56b-74ce-4c24-a819-98b9ab6387f5","Panchami BRTS","18.4902","73.8586","VIT College","18.4635","73.8682","2026-08-20T06:11:00.000Z","1","0","scooty","true","4","Please arrive five minutes early","COMPLETED","2026-08-20","7c96f2d9-9e9f-49d4-b011-86fc29553d5b","12:11","15:58","travel_to_college","4","12"
"ead236c5-2b28-4552-9ef6-7359bc6cebe2","5a240b3c-f182-4a30-82d1-ae0f6586bff3","katraj-vit","6c30c56b-74ce-4c24-a819-98b9ab6387f5","3221d156-13e7-4834-84ce-848f49b87be2","VIT College","18.4635","73.8682","Bibwewadi Bus Stop","18.4792","73.8615","2026-08-24T11:27:00.000Z","1","0","bike","true","9","Please arrive five minutes early","COMPLETED","2026-08-24","5d881ed8-7cfd-44f4-9a6c-2023cc648fa8","12:56","16:42","return_from_college","13","8"
"985b307c-1207-41da-bd03-297623770ad0","9beabcea-410e-43e0-9c0e-c32f2476c785","swargate-vit","19cfadd2-1ff7-4a2f-b5e3-eeb73f44cc28","6c30c56b-74ce-4c24-a819-98b9ab6387f5","Swargate PMPML Main Bus Stand","18.4991","73.8583","VIT College","18.4635","73.8682","2026-08-22T06:19:00.000Z","2","0","car","false","61","Please arrive five minutes early","CANCELLED","2026-08-22","eb72b966-3355-4264-b617-17c5cd928679","12:19","16:17","travel_to_college","1","12"
"e85c32ab-28e2-49d3-b6b5-8164b3e2d9b1","30e63cfd-4d4a-41f2-9c08-fe7bb0c7d4b0","katraj-vit","6c30c56b-74ce-4c24-a819-98b9ab6387f5","af5c22fe-11db-4392-b90e-85f946c0a37b","VIT College","18.4635","73.8682","KK Market BRTS","18.4683","73.8579","2026-08-27T11:11:00.000Z","1","0","scooty","true","2","Please arrive five minutes early","SCHEDULED","2026-08-27","90602601-b9f3-4a81-a3cc-0146d9fcd132","13:14","16:26","return_from_college","13","5"
"c37d81f7-cada-4bb7-96c0-550745d2d5c2","85bed899-042e-4b82-a6ac-e7f8e8652524","swargate-vit","0095597e-ebd1-4f83-a6c0-a8e94be6a92b","6c30c56b-74ce-4c24-a819-98b9ab6387f5","Laxmi Narayan Theatre","18.4965","73.8584","VIT College","18.4635","73.8682","2026-08-24T05:43:00.000Z","1","0","scooty","true","3","Pickup near the hub","SCHEDULED","2026-08-24","0d993e64-f291-47c6-bab7-ad3a0cfad008","11:43","15:13","travel_to_college","3","12"
"e72019a5-1885-454c-ae6a-1db99599b533","5b9101ca-8247-4c12-bf7c-68abf2b98166","katraj-vit","6c30c56b-74ce-4c24-a819-98b9ab6387f5","86597dc2-00ef-475a-8a9a-daf0323897ca","VIT College","18.4635","73.8682","Katraj Terminal","18.4471","73.8562","2026-08-25T06:39:00.000Z","1","0","scooty","true","15","","COMPLETED","2026-08-25","9f692022-4e42-40ee-8e46-34be8bdafa67","08:53","11:54","return_from_college","13","1"
"4129545e-a9da-496b-8833-fe612ba9d51d","5468079d-9fdf-4eb9-9b29-ed8a7c650d7c","swargate-vit","3221d156-13e7-4834-84ce-848f49b87be2","6c30c56b-74ce-4c24-a819-98b9ab6387f5","Bibwewadi Bus Stop","18.4792","73.8615","VIT College","18.4635","73.8682","2026-08-26T03:06:00.000Z","1","0","scooty","true","1","","COMPLETED","2026-08-26","2239360c-af07-4203-828b-b7620e1ed01e","09:06","12:24","travel_to_college","7","12"
"851a8b7d-f37d-4d07-9a56-8af7bdfa64a6","2cabb8ae-b3d7-4c51-8207-1b8fc7300e2c","katraj-vit","6c30c56b-74ce-4c24-a819-98b9ab6387f5","11cd5543-db39-4321-9f12-008b367d2ce1","VIT College","18.4635","73.8682","Upper Indira Nagar Bus Depot","18.4682","73.8623","2026-08-27T09:28:00.000Z","1","0","bike","true","19","Pickup near the hub","COMPLETED","2026-08-27","884d9579-1ed0-43a8-8374-5713ed27d948","11:35","14:43","return_from_college","13","11"
"7c840af6-4171-4bcd-bcfb-daf55b13aa67","e16a421d-031b-47d3-936b-9d6bed68b285","swargate-vit","0095597e-ebd1-4f83-a6c0-a8e94be6a92b","6c30c56b-74ce-4c24-a819-98b9ab6387f5","Laxmi Narayan Theatre","18.4965","73.8584","VIT College","18.4635","73.8682","2026-08-29T05:05:00.000Z","3","2","car","false","74","Pickup near the hub","CANCELLED","2026-08-29","d9890d57-b832-450e-8981-66b9f44d4a5b","11:05","14:09","travel_to_college","3","12"
"0b37b0e9-5d02-4741-96d2-c7256cb5a0c5","2cb66b98-63d0-4a21-a9ed-c884d238b71c","katraj-vit","6c30c56b-74ce-4c24-a819-98b9ab6387f5","0ad9adea-2c75-4d2a-86ae-34dcc0727788","VIT College","18.4635","73.8682","Shankar Maharaj Math","18.4735","73.8579","2026-08-29T08:10:00.000Z","1","0","scooty","true","18","Morning campus commute","COMPLETED","2026-08-29","042292da-15f5-4398-9f29-07652022add3","09:43","13:25","return_from_college","13","6"
"b2ad7e38-3eaf-4e1f-bd3a-207f163f0991","61caa1f5-7dee-45a4-964a-8e5ed8b6a158","swargate-vit","0095597e-ebd1-4f83-a6c0-a8e94be6a92b","6c30c56b-74ce-4c24-a819-98b9ab6387f5","Laxmi Narayan Theatre","18.4965","73.8584","VIT College","18.4635","73.8682","2026-08-31T04:09:00.000Z","2","0","car","false","42","Morning campus commute","COMPLETED","2026-08-31","dacf2164-1e93-49c7-86fd-ad1717a91659","10:09","13:37","travel_to_college","3","12"
"282d040b-e458-4f43-87ce-6e90e60a984e","dd95ce1d-b76e-4f1f-9a03-108aea02d0d2","katraj-vit","6c30c56b-74ce-4c24-a819-98b9ab6387f5","eb0d92a7-38aa-446a-9f38-091814ea3abd","VIT College","18.4635","73.8682","Chintamani Nagar","18.4651","73.864","2026-08-31T07:07:00.000Z","1","0","scooty","false","23","Please arrive five minutes early","SCHEDULED","2026-08-31","c378f237-a4d4-4927-af1a-d738fe0684b4","09:17","12:22","return_from_college","13","12"
"dfec08f0-d98e-4253-9921-8a8d2f0a104f","95204930-6f62-4024-8493-801a30e46f1a","swargate-vit","0c2d013a-9422-4c89-905f-4ec287ba2251","6c30c56b-74ce-4c24-a819-98b9ab6387f5","Swargate BRTS Stop","18.4982","73.8588","VIT College","18.4635","73.8682","2026-09-01T05:58:00.000Z","1","0","scooty","true","0","Pickup near the hub","COMPLETED","2026-09-01","15727bcf-4332-414a-915e-97ca355c8fe5","11:58","15:26","travel_to_college","2","12"
"4793818c-9038-444e-9a31-d8ccf26be3c5","037ed347-fb73-4043-a8e2-c7edc58d6dac","katraj-vit","6c30c56b-74ce-4c24-a819-98b9ab6387f5","eb0d92a7-38aa-446a-9f38-091814ea3abd","VIT College","18.4635","73.8682","Chintamani Nagar","18.4651","73.864","2026-09-02T08:06:00.000Z","4","3","car","false","62","Pickup near the hub","COMPLETED","2026-09-02","0771ddc9-b997-403f-9a21-b6c67e9f56d6","09:48","13:21","return_from_college","13","12"
"93f7539a-51b9-4ec8-a0d5-6e9b125e2c9d","843078cc-2ea7-483f-83b3-cc8bae6695c6","swargate-vit","11cd5543-db39-4321-9f12-008b367d2ce1","6c30c56b-74ce-4c24-a819-98b9ab6387f5","Upper Indira Nagar Bus Depot","18.4682","73.8623","VIT College","18.4635","73.8682","2026-09-03T05:29:00.000Z","1","0","bike","true","30","Pickup near the hub","COMPLETED","2026-09-03","6edc5cf9-bf36-4f80-9226-a4e6d4013593","11:29","15:28","travel_to_college","10","12"
"a779d34a-da11-45ce-b862-8cb194d96518","d04ea078-3e78-494d-83a0-92fee39d6bb7","katraj-vit","6c30c56b-74ce-4c24-a819-98b9ab6387f5","86597dc2-00ef-475a-8a9a-daf0323897ca","VIT College","18.4635","73.8682","Katraj Terminal","18.4471","73.8562","2026-09-04T11:50:00.000Z","1","0","scooty","true","12","","CANCELLED","2026-09-04","5756105e-907e-41aa-9f5f-6037f62934a4","13:15","17:05","return_from_college","13","1"
"630d16a7-18c7-422e-b6ef-712ff998edf2","d022c9ae-ee6b-4085-b2c1-11a5c9e6c784","swargate-vit","596f6d76-b8c5-4cf2-9058-1a1a334d424d","6c30c56b-74ce-4c24-a819-98b9ab6387f5","Panchami BRTS","18.4902","73.8586","VIT College","18.4635","73.8682","2026-09-07T04:08:00.000Z","4","3","car","false","33","Please arrive five minutes early","CANCELLED","2026-09-07","41cea8dc-e437-4f0e-87e9-727a469261af","10:08","13:16","travel_to_college","4","12"
"0760b464-4565-493d-a922-94ca9e91fc6e","be9c6ca4-6ee9-481b-8039-dcc0a742224e","katraj-vit","6c30c56b-74ce-4c24-a819-98b9ab6387f5","eb0d92a7-38aa-446a-9f38-091814ea3abd","VIT College","18.4635","73.8682","Chintamani Nagar","18.4651","73.864","2026-09-07T07:09:00.000Z","1","0","bike","true","1","","COMPLETED","2026-09-07","03a5db69-5dbd-4afc-bf84-a69345870aa9","08:43","12:24","return_from_college","13","12"
"86d85086-7769-434c-94ed-99cb9e53e17f","39147f90-fbda-49de-88ec-5fe656c0d7b4","swargate-vit","570167fe-7324-46a2-9cf4-fbea6048e8be","6c30c56b-74ce-4c24-a819-98b9ab6387f5","City Pride BRTS","18.4845","73.8583","VIT College","18.4635","73.8682","2026-09-08T02:38:00.000Z","1","0","bike","true","17","","COMPLETED","2026-09-08","ce8c158f-0216-4974-920d-e3c75ea300d0","08:38","12:24","travel_to_college","5","12"
"42d0dc10-3ea3-455f-b23d-3388179c0489","ce05a8a6-09ab-4705-92d1-3f61a51fd69d","katraj-vit","6c30c56b-74ce-4c24-a819-98b9ab6387f5","876d2e4d-fad4-4ee2-916c-e5ad147030cf","VIT College","18.4635","73.8682","Katraj Dairy BRTS","18.4508","73.8569","2026-09-08T11:24:00.000Z","1","0","bike","false","26","Morning campus commute","COMPLETED","2026-09-08","cb740d0c-eba1-470f-881a-9d26c3f1cce1","13:39","16:39","return_from_college","13","2"
"6a6e2627-f884-4cca-8c1d-82b75cc700a8","be4d340c-e4ae-41d8-a1a2-337d84d2bfc1","swargate-vit","a80964b4-72f5-43de-ad1a-bdcb9fca796e","6c30c56b-74ce-4c24-a819-98b9ab6387f5","Lower Indira Nagar Stop","18.4718","73.8618","VIT College","18.4635","73.8682","2026-09-10T05:12:00.000Z","1","0","bike","false","15","Morning campus commute","COMPLETED","2026-09-10","b4cd3e9e-e546-4794-8645-fbe2908fb790","11:12","14:13","travel_to_college","8","12"
"83792133-906a-4a54-925e-9cf2ffbbd04c","d79a63da-78e9-4b42-a5b3-c04b428ae1c7","katraj-vit","6c30c56b-74ce-4c24-a819-98b9ab6387f5","eb0d92a7-38aa-446a-9f38-091814ea3abd","VIT College","18.4635","73.8682","Chintamani Nagar","18.4651","73.864","2026-09-10T11:07:00.000Z","1","0","scooty","false","25","Please arrive five minutes early","COMPLETED","2026-09-10","c56898e5-3ea1-4e20-9a53-032ff27b535e","12:25","16:22","return_from_college","13","12"
"d565f92d-9cc8-45c7-8ae3-6c26ad5485ce","b0ac27cd-c785-4a92-96f7-125faca0aafd","swargate-vit","1bc21bdf-5bcc-4dd4-8140-eac24ae23b69","6c30c56b-74ce-4c24-a819-98b9ab6387f5","Kashinath Patil Nagar Stop","18.4745","73.8631","VIT College","18.4635","73.8682","2026-09-11T07:14:00.000Z","3","3","car","false","50","Please arrive five minutes early","COMPLETED","2026-09-11","eb2dd59f-b9e2-4f72-a02a-de3e59f66946","13:14","16:47","travel_to_college","9","12"
"32064162-b31e-4d34-8d16-0b054cd4c9f3","7cbb830b-c6bc-4fec-a09b-14b8c825bef8","katraj-vit","6c30c56b-74ce-4c24-a819-98b9ab6387f5","86e290a5-7e39-4f7a-805e-a6154d820f01","VIT College","18.4635","73.8682","Market Yard Corner","18.4792","73.8581","2026-09-14T10:53:00.000Z","4","2","car","false","61","Morning campus commute","CANCELLED","2026-09-14","446c0108-d92b-4a4c-9e08-fa80337d6308","12:28","16:08","return_from_college","13","7"
"1bb0ca9f-7ac2-480a-abe5-64665cad0575","fbd59ae5-86aa-4b7c-b82b-b7c0b9d357a3","swargate-vit","3221d156-13e7-4834-84ce-848f49b87be2","6c30c56b-74ce-4c24-a819-98b9ab6387f5","Bibwewadi Bus Stop","18.4792","73.8615","VIT College","18.4635","73.8682","2026-09-14T02:15:00.000Z","1","0","scooty","true","5","Please arrive five minutes early","SCHEDULED","2026-09-14","7fe20e88-79d7-4522-822c-333a1a351e21","08:15","11:22","travel_to_college","7","12"
"156cd93a-db1d-418b-a796-dc3c5cb50b91","51e576cc-ab7a-49bd-ad0b-21fda7d2bda2","katraj-vit","6c30c56b-74ce-4c24-a819-98b9ab6387f5","eb0d92a7-38aa-446a-9f38-091814ea3abd","VIT College","18.4635","73.8682","Chintamani Nagar","18.4651","73.864","2026-09-14T09:07:00.000Z","1","0","bike","false","5","","COMPLETED","2026-09-14","0b8eb1f6-0dba-40be-bef1-8b7269fc4d02","10:50","14:22","return_from_college","13","12"
"a19cd6f6-71fe-46ad-95dd-c6c8c35314ca","2f12a413-553c-4203-bffb-955e3123875f","swargate-vit","3221d156-13e7-4834-84ce-848f49b87be2","6c30c56b-74ce-4c24-a819-98b9ab6387f5","Bibwewadi Bus Stop","18.4792","73.8615","VIT College","18.4635","73.8682","2026-09-15T04:10:00.000Z","1","0","bike","true","28","","SCHEDULED","2026-09-15","6db4ab0b-a329-41f8-a8b0-1b9061efa5a0","10:10","13:23","travel_to_college","7","12"
"adea95bf-9fe1-4684-ad59-00188f08489f","666980bd-8e4f-4f8c-8b8f-e0c3b08af505","katraj-vit","6c30c56b-74ce-4c24-a819-98b9ab6387f5","eb0d92a7-38aa-446a-9f38-091814ea3abd","VIT College","18.4635","73.8682","Chintamani Nagar","18.4651","73.864","2026-09-17T08:15:00.000Z","1","0","bike","true","16","Morning campus commute","COMPLETED","2026-09-17","b401d181-193f-44c4-9b32-adf3a1fe011c","10:03","13:30","return_from_college","13","12"
"4c716616-f7ba-45a6-b4d7-12f375280467","ced6df1d-3ee8-4c76-8610-955b666d02b6","swargate-vit","19cfadd2-1ff7-4a2f-b5e3-eeb73f44cc28","6c30c56b-74ce-4c24-a819-98b9ab6387f5","Swargate PMPML Main Bus Stand","18.4991","73.8583","VIT College","18.4635","73.8682","2026-09-18T05:30:00.000Z","1","0","bike","true","15","Pickup near the hub","COMPLETED","2026-09-18","72940fba-9c83-46f3-8b9e-6eb0068848ff","11:30","15:20","travel_to_college","1","12"
"0dbe9480-abd0-4b2b-8f43-4565b347cd43","f599bc96-4841-492f-a111-bec5b3b961ae","katraj-vit","6c30c56b-74ce-4c24-a819-98b9ab6387f5","1bc21bdf-5bcc-4dd4-8140-eac24ae23b69","VIT College","18.4635","73.8682","Kashinath Patil Nagar Stop","18.4745","73.8631","2026-09-18T08:52:00.000Z","1","0","bike","true","19","Pickup near the hub","SCHEDULED","2026-09-18","8fd9a9ee-6adb-433e-8b9d-870279bac360","10:30","14:07","return_from_college","13","10"
"9cc2d8f9-1876-4ae4-98af-98018dcd81af","523365f0-54d7-48ce-b828-50e1b0a2737e","swargate-vit","0095597e-ebd1-4f83-a6c0-a8e94be6a92b","6c30c56b-74ce-4c24-a819-98b9ab6387f5","Laxmi Narayan Theatre","18.4965","73.8584","VIT College","18.4635","73.8682","2026-09-19T06:15:00.000Z","1","0","scooty","true","19","Morning campus commute","CANCELLED","2026-09-19","0877b5c1-9fab-437e-b872-26a20612c3d4","12:15","15:24","travel_to_college","3","12"
"64d96317-728b-4d23-a13f-6ae10f4f1329","228adcc3-430e-4eba-ba35-403a9eae4ae6","katraj-vit","6c30c56b-74ce-4c24-a819-98b9ab6387f5","eb0d92a7-38aa-446a-9f38-091814ea3abd","VIT College","18.4635","73.8682","Chintamani Nagar","18.4651","73.864","2026-09-21T11:26:00.000Z","1","0","bike","false","25","Morning campus commute","SCHEDULED","2026-09-21","a53a0c32-4d43-4590-8cb5-172d21ab7cdf","13:04","16:41","return_from_college","13","12"
"315ddd6c-622c-4ebe-a3eb-f9b6ad14e648","9ef8f4fa-8101-4ff2-80ff-91a966e3bab8","swargate-vit","0c2d013a-9422-4c89-905f-4ec287ba2251","6c30c56b-74ce-4c24-a819-98b9ab6387f5","Swargate BRTS Stop","18.4982","73.8588","VIT College","18.4635","73.8682","2026-09-21T07:48:00.000Z","1","0","bike","true","9","Pickup near the hub","SCHEDULED","2026-09-21","a06277d7-ae7c-4afb-acea-936aca846f75","13:48","17:33","travel_to_college","2","12"
"7c834078-49c1-4e0a-8841-5baac9295798","7a6f894d-c3ee-4aa4-a5c8-b62bdfa18164","katraj-vit","6c30c56b-74ce-4c24-a819-98b9ab6387f5","ebb92112-ef31-4ebe-a259-4e999c52f0fd","VIT College","18.4635","73.8682","Bharati Vidyapeeth","18.456","73.8574","2026-09-25T08:49:00.000Z","1","0","bike","true","8","Please arrive five minutes early","SCHEDULED","2026-09-25","d93002a5-d0d0-4b06-89db-2faa70697cfd","10:57","14:04","return_from_college","13","3"
"798cea49-a3f2-47da-a394-f1df78ffd48b","fcfaa482-6492-469b-ba42-8abf44531f61","swargate-vit","596f6d76-b8c5-4cf2-9058-1a1a334d424d","6c30c56b-74ce-4c24-a819-98b9ab6387f5","Panchami BRTS","18.4902","73.8586","VIT College","18.4635","73.8682","2026-09-23T07:17:00.000Z","4","4","car","false","68","Pickup near the hub","SCHEDULED","2026-09-23","a361de65-e24b-407a-b36a-27fa79195f21","13:17","16:26","travel_to_college","4","12"
"4234d333-5e7a-4777-a843-8cd872cc0bfc","2a786db0-f79e-4a08-a45d-7143a56be137","katraj-vit","6c30c56b-74ce-4c24-a819-98b9ab6387f5","a80964b4-72f5-43de-ad1a-bdcb9fca796e","VIT College","18.4635","73.8682","Lower Indira Nagar Stop","18.4718","73.8618","2026-09-24T06:08:00.000Z","4","3","car","false","69","Morning campus commute","SCHEDULED","2026-09-24","ad65a6eb-2952-48f6-be81-39caabbf1352","08:21","11:23","return_from_college","13","9"
"a406a9d2-3472-429f-8408-867383a9a8b2","20b672de-a2b7-4ee4-8a1e-2dd98d7a3278","swargate-vit","3221d156-13e7-4834-84ce-848f49b87be2","6c30c56b-74ce-4c24-a819-98b9ab6387f5","Bibwewadi Bus Stop","18.4792","73.8615","VIT College","18.4635","73.8682","2026-09-25T06:56:00.000Z","1","0","scooty","true","21","Please arrive five minutes early","SCHEDULED","2026-09-25","f972ec25-9a62-4169-85d4-bc757ec397a6","12:56","16:14","travel_to_college","7","12"
"7e620c50-e782-40ce-ac1b-b7e8d5025931","1386d7bb-79eb-4e36-b78d-7ac74357b589","katraj-vit","6c30c56b-74ce-4c24-a819-98b9ab6387f5","876d2e4d-fad4-4ee2-916c-e5ad147030cf","VIT College","18.4635","73.8682","Katraj Dairy BRTS","18.4508","73.8569","2026-09-29T07:08:00.000Z","1","0","bike","true","7","","SCHEDULED","2026-09-29","13165270-4c2e-4bf6-bd27-680eb234cead","09:15","12:23","return_from_college","13","2"
"81918c19-9464-4372-9030-04ffda40efb8","db21b52b-86e1-49c0-82fe-f5d33db4323f","swargate-vit","86e290a5-7e39-4f7a-805e-a6154d820f01","6c30c56b-74ce-4c24-a819-98b9ab6387f5","Market Yard Corner","18.4792","73.8581","VIT College","18.4635","73.8682","2026-09-28T03:44:00.000Z","1","0","scooty","true","4","Please arrive five minutes early","SCHEDULED","2026-09-28","be59a3ac-d901-46af-961b-6d2eef659d1a","09:44","13:28","travel_to_college","6","12"
"754bfc2b-64ca-4525-b5de-492ae2b6d51f","f0c7e0ed-5ec8-43e2-aabe-d0c93c5234e3","katraj-vit","6c30c56b-74ce-4c24-a819-98b9ab6387f5","af5c22fe-11db-4392-b90e-85f946c0a37b","VIT College","18.4635","73.8682","KK Market BRTS","18.4683","73.8579","2026-09-28T07:52:00.000Z","1","0","scooty","true","2","Please arrive five minutes early","SCHEDULED","2026-09-28","c32898c3-59d9-4663-9624-3978deca8a45","09:14","13:07","return_from_college","13","5"
"e579d5f0-50ee-4f65-900e-fe3953746e2b","f0be6e7d-be56-4dae-a215-ca68d901c731","swargate-vit","596f6d76-b8c5-4cf2-9058-1a1a334d424d","6c30c56b-74ce-4c24-a819-98b9ab6387f5","Panchami BRTS","18.4902","73.8586","VIT College","18.4635","73.8682","2026-10-01T05:23:00.000Z","1","0","scooty","true","2","","SCHEDULED","2026-10-01","b0186c23-09fb-4b6d-82f3-68a0faa545f8","11:23","15:21","travel_to_college","4","12"
"fc8084d7-fb94-493e-ad46-839c3772664f","be4ef771-c8b1-4464-b4f7-41e3ea277c87","katraj-vit","6c30c56b-74ce-4c24-a819-98b9ab6387f5","11cd5543-db39-4321-9f12-008b367d2ce1","VIT College","18.4635","73.8682","Upper Indira Nagar Bus Depot","18.4682","73.8623","2026-09-30T12:19:00.000Z","2","2","car","false","59","","SCHEDULED","2026-09-30","67645698-97d8-4efa-bb3d-11599626e708","13:46","17:34","return_from_college","13","11"
"baa74fca-c5e2-4b4c-bc70-07c5daf25c80","2c463203-2185-4bb6-ac9c-dbf4b358d3f9","swargate-vit","596f6d76-b8c5-4cf2-9058-1a1a334d424d","6c30c56b-74ce-4c24-a819-98b9ab6387f5","Panchami BRTS","18.4902","73.8586","VIT College","18.4635","73.8682","2026-10-01T07:27:00.000Z","1","1","scooty","false","28","Please arrive five minutes early","SCHEDULED","2026-10-01","ebee6208-374e-479b-9611-47d52053efb4","13:27","17:16","travel_to_college","4","12"
"6313d76a-6e12-474b-b22e-51493289f629","e0a60ad9-cc73-4c06-a3f4-008b5f55a00b","katraj-vit","6c30c56b-74ce-4c24-a819-98b9ab6387f5","a80964b4-72f5-43de-ad1a-bdcb9fca796e","VIT College","18.4635","73.8682","Lower Indira Nagar Stop","18.4718","73.8618","2026-10-02T08:23:00.000Z","1","0","bike","true","16","Morning campus commute","SCHEDULED","2026-10-02","d1afcbef-b760-49ff-99c3-681b52c1a4e8","10:24","13:38","return_from_college","13","9"
"54a4f39a-97cf-453f-a124-b59b4e6629a1","bf4c6c59-6b96-40c9-9575-8528b27b985c","swargate-vit","a80964b4-72f5-43de-ad1a-bdcb9fca796e","6c30c56b-74ce-4c24-a819-98b9ab6387f5","Lower Indira Nagar Stop","18.4718","73.8618","VIT College","18.4635","73.8682","2026-10-03T02:09:00.000Z","4","3","car","false","52","","SCHEDULED","2026-10-03","068098a5-beb7-4f14-912a-d388ba12bebf","08:09","11:13","travel_to_college","8","12"
"5053d06e-fd46-4fda-be75-b06eadee4d35","a1ef1ce8-9cb0-499a-bca0-636d395b8e27","katraj-vit","6c30c56b-74ce-4c24-a819-98b9ab6387f5","876d2e4d-fad4-4ee2-916c-e5ad147030cf","VIT College","18.4635","73.8682","Katraj Dairy BRTS","18.4508","73.8569","2026-10-05T07:40:00.000Z","1","0","bike","false","26","Pickup near the hub","SCHEDULED","2026-10-05","365ea0cf-70ed-40c1-9596-430449598e33","09:14","12:55","return_from_college","13","2"
"a405d83e-943e-4c22-a878-6d593f4ecb07","39d3794d-33e3-4ffe-b495-fbaa9d28a26b","swargate-vit","570167fe-7324-46a2-9cf4-fbea6048e8be","6c30c56b-74ce-4c24-a819-98b9ab6387f5","City Pride BRTS","18.4845","73.8583","VIT College","18.4635","73.8682","2026-10-05T03:55:00.000Z","1","0","scooty","true","23","Morning campus commute","SCHEDULED","2026-10-05","98eee21d-0f45-49bb-878e-e26579018d93","09:55","13:18","travel_to_college","5","12"
"294c18ad-4603-47a3-b97a-5dd9489da0fc","6afa4784-41a5-471b-8dbf-dcd4ef8d1af1","katraj-vit","6c30c56b-74ce-4c24-a819-98b9ab6387f5","876d2e4d-fad4-4ee2-916c-e5ad147030cf","VIT College","18.4635","73.8682","Katraj Dairy BRTS","18.4508","73.8569","2026-10-06T09:03:00.000Z","1","0","scooty","true","9","Pickup near the hub","SCHEDULED","2026-10-06","2c25fd00-5f85-4471-b363-e0fb7f78d408","11:07","14:18","return_from_college","13","2"
"534008bb-bb9d-4d43-a19c-55954eca4d94","9907b9e1-2eaf-4019-b6c3-d17953880b08","swargate-vit","a80964b4-72f5-43de-ad1a-bdcb9fca796e","6c30c56b-74ce-4c24-a819-98b9ab6387f5","Lower Indira Nagar Stop","18.4718","73.8618","VIT College","18.4635","73.8682","2026-10-08T04:50:00.000Z","1","0","bike","true","7","Morning campus commute","SCHEDULED","2026-10-08","10334770-d9b6-41a3-98a0-514d1e344c6b","10:50","14:33","travel_to_college","8","12"
"8ce4f130-c051-4df3-a29d-391d2149aac5","50b52ef7-937a-4ad7-a6ea-5df63741b351","katraj-vit","6c30c56b-74ce-4c24-a819-98b9ab6387f5","a80964b4-72f5-43de-ad1a-bdcb9fca796e","VIT College","18.4635","73.8682","Lower Indira Nagar Stop","18.4718","73.8618","2026-10-08T11:38:00.000Z","4","3","car","false","49","Morning campus commute","SCHEDULED","2026-10-08","09574cf1-f0bd-4d71-8cef-e0933a09649a","13:53","16:53","return_from_college","13","9"
"4c74c905-796e-4af0-a90e-10a8fbd87d68","aa992245-dc20-4688-8711-279522417636","swargate-vit","3221d156-13e7-4834-84ce-848f49b87be2","6c30c56b-74ce-4c24-a819-98b9ab6387f5","Bibwewadi Bus Stop","18.4792","73.8615","VIT College","18.4635","73.8682","2026-10-09T07:54:00.000Z","1","0","bike","true","16","Pickup near the hub","SCHEDULED","2026-10-09","dbdabefc-c859-4bbd-b8a3-3fac55eef097","13:54","16:54","travel_to_college","7","12"
"26fbe6a5-a5f4-4bc6-a39c-3e9c413b447f","b5e29269-7643-45b9-ac7a-a2ccd2b93983","katraj-vit","6c30c56b-74ce-4c24-a819-98b9ab6387f5","a80964b4-72f5-43de-ad1a-bdcb9fca796e","VIT College","18.4635","73.8682","Lower Indira Nagar Stop","18.4718","73.8618","2026-10-10T09:14:00.000Z","1","0","bike","true","22","Please arrive five minutes early","SCHEDULED","2026-10-10","2f385599-232d-4cc4-b863-4a99b9d98cd8","11:23","14:29","return_from_college","13","9"
"6fb95ba1-a6fd-4716-ab7a-245bb3d2b8ef","5bed2f04-01f9-4e95-995a-1a0c306ae9c3","swargate-vit","570167fe-7324-46a2-9cf4-fbea6048e8be","6c30c56b-74ce-4c24-a819-98b9ab6387f5","City Pride BRTS","18.4845","73.8583","VIT College","18.4635","73.8682","2026-10-13T03:48:00.000Z","1","0","bike","true","9","Morning campus commute","SCHEDULED","2026-10-13","0e477459-2319-4dc0-a935-dda1c1ab2505","09:48","12:56","travel_to_college","5","12"
"92f1deee-31f9-435c-92e3-0788db8a5791","d96dc164-dffd-4bcb-bc7b-ca59b2d88379","katraj-vit","6c30c56b-74ce-4c24-a819-98b9ab6387f5","eb0d92a7-38aa-446a-9f38-091814ea3abd","VIT College","18.4635","73.8682","Chintamani Nagar","18.4651","73.864","2026-10-12T09:38:00.000Z","1","0","bike","true","17","Morning campus commute","SCHEDULED","2026-10-12","37b0bc09-daa2-467a-a03b-7858e7777542","11:35","14:53","return_from_college","13","12"
"c4a2525b-0825-4968-85f6-dff63273b533","ef881127-bf53-4e44-ac88-4d08e32ca7a0","swargate-vit","596f6d76-b8c5-4cf2-9058-1a1a334d424d","6c30c56b-74ce-4c24-a819-98b9ab6387f5","Panchami BRTS","18.4902","73.8586","VIT College","18.4635","73.8682","2026-10-13T04:23:00.000Z","1","1","bike","true","9","","SCHEDULED","2026-10-13","ab8b0ebf-570e-451a-8eb1-297582e5089b","10:23","14:17","travel_to_college","4","12"
"e85f858f-3e89-47d7-b09d-2bdd21c63625","694401c9-b4fa-4309-b22d-16609d61782c","katraj-vit","6c30c56b-74ce-4c24-a819-98b9ab6387f5","11cd5543-db39-4321-9f12-008b367d2ce1","VIT College","18.4635","73.8682","Upper Indira Nagar Bus Depot","18.4682","73.8623","2026-10-15T08:24:00.000Z","1","0","scooty","true","26","","SCHEDULED","2026-10-15","8cc8a459-230e-4ca2-bce8-4be3c0ef51a0","09:41","13:39","return_from_college","13","11"
"b9d2d5c9-7180-4967-80f3-6fb3fe576965","23cdcd88-f49b-408a-af81-20c714c4290b","swargate-vit","0095597e-ebd1-4f83-a6c0-a8e94be6a92b","6c30c56b-74ce-4c24-a819-98b9ab6387f5","Laxmi Narayan Theatre","18.4965","73.8584","VIT College","18.4635","73.8682","2026-10-15T04:41:00.000Z","1","1","scooty","true","30","","SCHEDULED","2026-10-15","b6f99498-b273-4f61-a0eb-6ae65aa12c9d","10:41","13:48","travel_to_college","3","12"
"dc2c56c2-eb8a-4210-8e60-bcede454c7a4","3a674059-212e-43b5-bfeb-fc6ed59e20f7","katraj-vit","6c30c56b-74ce-4c24-a819-98b9ab6387f5","a80964b4-72f5-43de-ad1a-bdcb9fca796e","VIT College","18.4635","73.8682","Lower Indira Nagar Stop","18.4718","73.8618","2026-10-17T08:26:00.000Z","2","0","car","false","56","Pickup near the hub","SCHEDULED","2026-10-17","c1c8d498-2d6e-4e4c-bb18-16198e769b02","09:52","13:41","return_from_college","13","9"
"9d994eef-e6f9-4dbb-b1db-39cf4b47f848","0d570a75-885b-4a1d-a33c-3705d1a1e89a","swargate-vit","596f6d76-b8c5-4cf2-9058-1a1a334d424d","6c30c56b-74ce-4c24-a819-98b9ab6387f5","Panchami BRTS","18.4902","73.8586","VIT College","18.4635","73.8682","2026-10-17T04:54:00.000Z","2","1","car","false","69","Pickup near the hub","SCHEDULED","2026-10-17","20aed327-b323-43e9-a515-09cb1126b9ad","10:54","14:31","travel_to_college","4","12"
"af797ae8-5cf3-4024-ab53-aef9bc4e8ec7","b351304c-33e4-4dfa-bbfe-0e46f5cda915","katraj-vit","6c30c56b-74ce-4c24-a819-98b9ab6387f5","eb0d92a7-38aa-446a-9f38-091814ea3abd","VIT College","18.4635","73.8682","Chintamani Nagar","18.4651","73.864","2026-10-19T07:12:00.000Z","1","0","scooty","true","6","Pickup near the hub","SCHEDULED","2026-10-19","4cdcd2d1-0539-4006-bf3b-9ca4f886add5","09:15","12:27","return_from_college","13","12"
"5c77f55a-aaf8-4425-862a-2294834228a2","6871daa5-011a-4255-a4bd-29f490afb889","swargate-vit","86e290a5-7e39-4f7a-805e-a6154d820f01","6c30c56b-74ce-4c24-a819-98b9ab6387f5","Market Yard Corner","18.4792","73.8581","VIT College","18.4635","73.8682","2026-10-19T02:01:00.000Z","4","4","car","false","49","","SCHEDULED","2026-10-19","63677325-dab5-4998-937a-8ad998037563","08:01","11:32","travel_to_college","6","12"
"c2c38f5d-0d9e-4585-bac4-525d9033ec76","b2a75502-d4ef-429e-8b73-61e440e0983f","katraj-vit","6c30c56b-74ce-4c24-a819-98b9ab6387f5","876d2e4d-fad4-4ee2-916c-e5ad147030cf","VIT College","18.4635","73.8682","Katraj Dairy BRTS","18.4508","73.8569","2026-10-20T09:17:00.000Z","3","2","car","false","38","Pickup near the hub","SCHEDULED","2026-10-20","aa5fc7ca-4fe6-447b-9412-04ce4aeae650","11:23","14:32","return_from_college","13","2"
"3a7eab18-4ccb-4f40-8d3a-92b7140502e0","0da0c5dd-c04a-461b-bdd7-3d9daceaa0ff","swargate-vit","a80964b4-72f5-43de-ad1a-bdcb9fca796e","6c30c56b-74ce-4c24-a819-98b9ab6387f5","Lower Indira Nagar Stop","18.4718","73.8618","VIT College","18.4635","73.8682","2026-10-21T06:16:00.000Z","1","0","bike","true","5","","SCHEDULED","2026-10-21","6567cd3a-889f-470d-b8a3-6cf3cb100e2d","12:16","15:30","travel_to_college","8","12"
"3ce5026b-7ab8-40ba-8766-ef2004cc5179","8fe8486d-63f9-47dc-b19e-cee4aa0ac9c0","katraj-vit","6c30c56b-74ce-4c24-a819-98b9ab6387f5","3221d156-13e7-4834-84ce-848f49b87be2","VIT College","18.4635","73.8682","Bibwewadi Bus Stop","18.4792","73.8615","2026-10-22T11:24:00.000Z","4","3","car","false","24","","SCHEDULED","2026-10-22","68b3f6a4-8abf-418f-8cc2-611f6d31ec65","13:31","16:39","return_from_college","13","8"
"8435501f-1d0d-44b9-8f9f-d03a191d583d","e49978a2-3a3c-40a9-aa44-f434bfa66b81","swargate-vit","570167fe-7324-46a2-9cf4-fbea6048e8be","6c30c56b-74ce-4c24-a819-98b9ab6387f5","City Pride BRTS","18.4845","73.8583","VIT College","18.4635","73.8682","2026-10-23T05:39:00.000Z","1","0","scooty","true","11","Pickup near the hub","SCHEDULED","2026-10-23","def81120-80e2-444f-8098-aae391fb6ea0","11:39","15:13","travel_to_college","5","12"
"20492f19-9cf0-4a4b-b9f9-0a047f712444","91bce675-58bc-4bd2-b962-52dc6f401671","katraj-vit","6c30c56b-74ce-4c24-a819-98b9ab6387f5","1bc21bdf-5bcc-4dd4-8140-eac24ae23b69","VIT College","18.4635","73.8682","Kashinath Patil Nagar Stop","18.4745","73.8631","2026-10-24T09:00:00.000Z","3","2","car","false","47","Please arrive five minutes early","SCHEDULED","2026-10-24","bbe2ccf1-0944-4dfa-9058-18d2c41760dc","10:55","14:15","return_from_college","13","10"
"f353b960-f67d-460d-b194-3900c9230d39","f69ef11d-7551-4545-967a-f045a72ebb93","swargate-vit","86e290a5-7e39-4f7a-805e-a6154d820f01","6c30c56b-74ce-4c24-a819-98b9ab6387f5","Market Yard Corner","18.4792","73.8581","VIT College","18.4635","73.8682","2026-10-26T05:46:00.000Z","1","1","scooty","true","23","Please arrive five minutes early","SCHEDULED","2026-10-26","93d846c5-f298-4d41-998a-3b93c9694e55","11:46","15:01","travel_to_college","6","12"
"e908adf9-8739-455d-a325-21cdee725a50","72cddc2e-6ec2-4e48-aa1a-fc6654d24fab","katraj-vit","6c30c56b-74ce-4c24-a819-98b9ab6387f5","876d2e4d-fad4-4ee2-916c-e5ad147030cf","VIT College","18.4635","73.8682","Katraj Dairy BRTS","18.4508","73.8569","2026-10-26T09:15:00.000Z","1","0","bike","true","5","","SCHEDULED","2026-10-26","9f504f21-9257-4e2a-98a7-b187cc448771","11:21","14:30","return_from_college","13","2"
"885d9b68-9f62-4504-b320-cd39df00b196","b3d23434-7107-4dee-ad1b-eebdb7958392","swargate-vit","eb0d92a7-38aa-446a-9f38-091814ea3abd","6c30c56b-74ce-4c24-a819-98b9ab6387f5","Chintamani Nagar","18.4651","73.864","VIT College","18.4635","73.8682","2026-10-27T04:34:00.000Z","1","0","scooty","false","12","Please arrive five minutes early","SCHEDULED","2026-10-27","51e797f7-069a-45ba-950b-6ba925a836c1","10:34","14:08","travel_to_college","11","12"
"2882f12e-3f35-4b3b-ad04-f163fe5380b7","8dcbd23c-4a1c-425e-b9e1-56d690d064a1","katraj-vit","6c30c56b-74ce-4c24-a819-98b9ab6387f5","3221d156-13e7-4834-84ce-848f49b87be2","VIT College","18.4635","73.8682","Bibwewadi Bus Stop","18.4792","73.8615","2026-10-28T12:02:00.000Z","1","0","scooty","true","3","","SCHEDULED","2026-10-28","c3195320-0c32-4466-85ca-bf84d75f6a54","14:00","17:17","return_from_college","13","8"
"3a23c523-f2fb-4842-a328-7d147d8d9ca2","e448284e-7dcf-4d42-b0eb-1d902bcd1366","swargate-vit","86e290a5-7e39-4f7a-805e-a6154d820f01","6c30c56b-74ce-4c24-a819-98b9ab6387f5","Market Yard Corner","18.4792","73.8581","VIT College","18.4635","73.8682","2026-10-29T02:44:00.000Z","1","0","scooty","true","5","Please arrive five minutes early","SCHEDULED","2026-10-29","e969755d-bcd2-4917-ab58-12f1eb7ff4dd","08:44","12:09","travel_to_college","6","12"
"f82dfe7d-38e0-4ebc-acc5-6d7288963e93","e338d25f-f71d-4949-82c9-72ff79bd50e0","katraj-vit","6c30c56b-74ce-4c24-a819-98b9ab6387f5","86597dc2-00ef-475a-8a9a-daf0323897ca","VIT College","18.4635","73.8682","Katraj Terminal","18.4471","73.8562","2026-10-30T10:30:00.000Z","4","2","car","false","20","Please arrive five minutes early","SCHEDULED","2026-10-30","beec5a1d-a766-4dc7-bc8f-6fe0c6e8270d","11:46","15:45","return_from_college","13","1"
"88007d2e-42ba-4e61-9e3a-f9f344086c3a","edb3c65f-3d50-40e9-9a77-b8be3c596e3d","swargate-vit","eb0d92a7-38aa-446a-9f38-091814ea3abd","6c30c56b-74ce-4c24-a819-98b9ab6387f5","Chintamani Nagar","18.4651","73.864","VIT College","18.4635","73.8682","2026-10-31T02:18:00.000Z","3","2","car","false","26","Morning campus commute","SCHEDULED","2026-10-31","5263299d-2723-405e-b9ab-120b0d1719a9","08:18","11:19","travel_to_college","11","12"
"2b488433-1028-4b11-ae93-c76b4784ee5a","76b965ae-22a7-4a52-a8af-e41b3fbabb12","katraj-vit","6c30c56b-74ce-4c24-a819-98b9ab6387f5","ebb92112-ef31-4ebe-a259-4e999c52f0fd","VIT College","18.4635","73.8682","Bharati Vidyapeeth","18.456","73.8574","2026-11-02T09:47:00.000Z","2","1","car","false","23","Pickup near the hub","SCHEDULED","2026-11-02","cc478745-67dc-4a88-9dc9-60b2325a9718","11:04","15:02","return_from_college","13","3"
"a0a52b3c-f29e-4edc-8ade-c6a73ea4d624","26dcafa5-e28f-4c96-bd7f-75ca1113e108","swargate-vit","570167fe-7324-46a2-9cf4-fbea6048e8be","6c30c56b-74ce-4c24-a819-98b9ab6387f5","City Pride BRTS","18.4845","73.8583","VIT College","18.4635","73.8682","2026-11-02T04:55:00.000Z","2","1","car","false","74","Pickup near the hub","SCHEDULED","2026-11-02","591d0c50-38a8-4ac7-a555-56989aee391f","10:55","14:05","travel_to_college","5","12"
"3305a0cb-6348-4dfd-a984-9180665c5bad","24d2a11e-ee6c-4f5b-80ff-7fb9eb39ac32","katraj-vit","6c30c56b-74ce-4c24-a819-98b9ab6387f5","a80964b4-72f5-43de-ad1a-bdcb9fca796e","VIT College","18.4635","73.8682","Lower Indira Nagar Stop","18.4718","73.8618","2026-11-03T06:55:00.000Z","1","0","bike","true","28","","SCHEDULED","2026-11-03","4882892e-ad36-4793-ae9f-741bd019166e","09:08","12:10","return_from_college","13","9"
"73b567d9-c873-4524-86d9-de9cad1f211c","d4ebe4da-1cf5-41e9-a052-ad2e992e76f1","swargate-vit","570167fe-7324-46a2-9cf4-fbea6048e8be","6c30c56b-74ce-4c24-a819-98b9ab6387f5","City Pride BRTS","18.4845","73.8583","VIT College","18.4635","73.8682","2026-11-04T05:37:00.000Z","1","0","scooty","true","24","Pickup near the hub","SCHEDULED","2026-11-04","ce6e35dd-628e-47ea-a2d5-1ec35a7f7797","11:37","15:14","travel_to_college","5","12"
"14e8bb6c-b0b8-466e-b65f-13c23ea52937","10da92ee-210d-4710-88f2-423a285dd142","katraj-vit","6c30c56b-74ce-4c24-a819-98b9ab6387f5","0ad9adea-2c75-4d2a-86ae-34dcc0727788","VIT College","18.4635","73.8682","Shankar Maharaj Math","18.4735","73.8579","2026-11-05T09:46:00.000Z","1","0","bike","true","9","Pickup near the hub","SCHEDULED","2026-11-05","7694ff3e-f6dd-46a2-a8c9-b103478ddaf7","11:53","15:01","return_from_college","13","6"
"4e6c4d4d-4bd5-4eb8-856e-04ee3c8512da","fd00b702-8bbe-4108-ab3e-1e21ba029f40","swargate-vit","11cd5543-db39-4321-9f12-008b367d2ce1","6c30c56b-74ce-4c24-a819-98b9ab6387f5","Upper Indira Nagar Bus Depot","18.4682","73.8623","VIT College","18.4635","73.8682","2026-08-08T02:07:00.000Z","3","0","car","false","45","Pickup near the hub","COMPLETED","2026-08-08","82c6755b-6e10-4168-9cc2-5a3413958b9d","08:07","11:45","travel_to_college","10","12"
"777d2dd9-907d-4036-9bf8-794e94c6b55d","36032724-576b-47c8-a7f3-a44c9abca1ae","katraj-vit","6c30c56b-74ce-4c24-a819-98b9ab6387f5","86e290a5-7e39-4f7a-805e-a6154d820f01","VIT College","18.4635","73.8682","Market Yard Corner","18.4792","73.8581","2026-08-10T09:54:00.000Z","1","0","scooty","true","14","Pickup near the hub","CANCELLED","2026-08-10","06d52685-e273-4629-a0a7-a584bd825f2d","11:17","15:09","return_from_college","13","7"
"082a036b-5dff-41ff-97d7-2c4c01385db0","47fb716c-faad-411e-a3e5-d13e542643c1","swargate-vit","0095597e-ebd1-4f83-a6c0-a8e94be6a92b","6c30c56b-74ce-4c24-a819-98b9ab6387f5","Laxmi Narayan Theatre","18.4965","73.8584","VIT College","18.4635","73.8682","2026-08-10T02:28:00.000Z","1","0","scooty","false","0","","COMPLETED","2026-08-10","eecc1794-c8e7-4791-84e4-0a4f78a059b2","08:28","11:52","travel_to_college","3","12"
"62a2a1ea-fd3d-4a56-af2d-8a4b5cc2f660","5ac71c5e-4117-49f2-9551-e2487ee014ca","katraj-vit","6c30c56b-74ce-4c24-a819-98b9ab6387f5","eb0d92a7-38aa-446a-9f38-091814ea3abd","VIT College","18.4635","73.8682","Chintamani Nagar","18.4651","73.864","2026-08-11T08:25:00.000Z","1","0","bike","true","11","Pickup near the hub","SCHEDULED","2026-08-11","8fb59dcc-70bf-4c44-ad74-67652efae502","10:37","13:40","return_from_college","13","12"
"1947e8c9-ff88-4af2-b502-e17983fea62d","37b52895-1597-4763-836c-78a8301f11b4","swargate-vit","0c2d013a-9422-4c89-905f-4ec287ba2251","6c30c56b-74ce-4c24-a819-98b9ab6387f5","Swargate BRTS Stop","18.4982","73.8588","VIT College","18.4635","73.8682","2026-08-12T03:06:00.000Z","1","1","bike","true","7","Please arrive five minutes early","COMPLETED","2026-08-12","f1f5bbf4-2fd2-4c64-a26a-fa1b2727ba45","09:06","12:34","travel_to_college","2","12"
"aa73ed93-d74c-4151-8d2e-53a9a8b20405","d731dccd-0e69-472d-8310-13e8f5708fe5","katraj-vit","6c30c56b-74ce-4c24-a819-98b9ab6387f5","af5c22fe-11db-4392-b90e-85f946c0a37b","VIT College","18.4635","73.8682","KK Market BRTS","18.4683","73.8579","2026-08-13T08:12:00.000Z","1","0","scooty","true","12","Morning campus commute","COMPLETED","2026-08-13","9db2e474-84cb-44fc-abb9-bc23f8354573","09:40","13:27","return_from_college","13","5"
"07cb54f9-402e-439c-ba9b-69a50f85b1ef","420b1194-1446-4c01-a90b-9ad6313738f8","swargate-vit","570167fe-7324-46a2-9cf4-fbea6048e8be","6c30c56b-74ce-4c24-a819-98b9ab6387f5","City Pride BRTS","18.4845","73.8583","VIT College","18.4635","73.8682","2026-08-14T07:10:00.000Z","1","0","bike","true","18","","SCHEDULED","2026-08-14","f3359ba8-413d-469c-9ded-9910e721c306","13:10","17:07","travel_to_college","5","12"
"e692f83e-6602-4c3b-a3db-621f127f10f1","b4c86de6-995d-4335-a3bb-265de522aecf","katraj-vit","6c30c56b-74ce-4c24-a819-98b9ab6387f5","ebb92112-ef31-4ebe-a259-4e999c52f0fd","VIT College","18.4635","73.8682","Bharati Vidyapeeth","18.456","73.8574","2026-08-17T09:36:00.000Z","1","1","scooty","true","9","Please arrive five minutes early","COMPLETED","2026-08-17","dfca1207-e7a3-47eb-aaf6-ac7cfcbfb096","11:43","14:51","return_from_college","13","3"
"64113ad8-c1b9-410f-9e05-efd756ba2ffc","d52bd72b-f975-4a9d-a394-ead49b80912b","swargate-vit","eb0d92a7-38aa-446a-9f38-091814ea3abd","6c30c56b-74ce-4c24-a819-98b9ab6387f5","Chintamani Nagar","18.4651","73.864","VIT College","18.4635","73.8682","2026-08-17T06:44:00.000Z","2","0","car","false","27","Please arrive five minutes early","COMPLETED","2026-08-17","c9f86a7d-011b-4689-9312-593c194bac2c","12:44","16:37","travel_to_college","11","12"
"e7032ada-8a95-4784-82c5-56fc02ed54f9","4c3a0823-a2f6-449e-a285-51b92ef1ef89","katraj-vit","6c30c56b-74ce-4c24-a819-98b9ab6387f5","876d2e4d-fad4-4ee2-916c-e5ad147030cf","VIT College","18.4635","73.8682","Katraj Dairy BRTS","18.4508","73.8569","2026-08-17T10:06:00.000Z","1","0","bike","true","10","Morning campus commute","COMPLETED","2026-08-17","b068acd9-834e-4b20-826c-29615cfae155","11:43","15:21","return_from_college","13","2"
"a67cb91a-08d8-4bd2-9481-d3c540607fc0","2bf63d4b-4be8-4a3d-b079-2a7b714b0da3","swargate-vit","0c2d013a-9422-4c89-905f-4ec287ba2251","6c30c56b-74ce-4c24-a819-98b9ab6387f5","Swargate BRTS Stop","18.4982","73.8588","VIT College","18.4635","73.8682","2026-08-18T04:34:00.000Z","3","1","car","false","64","Please arrive five minutes early","CANCELLED","2026-08-18","ef2aab48-bfa4-4317-858e-938d97f6f667","10:34","14:21","travel_to_college","2","12"
"8c621c96-730c-4739-bdf6-5be6a4b9b611","5adcb3aa-a473-41ba-8a29-2fa570db158b","katraj-vit","6c30c56b-74ce-4c24-a819-98b9ab6387f5","3221d156-13e7-4834-84ce-848f49b87be2","VIT College","18.4635","73.8682","Bibwewadi Bus Stop","18.4792","73.8615","2026-08-19T06:39:00.000Z","1","1","bike","true","24","Morning campus commute","COMPLETED","2026-08-19","63c92ef2-9692-44d3-bb57-fd6c11fc843d","08:47","11:54","return_from_college","13","8"
"1a4e863f-c031-4524-bb27-2963abd60f5a","0c95fe70-a0ca-4d73-8f55-0b0e62001fb9","swargate-vit","1bc21bdf-5bcc-4dd4-8140-eac24ae23b69","6c30c56b-74ce-4c24-a819-98b9ab6387f5","Kashinath Patil Nagar Stop","18.4745","73.8631","VIT College","18.4635","73.8682","2026-08-20T07:50:00.000Z","4","3","car","false","75","","SCHEDULED","2026-08-20","c7372b9e-78d0-4c52-a7a0-630e16714116","13:50","17:22","travel_to_college","9","12"
"0ce13de0-220c-4e27-836d-2f6fe71d9845","542484e9-c9f4-48df-8789-a3dffda2107d","katraj-vit","6c30c56b-74ce-4c24-a819-98b9ab6387f5","af5c22fe-11db-4392-b90e-85f946c0a37b","VIT College","18.4635","73.8682","KK Market BRTS","18.4683","73.8579","2026-08-21T07:10:00.000Z","1","0","scooty","true","4","Please arrive five minutes early","COMPLETED","2026-08-21","06706456-c14f-4091-9707-2183ba1712ce","09:03","12:25","return_from_college","13","5"
"6ad9dd1f-a784-4ac0-a90b-9344e16aa0ef","c9ab0de5-362b-43a7-9367-b620469096dd","swargate-vit","0095597e-ebd1-4f83-a6c0-a8e94be6a92b","6c30c56b-74ce-4c24-a819-98b9ab6387f5","Laxmi Narayan Theatre","18.4965","73.8584","VIT College","18.4635","73.8682","2026-08-24T03:37:00.000Z","1","0","bike","false","2","Please arrive five minutes early","COMPLETED","2026-08-24","ff65597f-7367-4bfc-967b-1565dc24e85d","09:37","12:59","travel_to_college","3","12"
"1356c62d-7cd1-4bf7-b4d8-9c54a1d3abad","2611b03a-dd3f-4f47-9599-e17430f77e92","katraj-vit","6c30c56b-74ce-4c24-a819-98b9ab6387f5","86e290a5-7e39-4f7a-805e-a6154d820f01","VIT College","18.4635","73.8682","Market Yard Corner","18.4792","73.8581","2026-08-24T09:26:00.000Z","1","0","bike","true","17","Please arrive five minutes early","CANCELLED","2026-08-24","5625a47f-112e-4b4f-aede-348e63221366","11:05","14:41","return_from_college","13","7"
"d5596f61-fb1d-4690-b26e-861d6f0a258f","6d4eadbe-2e7e-4907-9dac-2e7ca825fe4f","swargate-vit","0095597e-ebd1-4f83-a6c0-a8e94be6a92b","6c30c56b-74ce-4c24-a819-98b9ab6387f5","Laxmi Narayan Theatre","18.4965","73.8584","VIT College","18.4635","73.8682","2026-08-24T06:00:00.000Z","2","1","car","false","62","Pickup near the hub","SCHEDULED","2026-08-24","68176622-c5c7-4ddb-bd84-f7e3269623f2","12:00","15:10","travel_to_college","3","12"
"925257e1-2ca6-4281-948d-3104b0b4425b","f24e7e05-582d-47da-aa31-e435fb66bfa2","katraj-vit","6c30c56b-74ce-4c24-a819-98b9ab6387f5","0ad9adea-2c75-4d2a-86ae-34dcc0727788","VIT College","18.4635","73.8682","Shankar Maharaj Math","18.4735","73.8579","2026-08-26T07:33:00.000Z","3","3","car","false","75","Morning campus commute","CANCELLED","2026-08-26","89ed7f18-9c42-419e-8e8d-8b1a2e3ca879","08:53","12:48","return_from_college","13","6"
"fe0ff35c-e4d8-43eb-bb66-8adef99679f5","3e9526f5-f65f-4da1-a2b1-553ce23973f7","swargate-vit","0095597e-ebd1-4f83-a6c0-a8e94be6a92b","6c30c56b-74ce-4c24-a819-98b9ab6387f5","Laxmi Narayan Theatre","18.4965","73.8584","VIT College","18.4635","73.8682","2026-08-26T03:10:00.000Z","1","0","scooty","true","27","Pickup near the hub","SCHEDULED","2026-08-26","ffc723a5-aaca-492f-a808-023d3a0921f9","09:10","12:37","travel_to_college","3","12"
"6f8f22e3-a3d5-4b96-a2c2-2971f613d884","e1692737-3062-4352-86d9-10ad597efff1","katraj-vit","6c30c56b-74ce-4c24-a819-98b9ab6387f5","a80964b4-72f5-43de-ad1a-bdcb9fca796e","VIT College","18.4635","73.8682","Lower Indira Nagar Stop","18.4718","73.8618","2026-08-27T12:25:00.000Z","1","0","bike","false","4","","COMPLETED","2026-08-27","87fdc654-069b-43d7-ba47-9546811dc8f1","13:54","17:40","return_from_college","13","9"
"b6423514-73e1-4c71-9429-9bd1c2b0b703","b478ed02-c175-49c9-846a-0e9a7f6aa6be","swargate-vit","3221d156-13e7-4834-84ce-848f49b87be2","6c30c56b-74ce-4c24-a819-98b9ab6387f5","Bibwewadi Bus Stop","18.4792","73.8615","VIT College","18.4635","73.8682","2026-08-28T02:12:00.000Z","1","0","scooty","true","0","Please arrive five minutes early","COMPLETED","2026-08-28","882266df-aa82-4ac8-bb4a-87b2296d80cd","08:12","12:01","travel_to_college","7","12"
"23389bf4-6bd0-4c6b-a0a6-8c5a5893aea4","ec928319-dcb1-4ffc-9713-393fac2f402a","katraj-vit","6c30c56b-74ce-4c24-a819-98b9ab6387f5","11cd5543-db39-4321-9f12-008b367d2ce1","VIT College","18.4635","73.8682","Upper Indira Nagar Bus Depot","18.4682","73.8623","2026-08-29T08:06:00.000Z","3","3","car","false","59","Pickup near the hub","COMPLETED","2026-08-29","07e00730-9d17-4f86-9f42-5ad13e18ec6e","09:22","13:21","return_from_college","13","11"
"d5de26f2-8389-44c1-a190-3f405251c404","fe0b23a7-80b0-4776-aec0-0e53d369acc1","swargate-vit","11cd5543-db39-4321-9f12-008b367d2ce1","6c30c56b-74ce-4c24-a819-98b9ab6387f5","Upper Indira Nagar Bus Depot","18.4682","73.8623","VIT College","18.4635","73.8682","2026-08-31T05:28:00.000Z","1","0","scooty","true","24","Pickup near the hub","SCHEDULED","2026-08-31","9beeb8e6-b576-400a-9db6-fb3e8743ed5a","11:28","14:56","travel_to_college","10","12"
"a2df8bae-b220-43a5-90b8-2522bc66f739","cdec7465-1f6a-4948-bdff-48b43a5e174c","katraj-vit","6c30c56b-74ce-4c24-a819-98b9ab6387f5","11cd5543-db39-4321-9f12-008b367d2ce1","VIT College","18.4635","73.8682","Upper Indira Nagar Bus Depot","18.4682","73.8623","2026-08-31T10:56:00.000Z","1","0","bike","true","3","Morning campus commute","SCHEDULED","2026-08-31","59ee1b77-e997-46cd-94aa-96d74179de2d","12:46","16:11","return_from_college","13","11"
"77ace4c3-e753-4f9e-a70e-81645ffd8890","e36d6950-fda1-4e0a-b9a4-3109c1ef3afd","swargate-vit","596f6d76-b8c5-4cf2-9058-1a1a334d424d","6c30c56b-74ce-4c24-a819-98b9ab6387f5","Panchami BRTS","18.4902","73.8586","VIT College","18.4635","73.8682","2026-09-01T02:23:00.000Z","1","0","bike","true","17","Morning campus commute","COMPLETED","2026-09-01","b45d02ac-739b-4e33-99b3-387053935563","08:23","11:25","travel_to_college","4","12"
"80c8daa3-c3ab-448f-8b97-7d9be6874353","fbb85f19-6812-469a-9a7e-c060b8e1330e","katraj-vit","6c30c56b-74ce-4c24-a819-98b9ab6387f5","86e290a5-7e39-4f7a-805e-a6154d820f01","VIT College","18.4635","73.8682","Market Yard Corner","18.4792","73.8581","2026-09-02T07:46:00.000Z","1","0","scooty","true","4","Please arrive five minutes early","CANCELLED","2026-09-02","8a504235-c18c-46d4-9d5c-fe81828cf5ec","09:25","13:01","return_from_college","13","7"
"e7435db3-63b3-4fba-a0ed-be3066168d9f","6fc4cb33-0af8-44b4-af29-e2f5e70c3ca5","swargate-vit","1bc21bdf-5bcc-4dd4-8140-eac24ae23b69","6c30c56b-74ce-4c24-a819-98b9ab6387f5","Kashinath Patil Nagar Stop","18.4745","73.8631","VIT College","18.4635","73.8682","2026-09-03T05:43:00.000Z","1","0","scooty","true","2","","SCHEDULED","2026-09-03","595ad85c-9810-41a0-ad2d-a0fbc6433649","11:43","15:17","travel_to_college","9","12"
"1692bbe8-0371-4f8b-95b0-433c7915274f","1c8d0824-69a8-4346-9507-05d4a6013c68","katraj-vit","6c30c56b-74ce-4c24-a819-98b9ab6387f5","86e290a5-7e39-4f7a-805e-a6154d820f01","VIT College","18.4635","73.8682","Market Yard Corner","18.4792","73.8581","2026-09-04T09:58:00.000Z","1","1","bike","false","4","Pickup near the hub","SCHEDULED","2026-09-04","36efd863-6c04-4645-8b88-774f10c6c97b","11:18","15:13","return_from_college","13","7"
"083c0a94-bab3-4647-9069-9fee74ab732b","4fee29cb-0687-44a2-9f09-3ba85cef33d1","swargate-vit","19cfadd2-1ff7-4a2f-b5e3-eeb73f44cc28","6c30c56b-74ce-4c24-a819-98b9ab6387f5","Swargate PMPML Main Bus Stand","18.4991","73.8583","VIT College","18.4635","73.8682","2026-09-07T07:34:00.000Z","1","1","bike","true","20","Morning campus commute","COMPLETED","2026-09-07","07967386-9884-4600-bcb8-18fb096d8fe3","13:34","16:41","travel_to_college","1","12"
"4069fcd3-a0ed-4717-a44e-5fe45894ac1a","8db40dff-f7cd-4508-9c85-9ffd35177784","katraj-vit","6c30c56b-74ce-4c24-a819-98b9ab6387f5","876d2e4d-fad4-4ee2-916c-e5ad147030cf","VIT College","18.4635","73.8682","Katraj Dairy BRTS","18.4508","73.8569","2026-09-07T07:06:00.000Z","1","1","bike","false","25","","COMPLETED","2026-09-07","7c05424d-c75e-4751-a591-685dca8d1bce","08:36","12:21","return_from_college","13","2"
"68cc07d1-b0a5-4160-b161-3ebe9ae829b4","287a280f-3e96-473f-a98b-7fea3a6ff244","swargate-vit","86e290a5-7e39-4f7a-805e-a6154d820f01","6c30c56b-74ce-4c24-a819-98b9ab6387f5","Market Yard Corner","18.4792","73.8581","VIT College","18.4635","73.8682","2026-09-09T03:58:00.000Z","1","0","scooty","true","19","Morning campus commute","SCHEDULED","2026-09-09","c40f035b-736b-4f54-8dc3-91476cc1881f","09:58","13:32","travel_to_college","6","12"
"7f608994-54fa-49cd-ad44-ba63a9b8f945","8dc944aa-aca1-45be-a9af-21bd271602d1","katraj-vit","6c30c56b-74ce-4c24-a819-98b9ab6387f5","86597dc2-00ef-475a-8a9a-daf0323897ca","VIT College","18.4635","73.8682","Katraj Terminal","18.4471","73.8562","2026-09-08T08:25:00.000Z","1","0","bike","false","3","Morning campus commute","CANCELLED","2026-09-08","3f35fe4f-f1a5-48e3-8083-fa17362b90eb","10:26","13:40","return_from_college","13","1"
"71ecd16c-73ec-46bc-9ff5-28862574cbe0","4e00ed27-5fe2-4835-b43b-aad7700f4e90","swargate-vit","eb0d92a7-38aa-446a-9f38-091814ea3abd","6c30c56b-74ce-4c24-a819-98b9ab6387f5","Chintamani Nagar","18.4651","73.864","VIT College","18.4635","73.8682","2026-09-09T02:37:00.000Z","2","1","car","false","73","Morning campus commute","COMPLETED","2026-09-09","bcaa973d-debd-44f4-8d45-6a995f8b3d8f","08:37","12:31","travel_to_college","11","12"
"6987b167-7709-46d8-b12b-b7ee6d98235b","8d1d180b-18bc-4087-9270-19ce1583e574","katraj-vit","6c30c56b-74ce-4c24-a819-98b9ab6387f5","86597dc2-00ef-475a-8a9a-daf0323897ca","VIT College","18.4635","73.8682","Katraj Terminal","18.4471","73.8562","2026-09-10T06:01:00.000Z","3","2","car","false","70","Morning campus commute","SCHEDULED","2026-09-10","8bf79a64-bb28-49fb-9778-776462aab274","08:11","11:16","return_from_college","13","1"
"02364f96-9af8-47cb-83df-f07d5045526f","5f049c18-2f70-4261-b271-889d9956d23d","swargate-vit","11cd5543-db39-4321-9f12-008b367d2ce1","6c30c56b-74ce-4c24-a819-98b9ab6387f5","Upper Indira Nagar Bus Depot","18.4682","73.8623","VIT College","18.4635","73.8682","2026-09-11T02:01:00.000Z","4","2","car","false","27","Morning campus commute","COMPLETED","2026-09-11","68140df0-3c76-418d-89d7-a18d6eb5af8e","08:01","11:30","travel_to_college","10","12"
"7a356257-b76e-4261-a3ee-d3a7d1782078","9e5cb7c9-7ef5-48c4-9a63-9e419dbc1b10","katraj-vit","6c30c56b-74ce-4c24-a819-98b9ab6387f5","3221d156-13e7-4834-84ce-848f49b87be2","VIT College","18.4635","73.8682","Bibwewadi Bus Stop","18.4792","73.8615","2026-09-12T09:28:00.000Z","4","3","car","false","47","Morning campus commute","SCHEDULED","2026-09-12","542db1d5-7a65-4c18-ba83-051029458e80","10:46","14:43","return_from_college","13","8"
"f266d8db-f4f8-493b-9dc6-a27deba9e0eb","18da61b6-4b5b-4090-ae04-48fad27b6a3d","swargate-vit","0c2d013a-9422-4c89-905f-4ec287ba2251","6c30c56b-74ce-4c24-a819-98b9ab6387f5","Swargate BRTS Stop","18.4982","73.8588","VIT College","18.4635","73.8682","2026-09-17T06:02:00.000Z","1","0","bike","true","23","Pickup near the hub","COMPLETED","2026-09-17","0c9d0513-23c1-49bb-9001-a7ad466557a6","12:02","15:02","travel_to_college","2","12"
"58d3c330-aa1f-4a79-92e6-38a7f94481f8","cb3f3ef2-5ef7-449a-8f63-2d283dcb08cf","katraj-vit","6c30c56b-74ce-4c24-a819-98b9ab6387f5","0ad9adea-2c75-4d2a-86ae-34dcc0727788","VIT College","18.4635","73.8682","Shankar Maharaj Math","18.4735","73.8579","2026-09-14T09:25:00.000Z","1","0","bike","true","26","Please arrive five minutes early","COMPLETED","2026-09-14","8c7483b6-d961-40e1-aea7-26d70d60eabf","11:15","14:40","return_from_college","13","6"
"60c4d276-ee79-4edf-bcdd-fdc356d37b8f","69158428-13ec-44bc-be1b-661be60211b1","swargate-vit","0095597e-ebd1-4f83-a6c0-a8e94be6a92b","6c30c56b-74ce-4c24-a819-98b9ab6387f5","Laxmi Narayan Theatre","18.4965","73.8584","VIT College","18.4635","73.8682","2026-09-15T05:14:00.000Z","2","1","car","false","34","","CANCELLED","2026-09-15","8131a26b-54b3-42ba-801a-56d4ef8cc150","11:14","14:46","travel_to_college","3","12"
"f4c827fd-4aaa-4675-9e5a-07fcfe74bca1","85802130-aece-4a5c-b091-be9de76fa62e","katraj-vit","6c30c56b-74ce-4c24-a819-98b9ab6387f5","a80964b4-72f5-43de-ad1a-bdcb9fca796e","VIT College","18.4635","73.8682","Lower Indira Nagar Stop","18.4718","73.8618","2026-09-16T07:56:00.000Z","1","0","scooty","true","11","","CANCELLED","2026-09-16","643fe66d-f8fb-42b3-8dd5-2ec227609e27","09:36","13:11","return_from_college","13","9"
"46fe3db0-a3ea-47af-b853-382e4b9795c6","a8d214fd-de07-4ea1-bae5-557d146f9b27","swargate-vit","19cfadd2-1ff7-4a2f-b5e3-eeb73f44cc28","6c30c56b-74ce-4c24-a819-98b9ab6387f5","Swargate PMPML Main Bus Stand","18.4991","73.8583","VIT College","18.4635","73.8682","2026-09-18T07:31:00.000Z","1","0","scooty","true","18","Morning campus commute","COMPLETED","2026-09-18","e1b1fdaf-e636-43ff-a2d3-44a218bb0247","13:31","17:29","travel_to_college","1","12"
"06c84b3c-865a-458d-b963-35b8b8e145b7","f6c03d6c-620f-48f6-af10-83f362b1c35a","katraj-vit","6c30c56b-74ce-4c24-a819-98b9ab6387f5","af5c22fe-11db-4392-b90e-85f946c0a37b","VIT College","18.4635","73.8682","KK Market BRTS","18.4683","73.8579","2026-09-18T10:40:00.000Z","1","0","scooty","true","12","","COMPLETED","2026-09-18","1e3ab85a-26ea-4944-8e4c-2d4b6ad79fa7","11:56","15:55","return_from_college","13","5"
"b56f8db3-a5ea-4a98-8fd2-6eae9e7c7a64","8e8cd61b-b7bc-4aca-9fce-e812388f43cc","swargate-vit","0095597e-ebd1-4f83-a6c0-a8e94be6a92b","6c30c56b-74ce-4c24-a819-98b9ab6387f5","Laxmi Narayan Theatre","18.4965","73.8584","VIT College","18.4635","73.8682","2026-09-19T06:19:00.000Z","1","0","bike","false","1","","COMPLETED","2026-09-19","6b2374b2-d528-49ee-9a5f-d3565ef93108","12:19","15:52","travel_to_college","3","12"
"140474d4-92ac-41bc-ae19-6fb4cc891c2f","5b1a8339-482f-4cfd-adca-c91175dce9e8","katraj-vit","6c30c56b-74ce-4c24-a819-98b9ab6387f5","fea32ab3-d832-43d3-a3a0-788e8711526d","VIT College","18.4635","73.8682","Balaji Nagar BRTS","18.4628","73.8577","2026-09-21T07:30:00.000Z","1","0","scooty","true","7","Morning campus commute","SCHEDULED","2026-09-21","98319624-3c60-4c02-9520-a0d6eabd8054","08:55","12:45","return_from_college","13","4"
"80791095-ce9c-4a9e-8e12-08e482c12297","b407e420-bc95-44d7-9048-179efe644dba","swargate-vit","a80964b4-72f5-43de-ad1a-bdcb9fca796e","6c30c56b-74ce-4c24-a819-98b9ab6387f5","Lower Indira Nagar Stop","18.4718","73.8618","VIT College","18.4635","73.8682","2026-09-21T06:36:00.000Z","2","1","car","false","52","","SCHEDULED","2026-09-21","aaabfe33-bbe7-43f3-9f82-53cba4315e07","12:36","15:50","travel_to_college","8","12"
"9157f9dd-1e77-4590-9528-19f14d6dee73","17be73c9-0769-4965-981b-a5457dd33ba5","katraj-vit","6c30c56b-74ce-4c24-a819-98b9ab6387f5","ebb92112-ef31-4ebe-a259-4e999c52f0fd","VIT College","18.4635","73.8682","Bharati Vidyapeeth","18.456","73.8574","2026-09-22T12:09:00.000Z","1","1","bike","true","7","Morning campus commute","SCHEDULED","2026-09-22","29007297-cc5b-45f7-92e6-765020baea71","13:59","17:24","return_from_college","13","3"
"5ba5f76c-fa67-48f4-89ed-6861d02e466c","1e8f38cb-b0ae-4701-9268-3c8e55456ef9","swargate-vit","a80964b4-72f5-43de-ad1a-bdcb9fca796e","6c30c56b-74ce-4c24-a819-98b9ab6387f5","Lower Indira Nagar Stop","18.4718","73.8618","VIT College","18.4635","73.8682","2026-09-24T03:43:00.000Z","3","1","car","false","21","","SCHEDULED","2026-09-24","e12f7ac0-d0eb-4bd1-b1cd-739bdb4a70ef","09:43","12:52","travel_to_college","8","12"
"8180a3b0-aae4-4caf-bdfb-e0995738cee7","fe668d59-83f5-4167-b303-948c22591f60","katraj-vit","6c30c56b-74ce-4c24-a819-98b9ab6387f5","86e290a5-7e39-4f7a-805e-a6154d820f01","VIT College","18.4635","73.8682","Market Yard Corner","18.4792","73.8581","2026-09-25T11:00:00.000Z","1","1","bike","true","16","","SCHEDULED","2026-09-25","74906e96-0caf-4954-8b59-c1be5db1a624","13:13","16:15","return_from_college","13","7"
"e7c7fac0-f7a5-499b-b364-4d432538e656","72a2f2bb-d751-41f3-8634-e09d45e07917","swargate-vit","0095597e-ebd1-4f83-a6c0-a8e94be6a92b","6c30c56b-74ce-4c24-a819-98b9ab6387f5","Laxmi Narayan Theatre","18.4965","73.8584","VIT College","18.4635","73.8682","2026-09-25T07:06:00.000Z","2","0","car","false","33","","SCHEDULED","2026-09-25","62eb69ad-ba91-46fb-a70d-cd9790af5504","13:06","16:50","travel_to_college","3","12"
"40d408d2-a75b-437a-b0eb-c0763539e0d8","286cf4ab-43ca-4259-b0fc-da25195d0244","katraj-vit","6c30c56b-74ce-4c24-a819-98b9ab6387f5","eb0d92a7-38aa-446a-9f38-091814ea3abd","VIT College","18.4635","73.8682","Chintamani Nagar","18.4651","73.864","2026-09-29T08:57:00.000Z","1","1","bike","false","25","Please arrive five minutes early","SCHEDULED","2026-09-29","c9861d8d-c496-46c9-87ff-e3fea739dc23","10:56","14:12","return_from_college","13","12"
"17bbd8d2-9f98-4560-84a0-cd720c21c507","71828ca0-ebd4-4211-ba24-a16f7159e15d","swargate-vit","11cd5543-db39-4321-9f12-008b367d2ce1","6c30c56b-74ce-4c24-a819-98b9ab6387f5","Upper Indira Nagar Bus Depot","18.4682","73.8623","VIT College","18.4635","73.8682","2026-09-29T05:04:00.000Z","4","3","car","false","34","","SCHEDULED","2026-09-29","9fc31676-1c8f-4670-bd1a-505b5c1ddd2f","11:04","14:38","travel_to_college","10","12"
"b7c5c67f-b349-4ca1-90e1-f85f51629ab9","22cd2c32-c447-4e38-8e94-504aa1dee620","katraj-vit","6c30c56b-74ce-4c24-a819-98b9ab6387f5","0ad9adea-2c75-4d2a-86ae-34dcc0727788","VIT College","18.4635","73.8682","Shankar Maharaj Math","18.4735","73.8579","2026-09-28T11:03:00.000Z","1","0","scooty","true","25","Morning campus commute","SCHEDULED","2026-09-28","c8b984b3-65db-4d7f-a9c7-ca4de578e345","12:42","16:18","return_from_college","13","6"
"a14352a7-dd09-485a-93f4-cc9ed1f83047","049a400b-5043-4cc0-8f0c-a2000b0bc7c2","swargate-vit","596f6d76-b8c5-4cf2-9058-1a1a334d424d","6c30c56b-74ce-4c24-a819-98b9ab6387f5","Panchami BRTS","18.4902","73.8586","VIT College","18.4635","73.8682","2026-09-29T06:41:00.000Z","1","0","scooty","true","4","","SCHEDULED","2026-09-29","0bd6e7fc-9f3a-4f40-b1c3-fab5a0ccb064","12:41","16:07","travel_to_college","4","12"
"3b3e2f78-4eb4-42f0-bf47-8f5fe96cff72","033a0415-353b-46da-a08f-1e6fb661c073","katraj-vit","6c30c56b-74ce-4c24-a819-98b9ab6387f5","11cd5543-db39-4321-9f12-008b367d2ce1","VIT College","18.4635","73.8682","Upper Indira Nagar Bus Depot","18.4682","73.8623","2026-09-30T11:55:00.000Z","2","1","car","false","59","Please arrive five minutes early","SCHEDULED","2026-09-30","f276155f-56b6-4100-a100-cad71c8f1bf4","13:37","17:10","return_from_college","13","11"
"26e698f3-a297-4a6d-831d-1054ef5fbe8e","4eb4654f-b132-4610-b82a-80fd5aa524c0","swargate-vit","86e290a5-7e39-4f7a-805e-a6154d820f01","6c30c56b-74ce-4c24-a819-98b9ab6387f5","Market Yard Corner","18.4792","73.8581","VIT College","18.4635","73.8682","2026-10-01T07:53:00.000Z","1","0","scooty","false","30","Morning campus commute","SCHEDULED","2026-10-01","0153c05b-db5d-4476-93dd-d006126e5071","13:53","17:44","travel_to_college","6","12"
"721903fb-06fd-4816-8fe4-1410457eef3c","1712b652-bce4-4309-8027-92304c9fed8f","katraj-vit","6c30c56b-74ce-4c24-a819-98b9ab6387f5","0ad9adea-2c75-4d2a-86ae-34dcc0727788","VIT College","18.4635","73.8682","Shankar Maharaj Math","18.4735","73.8579","2026-10-02T08:12:00.000Z","2","0","car","false","57","","SCHEDULED","2026-10-02","e258cb09-bd7e-4eec-9c61-7b30ae48cd94","09:27","13:27","return_from_college","13","6"
"a2135296-612a-4c7e-b11d-c34a3d788adb","8574ead2-c80a-462a-8ad9-5f880cff1bd5","swargate-vit","a80964b4-72f5-43de-ad1a-bdcb9fca796e","6c30c56b-74ce-4c24-a819-98b9ab6387f5","Lower Indira Nagar Stop","18.4718","73.8618","VIT College","18.4635","73.8682","2026-10-03T05:38:00.000Z","1","1","bike","true","9","","SCHEDULED","2026-10-03","eed1f426-8107-4b09-bbef-c3f576eb6236","11:38","15:05","travel_to_college","8","12"
"d82fb1b7-633b-492e-a897-fb6a329c723f","52467296-cc1a-4959-869c-83e18fa9c89e","katraj-vit","6c30c56b-74ce-4c24-a819-98b9ab6387f5","86597dc2-00ef-475a-8a9a-daf0323897ca","VIT College","18.4635","73.8682","Katraj Terminal","18.4471","73.8562","2026-10-05T10:10:00.000Z","1","0","scooty","false","0","","SCHEDULED","2026-10-05","65843aff-a0ce-4bb9-b748-41685b9e6c05","11:40","15:25","return_from_college","13","1"
"d496eed9-0f73-4a18-b29c-43436e627d88","8a8524b8-3506-433a-9249-833aa24fb089","swargate-vit","0c2d013a-9422-4c89-905f-4ec287ba2251","6c30c56b-74ce-4c24-a819-98b9ab6387f5","Swargate BRTS Stop","18.4982","73.8588","VIT College","18.4635","73.8682","2026-10-05T06:42:00.000Z","1","0","bike","true","18","Morning campus commute","SCHEDULED","2026-10-05","9e9e78ce-bba0-4c36-9714-1aac3313af35","12:42","16:29","travel_to_college","2","12"
"608a1b41-f4f4-4ffa-b129-e9c87a3b0578","8ea08f3a-4be1-4f97-9251-d633e633dc41","katraj-vit","6c30c56b-74ce-4c24-a819-98b9ab6387f5","eb0d92a7-38aa-446a-9f38-091814ea3abd","VIT College","18.4635","73.8682","Chintamani Nagar","18.4651","73.864","2026-10-06T08:47:00.000Z","4","4","car","false","63","","SCHEDULED","2026-10-06","603f0262-fee1-466a-8733-d539c4b20751","10:58","14:02","return_from_college","13","12"
"a3d7f628-948b-4ed8-b220-4933b8bc251d","09fad991-eb28-483c-a92f-412d005f86e1","swargate-vit","11cd5543-db39-4321-9f12-008b367d2ce1","6c30c56b-74ce-4c24-a819-98b9ab6387f5","Upper Indira Nagar Bus Depot","18.4682","73.8623","VIT College","18.4635","73.8682","2026-10-07T04:43:00.000Z","1","0","bike","true","15","Pickup near the hub","SCHEDULED","2026-10-07","1778eb09-53d4-49f0-a703-d9088e8bacc0","10:43","14:14","travel_to_college","10","12"
"9105cdb4-1781-44d8-8505-ddf60de543ff","4ca5fb96-60cc-461f-9950-c00386ae3d0d","katraj-vit","6c30c56b-74ce-4c24-a819-98b9ab6387f5","876d2e4d-fad4-4ee2-916c-e5ad147030cf","VIT College","18.4635","73.8682","Katraj Dairy BRTS","18.4508","73.8569","2026-10-09T09:06:00.000Z","1","0","bike","true","2","Morning campus commute","SCHEDULED","2026-10-09","bacddf87-87c9-4158-9642-68b9757f2010","11:08","14:21","return_from_college","13","2"
"38b44d57-b7d1-4977-b3a5-8c22e66d679a","22829531-9959-4ca6-a928-9f36eb4703e1","swargate-vit","a80964b4-72f5-43de-ad1a-bdcb9fca796e","6c30c56b-74ce-4c24-a819-98b9ab6387f5","Lower Indira Nagar Stop","18.4718","73.8618","VIT College","18.4635","73.8682","2026-10-09T07:03:00.000Z","1","0","scooty","false","3","Please arrive five minutes early","SCHEDULED","2026-10-09","a8c9fd59-cbfa-45d0-a3de-942efa80599e","13:03","16:26","travel_to_college","8","12"
"233e3fe2-c2d8-4e69-b6e1-8863bf84ea51","97e2c868-d328-4e04-a87f-cdd9bf32f321","katraj-vit","6c30c56b-74ce-4c24-a819-98b9ab6387f5","1bc21bdf-5bcc-4dd4-8140-eac24ae23b69","VIT College","18.4635","73.8682","Kashinath Patil Nagar Stop","18.4745","73.8631","2026-10-10T06:28:00.000Z","3","2","car","false","21","Please arrive five minutes early","SCHEDULED","2026-10-10","e1e06f6f-4d9d-410b-a1fb-e008232f62d7","08:15","11:43","return_from_college","13","10"
"ce558404-d67a-4366-8a39-c7d343a60edb","53476aa4-9daa-46aa-9332-69d4a4566a3d","swargate-vit","570167fe-7324-46a2-9cf4-fbea6048e8be","6c30c56b-74ce-4c24-a819-98b9ab6387f5","City Pride BRTS","18.4845","73.8583","VIT College","18.4635","73.8682","2026-10-12T02:34:00.000Z","1","0","scooty","true","0","Please arrive five minutes early","SCHEDULED","2026-10-12","eed5c572-a7ea-4af8-a8d3-16259d1859d2","08:34","11:54","travel_to_college","5","12"
"64248799-ea70-49df-9f1b-105a25fe31be","86105958-87be-4dcd-b670-bf501ca8dcdd","katraj-vit","6c30c56b-74ce-4c24-a819-98b9ab6387f5","0ad9adea-2c75-4d2a-86ae-34dcc0727788","VIT College","18.4635","73.8682","Shankar Maharaj Math","18.4735","73.8579","2026-10-12T07:04:00.000Z","1","0","bike","true","22","","SCHEDULED","2026-10-12","6909f5bf-9825-45b3-b80b-89c1408120a7","08:27","12:19","return_from_college","13","6"
"7b87c305-59f3-4fd8-a861-c8ab5ded409e","d318afa9-113f-46e4-bd9a-1ae0cbe4cec9","swargate-vit","eb0d92a7-38aa-446a-9f38-091814ea3abd","6c30c56b-74ce-4c24-a819-98b9ab6387f5","Chintamani Nagar","18.4651","73.864","VIT College","18.4635","73.8682","2026-10-14T03:49:00.000Z","3","2","car","false","57","","SCHEDULED","2026-10-14","69d37c4b-f62f-4791-87e7-d53e7968013a","09:49","12:55","travel_to_college","11","12"
"746b8ee1-8873-421c-baa5-10176fa1cfb9","47cbbcf7-3a62-4033-9a9b-5d2ebe48617b","katraj-vit","6c30c56b-74ce-4c24-a819-98b9ab6387f5","af5c22fe-11db-4392-b90e-85f946c0a37b","VIT College","18.4635","73.8682","KK Market BRTS","18.4683","73.8579","2026-10-15T10:09:00.000Z","1","0","bike","true","22","Morning campus commute","SCHEDULED","2026-10-15","323c8ce3-3ea4-4259-be04-6507b72b68b1","11:47","15:24","return_from_college","13","5"
"06663373-1e24-4ffb-ba01-aa810fb5c054","f6bd0cb8-14b6-4983-84a7-6090b75c1bf2","swargate-vit","1bc21bdf-5bcc-4dd4-8140-eac24ae23b69","6c30c56b-74ce-4c24-a819-98b9ab6387f5","Kashinath Patil Nagar Stop","18.4745","73.8631","VIT College","18.4635","73.8682","2026-10-15T03:28:00.000Z","4","2","car","false","47","Morning campus commute","SCHEDULED","2026-10-15","f3a802b9-e295-4615-94be-60f3d9bc8111","09:28","12:42","travel_to_college","9","12"
"6fa49c8f-921a-4914-a10d-b105a8f2ea6f","81e5312b-7123-490f-977b-7f79504efcd6","katraj-vit","6c30c56b-74ce-4c24-a819-98b9ab6387f5","fea32ab3-d832-43d3-a3a0-788e8711526d","VIT College","18.4635","73.8682","Balaji Nagar BRTS","18.4628","73.8577","2026-10-16T10:33:00.000Z","1","0","bike","true","21","Pickup near the hub","SCHEDULED","2026-10-16","2160f974-3748-4b4c-9e51-45350e62530c","12:05","15:48","return_from_college","13","4"
"2647b6a0-2031-43c0-906c-792292a85840","6dbaac16-eca9-4619-9461-cf1f791691ff","swargate-vit","1bc21bdf-5bcc-4dd4-8140-eac24ae23b69","6c30c56b-74ce-4c24-a819-98b9ab6387f5","Kashinath Patil Nagar Stop","18.4745","73.8631","VIT College","18.4635","73.8682","2026-10-17T06:26:00.000Z","2","0","car","false","57","Please arrive five minutes early","SCHEDULED","2026-10-17","55e2b25f-d440-4dd8-abec-153298869bcd","12:26","15:27","travel_to_college","9","12"
"15c43573-9026-4514-96b2-386aa2b78dd8","219ae89a-62d9-41de-a1e7-1597cd661ca8","katraj-vit","6c30c56b-74ce-4c24-a819-98b9ab6387f5","0ad9adea-2c75-4d2a-86ae-34dcc0727788","VIT College","18.4635","73.8682","Shankar Maharaj Math","18.4735","73.8579","2026-10-19T07:08:00.000Z","1","0","bike","false","14","","SCHEDULED","2026-10-19","a3f81290-24ba-4920-a777-8a160002e021","08:44","12:23","return_from_college","13","6"
"3e53cd37-6ad0-48fa-bfdb-fe5ff1db5eec","6f3fcde3-7927-4673-8e83-5d19997e04eb","swargate-vit","86e290a5-7e39-4f7a-805e-a6154d820f01","6c30c56b-74ce-4c24-a819-98b9ab6387f5","Market Yard Corner","18.4792","73.8581","VIT College","18.4635","73.8682","2026-10-20T06:07:00.000Z","4","2","car","false","31","Morning campus commute","SCHEDULED","2026-10-20","6acfd3af-7805-4223-a8f4-69799ba39890","12:07","15:26","travel_to_college","6","12"
"8c3f9541-cd27-4e9e-9080-5d388e3dacd8","2bba79b1-7549-484e-89e1-bf3b93c66b88","katraj-vit","6c30c56b-74ce-4c24-a819-98b9ab6387f5","eb0d92a7-38aa-446a-9f38-091814ea3abd","VIT College","18.4635","73.8682","Chintamani Nagar","18.4651","73.864","2026-10-21T08:16:00.000Z","1","1","bike","true","7","Please arrive five minutes early","SCHEDULED","2026-10-21","1aaa63fe-69f8-41f5-bb6f-d7e8714890d9","10:01","13:31","return_from_college","13","12"
"f82a46bb-988d-4b31-ab14-17e83991a52b","ab1c3a5c-50fe-4a26-b80d-4cd36938d001","swargate-vit","a80964b4-72f5-43de-ad1a-bdcb9fca796e","6c30c56b-74ce-4c24-a819-98b9ab6387f5","Lower Indira Nagar Stop","18.4718","73.8618","VIT College","18.4635","73.8682","2026-10-21T02:49:00.000Z","1","0","bike","true","20","","SCHEDULED","2026-10-21","51fd98a1-7c3f-40a6-91ec-939c1065f21b","08:49","12:34","travel_to_college","8","12"
"5d8e823c-adde-43a3-b70a-4a96ebf53f8d","89d25526-5e75-4c71-a504-7c0e208f52ae","katraj-vit","6c30c56b-74ce-4c24-a819-98b9ab6387f5","86597dc2-00ef-475a-8a9a-daf0323897ca","VIT College","18.4635","73.8682","Katraj Terminal","18.4471","73.8562","2026-10-22T09:13:00.000Z","1","0","scooty","true","13","","SCHEDULED","2026-10-22","315fedcb-73c5-4404-a2b9-0ce1fb594bc3","10:54","14:28","return_from_college","13","1"
"8e33a30a-a606-40e3-b90d-d88a9a9afca9","e57ff715-25a1-426c-97cf-87015c1bf680","swargate-vit","1bc21bdf-5bcc-4dd4-8140-eac24ae23b69","6c30c56b-74ce-4c24-a819-98b9ab6387f5","Kashinath Patil Nagar Stop","18.4745","73.8631","VIT College","18.4635","73.8682","2026-10-24T02:38:00.000Z","1","1","scooty","true","14","Pickup near the hub","SCHEDULED","2026-10-24","d59ad711-3194-4080-984d-e225a3283af6","08:38","11:58","travel_to_college","9","12"
"5016b04d-54b7-4df8-9aea-d96dc510bda5","a0c0f44b-0991-4b2f-8eac-5c0f929d5d9a","katraj-vit","6c30c56b-74ce-4c24-a819-98b9ab6387f5","0ad9adea-2c75-4d2a-86ae-34dcc0727788","VIT College","18.4635","73.8682","Shankar Maharaj Math","18.4735","73.8579","2026-10-26T08:56:00.000Z","1","0","bike","true","19","Morning campus commute","SCHEDULED","2026-10-26","e6a049d2-d5db-48ab-91d9-2b362dc9d90b","10:22","14:11","return_from_college","13","6"
"345a6260-5564-4211-b0ce-12b0b4a4d09c","97169492-6066-4681-a1f9-9a132e78bbd1","swargate-vit","a80964b4-72f5-43de-ad1a-bdcb9fca796e","6c30c56b-74ce-4c24-a819-98b9ab6387f5","Lower Indira Nagar Stop","18.4718","73.8618","VIT College","18.4635","73.8682","2026-10-26T06:11:00.000Z","2","2","car","false","64","Morning campus commute","SCHEDULED","2026-10-26","65d13be6-6c8f-4522-9b90-8e2fd4377712","12:11","15:37","travel_to_college","8","12"
"e0cfee26-22ca-46fd-9681-a98cb9b7694a","3934e51d-f7fc-439d-a64b-1e11c068f9b5","katraj-vit","6c30c56b-74ce-4c24-a819-98b9ab6387f5","a80964b4-72f5-43de-ad1a-bdcb9fca796e","VIT College","18.4635","73.8682","Lower Indira Nagar Stop","18.4718","73.8618","2026-10-26T08:53:00.000Z","3","3","car","false","23","Pickup near the hub","SCHEDULED","2026-10-26","8ccf836c-40be-4c0e-91b3-1ba9f9be9194","11:02","14:08","return_from_college","13","9"
"2b96b839-ef3d-4b88-898d-96ad74b9e8d1","29ba1c6f-943a-462e-a307-a6c327c39a57","swargate-vit","a80964b4-72f5-43de-ad1a-bdcb9fca796e","6c30c56b-74ce-4c24-a819-98b9ab6387f5","Lower Indira Nagar Stop","18.4718","73.8618","VIT College","18.4635","73.8682","2026-10-27T05:46:00.000Z","3","1","car","false","55","","SCHEDULED","2026-10-27","6f1a7be3-9256-4142-b380-04999d63d64c","11:46","15:40","travel_to_college","8","12"
"f58d712b-7078-477a-b43f-fed9d0ed3ccb","abc3a47b-8ad1-4b85-9c68-7d9ca2c6091e","katraj-vit","6c30c56b-74ce-4c24-a819-98b9ab6387f5","a80964b4-72f5-43de-ad1a-bdcb9fca796e","VIT College","18.4635","73.8682","Lower Indira Nagar Stop","18.4718","73.8618","2026-10-28T08:17:00.000Z","4","1","car","false","34","Please arrive five minutes early","SCHEDULED","2026-10-28","556c0a51-7dbe-4709-bc16-1ac3f9da83b5","10:17","13:32","return_from_college","13","9"
"a2bdc5e3-efbd-4b73-a3ac-deb12dae33eb","0195616c-ec89-4a4d-8990-b9d0d41435fa","swargate-vit","11cd5543-db39-4321-9f12-008b367d2ce1","6c30c56b-74ce-4c24-a819-98b9ab6387f5","Upper Indira Nagar Bus Depot","18.4682","73.8623","VIT College","18.4635","73.8682","2026-10-30T07:42:00.000Z","3","2","car","false","59","Please arrive five minutes early","SCHEDULED","2026-10-30","de11f5a3-19ad-4720-b0c5-0018e636450d","13:42","16:52","travel_to_college","10","12"
"639b8dab-868e-46c8-9985-2b24c67e426f","4bb40fa4-b428-432e-aca2-1a954ebd5186","katraj-vit","6c30c56b-74ce-4c24-a819-98b9ab6387f5","ebb92112-ef31-4ebe-a259-4e999c52f0fd","VIT College","18.4635","73.8682","Bharati Vidyapeeth","18.456","73.8574","2026-10-30T10:21:00.000Z","1","0","scooty","true","25","Pickup near the hub","SCHEDULED","2026-10-30","f1a3ab37-303c-4042-9324-54c13c76a55b","12:03","15:36","return_from_college","13","3"
"d5d03f89-3122-4eef-93db-48240a7c078c","96f0bff7-4a51-45fe-924a-7fd40bd96af0","swargate-vit","eb0d92a7-38aa-446a-9f38-091814ea3abd","6c30c56b-74ce-4c24-a819-98b9ab6387f5","Chintamani Nagar","18.4651","73.864","VIT College","18.4635","73.8682","2026-10-31T06:54:00.000Z","1","0","bike","true","29","Pickup near the hub","SCHEDULED","2026-10-31","9489a292-c4c9-458f-b43c-82e1bce92a99","12:54","16:21","travel_to_college","11","12"
"80c739c0-028a-4aeb-bb97-4a8b74e9b783","856c5003-10e0-491c-b001-245c65a8fb4b","katraj-vit","6c30c56b-74ce-4c24-a819-98b9ab6387f5","a80964b4-72f5-43de-ad1a-bdcb9fca796e","VIT College","18.4635","73.8682","Lower Indira Nagar Stop","18.4718","73.8618","2026-11-02T09:46:00.000Z","1","0","scooty","true","30","","SCHEDULED","2026-11-02","04ed90de-87c9-40b0-bc18-ffd210529889","11:06","15:01","return_from_college","13","9"
"4278af89-7ca1-422c-b386-0688986e3bc7","dbffce9e-93ca-460b-a2e6-fec327ae8a6e","swargate-vit","19cfadd2-1ff7-4a2f-b5e3-eeb73f44cc28","6c30c56b-74ce-4c24-a819-98b9ab6387f5","Swargate PMPML Main Bus Stand","18.4991","73.8583","VIT College","18.4635","73.8682","2026-11-02T07:22:00.000Z","1","1","scooty","true","16","Morning campus commute","SCHEDULED","2026-11-02","bc8b45c0-7e04-471d-8be5-02840d094c58","13:22","17:06","travel_to_college","1","12"
"17fa5741-b7f9-4a82-b0d6-00329164d053","20bdc7ae-7082-421e-b675-6c4002d0295b","katraj-vit","6c30c56b-74ce-4c24-a819-98b9ab6387f5","11cd5543-db39-4321-9f12-008b367d2ce1","VIT College","18.4635","73.8682","Upper Indira Nagar Bus Depot","18.4682","73.8623","2026-11-03T06:33:00.000Z","1","0","bike","false","23","Morning campus commute","SCHEDULED","2026-11-03","83ad6211-a469-40ac-8f73-e2f5246b945d","08:30","11:48","return_from_college","13","11"
"c0ef7bdf-89cb-4b88-a736-93e509b4d96c","a4e13249-216e-49cd-8abf-6f5bd9c3fe4c","swargate-vit","0c2d013a-9422-4c89-905f-4ec287ba2251","6c30c56b-74ce-4c24-a819-98b9ab6387f5","Swargate BRTS Stop","18.4982","73.8588","VIT College","18.4635","73.8682","2026-11-04T06:19:00.000Z","1","1","bike","true","24","Please arrive five minutes early","SCHEDULED","2026-11-04","0e068188-d502-46a6-a965-8e2e48563476","12:19","15:24","travel_to_college","2","12"
"62e27b61-872d-44c5-8c1c-cbb7242572e6","1137a11d-2e66-45ed-b840-8d12e6722bfa","katraj-vit","6c30c56b-74ce-4c24-a819-98b9ab6387f5","86597dc2-00ef-475a-8a9a-daf0323897ca","VIT College","18.4635","73.8682","Katraj Terminal","18.4471","73.8562","2026-11-05T06:46:00.000Z","1","0","bike","true","5","Pickup near the hub","SCHEDULED","2026-11-05","0956ad1b-3046-4411-bb8d-334dd3de5bbf","08:20","12:01","return_from_college","13","1"
"a430118d-8cb5-4b44-85cd-cdf9977b103b","d3b6bef4-14dc-43ee-b1ea-5df640bff3ea","swargate-vit","a80964b4-72f5-43de-ad1a-bdcb9fca796e","6c30c56b-74ce-4c24-a819-98b9ab6387f5","Lower Indira Nagar Stop","18.4718","73.8618","VIT College","18.4635","73.8682","2026-08-08T03:05:00.000Z","1","0","scooty","true","17","","SCHEDULED","2026-08-08","ecdaaa22-d171-4482-98c7-3d1e61100d22","09:05","12:08","travel_to_college","8","12"
"fda53875-8de3-4343-95dc-4bd627b41573","a78892d9-93b0-4a78-9a2f-2fad3db5becb","katraj-vit","6c30c56b-74ce-4c24-a819-98b9ab6387f5","3221d156-13e7-4834-84ce-848f49b87be2","VIT College","18.4635","73.8682","Bibwewadi Bus Stop","18.4792","73.8615","2026-08-10T12:13:00.000Z","1","0","bike","true","15","","COMPLETED","2026-08-10","5fe19420-b195-4363-83f2-96850d5fc932","13:59","17:28","return_from_college","13","8"
"5c55ad94-091b-4dbe-a90e-a6c42aec12c8","613365a0-56e0-41a2-a7c9-48b35ec746a1","swargate-vit","86e290a5-7e39-4f7a-805e-a6154d820f01","6c30c56b-74ce-4c24-a819-98b9ab6387f5","Market Yard Corner","18.4792","73.8581","VIT College","18.4635","73.8682","2026-08-10T05:49:00.000Z","3","1","car","false","72","Morning campus commute","CANCELLED","2026-08-10","3844fd1c-4cd3-4b45-95b7-58b5d46925a8","11:49","15:43","travel_to_college","6","12"
"9ddfc12d-47f7-4408-abc6-123d3cbebe36","6767d864-c164-421c-8b90-0f29abc5af41","katraj-vit","6c30c56b-74ce-4c24-a819-98b9ab6387f5","3221d156-13e7-4834-84ce-848f49b87be2","VIT College","18.4635","73.8682","Bibwewadi Bus Stop","18.4792","73.8615","2026-08-11T06:54:00.000Z","1","0","scooty","true","29","Morning campus commute","COMPLETED","2026-08-11","dbee836d-9ffa-4518-8dea-7f37662f3c1f","09:01","12:09","return_from_college","13","8"
"08c3a1d6-e243-4a53-b251-a83bde67a85b","62390621-3521-47ba-869a-f822874bb453","swargate-vit","86e290a5-7e39-4f7a-805e-a6154d820f01","6c30c56b-74ce-4c24-a819-98b9ab6387f5","Market Yard Corner","18.4792","73.8581","VIT College","18.4635","73.8682","2026-08-12T02:46:00.000Z","4","2","car","false","32","","SCHEDULED","2026-08-12","548a1f1f-e147-440b-8a1e-c6d49e302d27","08:46","12:18","travel_to_college","6","12"
"c5fe6c7b-15ea-41e0-833c-774eb1cb567a","9449171f-669b-4ae3-8a11-85c2698005b4","katraj-vit","6c30c56b-74ce-4c24-a819-98b9ab6387f5","876d2e4d-fad4-4ee2-916c-e5ad147030cf","VIT College","18.4635","73.8682","Katraj Dairy BRTS","18.4508","73.8569","2026-08-13T06:15:00.000Z","1","0","scooty","false","4","Morning campus commute","COMPLETED","2026-08-13","ad7fafca-cd77-4f7d-9189-e9f433973d47","08:08","11:30","return_from_college","13","2"
"3730edf5-ca9b-413a-95bb-067c438692c2","8005e16b-eaf8-45be-b4d8-a5fcd5431201","swargate-vit","86e290a5-7e39-4f7a-805e-a6154d820f01","6c30c56b-74ce-4c24-a819-98b9ab6387f5","Market Yard Corner","18.4792","73.8581","VIT College","18.4635","73.8682","2026-08-14T04:03:00.000Z","2","1","car","false","42","Morning campus commute","COMPLETED","2026-08-14","f2077289-fae6-4d59-a1ca-1f73d51e5825","10:03","13:40","travel_to_college","6","12"
"f117153d-b75c-47d1-947e-f27607f3057a","e0bd240d-0573-4a8a-830a-c46264dbd855","katraj-vit","6c30c56b-74ce-4c24-a819-98b9ab6387f5","af5c22fe-11db-4392-b90e-85f946c0a37b","VIT College","18.4635","73.8682","KK Market BRTS","18.4683","73.8579","2026-08-15T08:01:00.000Z","3","0","car","false","23","Pickup near the hub","COMPLETED","2026-08-15","4f6dd21f-6e19-4807-b7bd-0ccff0241b75","09:19","13:16","return_from_college","13","5"
"911a32ff-755c-43b4-922c-c51c050bf8e0","f256e949-f4e4-4ba3-8ea9-d6a3d0ba8526","swargate-vit","a80964b4-72f5-43de-ad1a-bdcb9fca796e","6c30c56b-74ce-4c24-a819-98b9ab6387f5","Lower Indira Nagar Stop","18.4718","73.8618","VIT College","18.4635","73.8682","2026-08-17T02:48:00.000Z","2","1","car","false","74","Please arrive five minutes early","COMPLETED","2026-08-17","2395fa70-ef09-4074-95de-4c2346c8b2f6","08:48","12:01","travel_to_college","8","12"
"cc98cbb9-08a3-45c7-b8a5-e280f4b53054","ce3592dc-d951-4134-a2cd-52dbc233a3f4","katraj-vit","6c30c56b-74ce-4c24-a819-98b9ab6387f5","3221d156-13e7-4834-84ce-848f49b87be2","VIT College","18.4635","73.8682","Bibwewadi Bus Stop","18.4792","73.8615","2026-08-17T11:50:00.000Z","1","0","scooty","true","27","Pickup near the hub","SCHEDULED","2026-08-17","89ad5a45-d199-4b8a-aa2d-bcd21296f678","13:28","17:05","return_from_college","13","8"
"1aa98afc-f3ae-4d22-84ab-8cf9d8b0ba8c","b8ece9b4-d515-405a-952d-1ccdc242c410","swargate-vit","0c2d013a-9422-4c89-905f-4ec287ba2251","6c30c56b-74ce-4c24-a819-98b9ab6387f5","Swargate BRTS Stop","18.4982","73.8588","VIT College","18.4635","73.8682","2026-08-18T06:25:00.000Z","1","1","bike","true","26","Morning campus commute","SCHEDULED","2026-08-18","1e6dfde3-f511-4da4-9846-8cd6d00844fb","12:25","16:24","travel_to_college","2","12"
"d965a0a0-ff46-45b2-8e29-70e0218009fd","08eb06b4-7805-4b0c-998b-d919358e8b0f","katraj-vit","6c30c56b-74ce-4c24-a819-98b9ab6387f5","0ad9adea-2c75-4d2a-86ae-34dcc0727788","VIT College","18.4635","73.8682","Shankar Maharaj Math","18.4735","73.8579","2026-08-19T08:12:00.000Z","1","0","scooty","true","5","Pickup near the hub","SCHEDULED","2026-08-19","39878433-dc26-405b-8654-5a1f1f846ffb","10:22","13:27","return_from_college","13","6"
"7587378b-5f55-48cb-b882-7cfb86c63877","7b50af0a-e87a-4600-b547-06ff9da50ada","swargate-vit","11cd5543-db39-4321-9f12-008b367d2ce1","6c30c56b-74ce-4c24-a819-98b9ab6387f5","Upper Indira Nagar Bus Depot","18.4682","73.8623","VIT College","18.4635","73.8682","2026-08-21T02:06:00.000Z","1","0","bike","true","12","Pickup near the hub","CANCELLED","2026-08-21","10c1418d-5274-49f2-a71e-779b8b851e24","08:06","11:45","travel_to_college","10","12"
"dba407b5-fbba-4861-9f88-6ba37756fbdf","0b95ee62-3f26-4837-bdb3-8120bae0deda","katraj-vit","6c30c56b-74ce-4c24-a819-98b9ab6387f5","876d2e4d-fad4-4ee2-916c-e5ad147030cf","VIT College","18.4635","73.8682","Katraj Dairy BRTS","18.4508","73.8569","2026-08-21T12:26:00.000Z","1","0","scooty","true","3","Please arrive five minutes early","COMPLETED","2026-08-21","2c09bc92-a528-42d1-af31-c217feab2228","13:57","17:41","return_from_college","13","2"
"6190e8cb-ea61-4828-b3cf-4b3599c9cc1a","8100f2b8-79e0-4059-be98-ced465000a2e","swargate-vit","0c2d013a-9422-4c89-905f-4ec287ba2251","6c30c56b-74ce-4c24-a819-98b9ab6387f5","Swargate BRTS Stop","18.4982","73.8588","VIT College","18.4635","73.8682","2026-08-22T05:35:00.000Z","1","0","scooty","true","9","","CANCELLED","2026-08-22","9f45c801-586a-41ec-ae1d-145eda70e12e","11:35","15:21","travel_to_college","2","12"
"2064366f-bdb4-4956-a2de-33b98bfbf9dc","a85fce63-b4a4-4d71-9d87-2fb5e4653681","katraj-vit","6c30c56b-74ce-4c24-a819-98b9ab6387f5","af5c22fe-11db-4392-b90e-85f946c0a37b","VIT College","18.4635","73.8682","KK Market BRTS","18.4683","73.8579","2026-08-24T11:33:00.000Z","1","0","scooty","true","1","Morning campus commute","SCHEDULED","2026-08-24","bd890697-f928-416a-9d57-ff8c99e82239","12:54","16:48","return_from_college","13","5"
"d1875620-c234-42fa-959e-3c604b96cdcc","a6724b4c-1f36-4019-9072-772bbdeeca30","swargate-vit","570167fe-7324-46a2-9cf4-fbea6048e8be","6c30c56b-74ce-4c24-a819-98b9ab6387f5","City Pride BRTS","18.4845","73.8583","VIT College","18.4635","73.8682","2026-08-24T06:47:00.000Z","3","2","car","false","76","Morning campus commute","COMPLETED","2026-08-24","f5353d98-ccc5-4dba-8a31-190ec38fd867","12:47","16:02","travel_to_college","5","12"
"a1630283-894c-4a39-856e-c89470bedb88","e443e68b-7cb4-4260-8ec6-64c485de79d5","katraj-vit","6c30c56b-74ce-4c24-a819-98b9ab6387f5","af5c22fe-11db-4392-b90e-85f946c0a37b","VIT College","18.4635","73.8682","KK Market BRTS","18.4683","73.8579","2026-08-25T11:47:00.000Z","1","0","bike","false","13","Morning campus commute","CANCELLED","2026-08-25","37912696-9133-48c0-9a17-9bba4ac2062d","13:04","17:02","return_from_college","13","5"
"3c8643cd-cd89-40ef-89a0-a73f4387d15c","697c28b3-7690-4ffd-bfa8-c30e27f63214","swargate-vit","0c2d013a-9422-4c89-905f-4ec287ba2251","6c30c56b-74ce-4c24-a819-98b9ab6387f5","Swargate BRTS Stop","18.4982","73.8588","VIT College","18.4635","73.8682","2026-08-26T07:24:00.000Z","2","2","car","false","78","Morning campus commute","CANCELLED","2026-08-26","d4a267c8-e08a-4564-8d1a-faed3f62aa4f","13:24","16:38","travel_to_college","2","12"
"ccff349f-403c-4b6c-9e06-9c56b1f665f4","49e5dc79-ab6d-4188-9d10-62c1b84c7f5c","katraj-vit","6c30c56b-74ce-4c24-a819-98b9ab6387f5","a80964b4-72f5-43de-ad1a-bdcb9fca796e","VIT College","18.4635","73.8682","Lower Indira Nagar Stop","18.4718","73.8618","2026-08-27T07:26:00.000Z","2","1","car","false","54","Please arrive five minutes early","COMPLETED","2026-08-27","76d8bb9d-4e93-4f94-909a-4dc5701cff1b","08:56","12:41","return_from_college","13","9"
"1b5a74ec-7181-4008-adee-2fea688239c4","c2483f77-a251-4434-8d94-6a2c53e2d38e","swargate-vit","a80964b4-72f5-43de-ad1a-bdcb9fca796e","6c30c56b-74ce-4c24-a819-98b9ab6387f5","Lower Indira Nagar Stop","18.4718","73.8618","VIT College","18.4635","73.8682","2026-08-28T04:56:00.000Z","1","0","scooty","true","17","","COMPLETED","2026-08-28","4f9e4606-d78e-4e8e-b09f-597636fe2213","10:56","14:08","travel_to_college","8","12"
"b65a297f-80ed-487e-8d43-fb5cbc1de73c","b2f0c20b-d66e-41c9-b60f-6562ae71b956","katraj-vit","6c30c56b-74ce-4c24-a819-98b9ab6387f5","86e290a5-7e39-4f7a-805e-a6154d820f01","VIT College","18.4635","73.8682","Market Yard Corner","18.4792","73.8581","2026-08-29T12:16:00.000Z","1","0","scooty","true","27","Morning campus commute","COMPLETED","2026-08-29","2a910546-f293-4a45-b3f8-591fb3694712","13:43","17:31","return_from_college","13","7"
"5c388faa-23cb-4c2b-9581-221eb4d2f9db","fc8036f4-d3bf-49ee-baff-431b84d612ea","swargate-vit","eb0d92a7-38aa-446a-9f38-091814ea3abd","6c30c56b-74ce-4c24-a819-98b9ab6387f5","Chintamani Nagar","18.4651","73.864","VIT College","18.4635","73.8682","2026-08-31T02:46:00.000Z","4","3","car","false","46","","COMPLETED","2026-08-31","0e240067-f315-431f-b939-c5daa08cf835","08:46","12:12","travel_to_college","11","12"
"5663e112-eabf-49eb-ab35-ec5082302f65","2d02ada0-aefc-4d76-9f2f-c57bee3201ac","katraj-vit","6c30c56b-74ce-4c24-a819-98b9ab6387f5","11cd5543-db39-4321-9f12-008b367d2ce1","VIT College","18.4635","73.8682","Upper Indira Nagar Bus Depot","18.4682","73.8623","2026-08-31T10:33:00.000Z","2","1","car","false","23","Morning campus commute","COMPLETED","2026-08-31","8af241df-df0e-443c-8bbe-8a1aec91ebc7","12:39","15:48","return_from_college","13","11"
"6c883375-f532-4a65-9710-278143c39f97","ed6b366d-9f31-4216-84e6-747030d98fda","swargate-vit","3221d156-13e7-4834-84ce-848f49b87be2","6c30c56b-74ce-4c24-a819-98b9ab6387f5","Bibwewadi Bus Stop","18.4792","73.8615","VIT College","18.4635","73.8682","2026-09-01T07:21:00.000Z","1","1","bike","false","15","Morning campus commute","CANCELLED","2026-09-01","aa321f99-c26b-4445-a2ee-e54e5fc54f34","13:21","17:10","travel_to_college","7","12"
"826db2db-593b-4193-a5ef-2c473e13d1f5","1f726f94-16aa-417d-8d05-1b3dd96d0827","katraj-vit","6c30c56b-74ce-4c24-a819-98b9ab6387f5","3221d156-13e7-4834-84ce-848f49b87be2","VIT College","18.4635","73.8682","Bibwewadi Bus Stop","18.4792","73.8615","2026-09-02T10:51:00.000Z","1","1","scooty","true","18","","COMPLETED","2026-09-02","5ae86873-f5f4-4747-82bf-03ee1dfc2cae","12:11","16:06","return_from_college","13","8"
"ad795069-7baf-4a04-a5f9-628dd6a9fa79","b9d9e60d-de32-4732-8eb8-480e0e81bcbf","swargate-vit","0095597e-ebd1-4f83-a6c0-a8e94be6a92b","6c30c56b-74ce-4c24-a819-98b9ab6387f5","Laxmi Narayan Theatre","18.4965","73.8584","VIT College","18.4635","73.8682","2026-09-04T04:15:00.000Z","4","2","car","false","80","Please arrive five minutes early","CANCELLED","2026-09-04","fd2a2416-6e4f-4350-ac54-77785377d155","10:15","14:14","travel_to_college","3","12"
"5a627008-6213-4d82-a416-c3848627168a","442efbff-6f39-436d-bf7a-2cbb6404a6ed","katraj-vit","6c30c56b-74ce-4c24-a819-98b9ab6387f5","eb0d92a7-38aa-446a-9f38-091814ea3abd","VIT College","18.4635","73.8682","Chintamani Nagar","18.4651","73.864","2026-09-04T11:32:00.000Z","1","0","bike","true","3","Pickup near the hub","CANCELLED","2026-09-04","c7f10235-e790-462d-8d09-9610594b497e","13:30","16:47","return_from_college","13","12"
"cb0261b9-ca17-42fa-aa13-259055b48769","afabde80-8412-4536-8a7d-443441b6329d","swargate-vit","0c2d013a-9422-4c89-905f-4ec287ba2251","6c30c56b-74ce-4c24-a819-98b9ab6387f5","Swargate BRTS Stop","18.4982","73.8588","VIT College","18.4635","73.8682","2026-09-05T04:57:00.000Z","1","0","scooty","true","3","Morning campus commute","COMPLETED","2026-09-05","df310212-95d7-4738-9d28-d6cd2c527b57","10:57","14:26","travel_to_college","2","12"
"606a433e-0f40-4d84-ad55-6406defd9620","6c3f7adf-4f2a-4914-ba78-8b1548f14a1a","katraj-vit","6c30c56b-74ce-4c24-a819-98b9ab6387f5","86597dc2-00ef-475a-8a9a-daf0323897ca","VIT College","18.4635","73.8682","Katraj Terminal","18.4471","73.8562","2026-09-07T09:39:00.000Z","1","0","bike","true","9","Morning campus commute","COMPLETED","2026-09-07","00937907-102b-475d-b38b-80b7e2715a21","11:39","14:54","return_from_college","13","1"
"65637234-30d3-41cb-9ace-a4af79b5b756","81dfda4a-3ec9-4eae-a7f1-0692e03bb1d0","swargate-vit","1bc21bdf-5bcc-4dd4-8140-eac24ae23b69","6c30c56b-74ce-4c24-a819-98b9ab6387f5","Kashinath Patil Nagar Stop","18.4745","73.8631","VIT College","18.4635","73.8682","2026-09-07T04:32:00.000Z","1","0","scooty","true","12","Please arrive five minutes early","SCHEDULED","2026-09-07","9bfe8458-a1bd-415c-9510-dea2aad90fda","10:32","14:17","travel_to_college","9","12"
"b20fb978-9a31-40bf-9dfd-0f828b064938","b049f74f-7dd1-454b-91ad-b27eeaeed095","katraj-vit","6c30c56b-74ce-4c24-a819-98b9ab6387f5","af5c22fe-11db-4392-b90e-85f946c0a37b","VIT College","18.4635","73.8682","KK Market BRTS","18.4683","73.8579","2026-09-09T11:30:00.000Z","3","3","car","false","33","Morning campus commute","COMPLETED","2026-09-09","fcb1aab2-f9b6-48da-8016-f8e07b5f2794","12:49","16:45","return_from_college","13","5"
"d235edcd-33ca-481d-8cc6-1dd53cfa02ef","ea3fd43b-e1e5-4d62-a163-dae19fc740bd","swargate-vit","19cfadd2-1ff7-4a2f-b5e3-eeb73f44cc28","6c30c56b-74ce-4c24-a819-98b9ab6387f5","Swargate PMPML Main Bus Stand","18.4991","73.8583","VIT College","18.4635","73.8682","2026-09-09T06:40:00.000Z","1","1","bike","true","23","Please arrive five minutes early","COMPLETED","2026-09-09","15d721a4-26bd-4af0-9d6c-68be03639746","12:40","15:46","travel_to_college","1","12"
"a725442f-24b5-4f29-891d-13311ca8d1d8","15d12fa2-5285-4e19-a290-344ead002d9f","katraj-vit","6c30c56b-74ce-4c24-a819-98b9ab6387f5","af5c22fe-11db-4392-b90e-85f946c0a37b","VIT College","18.4635","73.8682","KK Market BRTS","18.4683","73.8579","2026-09-12T09:03:00.000Z","4","3","car","false","62","Pickup near the hub","COMPLETED","2026-09-12","72947997-1c36-4a57-b71b-9d4bea9de255","11:01","14:18","return_from_college","13","5"
"c98fdecc-4a7d-4a8c-8b10-ffec818c340b","687e3195-2599-427f-a4e3-990ead4c2985","swargate-vit","1bc21bdf-5bcc-4dd4-8140-eac24ae23b69","6c30c56b-74ce-4c24-a819-98b9ab6387f5","Kashinath Patil Nagar Stop","18.4745","73.8631","VIT College","18.4635","73.8682","2026-09-11T06:06:00.000Z","3","2","car","false","68","Pickup near the hub","COMPLETED","2026-09-11","92aeb9db-84cd-4a96-8a9d-7cd3dd77ea0e","12:06","15:57","travel_to_college","9","12"
"109e4886-aa35-4003-a347-74c1aae4e1a4","e977337e-9b7d-4b79-9851-7a31a276eaf5","katraj-vit","6c30c56b-74ce-4c24-a819-98b9ab6387f5","3221d156-13e7-4834-84ce-848f49b87be2","VIT College","18.4635","73.8682","Bibwewadi Bus Stop","18.4792","73.8615","2026-09-12T07:50:00.000Z","4","4","car","false","48","Please arrive five minutes early","COMPLETED","2026-09-12","da7b75e2-01f3-4227-a60c-b5d4a3678499","09:46","13:05","return_from_college","13","8"
"e6938160-cc66-41d1-947e-88a4491a2bf1","7833fb03-c858-4574-92d0-cb72030a18eb","swargate-vit","3221d156-13e7-4834-84ce-848f49b87be2","6c30c56b-74ce-4c24-a819-98b9ab6387f5","Bibwewadi Bus Stop","18.4792","73.8615","VIT College","18.4635","73.8682","2026-09-15T05:03:00.000Z","1","0","scooty","true","16","Pickup near the hub","CANCELLED","2026-09-15","8c6e4751-bf3f-4650-b11f-b7fc8e4625d3","11:03","14:36","travel_to_college","7","12"
"f1f60433-ebf5-471d-8e6e-71e21191073c","71cd4f7b-3e01-44d7-9657-d28c4544f992","katraj-vit","6c30c56b-74ce-4c24-a819-98b9ab6387f5","eb0d92a7-38aa-446a-9f38-091814ea3abd","VIT College","18.4635","73.8682","Chintamani Nagar","18.4651","73.864","2026-09-14T10:39:00.000Z","1","0","scooty","true","24","Morning campus commute","COMPLETED","2026-09-14","4df11e7d-cd9c-453a-8c00-2421c54d6b67","12:02","15:54","return_from_college","13","12"
"a3bee6ea-b2d0-41a3-91c0-6ba053669cc1","bfe5c77b-945d-47a5-81f7-7ae8e1ff5d5b","swargate-vit","596f6d76-b8c5-4cf2-9058-1a1a334d424d","6c30c56b-74ce-4c24-a819-98b9ab6387f5","Panchami BRTS","18.4902","73.8586","VIT College","18.4635","73.8682","2026-09-15T07:07:00.000Z","1","1","scooty","true","3","Morning campus commute","COMPLETED","2026-09-15","fdb0dbcb-ae5d-4be8-9665-da997262c30d","13:07","17:04","travel_to_college","4","12"
"6da7b5ac-9420-43e8-af06-b77d7cb23a0e","5def974b-b8b4-4ef7-8825-5a50ee6710cd","katraj-vit","6c30c56b-74ce-4c24-a819-98b9ab6387f5","11cd5543-db39-4321-9f12-008b367d2ce1","VIT College","18.4635","73.8682","Upper Indira Nagar Bus Depot","18.4682","73.8623","2026-09-16T09:44:00.000Z","1","0","scooty","true","21","Morning campus commute","CANCELLED","2026-09-16","6d4748bf-145b-4466-9dff-c10ddced6121","11:12","14:59","return_from_college","13","11"
"b29d5853-3fca-44ba-ac92-f2a4f29d3e99","772a4089-be1c-415b-9115-5af745dcbd7e","swargate-vit","596f6d76-b8c5-4cf2-9058-1a1a334d424d","6c30c56b-74ce-4c24-a819-98b9ab6387f5","Panchami BRTS","18.4902","73.8586","VIT College","18.4635","73.8682","2026-09-18T02:01:00.000Z","1","0","scooty","true","19","","COMPLETED","2026-09-18","c5433842-451d-4974-a99d-7a833dca66dd","08:01","11:51","travel_to_college","4","12"
"217449f2-0e98-4a0a-981a-b6bdcea2b520","04bfe73e-1142-4d3f-8bbf-57dbee041dd2","katraj-vit","6c30c56b-74ce-4c24-a819-98b9ab6387f5","eb0d92a7-38aa-446a-9f38-091814ea3abd","VIT College","18.4635","73.8682","Chintamani Nagar","18.4651","73.864","2026-09-18T11:06:00.000Z","1","0","scooty","true","22","","COMPLETED","2026-09-18","e821cb19-6cb9-4ca3-9406-316e6dfa2bd3","12:59","16:21","return_from_college","13","12"
"db46069d-df86-4207-b715-0059285e73cd","0234ea7e-b8a5-4a4f-8b12-eb48fefff06e","swargate-vit","3221d156-13e7-4834-84ce-848f49b87be2","6c30c56b-74ce-4c24-a819-98b9ab6387f5","Bibwewadi Bus Stop","18.4792","73.8615","VIT College","18.4635","73.8682","2026-09-19T07:16:00.000Z","1","1","bike","false","20","Please arrive five minutes early","COMPLETED","2026-09-19","7b7454ce-80e8-40f6-8379-b52a3d4801d1","13:16","16:36","travel_to_college","7","12"
"598d8fe4-1151-4bfa-b95c-94c6f23b5e76","2e0f5d10-9fa3-4578-9046-adc52e9f52d6","katraj-vit","6c30c56b-74ce-4c24-a819-98b9ab6387f5","eb0d92a7-38aa-446a-9f38-091814ea3abd","VIT College","18.4635","73.8682","Chintamani Nagar","18.4651","73.864","2026-09-22T11:12:00.000Z","2","1","car","false","49","Please arrive five minutes early","SCHEDULED","2026-09-22","731e5069-61c5-465b-a148-8a05ddf48ac6","13:09","16:27","return_from_college","13","12"
"f12a3aca-116d-4cbd-ab1a-32cf815b1071","29bb8b65-a83a-4f6b-b7c4-0a86fd9b82a1","swargate-vit","3221d156-13e7-4834-84ce-848f49b87be2","6c30c56b-74ce-4c24-a819-98b9ab6387f5","Bibwewadi Bus Stop","18.4792","73.8615","VIT College","18.4635","73.8682","2026-09-21T02:14:00.000Z","3","1","car","false","67","Please arrive five minutes early","COMPLETED","2026-09-21","8579a869-9e5b-4b30-b382-d9cad86b0551","08:14","11:17","travel_to_college","7","12"
"0fcd948a-4a2f-4957-94a5-e7311856dff2","c283b8d4-e85f-4f55-a686-461ce166d95c","katraj-vit","6c30c56b-74ce-4c24-a819-98b9ab6387f5","eb0d92a7-38aa-446a-9f38-091814ea3abd","VIT College","18.4635","73.8682","Chintamani Nagar","18.4651","73.864","2026-09-22T10:38:00.000Z","1","0","scooty","true","23","","SCHEDULED","2026-09-22","f207435b-e1db-4394-bc76-b34030f1f9d7","12:32","15:53","return_from_college","13","12"
"975699cc-0b0f-44a0-a6d5-dcc77d7d78c4","a7ff8669-7d2a-4462-beb0-0d9e874f1dc8","swargate-vit","3221d156-13e7-4834-84ce-848f49b87be2","6c30c56b-74ce-4c24-a819-98b9ab6387f5","Bibwewadi Bus Stop","18.4792","73.8615","VIT College","18.4635","73.8682","2026-09-23T05:28:00.000Z","1","0","bike","true","18","Please arrive five minutes early","SCHEDULED","2026-09-23","1098bc8f-c9d0-4c68-9aa3-00cdb8875673","11:28","14:42","travel_to_college","7","12"
"a45c3567-3df1-48f9-ac25-b6adb65479b1","dae29690-62f3-4202-8961-05b05ec7dcc6","katraj-vit","6c30c56b-74ce-4c24-a819-98b9ab6387f5","11cd5543-db39-4321-9f12-008b367d2ce1","VIT College","18.4635","73.8682","Upper Indira Nagar Bus Depot","18.4682","73.8623","2026-09-24T07:35:00.000Z","1","0","bike","true","24","Please arrive five minutes early","SCHEDULED","2026-09-24","8013b073-2cc1-4d52-8173-81e02ea7ae3b","08:55","12:50","return_from_college","13","11"
"1ab7f7f6-61ff-4e96-944c-3e74331a7714","856b4feb-c8f1-4731-b41e-d21be114be5d","swargate-vit","3221d156-13e7-4834-84ce-848f49b87be2","6c30c56b-74ce-4c24-a819-98b9ab6387f5","Bibwewadi Bus Stop","18.4792","73.8615","VIT College","18.4635","73.8682","2026-09-25T05:50:00.000Z","1","0","scooty","true","27","","SCHEDULED","2026-09-25","a8e836df-9411-4da8-bf40-dce3d268c280","11:50","15:19","travel_to_college","7","12"
"70f42fa3-7d35-498a-8102-aad618602372","8d2bb992-3062-4ae3-b2ae-9d47074dec68","katraj-vit","6c30c56b-74ce-4c24-a819-98b9ab6387f5","fea32ab3-d832-43d3-a3a0-788e8711526d","VIT College","18.4635","73.8682","Balaji Nagar BRTS","18.4628","73.8577","2026-09-28T07:04:00.000Z","1","0","bike","true","5","","SCHEDULED","2026-09-28","8b301edf-579f-4035-b18f-70ac8e7068ad","08:35","12:19","return_from_college","13","4"
"6742e1d6-251a-4342-af46-3ea267847fe9","b94bb3da-92c3-4ecf-b576-f9dbbce590b5","swargate-vit","a80964b4-72f5-43de-ad1a-bdcb9fca796e","6c30c56b-74ce-4c24-a819-98b9ab6387f5","Lower Indira Nagar Stop","18.4718","73.8618","VIT College","18.4635","73.8682","2026-09-28T07:42:00.000Z","1","0","bike","true","0","Morning campus commute","SCHEDULED","2026-09-28","49a5473a-4126-464f-82f4-28d4becf047f","13:42","17:39","travel_to_college","8","12"
"e62c64fb-47f1-4303-b22d-9145aa897d78","db6d13c6-50ea-4ee7-98cb-daab8b877783","katraj-vit","6c30c56b-74ce-4c24-a819-98b9ab6387f5","fea32ab3-d832-43d3-a3a0-788e8711526d","VIT College","18.4635","73.8682","Balaji Nagar BRTS","18.4628","73.8577","2026-09-28T10:53:00.000Z","1","0","scooty","true","14","Morning campus commute","SCHEDULED","2026-09-28","a877a675-56ef-4848-9471-24be00dd309d","12:37","16:08","return_from_college","13","4"
"1e255d12-24ab-4935-972d-9c25b0e3e0ff","aba3000b-d3fe-45b0-93f8-1eb12fe76121","swargate-vit","1bc21bdf-5bcc-4dd4-8140-eac24ae23b69","6c30c56b-74ce-4c24-a819-98b9ab6387f5","Kashinath Patil Nagar Stop","18.4745","73.8631","VIT College","18.4635","73.8682","2026-09-30T06:35:00.000Z","2","0","car","false","30","Morning campus commute","SCHEDULED","2026-09-30","0d133111-d2e6-4a02-bf4a-c22d7085eec8","12:35","16:15","travel_to_college","9","12"
"d120ccf0-a286-49dc-97be-4e1b88604163","0f35346d-5638-4de0-b685-b0f5e42ff331","katraj-vit","6c30c56b-74ce-4c24-a819-98b9ab6387f5","876d2e4d-fad4-4ee2-916c-e5ad147030cf","VIT College","18.4635","73.8682","Katraj Dairy BRTS","18.4508","73.8569","2026-09-30T09:58:00.000Z","2","1","car","false","20","Please arrive five minutes early","SCHEDULED","2026-09-30","8fb56d9a-e5f5-4d7b-8bb6-b198c1762f4a","11:48","15:13","return_from_college","13","2"
"cff84e6c-216b-40df-bfbc-a1c588ec8d75","b53fb963-29ea-4299-915f-2cf34647fe2b","swargate-vit","0095597e-ebd1-4f83-a6c0-a8e94be6a92b","6c30c56b-74ce-4c24-a819-98b9ab6387f5","Laxmi Narayan Theatre","18.4965","73.8584","VIT College","18.4635","73.8682","2026-10-01T04:53:00.000Z","1","0","scooty","true","18","Morning campus commute","SCHEDULED","2026-10-01","4bf0c49a-8744-4ccb-a8cb-d38b3e8d18c8","10:53","13:59","travel_to_college","3","12"
"63f14e9a-34ab-4413-9774-48d5cfb74128","a2cb33f4-0739-4e42-9665-4bae72ebfb2a","katraj-vit","6c30c56b-74ce-4c24-a819-98b9ab6387f5","876d2e4d-fad4-4ee2-916c-e5ad147030cf","VIT College","18.4635","73.8682","Katraj Dairy BRTS","18.4508","73.8569","2026-10-02T10:23:00.000Z","1","0","bike","true","16","Morning campus commute","SCHEDULED","2026-10-02","59d70fbe-4452-436f-842d-4afe07e87db7","12:32","15:38","return_from_college","13","2"
"02c305a4-eaec-4b0b-b035-315d57b846b8","95e5d040-6f8f-43de-b101-0a1abbfde269","swargate-vit","3221d156-13e7-4834-84ce-848f49b87be2","6c30c56b-74ce-4c24-a819-98b9ab6387f5","Bibwewadi Bus Stop","18.4792","73.8615","VIT College","18.4635","73.8682","2026-10-03T02:46:00.000Z","1","0","scooty","true","3","","SCHEDULED","2026-10-03","afbd13e0-345c-49e8-98bd-ddfb94dd3d66","08:46","12:26","travel_to_college","7","12"
"fa5e39b7-28f9-4d0f-8253-5cd2e220e39f","b4419d49-c195-4f67-8a68-1e38418429ef","katraj-vit","6c30c56b-74ce-4c24-a819-98b9ab6387f5","86e290a5-7e39-4f7a-805e-a6154d820f01","VIT College","18.4635","73.8682","Market Yard Corner","18.4792","73.8581","2026-10-05T06:59:00.000Z","1","0","scooty","true","12","Please arrive five minutes early","SCHEDULED","2026-10-05","78693ca1-b9d0-4eda-871d-9404b3ac4c76","08:47","12:14","return_from_college","13","7"
"eb5a4db3-c7f8-4c69-8793-f457bcf42d93","ada304c3-1114-48bb-bacb-69446eecee2a","swargate-vit","86e290a5-7e39-4f7a-805e-a6154d820f01","6c30c56b-74ce-4c24-a819-98b9ab6387f5","Market Yard Corner","18.4792","73.8581","VIT College","18.4635","73.8682","2026-10-05T06:27:00.000Z","1","0","bike","true","21","Pickup near the hub","SCHEDULED","2026-10-05","9e36b984-1e6b-47fe-b5dc-a61242fb0df2","12:27","15:50","travel_to_college","6","12"
"997271e6-d097-4602-a6ff-57a38cd3f70d","fbade199-d957-41f1-9c4b-bef677c6f400","katraj-vit","6c30c56b-74ce-4c24-a819-98b9ab6387f5","3221d156-13e7-4834-84ce-848f49b87be2","VIT College","18.4635","73.8682","Bibwewadi Bus Stop","18.4792","73.8615","2026-10-06T11:33:00.000Z","1","0","bike","false","7","Please arrive five minutes early","SCHEDULED","2026-10-06","fc57ddef-3149-49b8-bc1a-46b8a21039b6","13:23","16:48","return_from_college","13","8"
"023e3ba1-cc31-40e1-be46-c65dd5bd31bb","ffe56b11-38f8-4fa2-936c-d19021b522b8","swargate-vit","eb0d92a7-38aa-446a-9f38-091814ea3abd","6c30c56b-74ce-4c24-a819-98b9ab6387f5","Chintamani Nagar","18.4651","73.864","VIT College","18.4635","73.8682","2026-10-08T04:10:00.000Z","3","2","car","false","38","Morning campus commute","SCHEDULED","2026-10-08","176b31b5-e08c-4380-9dc4-edbea84c097a","10:10","13:59","travel_to_college","11","12"
"917d00e5-0906-4ba0-812c-55bab65705d3","02927b89-ffa8-40e0-963e-2651a35e576d","katraj-vit","6c30c56b-74ce-4c24-a819-98b9ab6387f5","eb0d92a7-38aa-446a-9f38-091814ea3abd","VIT College","18.4635","73.8682","Chintamani Nagar","18.4651","73.864","2026-10-08T10:38:00.000Z","1","0","bike","true","27","","SCHEDULED","2026-10-08","35d67558-843d-42d9-9ade-8139324f51ed","12:25","15:53","return_from_college","13","12"
"adab8f23-d616-4b20-a168-54930c1ddd09","e9ac0d57-c267-41a2-84aa-846e6f118304","swargate-vit","1bc21bdf-5bcc-4dd4-8140-eac24ae23b69","6c30c56b-74ce-4c24-a819-98b9ab6387f5","Kashinath Patil Nagar Stop","18.4745","73.8631","VIT College","18.4635","73.8682","2026-10-09T07:25:00.000Z","2","1","car","false","57","","SCHEDULED","2026-10-09","1e3efdc2-c383-43c9-a33a-7933b31670c9","13:25","17:02","travel_to_college","9","12"
"e2088c59-d6e0-4c38-b376-d2a2315d7cad","d138941d-1b44-42fe-975d-1a4eb78e7f92","katraj-vit","6c30c56b-74ce-4c24-a819-98b9ab6387f5","86e290a5-7e39-4f7a-805e-a6154d820f01","VIT College","18.4635","73.8682","Market Yard Corner","18.4792","73.8581","2026-10-10T07:56:00.000Z","1","1","bike","true","1","Pickup near the hub","SCHEDULED","2026-10-10","226b216a-4589-4abc-a808-251966770944","09:47","13:11","return_from_college","13","7"
"e2114b2f-0b12-414d-96d4-5d5c6cb40480","f50ed78b-09ac-4340-b6dd-86ae124a356e","swargate-vit","570167fe-7324-46a2-9cf4-fbea6048e8be","6c30c56b-74ce-4c24-a819-98b9ab6387f5","City Pride BRTS","18.4845","73.8583","VIT College","18.4635","73.8682","2026-10-12T05:28:00.000Z","1","0","scooty","true","11","Morning campus commute","SCHEDULED","2026-10-12","1fe2364e-9526-4a84-8f39-212e42b476b8","11:28","15:25","travel_to_college","5","12"
"0800a880-40ea-4828-a4f2-3019129efa7a","3857e3b0-5efa-484e-a045-2777f41b2610","katraj-vit","6c30c56b-74ce-4c24-a819-98b9ab6387f5","1bc21bdf-5bcc-4dd4-8140-eac24ae23b69","VIT College","18.4635","73.8682","Kashinath Patil Nagar Stop","18.4745","73.8631","2026-10-12T10:18:00.000Z","4","4","car","false","41","Pickup near the hub","SCHEDULED","2026-10-12","3a165f8b-3b31-4388-ba1c-8238adea74c9","11:40","15:33","return_from_college","13","10"
"949a90c6-6e5a-479a-b0ca-4fe5faf16eef","ac0cf495-0f8e-40d8-b476-4ac4d53bdc5b","swargate-vit","1bc21bdf-5bcc-4dd4-8140-eac24ae23b69","6c30c56b-74ce-4c24-a819-98b9ab6387f5","Kashinath Patil Nagar Stop","18.4745","73.8631","VIT College","18.4635","73.8682","2026-10-13T06:08:00.000Z","4","3","car","false","64","","SCHEDULED","2026-10-13","f655bdbc-2928-4557-a5b2-efd123b96f31","12:08","15:34","travel_to_college","9","12"
"342be07a-afa0-4324-8032-276c3227e194","93c44edd-bbc5-4ac3-9dba-63f636b8ed0b","katraj-vit","6c30c56b-74ce-4c24-a819-98b9ab6387f5","86597dc2-00ef-475a-8a9a-daf0323897ca","VIT College","18.4635","73.8682","Katraj Terminal","18.4471","73.8562","2026-10-15T09:56:00.000Z","1","1","bike","true","5","Please arrive five minutes early","SCHEDULED","2026-10-15","460e0e36-fa8f-4110-b21a-2c16400e1cfa","11:24","15:11","return_from_college","13","1"
"595a469b-af0f-4bb7-a2eb-7acffb31737b","aa3e3c66-ecde-4e1f-9ce3-1617c0ecdcef","swargate-vit","11cd5543-db39-4321-9f12-008b367d2ce1","6c30c56b-74ce-4c24-a819-98b9ab6387f5","Upper Indira Nagar Bus Depot","18.4682","73.8623","VIT College","18.4635","73.8682","2026-10-15T04:14:00.000Z","4","3","car","false","20","Morning campus commute","SCHEDULED","2026-10-15","cdc00f10-e426-4c19-8052-e576e9c81a6e","10:14","13:59","travel_to_college","10","12"
"8be7a3a6-1b6c-4a10-860d-c488a8945fb8","fa7fbc07-c93a-4085-a4f5-6f1e0fc83121","katraj-vit","6c30c56b-74ce-4c24-a819-98b9ab6387f5","ebb92112-ef31-4ebe-a259-4e999c52f0fd","VIT College","18.4635","73.8682","Bharati Vidyapeeth","18.456","73.8574","2026-10-17T07:52:00.000Z","1","1","bike","true","11","Morning campus commute","SCHEDULED","2026-10-17","59561213-b02c-4b7d-b0f3-e25c939be794","09:46","13:07","return_from_college","13","3"
"fbb6ff31-de42-4e7a-b295-d0017fc3294b","dbb7296e-eb2b-4e18-9aed-9b61128e1b95","swargate-vit","596f6d76-b8c5-4cf2-9058-1a1a334d424d","6c30c56b-74ce-4c24-a819-98b9ab6387f5","Panchami BRTS","18.4902","73.8586","VIT College","18.4635","73.8682","2026-10-19T07:15:00.000Z","2","1","car","false","35","Please arrive five minutes early","SCHEDULED","2026-10-19","3f0a25ad-64b7-4805-9b73-01d227f72ed9","13:15","16:35","travel_to_college","4","12"
"9735aa85-b20d-4aef-b039-e79e9425bf91","f996d0d8-1d3e-4780-bb40-a3c76aeca0fe","katraj-vit","6c30c56b-74ce-4c24-a819-98b9ab6387f5","0ad9adea-2c75-4d2a-86ae-34dcc0727788","VIT College","18.4635","73.8682","Shankar Maharaj Math","18.4735","73.8579","2026-10-19T08:52:00.000Z","1","1","bike","false","15","","SCHEDULED","2026-10-19","0e207950-96a2-45fc-847b-67ecc8358f3f","11:06","14:07","return_from_college","13","6"
"66f53980-d2b8-410a-aaeb-581a79317e1c","24be40cc-fd8a-4efb-95f0-6ec1a107c563","swargate-vit","1bc21bdf-5bcc-4dd4-8140-eac24ae23b69","6c30c56b-74ce-4c24-a819-98b9ab6387f5","Kashinath Patil Nagar Stop","18.4745","73.8631","VIT College","18.4635","73.8682","2026-10-22T05:21:00.000Z","1","1","bike","true","16","Please arrive five minutes early","SCHEDULED","2026-10-22","aeabe17b-fe7b-41e8-a7d1-535739196935","11:21","14:40","travel_to_college","9","12"
"0148214e-dddd-4bce-9940-d013463e8bb4","bbd2b08c-34a8-4439-a7fa-b253b6a9fe04","katraj-vit","6c30c56b-74ce-4c24-a819-98b9ab6387f5","86597dc2-00ef-475a-8a9a-daf0323897ca","VIT College","18.4635","73.8682","Katraj Terminal","18.4471","73.8562","2026-10-20T09:23:00.000Z","2","0","car","false","78","Please arrive five minutes early","SCHEDULED","2026-10-20","10161e01-56af-46b2-ab9b-69e062a1c803","11:06","14:38","return_from_college","13","1"
"cf13160f-876f-40e5-aafc-efcd67d33b21","7d4898cc-54f3-4bd1-b9da-b31ff1cb26c3","swargate-vit","eb0d92a7-38aa-446a-9f38-091814ea3abd","6c30c56b-74ce-4c24-a819-98b9ab6387f5","Chintamani Nagar","18.4651","73.864","VIT College","18.4635","73.8682","2026-10-22T04:45:00.000Z","1","0","bike","true","29","Pickup near the hub","SCHEDULED","2026-10-22","7e5d2f22-aef9-4472-b611-f86020b2504e","10:45","14:28","travel_to_college","11","12"
"ecaae8d7-3946-46c9-8b92-542fa9ac70d3","e0ad93ac-7350-43c7-be63-6b8925810342","katraj-vit","6c30c56b-74ce-4c24-a819-98b9ab6387f5","a80964b4-72f5-43de-ad1a-bdcb9fca796e","VIT College","18.4635","73.8682","Lower Indira Nagar Stop","18.4718","73.8618","2026-10-22T10:12:00.000Z","4","4","car","false","71","Pickup near the hub","SCHEDULED","2026-10-22","ca5551d6-c53c-40a5-99bf-65023f12fae4","11:28","15:27","return_from_college","13","9"
"d9a9637e-9975-4f9c-8798-385ca4f4a516","40ae73ca-67b2-4b5e-97c1-474a92b2d8d3","swargate-vit","1bc21bdf-5bcc-4dd4-8140-eac24ae23b69","6c30c56b-74ce-4c24-a819-98b9ab6387f5","Kashinath Patil Nagar Stop","18.4745","73.8631","VIT College","18.4635","73.8682","2026-10-23T05:58:00.000Z","1","0","scooty","true","2","","SCHEDULED","2026-10-23","efb78008-9ba6-432f-b902-7ddaf7b2781a","11:58","15:58","travel_to_college","9","12"
"1cf68af5-401f-4e97-b9d5-708eb59a4e98","c3c94b51-2803-4c25-9e1e-bbe1eb6386cc","katraj-vit","6c30c56b-74ce-4c24-a819-98b9ab6387f5","876d2e4d-fad4-4ee2-916c-e5ad147030cf","VIT College","18.4635","73.8682","Katraj Dairy BRTS","18.4508","73.8569","2026-10-24T08:22:00.000Z","1","0","scooty","true","19","","SCHEDULED","2026-10-24","138a769a-1b56-445b-bbd5-8eb7cf9c881b","10:22","13:37","return_from_college","13","2"
"cce5a8bf-efbb-499f-9802-95a44f72296a","a61af15b-11ce-4c02-a80b-bdf8f24338bc","swargate-vit","596f6d76-b8c5-4cf2-9058-1a1a334d424d","6c30c56b-74ce-4c24-a819-98b9ab6387f5","Panchami BRTS","18.4902","73.8586","VIT College","18.4635","73.8682","2026-10-26T06:51:00.000Z","1","1","scooty","true","6","Morning campus commute","SCHEDULED","2026-10-26","0a6c1db0-0f04-4674-8212-d486abf7e2ff","12:51","16:01","travel_to_college","4","12"
"4c7daa33-62d3-4a43-ade7-e966545f3bdb","6aa130d0-4c4b-48c2-bc80-80079a81385f","katraj-vit","6c30c56b-74ce-4c24-a819-98b9ab6387f5","a80964b4-72f5-43de-ad1a-bdcb9fca796e","VIT College","18.4635","73.8682","Lower Indira Nagar Stop","18.4718","73.8618","2026-10-26T07:54:00.000Z","2","0","car","false","69","Pickup near the hub","SCHEDULED","2026-10-26","d2167b89-c01f-47d0-b3ba-420f6738b338","09:47","13:09","return_from_college","13","9"
"b49c1fa4-56ce-470d-8c3e-53fe619e49d1","9c9999da-6c7c-4b0f-ba28-7f852899325d","swargate-vit","11cd5543-db39-4321-9f12-008b367d2ce1","6c30c56b-74ce-4c24-a819-98b9ab6387f5","Upper Indira Nagar Bus Depot","18.4682","73.8623","VIT College","18.4635","73.8682","2026-10-27T02:35:00.000Z","1","0","scooty","true","7","Morning campus commute","SCHEDULED","2026-10-27","b7b1b7ba-8444-4cef-aa30-c00b22206ea9","08:35","12:11","travel_to_college","10","12"
"584413f9-ded1-478d-b62a-6047efa1abbe","1f497524-0e6c-424a-94f9-93905b5a9755","katraj-vit","6c30c56b-74ce-4c24-a819-98b9ab6387f5","86e290a5-7e39-4f7a-805e-a6154d820f01","VIT College","18.4635","73.8682","Market Yard Corner","18.4792","73.8581","2026-10-28T09:03:00.000Z","1","1","scooty","true","4","Pickup near the hub","SCHEDULED","2026-10-28","b44b5726-67b2-4a66-bf0f-cb648843e1b5","10:57","14:18","return_from_college","13","7"
"6b0159f7-6a47-46fd-b74b-cc1e6a1499f8","1734859f-c79f-4dfa-95dd-e252c5d669fc","swargate-vit","596f6d76-b8c5-4cf2-9058-1a1a334d424d","6c30c56b-74ce-4c24-a819-98b9ab6387f5","Panchami BRTS","18.4902","73.8586","VIT College","18.4635","73.8682","2026-10-30T03:06:00.000Z","2","0","car","false","24","","SCHEDULED","2026-10-30","7e56d2fa-7126-44f1-a7df-efe76b0c8ad7","09:06","12:52","travel_to_college","4","12"
"41626340-8b7b-4851-969a-1bbb40f30350","f03cb019-ecb8-42fc-ad8b-4be7116d9966","katraj-vit","6c30c56b-74ce-4c24-a819-98b9ab6387f5","ebb92112-ef31-4ebe-a259-4e999c52f0fd","VIT College","18.4635","73.8682","Bharati Vidyapeeth","18.456","73.8574","2026-10-30T11:13:00.000Z","1","0","scooty","true","3","","SCHEDULED","2026-10-30","c9bc2db0-dd6e-48c9-a329-a379e471d2f3","12:44","16:28","return_from_college","13","3"
"098ba033-2ec9-4018-a6cf-05c7521ae234","6cc8d264-2c05-4a80-90d4-2b29b4ccd802","swargate-vit","570167fe-7324-46a2-9cf4-fbea6048e8be","6c30c56b-74ce-4c24-a819-98b9ab6387f5","City Pride BRTS","18.4845","73.8583","VIT College","18.4635","73.8682","2026-10-31T04:00:00.000Z","4","3","car","false","68","Please arrive five minutes early","SCHEDULED","2026-10-31","9b6de60d-9a32-4a7d-9934-33633a21a53b","10:00","13:10","travel_to_college","5","12"
"8b8e37b7-6d64-4ebf-a0bd-e10deee98eeb","a49cc7a3-0beb-4fbf-8d54-c676dfe72f4b","katraj-vit","6c30c56b-74ce-4c24-a819-98b9ab6387f5","86e290a5-7e39-4f7a-805e-a6154d820f01","VIT College","18.4635","73.8682","Market Yard Corner","18.4792","73.8581","2026-11-02T12:02:00.000Z","1","0","scooty","true","13","","SCHEDULED","2026-11-02","a8cd6f3d-0b8a-4794-9461-1a9d88537ea0","13:39","17:17","return_from_college","13","7"
"aab6574f-7c7e-44ee-bb48-8475a970f318","998a2999-5be3-435d-8015-2a973a6e97cc","swargate-vit","0095597e-ebd1-4f83-a6c0-a8e94be6a92b","6c30c56b-74ce-4c24-a819-98b9ab6387f5","Laxmi Narayan Theatre","18.4965","73.8584","VIT College","18.4635","73.8682","2026-11-02T06:31:00.000Z","1","0","scooty","true","25","Pickup near the hub","SCHEDULED","2026-11-02","86e087a2-ec33-4c57-b9f1-db9379ad3a07","12:31","15:48","travel_to_college","3","12"
"9c96ad51-775d-41b3-95be-15ebf7d1c28d","856fb0bc-3ae4-454f-9f56-312a33995404","katraj-vit","6c30c56b-74ce-4c24-a819-98b9ab6387f5","3221d156-13e7-4834-84ce-848f49b87be2","VIT College","18.4635","73.8682","Bibwewadi Bus Stop","18.4792","73.8615","2026-11-03T09:51:00.000Z","1","0","scooty","true","2","Pickup near the hub","SCHEDULED","2026-11-03","80b554ed-ba9c-4886-98f9-c17acecc8145","11:08","15:06","return_from_college","13","8"
"3617f41d-0051-4001-bf6b-5d8f0407c4c9","609a5aa2-e576-472b-ae03-3d339a90c45c","swargate-vit","19cfadd2-1ff7-4a2f-b5e3-eeb73f44cc28","6c30c56b-74ce-4c24-a819-98b9ab6387f5","Swargate PMPML Main Bus Stand","18.4991","73.8583","VIT College","18.4635","73.8682","2026-11-04T06:04:00.000Z","1","0","bike","true","14","Morning campus commute","SCHEDULED","2026-11-04","36340f4b-9153-471f-9ab3-84b5734cab56","12:04","15:49","travel_to_college","1","12"
"02e5d488-9570-4e13-b9e9-4c76b813fbc6","3a8f1c12-2394-4eb5-8694-7152af59c7d0","katraj-vit","6c30c56b-74ce-4c24-a819-98b9ab6387f5","11cd5543-db39-4321-9f12-008b367d2ce1","VIT College","18.4635","73.8682","Upper Indira Nagar Bus Depot","18.4682","73.8623","2026-11-05T12:27:00.000Z","1","0","scooty","true","5","","SCHEDULED","2026-11-05","cbc51f30-9152-4214-b58f-6ecc04cd53b7","13:48","17:42","return_from_college","13","11"
"81bf55e0-625f-4ef0-aae8-59f19b21a6fa","73c6ef3d-a748-4db3-bd54-68c614823c0d","swargate-vit","11cd5543-db39-4321-9f12-008b367d2ce1","6c30c56b-74ce-4c24-a819-98b9ab6387f5","Upper Indira Nagar Bus Depot","18.4682","73.8623","VIT College","18.4635","73.8682","2026-08-08T07:28:00.000Z","1","1","scooty","true","9","Please arrive five minutes early","SCHEDULED","2026-08-08","b828745a-64c0-41ff-bdea-02a32b2bcaa8","13:28","16:35","travel_to_college","10","12"
"2a373865-6714-4035-877e-edc70025de85","6a3f9cb7-ea70-4c12-87b0-f7ee4a38b313","katraj-vit","6c30c56b-74ce-4c24-a819-98b9ab6387f5","11cd5543-db39-4321-9f12-008b367d2ce1","VIT College","18.4635","73.8682","Upper Indira Nagar Bus Depot","18.4682","73.8623","2026-08-10T11:27:00.000Z","3","2","car","false","21","","COMPLETED","2026-08-10","44f7c601-40e0-41be-89ee-d8181efc7a4d","13:04","16:42","return_from_college","13","11"
"0f47fa9f-0307-43ec-a906-f835bfd4f323","df718002-b68d-406f-af02-b7ebdc19dfaa","swargate-vit","11cd5543-db39-4321-9f12-008b367d2ce1","6c30c56b-74ce-4c24-a819-98b9ab6387f5","Upper Indira Nagar Bus Depot","18.4682","73.8623","VIT College","18.4635","73.8682","2026-08-11T02:31:00.000Z","4","3","car","false","80","","SCHEDULED","2026-08-11","4d3ad53d-d3f9-4b5a-bea8-a9b2313117c6","08:31","12:20","travel_to_college","10","12"
"f88afde2-cf10-4261-b116-232dc7e75088","5d577020-68d2-4a61-b36d-861bf1486666","katraj-vit","6c30c56b-74ce-4c24-a819-98b9ab6387f5","eb0d92a7-38aa-446a-9f38-091814ea3abd","VIT College","18.4635","73.8682","Chintamani Nagar","18.4651","73.864","2026-08-11T06:41:00.000Z","1","0","bike","true","3","Please arrive five minutes early","COMPLETED","2026-08-11","eb367740-2152-45f2-869f-a3fdfe68245c","08:32","11:56","return_from_college","13","12"
"197c1866-2696-43cf-b4a6-f904274b3341","f7676189-9518-498b-a982-6c245aff61a1","swargate-vit","1bc21bdf-5bcc-4dd4-8140-eac24ae23b69","6c30c56b-74ce-4c24-a819-98b9ab6387f5","Kashinath Patil Nagar Stop","18.4745","73.8631","VIT College","18.4635","73.8682","2026-08-12T02:05:00.000Z","1","0","bike","true","26","","COMPLETED","2026-08-12","340f2012-33dc-4399-b7f9-5a9faacd9cfd","08:05","11:28","travel_to_college","9","12"
"5d6abd1d-f8f2-46ed-b03a-82724c37791d","829e7fa5-0c38-47a9-a715-877dada17b24","katraj-vit","6c30c56b-74ce-4c24-a819-98b9ab6387f5","86e290a5-7e39-4f7a-805e-a6154d820f01","VIT College","18.4635","73.8682","Market Yard Corner","18.4792","73.8581","2026-08-13T10:59:00.000Z","4","3","car","false","70","","COMPLETED","2026-08-13","1c10aec2-85ba-4104-acd2-b85d9e906030","12:53","16:14","return_from_college","13","7"
"4ef08299-7504-4dce-97ff-759066a69dde","443d0a1a-c4da-4cf7-9517-4c02de0dff9c","swargate-vit","0095597e-ebd1-4f83-a6c0-a8e94be6a92b","6c30c56b-74ce-4c24-a819-98b9ab6387f5","Laxmi Narayan Theatre","18.4965","73.8584","VIT College","18.4635","73.8682","2026-08-14T03:45:00.000Z","1","1","scooty","true","26","Morning campus commute","COMPLETED","2026-08-14","ba5bfab6-8ce5-4a98-9399-5920611516ac","09:45","13:32","travel_to_college","3","12"
"3221d101-4df9-47aa-99cd-67e16a015384","e7cc1cf8-531c-4ba4-ae07-b3b8c7ed12b4","katraj-vit","6c30c56b-74ce-4c24-a819-98b9ab6387f5","86597dc2-00ef-475a-8a9a-daf0323897ca","VIT College","18.4635","73.8682","Katraj Terminal","18.4471","73.8562","2026-08-15T12:07:00.000Z","1","0","bike","true","3","Please arrive five minutes early","COMPLETED","2026-08-15","7fd70f55-43d6-4e4b-9977-03844f797247","13:25","17:22","return_from_college","13","1"
"686e426c-7cba-46f8-9b6a-bfc136e8d03b","105772de-3e2e-4525-873d-28205793d14f","swargate-vit","0095597e-ebd1-4f83-a6c0-a8e94be6a92b","6c30c56b-74ce-4c24-a819-98b9ab6387f5","Laxmi Narayan Theatre","18.4965","73.8584","VIT College","18.4635","73.8682","2026-08-19T03:54:00.000Z","4","2","car","false","31","","COMPLETED","2026-08-19","1f247e4f-f355-4ba4-a55a-684f58a3fa51","09:54","13:06","travel_to_college","3","12"
"362666a9-c96a-4ea8-b499-517c45fe66aa","665f2a26-5d69-41bd-bd37-5d34e2366453","katraj-vit","6c30c56b-74ce-4c24-a819-98b9ab6387f5","3221d156-13e7-4834-84ce-848f49b87be2","VIT College","18.4635","73.8682","Bibwewadi Bus Stop","18.4792","73.8615","2026-08-17T10:22:00.000Z","1","1","bike","false","0","Morning campus commute","COMPLETED","2026-08-17","fe481907-a947-45ac-a337-8b2861e1edd1","12:26","15:37","return_from_college","13","8"
"28f9cbf9-f4d1-4f7d-8b2a-3682fc031c0d","c4023d4b-7895-4d6b-ba0a-7cbce21340b7","swargate-vit","0c2d013a-9422-4c89-905f-4ec287ba2251","6c30c56b-74ce-4c24-a819-98b9ab6387f5","Swargate BRTS Stop","18.4982","73.8588","VIT College","18.4635","73.8682","2026-08-18T06:22:00.000Z","1","0","scooty","true","25","Morning campus commute","SCHEDULED","2026-08-18","a5515151-2a05-4816-b0c7-9f2856860d32","12:22","16:20","travel_to_college","2","12"
"202a344e-a474-466c-8cdd-25dfba8624f2","03dfc805-e814-4e5f-a637-8a041faf9ad7","katraj-vit","6c30c56b-74ce-4c24-a819-98b9ab6387f5","0ad9adea-2c75-4d2a-86ae-34dcc0727788","VIT College","18.4635","73.8682","Shankar Maharaj Math","18.4735","73.8579","2026-08-19T09:41:00.000Z","1","0","scooty","true","30","Pickup near the hub","COMPLETED","2026-08-19","0b2300de-4175-41e0-9807-8a3ad3a576cf","11:19","14:56","return_from_college","13","6"
"f11504b1-4597-4dee-84f4-e6664fc6a9d1","2fd77d02-9eed-432b-bc2b-69984e53b256","swargate-vit","596f6d76-b8c5-4cf2-9058-1a1a334d424d","6c30c56b-74ce-4c24-a819-98b9ab6387f5","Panchami BRTS","18.4902","73.8586","VIT College","18.4635","73.8682","2026-08-20T05:43:00.000Z","1","0","scooty","true","4","","SCHEDULED","2026-08-20","3efcff51-f753-43cf-9ce9-51cfe329ab58","11:43","14:43","travel_to_college","4","12"
"c2486bdd-4146-45d8-b812-7d292ff9e3a0","5c76a658-080e-4482-b7f5-3c04ef99ff4f","katraj-vit","6c30c56b-74ce-4c24-a819-98b9ab6387f5","86e290a5-7e39-4f7a-805e-a6154d820f01","VIT College","18.4635","73.8682","Market Yard Corner","18.4792","73.8581","2026-08-21T09:03:00.000Z","4","2","car","false","46","","SCHEDULED","2026-08-21","35a9abb2-423f-42cb-aa94-e6fe212d2837","10:50","14:18","return_from_college","13","7"
"d188b88e-3642-44a2-b4b8-3b58020f5d47","2df45663-f8d0-4308-b79d-fd6c1ff852c9","swargate-vit","1bc21bdf-5bcc-4dd4-8140-eac24ae23b69","6c30c56b-74ce-4c24-a819-98b9ab6387f5","Kashinath Patil Nagar Stop","18.4745","73.8631","VIT College","18.4635","73.8682","2026-08-22T03:25:00.000Z","1","0","bike","true","5","Pickup near the hub","COMPLETED","2026-08-22","cc589fdd-d1c2-4675-bfb0-4b7e96fe6732","09:25","13:02","travel_to_college","9","12"
"129d59fe-cab7-48bd-bc70-5a1b03d912e9","b5eb2319-5923-4823-9cfb-fa0ca41f597b","katraj-vit","6c30c56b-74ce-4c24-a819-98b9ab6387f5","3221d156-13e7-4834-84ce-848f49b87be2","VIT College","18.4635","73.8682","Bibwewadi Bus Stop","18.4792","73.8615","2026-08-24T06:24:00.000Z","4","3","car","false","36","","CANCELLED","2026-08-24","52cc6dd6-1aca-4d3b-89d6-e95122cead6e","08:26","11:39","return_from_college","13","8"
"4f8bed90-203d-4ef1-945f-25017000cd45","36ffa906-e6db-4e16-8e9b-e3f24ede715c","swargate-vit","a80964b4-72f5-43de-ad1a-bdcb9fca796e","6c30c56b-74ce-4c24-a819-98b9ab6387f5","Lower Indira Nagar Stop","18.4718","73.8618","VIT College","18.4635","73.8682","2026-08-25T03:35:00.000Z","1","1","scooty","true","16","Morning campus commute","COMPLETED","2026-08-25","a1afbdee-776e-4333-b94c-ded274e305c7","09:35","12:41","travel_to_college","8","12"
"9b14c880-e7ad-499c-a804-9b0a77b3e835","e163653a-9bbe-4e9d-81ab-acf5fb7c4166","katraj-vit","6c30c56b-74ce-4c24-a819-98b9ab6387f5","0ad9adea-2c75-4d2a-86ae-34dcc0727788","VIT College","18.4635","73.8682","Shankar Maharaj Math","18.4735","73.8579","2026-08-26T07:14:00.000Z","1","0","scooty","false","3","","CANCELLED","2026-08-26","902f4379-3bd4-437b-9763-91b87e498842","09:09","12:29","return_from_college","13","6"
"7eb367fe-8939-4eb0-a0f5-af3c7d1995b6","508e57b4-544e-4392-bbd1-17b3a4e613c3","swargate-vit","eb0d92a7-38aa-446a-9f38-091814ea3abd","6c30c56b-74ce-4c24-a819-98b9ab6387f5","Chintamani Nagar","18.4651","73.864","VIT College","18.4635","73.8682","2026-08-26T06:01:00.000Z","1","1","scooty","true","29","","COMPLETED","2026-08-26","fdd8b913-920d-42b9-b9d0-11dafabe5ebd","12:01","15:42","travel_to_college","11","12"
"e1a6c223-e656-45b4-933e-163628291322","2e269fc9-9682-468b-b756-d02e46a395d8","katraj-vit","6c30c56b-74ce-4c24-a819-98b9ab6387f5","ebb92112-ef31-4ebe-a259-4e999c52f0fd","VIT College","18.4635","73.8682","Bharati Vidyapeeth","18.456","73.8574","2026-08-27T10:01:00.000Z","1","0","scooty","true","12","Pickup near the hub","COMPLETED","2026-08-27","15f9a6a8-fd5f-4429-8a94-20ad8ff41cfe","11:55","15:16","return_from_college","13","3"
"c54f67d2-8838-480d-9009-7e3680c8044b","fa4b13bc-6768-4b5d-843e-2b8836ed9113","swargate-vit","19cfadd2-1ff7-4a2f-b5e3-eeb73f44cc28","6c30c56b-74ce-4c24-a819-98b9ab6387f5","Swargate PMPML Main Bus Stand","18.4991","73.8583","VIT College","18.4635","73.8682","2026-08-28T02:16:00.000Z","4","4","car","false","24","Please arrive five minutes early","COMPLETED","2026-08-28","2c6568ff-9275-46b5-bf09-f45520960e03","08:16","12:16","travel_to_college","1","12"
"2af6d5fc-ec15-4cb7-9a97-50151e3f9103","8190565d-9fb1-4428-a386-4bb1b2f4fdee","katraj-vit","6c30c56b-74ce-4c24-a819-98b9ab6387f5","fea32ab3-d832-43d3-a3a0-788e8711526d","VIT College","18.4635","73.8682","Balaji Nagar BRTS","18.4628","73.8577","2026-08-29T06:50:00.000Z","2","1","car","false","73","","COMPLETED","2026-08-29","4782dfb1-0739-423a-846c-c547f41608af","08:50","12:05","return_from_college","13","4"
"625c9e48-1153-4aa0-ba83-3d3ebb0d2d35","e4b9e33a-9380-46ad-8b5f-37aca78f2d78","swargate-vit","0c2d013a-9422-4c89-905f-4ec287ba2251","6c30c56b-74ce-4c24-a819-98b9ab6387f5","Swargate BRTS Stop","18.4982","73.8588","VIT College","18.4635","73.8682","2026-08-31T04:08:00.000Z","1","0","scooty","true","30","","CANCELLED","2026-08-31","5f5daedb-b677-4b82-8f90-9e0f77103533","10:08","13:13","travel_to_college","2","12"
"ff354b32-1f2a-4307-9e7e-27b6a506a765","61b7de30-6ccf-41d6-881f-85e56e865717","katraj-vit","6c30c56b-74ce-4c24-a819-98b9ab6387f5","a80964b4-72f5-43de-ad1a-bdcb9fca796e","VIT College","18.4635","73.8682","Lower Indira Nagar Stop","18.4718","73.8618","2026-09-02T06:54:00.000Z","1","0","scooty","true","15","Please arrive five minutes early","SCHEDULED","2026-09-02","6b8721e4-bcd9-498d-a249-f7803b2204d3","08:32","12:09","return_from_college","13","9"
"74c7c6cc-1212-4f67-8647-f4f8965dbb34","b3224a72-ff85-487a-a6c9-b6a1e3beb8dc","swargate-vit","3221d156-13e7-4834-84ce-848f49b87be2","6c30c56b-74ce-4c24-a819-98b9ab6387f5","Bibwewadi Bus Stop","18.4792","73.8615","VIT College","18.4635","73.8682","2026-09-02T02:29:00.000Z","1","0","bike","true","16","","COMPLETED","2026-09-02","239c6194-e617-404b-955b-f2a87b48bc72","08:29","11:50","travel_to_college","7","12"
"c3698a33-ca0c-4693-a489-9adb2fd56bc2","81213212-6e43-4b70-96e8-51e59fb5e735","katraj-vit","6c30c56b-74ce-4c24-a819-98b9ab6387f5","a80964b4-72f5-43de-ad1a-bdcb9fca796e","VIT College","18.4635","73.8682","Lower Indira Nagar Stop","18.4718","73.8618","2026-09-02T11:53:00.000Z","1","1","bike","true","18","","CANCELLED","2026-09-02","6c3394c6-b75a-476f-972a-e3e4d1ec550b","13:30","17:08","return_from_college","13","9"
"f1f00b1e-9947-4f6f-8688-bfa455d4625b","ae43995b-0b10-49a4-a37e-36a29c7b89fa","swargate-vit","570167fe-7324-46a2-9cf4-fbea6048e8be","6c30c56b-74ce-4c24-a819-98b9ab6387f5","City Pride BRTS","18.4845","73.8583","VIT College","18.4635","73.8682","2026-09-03T05:44:00.000Z","1","0","scooty","false","2","","COMPLETED","2026-09-03","13369c65-31e1-4b26-b3a4-38b66279b5ef","11:44","15:10","travel_to_college","5","12"
"878e52d7-2def-40b6-a913-df1a54047a34","2139d70e-ad87-4ff0-985d-00ddaa9d1f33","katraj-vit","6c30c56b-74ce-4c24-a819-98b9ab6387f5","0ad9adea-2c75-4d2a-86ae-34dcc0727788","VIT College","18.4635","73.8682","Shankar Maharaj Math","18.4735","73.8579","2026-09-05T09:30:00.000Z","1","0","scooty","true","7","","CANCELLED","2026-09-05","434645c8-725f-4a8c-864f-d998d1ef11a1","11:40","14:45","return_from_college","13","6"
"37e2d96a-3816-4e9b-8e05-8d351c01286f","b13dc47d-8a9c-45eb-9dee-0cc214bf6ab4","swargate-vit","86e290a5-7e39-4f7a-805e-a6154d820f01","6c30c56b-74ce-4c24-a819-98b9ab6387f5","Market Yard Corner","18.4792","73.8581","VIT College","18.4635","73.8682","2026-09-05T02:13:00.000Z","1","0","scooty","true","9","Please arrive five minutes early","COMPLETED","2026-09-05","c2c1e758-0d69-4f89-819c-4ae87f0197a9","08:13","12:03","travel_to_college","6","12"
"2ad705d0-f96b-4878-af7c-cfca956fcabd","f1320520-f547-4abc-be6f-66bd5f323eb5","katraj-vit","6c30c56b-74ce-4c24-a819-98b9ab6387f5","a80964b4-72f5-43de-ad1a-bdcb9fca796e","VIT College","18.4635","73.8682","Lower Indira Nagar Stop","18.4718","73.8618","2026-09-07T11:12:00.000Z","1","0","bike","false","12","Morning campus commute","COMPLETED","2026-09-07","c9e05133-e6af-4860-ab25-971a3be45a7d","13:04","16:27","return_from_college","13","9"
"ec16c9b1-7c47-4c4d-a652-dd0724b84e3c","acb16d87-c821-4f83-a7a0-8733496f99be","swargate-vit","0c2d013a-9422-4c89-905f-4ec287ba2251","6c30c56b-74ce-4c24-a819-98b9ab6387f5","Swargate BRTS Stop","18.4982","73.8588","VIT College","18.4635","73.8682","2026-09-08T07:38:00.000Z","3","1","car","false","20","Pickup near the hub","CANCELLED","2026-09-08","a6978387-5f77-4e79-9d28-49c49a8c1a41","13:38","16:51","travel_to_college","2","12"
"baa2df2c-bc9c-4de0-8703-f981605afd42","d4a58744-1f9c-4554-9321-1fd9d20b1035","katraj-vit","6c30c56b-74ce-4c24-a819-98b9ab6387f5","11cd5543-db39-4321-9f12-008b367d2ce1","VIT College","18.4635","73.8682","Upper Indira Nagar Bus Depot","18.4682","73.8623","2026-09-08T08:24:00.000Z","1","0","bike","false","7","","COMPLETED","2026-09-08","608bd167-2b8e-4102-b0b1-ff03fca6a976","10:06","13:39","return_from_college","13","11"
"1c29c569-ab1a-4551-a88a-59b2652c7357","5118be9b-6811-4a52-9a62-a0ced3f60e27","swargate-vit","596f6d76-b8c5-4cf2-9058-1a1a334d424d","6c30c56b-74ce-4c24-a819-98b9ab6387f5","Panchami BRTS","18.4902","73.8586","VIT College","18.4635","73.8682","2026-09-09T07:02:00.000Z","1","0","bike","false","4","Pickup near the hub","COMPLETED","2026-09-09","a5341407-e3dd-4a9b-9c89-d355f7c2f382","13:02","16:46","travel_to_college","4","12"
"b9e526a3-a25c-41b3-8e83-5c8ad96c48a7","ccfa0157-3dc7-4140-84a7-8283ed55f1e4","katraj-vit","6c30c56b-74ce-4c24-a819-98b9ab6387f5","876d2e4d-fad4-4ee2-916c-e5ad147030cf","VIT College","18.4635","73.8682","Katraj Dairy BRTS","18.4508","73.8569","2026-09-10T08:07:00.000Z","3","1","car","false","53","","CANCELLED","2026-09-10","2ab5d81f-5620-446b-8edc-7ff1235ba969","10:19","13:22","return_from_college","13","2"
"cf384b4a-daf7-4010-b2fa-70f880318ea2","916eed74-db65-4e11-bce1-ffc16e674a10","swargate-vit","86e290a5-7e39-4f7a-805e-a6154d820f01","6c30c56b-74ce-4c24-a819-98b9ab6387f5","Market Yard Corner","18.4792","73.8581","VIT College","18.4635","73.8682","2026-09-12T04:46:00.000Z","1","0","scooty","true","0","Morning campus commute","COMPLETED","2026-09-12","a85985f5-239b-4a97-a6b9-ecc11ee6f4b1","10:46","13:53","travel_to_college","6","12"
"24726f7e-d370-44f4-b661-389e47aa84da","f64e308c-4a0b-433f-bebb-09536f52d5f4","katraj-vit","6c30c56b-74ce-4c24-a819-98b9ab6387f5","af5c22fe-11db-4392-b90e-85f946c0a37b","VIT College","18.4635","73.8682","KK Market BRTS","18.4683","73.8579","2026-09-12T11:23:00.000Z","1","0","bike","true","19","Morning campus commute","CANCELLED","2026-09-12","a8534374-4c40-4ac4-b52c-2dfe9b03de45","12:39","16:38","return_from_college","13","5"
"8bcdf3ec-1525-4f90-b62c-388075b37e73","c36606d7-b032-4936-8403-b0f1a43f756a","swargate-vit","596f6d76-b8c5-4cf2-9058-1a1a334d424d","6c30c56b-74ce-4c24-a819-98b9ab6387f5","Panchami BRTS","18.4902","73.8586","VIT College","18.4635","73.8682","2026-09-14T05:28:00.000Z","1","1","bike","true","12","Morning campus commute","COMPLETED","2026-09-14","eeb6fe2c-f120-41e7-a0e2-8fdbf29ee0db","11:28","15:17","travel_to_college","4","12"
"83364ef7-750b-40e9-b1d7-e75c1acf2f12","dc034266-a00f-4347-8cd9-5799da807274","katraj-vit","6c30c56b-74ce-4c24-a819-98b9ab6387f5","eb0d92a7-38aa-446a-9f38-091814ea3abd","VIT College","18.4635","73.8682","Chintamani Nagar","18.4651","73.864","2026-09-14T06:47:00.000Z","1","1","bike","true","9","Please arrive five minutes early","COMPLETED","2026-09-14","3a3c12b3-a77c-4da8-b8a6-008cd150684d","08:39","12:02","return_from_college","13","12"
"4e552f13-553d-493a-bdb4-e8a4726a7d50","917b003b-c912-4ed9-afb7-f7eba33fcb14","swargate-vit","570167fe-7324-46a2-9cf4-fbea6048e8be","6c30c56b-74ce-4c24-a819-98b9ab6387f5","City Pride BRTS","18.4845","73.8583","VIT College","18.4635","73.8682","2026-09-15T05:44:00.000Z","1","1","bike","true","18","Morning campus commute","COMPLETED","2026-09-15","360dd5bf-bc68-4a0d-9912-c72e6ab6a5ec","11:44","15:02","travel_to_college","5","12"
"4ab9b0e6-d621-48bc-b910-02b25ebb37f1","17983e48-5904-4312-9f6c-9d6f749c8539","katraj-vit","6c30c56b-74ce-4c24-a819-98b9ab6387f5","876d2e4d-fad4-4ee2-916c-e5ad147030cf","VIT College","18.4635","73.8682","Katraj Dairy BRTS","18.4508","73.8569","2026-09-16T09:32:00.000Z","1","0","scooty","true","28","","CANCELLED","2026-09-16","5e97a9bd-2ce6-4abe-b32a-7ce535d76e91","11:30","14:47","return_from_college","13","2"
"c72ac630-2128-4bb0-aba8-84e716557c9a","fb85cd08-9134-4e91-ad82-1bf40b5e18fe","swargate-vit","eb0d92a7-38aa-446a-9f38-091814ea3abd","6c30c56b-74ce-4c24-a819-98b9ab6387f5","Chintamani Nagar","18.4651","73.864","VIT College","18.4635","73.8682","2026-09-17T05:29:00.000Z","4","3","car","false","30","Morning campus commute","COMPLETED","2026-09-17","ed1757fd-3051-47d1-8806-0e927d2c8079","11:29","14:52","travel_to_college","11","12"
"57aebe55-c7db-4635-9fb4-d015eebc0c2d","bab50b6c-7a07-4417-adaf-0a3f199ba726","katraj-vit","6c30c56b-74ce-4c24-a819-98b9ab6387f5","af5c22fe-11db-4392-b90e-85f946c0a37b","VIT College","18.4635","73.8682","KK Market BRTS","18.4683","73.8579","2026-09-18T08:48:00.000Z","2","1","car","false","42","","COMPLETED","2026-09-18","c4c38b3f-8971-4e57-be64-23c3e4c3a749","10:32","14:03","return_from_college","13","5"
"a7fda605-6fbf-46ed-bf6b-e9b5e96c34a4","aada7730-4500-49e3-9240-e7ca2f69db98","swargate-vit","0095597e-ebd1-4f83-a6c0-a8e94be6a92b","6c30c56b-74ce-4c24-a819-98b9ab6387f5","Laxmi Narayan Theatre","18.4965","73.8584","VIT College","18.4635","73.8682","2026-09-21T03:14:00.000Z","1","0","scooty","true","20","Pickup near the hub","COMPLETED","2026-09-21","5b2c79b7-962c-4d4f-81b5-3645ceb96b21","09:14","12:17","travel_to_college","3","12"
"3ccc7a59-3f11-4228-8299-bdbd9ccffc36","f10fac1a-d7f2-4f4e-a8f2-d72fd48b371a","katraj-vit","6c30c56b-74ce-4c24-a819-98b9ab6387f5","876d2e4d-fad4-4ee2-916c-e5ad147030cf","VIT College","18.4635","73.8682","Katraj Dairy BRTS","18.4508","73.8569","2026-09-21T06:14:00.000Z","1","0","bike","true","11","Please arrive five minutes early","COMPLETED","2026-09-21","aad2b0ff-ec81-458d-8270-71e12ef61efc","08:22","11:29","return_from_college","13","2"
"ca81712f-ae45-4555-b159-71839b6f96f3","7a49978a-5b30-4a61-89ea-d655c3a89110","swargate-vit","570167fe-7324-46a2-9cf4-fbea6048e8be","6c30c56b-74ce-4c24-a819-98b9ab6387f5","City Pride BRTS","18.4845","73.8583","VIT College","18.4635","73.8682","2026-09-22T07:48:00.000Z","1","0","bike","true","25","Morning campus commute","SCHEDULED","2026-09-22","92686faa-ee63-4d66-8403-0f0223566686","13:48","17:10","travel_to_college","5","12"
"0c167933-9224-46e7-84ea-7afe5ed2a269","08fe57ab-1152-4527-a359-68c4e78e68d5","katraj-vit","6c30c56b-74ce-4c24-a819-98b9ab6387f5","876d2e4d-fad4-4ee2-916c-e5ad147030cf","VIT College","18.4635","73.8682","Katraj Dairy BRTS","18.4508","73.8569","2026-09-22T09:45:00.000Z","2","0","car","false","60","Please arrive five minutes early","SCHEDULED","2026-09-22","0ceb8ddc-5a04-46ef-b153-8e7c72641fa4","11:20","15:00","return_from_college","13","2"
"4b05f836-ad03-4097-90c1-298e8d0a852a","669af901-6937-4b2d-a11b-46de7e09eced","swargate-vit","570167fe-7324-46a2-9cf4-fbea6048e8be","6c30c56b-74ce-4c24-a819-98b9ab6387f5","City Pride BRTS","18.4845","73.8583","VIT College","18.4635","73.8682","2026-09-23T03:18:00.000Z","3","2","car","false","73","","SCHEDULED","2026-09-23","2ef7c7f0-4702-4082-89f2-e663056ec9e9","09:18","12:20","travel_to_college","5","12"
"5c88d7ba-ff8e-4b56-b2be-8cb40ca3c867","797bc6e5-c2a2-497c-bf6e-087c71a1d8b5","katraj-vit","6c30c56b-74ce-4c24-a819-98b9ab6387f5","86597dc2-00ef-475a-8a9a-daf0323897ca","VIT College","18.4635","73.8682","Katraj Terminal","18.4471","73.8562","2026-09-25T11:45:00.000Z","3","3","car","false","37","Pickup near the hub","SCHEDULED","2026-09-25","f9c8ba36-d6b9-4e6d-90d5-e3e2c91f523f","13:03","17:00","return_from_college","13","1"
"f3ebf2c3-9778-49de-9d49-3dc10f94c3f9","7f819a59-7908-47e3-8d88-f31823ce6b9f","swargate-vit","a80964b4-72f5-43de-ad1a-bdcb9fca796e","6c30c56b-74ce-4c24-a819-98b9ab6387f5","Lower Indira Nagar Stop","18.4718","73.8618","VIT College","18.4635","73.8682","2026-09-25T05:52:00.000Z","3","3","car","false","51","Morning campus commute","SCHEDULED","2026-09-25","1327c73d-6bb6-41ef-a6b3-f33685139117","11:52","15:15","travel_to_college","8","12"
"727ed4f1-19c6-4f72-a309-afda240e2867","08cf7a8e-ecd3-4df0-8139-226218b0981a","katraj-vit","6c30c56b-74ce-4c24-a819-98b9ab6387f5","86597dc2-00ef-475a-8a9a-daf0323897ca","VIT College","18.4635","73.8682","Katraj Terminal","18.4471","73.8562","2026-09-28T11:23:00.000Z","2","1","car","false","79","Please arrive five minutes early","SCHEDULED","2026-09-28","af45d868-e4f7-4a4c-a827-a6da8816f996","12:49","16:38","return_from_college","13","1"
"74f4dd31-a309-400c-aee2-f91f7ac85193","5ab9a35e-6ac7-4156-95ae-cc1e59bb9fa7","swargate-vit","3221d156-13e7-4834-84ce-848f49b87be2","6c30c56b-74ce-4c24-a819-98b9ab6387f5","Bibwewadi Bus Stop","18.4792","73.8615","VIT College","18.4635","73.8682","2026-09-28T06:18:00.000Z","4","1","car","false","65","","SCHEDULED","2026-09-28","67ec5b12-9c1a-47de-8993-02050cebe4d4","12:18","16:05","travel_to_college","7","12"
"7faa0492-12e5-4a9e-b31b-76e3d7fef397","53329683-b608-43d8-93dd-40f75fc7d319","katraj-vit","6c30c56b-74ce-4c24-a819-98b9ab6387f5","af5c22fe-11db-4392-b90e-85f946c0a37b","VIT College","18.4635","73.8682","KK Market BRTS","18.4683","73.8579","2026-09-29T08:37:00.000Z","1","0","scooty","true","17","","SCHEDULED","2026-09-29","e991c9e1-3020-45c3-bb9f-ca3da2ca3b82","10:28","13:52","return_from_college","13","5"
"30e4ddae-66c9-4866-b68f-48b04d139cac","984e14a4-a27e-416c-9397-0cf2fb53101f","swargate-vit","eb0d92a7-38aa-446a-9f38-091814ea3abd","6c30c56b-74ce-4c24-a819-98b9ab6387f5","Chintamani Nagar","18.4651","73.864","VIT College","18.4635","73.8682","2026-09-29T06:47:00.000Z","1","0","bike","true","2","Please arrive five minutes early","SCHEDULED","2026-09-29","f572aa9e-35c9-493c-8960-c794055b4bdf","12:47","15:55","travel_to_college","11","12"
"3de38902-f24c-4296-8974-79ab136dd31e","08c75e3d-df80-427a-b942-864b9136eb2a","katraj-vit","6c30c56b-74ce-4c24-a819-98b9ab6387f5","eb0d92a7-38aa-446a-9f38-091814ea3abd","VIT College","18.4635","73.8682","Chintamani Nagar","18.4651","73.864","2026-09-30T11:30:00.000Z","1","0","scooty","true","2","","SCHEDULED","2026-09-30","a759ac6c-de75-43bc-a52d-cc2ff55f646c","13:34","16:45","return_from_college","13","12"
"77a42f38-3664-4bba-a2a5-288e9759124c","77d7f815-239b-4019-bf1b-76b62751a21d","swargate-vit","19cfadd2-1ff7-4a2f-b5e3-eeb73f44cc28","6c30c56b-74ce-4c24-a819-98b9ab6387f5","Swargate PMPML Main Bus Stand","18.4991","73.8583","VIT College","18.4635","73.8682","2026-10-02T07:59:00.000Z","3","1","car","false","57","","SCHEDULED","2026-10-02","8313f448-ce50-41a9-8143-162a92314f85","13:59","17:56","travel_to_college","1","12"
"3030c4fc-f717-4545-9a5c-be4c04749c81","fa8313a6-d0cd-4c89-ac5a-1bcf559767e4","katraj-vit","6c30c56b-74ce-4c24-a819-98b9ab6387f5","ebb92112-ef31-4ebe-a259-4e999c52f0fd","VIT College","18.4635","73.8682","Bharati Vidyapeeth","18.456","73.8574","2026-10-03T07:26:00.000Z","1","0","scooty","true","11","Please arrive five minutes early","SCHEDULED","2026-10-03","5b805d89-a65f-4701-8450-6d7658bcce2d","09:00","12:41","return_from_college","13","3"
"843db221-cbb4-4277-b5aa-442f03f5b602","26f04940-3483-4462-a324-84a3c523c941","swargate-vit","86e290a5-7e39-4f7a-805e-a6154d820f01","6c30c56b-74ce-4c24-a819-98b9ab6387f5","Market Yard Corner","18.4792","73.8581","VIT College","18.4635","73.8682","2026-10-03T04:30:00.000Z","1","0","scooty","true","1","Please arrive five minutes early","SCHEDULED","2026-10-03","23641169-2841-42f0-998a-90d4e3f43831","10:30","14:00","travel_to_college","6","12"
"2ff5e51f-2fc9-439d-8c7f-d9b9ad74eda4","364c0441-918b-402a-a77c-fc9446ad8d71","katraj-vit","6c30c56b-74ce-4c24-a819-98b9ab6387f5","ebb92112-ef31-4ebe-a259-4e999c52f0fd","VIT College","18.4635","73.8682","Bharati Vidyapeeth","18.456","73.8574","2026-10-05T07:47:00.000Z","1","1","scooty","true","27","Pickup near the hub","SCHEDULED","2026-10-05","8c11bd4c-3291-4582-980b-4a301fee955a","09:46","13:02","return_from_college","13","3"
"a60e247e-fbac-41a7-9eff-f6a02bc41929","1d69f9fe-09f6-4a0a-8dc1-753c6b3015e6","swargate-vit","3221d156-13e7-4834-84ce-848f49b87be2","6c30c56b-74ce-4c24-a819-98b9ab6387f5","Bibwewadi Bus Stop","18.4792","73.8615","VIT College","18.4635","73.8682","2026-10-05T06:59:00.000Z","2","1","car","false","76","Pickup near the hub","SCHEDULED","2026-10-05","cdf10a96-d0d4-4734-9255-2f2115c7dcd6","12:59","16:43","travel_to_college","7","12"
"b702184a-dc69-4598-a58b-f13f923f328c","0c422408-fcb3-49ec-919b-15b6c943586f","katraj-vit","6c30c56b-74ce-4c24-a819-98b9ab6387f5","fea32ab3-d832-43d3-a3a0-788e8711526d","VIT College","18.4635","73.8682","Balaji Nagar BRTS","18.4628","73.8577","2026-10-06T11:53:00.000Z","1","1","scooty","true","14","Please arrive five minutes early","SCHEDULED","2026-10-06","38c57fd2-1169-4677-8225-23eecbf21b08","13:58","17:08","return_from_college","13","4"
"32ca6a58-6f35-445f-8f40-785e66838476","8583b128-6eef-4c56-a566-5dc44a8d0a70","swargate-vit","a80964b4-72f5-43de-ad1a-bdcb9fca796e","6c30c56b-74ce-4c24-a819-98b9ab6387f5","Lower Indira Nagar Stop","18.4718","73.8618","VIT College","18.4635","73.8682","2026-10-07T06:43:00.000Z","1","0","bike","true","21","Pickup near the hub","SCHEDULED","2026-10-07","5d402f9f-0dbb-49aa-898e-61afa590badc","12:43","16:26","travel_to_college","8","12"
"8f24f628-f076-4a48-8fae-f133471c0490","481621b5-ffcf-4751-b9e2-151c0182f97a","katraj-vit","6c30c56b-74ce-4c24-a819-98b9ab6387f5","1bc21bdf-5bcc-4dd4-8140-eac24ae23b69","VIT College","18.4635","73.8682","Kashinath Patil Nagar Stop","18.4745","73.8631","2026-10-08T10:34:00.000Z","3","2","car","false","69","Please arrive five minutes early","SCHEDULED","2026-10-08","b8e33e1f-ed37-47b4-879d-bd11e68e23c6","12:26","15:49","return_from_college","13","10"
"b87eed91-78e3-4bcf-af59-1b0a98afab9a","25e86fcd-e6f3-4cae-abe5-69da8dc4879a","swargate-vit","19cfadd2-1ff7-4a2f-b5e3-eeb73f44cc28","6c30c56b-74ce-4c24-a819-98b9ab6387f5","Swargate PMPML Main Bus Stand","18.4991","73.8583","VIT College","18.4635","73.8682","2026-10-09T02:16:00.000Z","3","1","car","false","45","Please arrive five minutes early","SCHEDULED","2026-10-09","7040fbc1-fc65-48fa-8252-7cf66534c023","08:16","11:47","travel_to_college","1","12"
"5e23b2a3-8939-47b8-8ab7-543b143b14e8","a78816e2-8aae-4e54-8410-968bc321f082","katraj-vit","6c30c56b-74ce-4c24-a819-98b9ab6387f5","86e290a5-7e39-4f7a-805e-a6154d820f01","VIT College","18.4635","73.8682","Market Yard Corner","18.4792","73.8581","2026-10-10T10:15:00.000Z","1","0","scooty","true","16","Pickup near the hub","SCHEDULED","2026-10-10","4b25a224-e07e-49b4-8cc5-216c2aaec3fa","11:53","15:30","return_from_college","13","7"
"17fc828a-dc45-4e59-88e8-05df14dae365","1de804a1-1c04-4d9b-88a6-03aa475b2f23","swargate-vit","1bc21bdf-5bcc-4dd4-8140-eac24ae23b69","6c30c56b-74ce-4c24-a819-98b9ab6387f5","Kashinath Patil Nagar Stop","18.4745","73.8631","VIT College","18.4635","73.8682","2026-10-12T04:33:00.000Z","1","1","bike","true","19","Morning campus commute","SCHEDULED","2026-10-12","0f08cb91-006f-439a-9e3c-679b3a9c13f1","10:33","13:56","travel_to_college","9","12"
"fe3980ab-6681-4aaa-b6b7-f88c7f736dc4","c366b16a-709a-4bd5-99f4-4d48e2a64d10","katraj-vit","6c30c56b-74ce-4c24-a819-98b9ab6387f5","11cd5543-db39-4321-9f12-008b367d2ce1","VIT College","18.4635","73.8682","Upper Indira Nagar Bus Depot","18.4682","73.8623","2026-10-12T11:29:00.000Z","1","0","bike","true","24","Pickup near the hub","SCHEDULED","2026-10-12","303b21d8-c702-41b8-9a34-ca931df78112","13:28","16:44","return_from_college","13","11"
"9ae7df25-367f-42df-bfbd-788443428f8c","b1b24393-ed6c-4074-a261-01b7aa240011","swargate-vit","19cfadd2-1ff7-4a2f-b5e3-eeb73f44cc28","6c30c56b-74ce-4c24-a819-98b9ab6387f5","Swargate PMPML Main Bus Stand","18.4991","73.8583","VIT College","18.4635","73.8682","2026-10-14T03:16:00.000Z","4","3","car","false","40","","SCHEDULED","2026-10-14","7d840ad0-dd79-4a0f-96f8-47d674dd73f7","09:16","12:21","travel_to_college","1","12"
"f92e45d3-3dcd-4da4-9336-6d6bc5eafdf2","f2ff9e67-5a69-4146-a543-f1fed27fb87a","katraj-vit","6c30c56b-74ce-4c24-a819-98b9ab6387f5","11cd5543-db39-4321-9f12-008b367d2ce1","VIT College","18.4635","73.8682","Upper Indira Nagar Bus Depot","18.4682","73.8623","2026-10-14T07:02:00.000Z","2","1","car","false","57","Please arrive five minutes early","SCHEDULED","2026-10-14","d7b810f0-a401-4111-8d6c-fa05adbda95c","08:28","12:17","return_from_college","13","11"
"dec379fd-f1e9-4f2f-a79b-ba1513b320c6","fc17bde9-8039-463a-b2df-6dd060d08969","swargate-vit","19cfadd2-1ff7-4a2f-b5e3-eeb73f44cc28","6c30c56b-74ce-4c24-a819-98b9ab6387f5","Swargate PMPML Main Bus Stand","18.4991","73.8583","VIT College","18.4635","73.8682","2026-10-15T07:46:00.000Z","1","0","bike","true","2","Pickup near the hub","SCHEDULED","2026-10-15","7ba63600-90c7-4be1-b0ac-d4eceb031d7b","13:46","17:28","travel_to_college","1","12"
"3d41d947-5b7e-4b24-89c8-0a0b168fa8f3","7ecb9a58-e71e-47e3-b199-1b14f78ab1cd","katraj-vit","6c30c56b-74ce-4c24-a819-98b9ab6387f5","86e290a5-7e39-4f7a-805e-a6154d820f01","VIT College","18.4635","73.8682","Market Yard Corner","18.4792","73.8581","2026-10-17T06:45:00.000Z","1","0","bike","true","15","Please arrive five minutes early","SCHEDULED","2026-10-17","259cf039-b2b6-413e-8143-ff03c0b8dfbc","08:36","12:00","return_from_college","13","7"
"c7b24a15-2300-43ef-8511-4d5e4039cf9c","50ca192e-d3dc-40d0-996b-6eea924c44d8","swargate-vit","a80964b4-72f5-43de-ad1a-bdcb9fca796e","6c30c56b-74ce-4c24-a819-98b9ab6387f5","Lower Indira Nagar Stop","18.4718","73.8618","VIT College","18.4635","73.8682","2026-10-20T06:34:00.000Z","4","4","car","false","65","Pickup near the hub","SCHEDULED","2026-10-20","fc21b5d1-5a1e-49c3-b67e-3a2195d56bac","12:34","16:17","travel_to_college","8","12"
"bcb302ed-b8e1-4e7a-b9d9-9711e6345a1a","8fcb293d-bce3-4068-b448-c15533882e86","katraj-vit","6c30c56b-74ce-4c24-a819-98b9ab6387f5","fea32ab3-d832-43d3-a3a0-788e8711526d","VIT College","18.4635","73.8682","Balaji Nagar BRTS","18.4628","73.8577","2026-10-19T10:43:00.000Z","1","0","bike","true","14","Pickup near the hub","SCHEDULED","2026-10-19","b97be612-cfc9-4b53-bc2e-55b9926d353a","12:34","15:58","return_from_college","13","4"
"13ac3ac3-ca9a-4de6-a758-d65826cd9c6b","399cdebc-51c2-422b-87a5-220f8cc2d7ac","swargate-vit","a80964b4-72f5-43de-ad1a-bdcb9fca796e","6c30c56b-74ce-4c24-a819-98b9ab6387f5","Lower Indira Nagar Stop","18.4718","73.8618","VIT College","18.4635","73.8682","2026-10-19T04:40:00.000Z","2","1","car","false","65","","SCHEDULED","2026-10-19","1b073c61-a8ad-42f4-bd4d-355729049086","10:40","14:19","travel_to_college","8","12"
"33bdd8b0-270a-4643-9f36-75481d848392","ff933861-ecae-470a-9ee4-3663e749fdbc","katraj-vit","6c30c56b-74ce-4c24-a819-98b9ab6387f5","eb0d92a7-38aa-446a-9f38-091814ea3abd","VIT College","18.4635","73.8682","Chintamani Nagar","18.4651","73.864","2026-10-21T07:42:00.000Z","2","1","car","false","41","","SCHEDULED","2026-10-21","7613f31a-0f4c-48d9-a524-692273deb841","09:56","12:57","return_from_college","13","12"
"2569287c-15b2-40a3-b5e8-0dafa32939b9","f34b84c7-eb95-4dff-958a-ef69c608f272","swargate-vit","570167fe-7324-46a2-9cf4-fbea6048e8be","6c30c56b-74ce-4c24-a819-98b9ab6387f5","City Pride BRTS","18.4845","73.8583","VIT College","18.4635","73.8682","2026-10-21T05:36:00.000Z","1","1","bike","true","4","Please arrive five minutes early","SCHEDULED","2026-10-21","5a4dc7c8-feb0-403b-b8cc-780ad44d446f","11:36","14:58","travel_to_college","5","12"
"9ecfe2b0-5e2d-4e84-a5cd-6839f27bdeaf","6279cde7-2c2c-4986-a9a4-55039693b818","katraj-vit","6c30c56b-74ce-4c24-a819-98b9ab6387f5","876d2e4d-fad4-4ee2-916c-e5ad147030cf","VIT College","18.4635","73.8682","Katraj Dairy BRTS","18.4508","73.8569","2026-10-22T09:07:00.000Z","4","2","car","false","72","Please arrive five minutes early","SCHEDULED","2026-10-22","2f5a2a11-387f-457a-a2db-b21ea97e7a3b","11:04","14:22","return_from_college","13","2"
"2195a3b0-f61c-4a52-8a25-6a6ed093f294","61a5fb10-8cc3-48db-a009-2fdb4eb9c378","swargate-vit","1bc21bdf-5bcc-4dd4-8140-eac24ae23b69","6c30c56b-74ce-4c24-a819-98b9ab6387f5","Kashinath Patil Nagar Stop","18.4745","73.8631","VIT College","18.4635","73.8682","2026-10-23T04:45:00.000Z","1","0","bike","false","25","Please arrive five minutes early","SCHEDULED","2026-10-23","5be943cd-ea40-44b6-9c76-2d7e230716c4","10:45","13:53","travel_to_college","9","12"
"6b4dac4b-18f4-4c19-a299-aa891d88d0ef","aa4ac675-15bc-49db-b7fa-84335d28cdc7","katraj-vit","6c30c56b-74ce-4c24-a819-98b9ab6387f5","af5c22fe-11db-4392-b90e-85f946c0a37b","VIT College","18.4635","73.8682","KK Market BRTS","18.4683","73.8579","2026-10-24T07:04:00.000Z","1","0","scooty","true","30","Morning campus commute","SCHEDULED","2026-10-24","73f47322-75de-41e5-8f3b-02ee2d7cd091","08:40","12:19","return_from_college","13","5"
"a56af269-ecfc-444d-ae56-6f7c48cdc314","6b38852c-3199-4130-9bef-739d2cbf98cd","swargate-vit","596f6d76-b8c5-4cf2-9058-1a1a334d424d","6c30c56b-74ce-4c24-a819-98b9ab6387f5","Panchami BRTS","18.4902","73.8586","VIT College","18.4635","73.8682","2026-10-26T03:44:00.000Z","1","0","scooty","false","6","Pickup near the hub","SCHEDULED","2026-10-26","121c0702-1e8c-424e-9c5e-5505b4cb7465","09:44","13:32","travel_to_college","4","12"
"e02c7b5c-d598-4cca-987c-7e5eeab092fd","32c9560a-e267-4d5f-85c7-ca585ac3975e","katraj-vit","6c30c56b-74ce-4c24-a819-98b9ab6387f5","fea32ab3-d832-43d3-a3a0-788e8711526d","VIT College","18.4635","73.8682","Balaji Nagar BRTS","18.4628","73.8577","2026-10-26T09:54:00.000Z","4","4","car","false","28","","SCHEDULED","2026-10-26","d1088c49-13a6-4c51-9c74-feed392cd717","11:20","15:09","return_from_college","13","4"
"06ff1ac1-1cdd-4882-a3d4-05e2586953d8","15ef891e-746f-4219-8638-297ada541a3a","swargate-vit","596f6d76-b8c5-4cf2-9058-1a1a334d424d","6c30c56b-74ce-4c24-a819-98b9ab6387f5","Panchami BRTS","18.4902","73.8586","VIT College","18.4635","73.8682","2026-10-27T06:50:00.000Z","1","0","scooty","true","29","Morning campus commute","SCHEDULED","2026-10-27","479d1efb-e799-4f0d-a1f9-8673bed84c4d","12:50","15:54","travel_to_college","4","12"
"d0ec488d-7f75-4ee0-8089-7004c1751aa4","c4608e10-532e-42df-b9ca-6399d157bc77","katraj-vit","6c30c56b-74ce-4c24-a819-98b9ab6387f5","1bc21bdf-5bcc-4dd4-8140-eac24ae23b69","VIT College","18.4635","73.8682","Kashinath Patil Nagar Stop","18.4745","73.8631","2026-10-28T06:35:00.000Z","1","0","bike","true","2","","SCHEDULED","2026-10-28","5a5189c6-ad1d-4f50-ba2c-9cb88e8ea10f","08:18","11:50","return_from_college","13","10"
"84212ac4-5d8a-494b-9283-1b20b1a76cbd","9c577260-815e-4814-ae42-db071f0604b0","swargate-vit","86e290a5-7e39-4f7a-805e-a6154d820f01","6c30c56b-74ce-4c24-a819-98b9ab6387f5","Market Yard Corner","18.4792","73.8581","VIT College","18.4635","73.8682","2026-10-29T05:03:00.000Z","1","1","bike","true","3","Morning campus commute","SCHEDULED","2026-10-29","d1eb713a-1ca6-4e78-8dae-9a146fd91677","11:03","14:37","travel_to_college","6","12"
"65de9618-15bc-453c-955c-fd27adf9016d","11e76d6b-888c-4c86-a3f2-2d4bab255598","katraj-vit","6c30c56b-74ce-4c24-a819-98b9ab6387f5","1bc21bdf-5bcc-4dd4-8140-eac24ae23b69","VIT College","18.4635","73.8682","Kashinath Patil Nagar Stop","18.4745","73.8631","2026-10-30T11:49:00.000Z","1","0","scooty","true","12","Pickup near the hub","SCHEDULED","2026-10-30","abc5ef18-9f2d-4936-bea1-504db2ffb52e","13:50","17:04","return_from_college","13","10"
"7f26a95b-2271-4604-96f8-020cce5b4e5a","12e82429-ecad-4a76-bc1b-fddf73c8c117","swargate-vit","1bc21bdf-5bcc-4dd4-8140-eac24ae23b69","6c30c56b-74ce-4c24-a819-98b9ab6387f5","Kashinath Patil Nagar Stop","18.4745","73.8631","VIT College","18.4635","73.8682","2026-10-31T04:41:00.000Z","3","1","car","false","69","Please arrive five minutes early","SCHEDULED","2026-10-31","32f24b2a-b3cf-475b-b7d9-5d87537a84ae","10:41","13:59","travel_to_college","9","12"
"19cf44e4-1c4e-447c-8642-a6400160c5f6","ac87c729-c400-43ff-9619-cd867435a982","katraj-vit","6c30c56b-74ce-4c24-a819-98b9ab6387f5","a80964b4-72f5-43de-ad1a-bdcb9fca796e","VIT College","18.4635","73.8682","Lower Indira Nagar Stop","18.4718","73.8618","2026-11-02T08:29:00.000Z","1","0","bike","false","15","","SCHEDULED","2026-11-02","52d10b20-f412-42cd-8a20-04050584cb57","10:36","13:44","return_from_college","13","9"
"d5f8b7ff-1ca7-4515-845e-2a47b27ebb3d","65caf2f5-0b5e-452f-a096-f7f73ba694f9","swargate-vit","19cfadd2-1ff7-4a2f-b5e3-eeb73f44cc28","6c30c56b-74ce-4c24-a819-98b9ab6387f5","Swargate PMPML Main Bus Stand","18.4991","73.8583","VIT College","18.4635","73.8682","2026-11-02T03:59:00.000Z","1","0","scooty","true","26","Please arrive five minutes early","SCHEDULED","2026-11-02","8cbca3fe-7ce2-4fe2-8720-d3254bf998eb","09:59","13:27","travel_to_college","1","12"
"72bb384d-a783-4648-9d05-e14a47cf3d8f","e1b6b10d-5653-452d-a57d-24e8752b2f52","katraj-vit","6c30c56b-74ce-4c24-a819-98b9ab6387f5","fea32ab3-d832-43d3-a3a0-788e8711526d","VIT College","18.4635","73.8682","Balaji Nagar BRTS","18.4628","73.8577","2026-11-03T10:21:00.000Z","1","1","bike","true","9","","SCHEDULED","2026-11-03","b38a84c2-6cf1-440e-a945-7c085060cdc5","12:14","15:36","return_from_college","13","4"
"b2daa0a6-5836-4cf0-b8f5-5bde896f302b","a53ad219-be12-4a6b-9852-64dfe8aa6236","swargate-vit","570167fe-7324-46a2-9cf4-fbea6048e8be","6c30c56b-74ce-4c24-a819-98b9ab6387f5","City Pride BRTS","18.4845","73.8583","VIT College","18.4635","73.8682","2026-11-04T03:48:00.000Z","1","0","scooty","true","25","","SCHEDULED","2026-11-04","9cae12eb-c3bf-43f4-9eec-c408e62c6501","09:48","12:52","travel_to_college","5","12"
"7492c402-6884-42d7-b59a-744d9e152f50","969131e9-4cc6-483d-82f8-990f056d6c5a","katraj-vit","6c30c56b-74ce-4c24-a819-98b9ab6387f5","11cd5543-db39-4321-9f12-008b367d2ce1","VIT College","18.4635","73.8682","Upper Indira Nagar Bus Depot","18.4682","73.8623","2026-11-05T12:20:00.000Z","1","1","scooty","true","9","","SCHEDULED","2026-11-05","2f1e52b3-54af-4b8d-8a50-801c8155e581","13:36","17:35","return_from_college","13","11"
"69749b31-ab8f-465d-aeed-75509f596ee2","38d92c3f-f6e4-4c90-add9-6f5ecbcd5bde","swargate-vit","0c2d013a-9422-4c89-905f-4ec287ba2251","6c30c56b-74ce-4c24-a819-98b9ab6387f5","Swargate BRTS Stop","18.4982","73.8588","VIT College","18.4635","73.8682","2026-08-11T04:48:00.000Z","1","0","scooty","true","7","Morning campus commute","COMPLETED","2026-08-11","618be6e2-6518-4c92-9b4f-baac99977102","10:48","14:25","travel_to_college","2","12"
"613ba694-3e7c-43c2-85d9-8c48e3915e08","a7b7dfcb-b36f-4cfc-abf8-afd48e896a75","katraj-vit","6c30c56b-74ce-4c24-a819-98b9ab6387f5","af5c22fe-11db-4392-b90e-85f946c0a37b","VIT College","18.4635","73.8682","KK Market BRTS","18.4683","73.8579","2026-08-10T09:28:00.000Z","1","0","bike","true","13","Morning campus commute","COMPLETED","2026-08-10","46465f79-fe84-4747-bb39-d2ba5d8d78b9","10:55","14:43","return_from_college","13","5"
"ee8ac974-e22a-48eb-886a-1e97cec25f9b","2b79909a-3fc7-4286-93ba-521d9aa64a8f","swargate-vit","a80964b4-72f5-43de-ad1a-bdcb9fca796e","6c30c56b-74ce-4c24-a819-98b9ab6387f5","Lower Indira Nagar Stop","18.4718","73.8618","VIT College","18.4635","73.8682","2026-08-10T03:01:00.000Z","1","1","scooty","true","7","","COMPLETED","2026-08-10","6cf1e965-01c7-463b-8a3d-a1282072de55","09:01","12:38","travel_to_college","8","12"
"60be6092-85d6-46cb-86d2-64c2d92b96a5","5a240b3c-f182-4a30-82d1-ae0f6586bff3","katraj-vit","6c30c56b-74ce-4c24-a819-98b9ab6387f5","0ad9adea-2c75-4d2a-86ae-34dcc0727788","VIT College","18.4635","73.8682","Shankar Maharaj Math","18.4735","73.8579","2026-08-11T07:12:00.000Z","1","1","bike","true","2","Pickup near the hub","CANCELLED","2026-08-11","18ca239e-d511-4ef9-99e9-0167a5c82d45","08:58","12:27","return_from_college","13","6"
"21801c4b-5ec6-48d9-859b-744725bb4c6b","9beabcea-410e-43e0-9c0e-c32f2476c785","swargate-vit","11cd5543-db39-4321-9f12-008b367d2ce1","6c30c56b-74ce-4c24-a819-98b9ab6387f5","Upper Indira Nagar Bus Depot","18.4682","73.8623","VIT College","18.4635","73.8682","2026-08-12T07:44:00.000Z","4","4","car","false","29","Pickup near the hub","SCHEDULED","2026-08-12","366ec12a-e571-4266-8443-eb3590de1402","13:44","16:49","travel_to_college","10","12"
"f8ef6e23-d0a7-498e-9054-ac248c942867","30e63cfd-4d4a-41f2-9c08-fe7bb0c7d4b0","katraj-vit","6c30c56b-74ce-4c24-a819-98b9ab6387f5","eb0d92a7-38aa-446a-9f38-091814ea3abd","VIT College","18.4635","73.8682","Chintamani Nagar","18.4651","73.864","2026-08-13T11:11:00.000Z","3","3","car","false","54","Morning campus commute","SCHEDULED","2026-08-13","90602601-b9f3-4a81-a3cc-0146d9fcd132","13:14","16:26","return_from_college","13","12"
"1f515b63-70bd-43ce-b2b6-42af637e7a4a","85bed899-042e-4b82-a6ac-e7f8e8652524","swargate-vit","11cd5543-db39-4321-9f12-008b367d2ce1","6c30c56b-74ce-4c24-a819-98b9ab6387f5","Upper Indira Nagar Bus Depot","18.4682","73.8623","VIT College","18.4635","73.8682","2026-08-14T03:39:00.000Z","1","0","scooty","true","30","","CANCELLED","2026-08-14","334d21bc-3907-4387-94d8-236d444c0229","09:39","13:37","travel_to_college","10","12"
"62a6ad9d-040a-46b9-86a4-98e88b3b4478","5b9101ca-8247-4c12-bf7c-68abf2b98166","katraj-vit","6c30c56b-74ce-4c24-a819-98b9ab6387f5","86597dc2-00ef-475a-8a9a-daf0323897ca","VIT College","18.4635","73.8682","Katraj Terminal","18.4471","73.8562","2026-08-15T10:06:00.000Z","1","0","bike","true","1","Please arrive five minutes early","SCHEDULED","2026-08-15","a94f5c86-ea72-4d14-97d9-79c5ec568999","12:17","15:21","return_from_college","13","1"
"6fc8d650-22f8-42f1-b4c9-bdcadd3364d9","5468079d-9fdf-4eb9-9b29-ed8a7c650d7c","swargate-vit","570167fe-7324-46a2-9cf4-fbea6048e8be","6c30c56b-74ce-4c24-a819-98b9ab6387f5","City Pride BRTS","18.4845","73.8583","VIT College","18.4635","73.8682","2026-08-18T04:44:00.000Z","1","0","bike","false","20","Pickup near the hub","SCHEDULED","2026-08-18","415412ea-2c33-44df-a671-73ae9b75fc55","10:44","14:20","travel_to_college","5","12"
"e93b9a72-7b21-49b6-bce7-658180d0c954","2cabb8ae-b3d7-4c51-8207-1b8fc7300e2c","katraj-vit","6c30c56b-74ce-4c24-a819-98b9ab6387f5","86597dc2-00ef-475a-8a9a-daf0323897ca","VIT College","18.4635","73.8682","Katraj Terminal","18.4471","73.8562","2026-08-17T09:42:00.000Z","3","1","car","false","52","","COMPLETED","2026-08-17","930b530f-aacd-4828-a3b8-b4b8df9c03db","11:56","14:57","return_from_college","13","1"
"31c4e25f-857a-4921-b0e3-4b44ed68b09f","e16a421d-031b-47d3-936b-9d6bed68b285","swargate-vit","19cfadd2-1ff7-4a2f-b5e3-eeb73f44cc28","6c30c56b-74ce-4c24-a819-98b9ab6387f5","Swargate PMPML Main Bus Stand","18.4991","73.8583","VIT College","18.4635","73.8682","2026-08-18T02:07:00.000Z","1","0","scooty","true","25","","CANCELLED","2026-08-18","f4ead54b-b100-4981-840d-89f73196bd21","08:07","11:38","travel_to_college","1","12"
"4ac163ce-436a-4798-8087-7007c8533bb9","2cb66b98-63d0-4a21-a9ed-c884d238b71c","katraj-vit","6c30c56b-74ce-4c24-a819-98b9ab6387f5","ebb92112-ef31-4ebe-a259-4e999c52f0fd","VIT College","18.4635","73.8682","Bharati Vidyapeeth","18.456","73.8574","2026-08-19T08:54:00.000Z","1","0","bike","true","22","Please arrive five minutes early","COMPLETED","2026-08-19","806fad77-ca14-4d6d-bc24-816dfa25d06b","10:31","14:09","return_from_college","13","3"
"fbb01cb7-ffcc-4c55-bcb6-a3649322d9f7","61caa1f5-7dee-45a4-964a-8e5ed8b6a158","swargate-vit","eb0d92a7-38aa-446a-9f38-091814ea3abd","6c30c56b-74ce-4c24-a819-98b9ab6387f5","Chintamani Nagar","18.4651","73.864","VIT College","18.4635","73.8682","2026-08-20T06:50:00.000Z","1","0","scooty","true","22","Morning campus commute","COMPLETED","2026-08-20","1affba3d-d806-4c65-bd41-d11b80223cec","12:50","16:36","travel_to_college","11","12"
"4e0d44dd-4e24-4759-80f9-aa605a9da707","dd95ce1d-b76e-4f1f-9a03-108aea02d0d2","katraj-vit","6c30c56b-74ce-4c24-a819-98b9ab6387f5","0ad9adea-2c75-4d2a-86ae-34dcc0727788","VIT College","18.4635","73.8682","Shankar Maharaj Math","18.4735","73.8579","2026-08-21T08:16:00.000Z","1","0","scooty","true","17","","COMPLETED","2026-08-21","56da8ba1-5783-4a14-9654-bd584c89d4d5","10:18","13:31","return_from_college","13","6"
"df163bed-b810-40fd-a447-881153897bef","95204930-6f62-4024-8493-801a30e46f1a","swargate-vit","86e290a5-7e39-4f7a-805e-a6154d820f01","6c30c56b-74ce-4c24-a819-98b9ab6387f5","Market Yard Corner","18.4792","73.8581","VIT College","18.4635","73.8682","2026-08-22T05:45:00.000Z","1","0","bike","true","21","Pickup near the hub","CANCELLED","2026-08-22","00081b08-23ad-4e2f-b38b-92c938f1e419","11:45","15:13","travel_to_college","6","12"
"6c7c1fe1-6540-4e1a-9e85-46a542e5a84b","037ed347-fb73-4043-a8e2-c7edc58d6dac","katraj-vit","6c30c56b-74ce-4c24-a819-98b9ab6387f5","11cd5543-db39-4321-9f12-008b367d2ce1","VIT College","18.4635","73.8682","Upper Indira Nagar Bus Depot","18.4682","73.8623","2026-08-24T10:21:00.000Z","1","0","scooty","true","23","","SCHEDULED","2026-08-24","1adb6870-d863-415e-ad1d-c6f0790770d5","12:07","15:36","return_from_college","13","11"
"ca344930-0efc-4f26-bc6f-a9006900db8e","843078cc-2ea7-483f-83b3-cc8bae6695c6","swargate-vit","a80964b4-72f5-43de-ad1a-bdcb9fca796e","6c30c56b-74ce-4c24-a819-98b9ab6387f5","Lower Indira Nagar Stop","18.4718","73.8618","VIT College","18.4635","73.8682","2026-08-24T02:10:00.000Z","2","0","car","false","52","Morning campus commute","COMPLETED","2026-08-24","0e3b9ba6-4ebf-45d9-9ab8-1ff5df2539a9","08:10","11:50","travel_to_college","8","12"
"123e508f-3ea8-4690-9d05-50b9c726385e","d04ea078-3e78-494d-83a0-92fee39d6bb7","katraj-vit","6c30c56b-74ce-4c24-a819-98b9ab6387f5","ebb92112-ef31-4ebe-a259-4e999c52f0fd","VIT College","18.4635","73.8682","Bharati Vidyapeeth","18.456","73.8574","2026-08-25T09:00:00.000Z","1","0","bike","true","20","","COMPLETED","2026-08-25","f5f2467c-dfeb-4c86-8974-86d22f1efc91","10:47","14:15","return_from_college","13","3"
"2be199f1-236b-4c4c-95d5-07a1a637ba28","d022c9ae-ee6b-4085-b2c1-11a5c9e6c784","swargate-vit","eb0d92a7-38aa-446a-9f38-091814ea3abd","6c30c56b-74ce-4c24-a819-98b9ab6387f5","Chintamani Nagar","18.4651","73.864","VIT College","18.4635","73.8682","2026-08-26T02:47:00.000Z","1","0","scooty","false","24","","COMPLETED","2026-08-26","33140ada-42f2-4fdf-9f47-8b77839bad6f","08:47","12:41","travel_to_college","11","12"
"4f28a994-b09c-4eb8-a485-90791a66b290","be9c6ca4-6ee9-481b-8039-dcc0a742224e","katraj-vit","6c30c56b-74ce-4c24-a819-98b9ab6387f5","fea32ab3-d832-43d3-a3a0-788e8711526d","VIT College","18.4635","73.8682","Balaji Nagar BRTS","18.4628","73.8577","2026-08-28T11:37:00.000Z","1","0","scooty","true","12","Pickup near the hub","COMPLETED","2026-08-28","75438d83-4467-49d8-bb92-cebd70898438","13:08","16:52","return_from_college","13","4"
"486c7829-8841-4380-a7f0-e36a01eeca68","39147f90-fbda-49de-88ec-5fe656c0d7b4","swargate-vit","570167fe-7324-46a2-9cf4-fbea6048e8be","6c30c56b-74ce-4c24-a819-98b9ab6387f5","City Pride BRTS","18.4845","73.8583","VIT College","18.4635","73.8682","2026-08-28T06:18:00.000Z","1","0","scooty","true","2","Morning campus commute","SCHEDULED","2026-08-28","fe59d164-0d56-4ec9-b014-624f82541098","12:18","16:12","travel_to_college","5","12"
"779af6dc-6f98-41d7-ab09-ee759fac0e2f","ce05a8a6-09ab-4705-92d1-3f61a51fd69d","katraj-vit","6c30c56b-74ce-4c24-a819-98b9ab6387f5","0ad9adea-2c75-4d2a-86ae-34dcc0727788","VIT College","18.4635","73.8682","Shankar Maharaj Math","18.4735","73.8579","2026-08-29T07:14:00.000Z","1","0","bike","false","3","Pickup near the hub","COMPLETED","2026-08-29","7e5f245b-b32d-4914-8d50-990fdfc8a8a6","09:20","12:29","return_from_college","13","6"
"5c8a72b3-0e4a-4109-b60b-3bbd846479c9","be4d340c-e4ae-41d8-a1a2-337d84d2bfc1","swargate-vit","11cd5543-db39-4321-9f12-008b367d2ce1","6c30c56b-74ce-4c24-a819-98b9ab6387f5","Upper Indira Nagar Bus Depot","18.4682","73.8623","VIT College","18.4635","73.8682","2026-08-31T07:20:00.000Z","1","0","scooty","true","27","Pickup near the hub","COMPLETED","2026-08-31","fe755d73-61cb-45ec-a05d-4655f9722586","13:20","16:47","travel_to_college","10","12"
"6c723a3b-9cf7-4c29-acea-b8e91eac6037","d79a63da-78e9-4b42-a5b3-c04b428ae1c7","katraj-vit","6c30c56b-74ce-4c24-a819-98b9ab6387f5","af5c22fe-11db-4392-b90e-85f946c0a37b","VIT College","18.4635","73.8682","KK Market BRTS","18.4683","73.8579","2026-08-31T11:00:00.000Z","3","2","car","false","52","Pickup near the hub","COMPLETED","2026-08-31","32f58ece-76ba-42b7-a5f9-29075a913f19","12:58","16:15","return_from_college","13","5"
"9ea78b52-e13e-41aa-b6e6-c6fb804b9d6a","b0ac27cd-c785-4a92-96f7-125faca0aafd","swargate-vit","0c2d013a-9422-4c89-905f-4ec287ba2251","6c30c56b-74ce-4c24-a819-98b9ab6387f5","Swargate BRTS Stop","18.4982","73.8588","VIT College","18.4635","73.8682","2026-09-01T05:52:00.000Z","1","0","scooty","true","27","","COMPLETED","2026-09-01","bf28d177-052d-48bb-b1f3-e17e5a97496b","11:52","14:59","travel_to_college","2","12"
"c66dd1ed-18b4-4685-afa4-ba930d2ec6ae","7cbb830b-c6bc-4fec-a09b-14b8c825bef8","katraj-vit","6c30c56b-74ce-4c24-a819-98b9ab6387f5","3221d156-13e7-4834-84ce-848f49b87be2","VIT College","18.4635","73.8682","Bibwewadi Bus Stop","18.4792","73.8615","2026-09-02T07:44:00.000Z","1","0","bike","true","19","","CANCELLED","2026-09-02","5597c8f1-7768-4790-be52-29e97a320640","09:44","12:59","return_from_college","13","8"
"4b422e98-d5a6-4579-aa76-42b78890e429","fbd59ae5-86aa-4b7c-b82b-b7c0b9d357a3","swargate-vit","570167fe-7324-46a2-9cf4-fbea6048e8be","6c30c56b-74ce-4c24-a819-98b9ab6387f5","City Pride BRTS","18.4845","73.8583","VIT College","18.4635","73.8682","2026-09-03T04:55:00.000Z","2","0","car","false","80","Morning campus commute","CANCELLED","2026-09-03","38f3445b-0418-4b52-bd19-99918f72ae19","10:55","14:40","travel_to_college","5","12"
"ba00c892-2844-4ab3-879b-9a9dc2b0af3f","51e576cc-ab7a-49bd-ad0b-21fda7d2bda2","katraj-vit","6c30c56b-74ce-4c24-a819-98b9ab6387f5","eb0d92a7-38aa-446a-9f38-091814ea3abd","VIT College","18.4635","73.8682","Chintamani Nagar","18.4651","73.864","2026-09-04T11:14:00.000Z","1","0","scooty","true","18","Morning campus commute","SCHEDULED","2026-09-04","c06f822a-b619-4d42-ba88-1c59f2ae1367","12:55","16:29","return_from_college","13","12"
"3b1db765-fbbb-466f-a731-bc05630e3858","2f12a413-553c-4203-bffb-955e3123875f","swargate-vit","570167fe-7324-46a2-9cf4-fbea6048e8be","6c30c56b-74ce-4c24-a819-98b9ab6387f5","City Pride BRTS","18.4845","73.8583","VIT College","18.4635","73.8682","2026-09-05T05:06:00.000Z","1","1","bike","true","0","Please arrive five minutes early","COMPLETED","2026-09-05","3200224d-650c-4cba-ae85-6864142cb4f0","11:06","14:54","travel_to_college","5","12"
"1b8a5b75-d5a5-49f6-a51f-892105a811d8","666980bd-8e4f-4f8c-8b8f-e0c3b08af505","katraj-vit","6c30c56b-74ce-4c24-a819-98b9ab6387f5","0ad9adea-2c75-4d2a-86ae-34dcc0727788","VIT College","18.4635","73.8682","Shankar Maharaj Math","18.4735","73.8579","2026-09-07T10:06:00.000Z","1","0","bike","true","18","Please arrive five minutes early","COMPLETED","2026-09-07","ab0b6b94-0bac-48b5-b446-b288b849cb79","11:31","15:21","return_from_college","13","6"
"5b9cb057-d1d3-4cf0-ad40-f0f71cabc014","ced6df1d-3ee8-4c76-8610-955b666d02b6","swargate-vit","1bc21bdf-5bcc-4dd4-8140-eac24ae23b69","6c30c56b-74ce-4c24-a819-98b9ab6387f5","Kashinath Patil Nagar Stop","18.4745","73.8631","VIT College","18.4635","73.8682","2026-09-07T05:06:00.000Z","1","1","scooty","true","11","","CANCELLED","2026-09-07","b7ef8779-ff8e-4fd4-a551-05b158303e8e","11:06","14:06","travel_to_college","9","12"
"45ab89bc-1712-4465-8ccc-7655a5de55f9","f599bc96-4841-492f-a111-bec5b3b961ae","katraj-vit","6c30c56b-74ce-4c24-a819-98b9ab6387f5","a80964b4-72f5-43de-ad1a-bdcb9fca796e","VIT College","18.4635","73.8682","Lower Indira Nagar Stop","18.4718","73.8618","2026-09-08T09:13:00.000Z","1","0","bike","true","10","Pickup near the hub","COMPLETED","2026-09-08","e37454c8-f3d2-43de-b94f-65d534c13e4a","11:25","14:28","return_from_college","13","9"
"6db03bbb-4d28-4aa6-ab41-981cd5606957","523365f0-54d7-48ce-b828-50e1b0a2737e","swargate-vit","a80964b4-72f5-43de-ad1a-bdcb9fca796e","6c30c56b-74ce-4c24-a819-98b9ab6387f5","Lower Indira Nagar Stop","18.4718","73.8618","VIT College","18.4635","73.8682","2026-09-10T02:38:00.000Z","3","2","car","false","52","Please arrive five minutes early","COMPLETED","2026-09-10","84b68f86-8187-404b-a18f-5e6e0ec411f7","08:38","11:46","travel_to_college","8","12"
"60ddfbc2-dcb5-4b92-a7c4-51c191b4a376","228adcc3-430e-4eba-ba35-403a9eae4ae6","katraj-vit","6c30c56b-74ce-4c24-a819-98b9ab6387f5","0ad9adea-2c75-4d2a-86ae-34dcc0727788","VIT College","18.4635","73.8682","Shankar Maharaj Math","18.4735","73.8579","2026-09-10T10:44:00.000Z","1","1","bike","false","26","Please arrive five minutes early","COMPLETED","2026-09-10","dca86b8d-035d-46fc-a488-1da72f0ab9be","12:18","15:59","return_from_college","13","6"
"c9a57223-aeb8-4e50-9854-0070f3c536ba","9ef8f4fa-8101-4ff2-80ff-91a966e3bab8","swargate-vit","570167fe-7324-46a2-9cf4-fbea6048e8be","6c30c56b-74ce-4c24-a819-98b9ab6387f5","City Pride BRTS","18.4845","73.8583","VIT College","18.4635","73.8682","2026-09-11T07:02:00.000Z","1","0","scooty","true","24","","CANCELLED","2026-09-11","28379800-1a3b-44b4-8d7b-72e5ed0939f8","13:02","16:10","travel_to_college","5","12"
"9ee59e35-056b-4d71-ac1c-341202fb26ed","7a6f894d-c3ee-4aa4-a5c8-b62bdfa18164","katraj-vit","6c30c56b-74ce-4c24-a819-98b9ab6387f5","ebb92112-ef31-4ebe-a259-4e999c52f0fd","VIT College","18.4635","73.8682","Bharati Vidyapeeth","18.456","73.8574","2026-09-12T07:28:00.000Z","1","1","bike","true","13","","SCHEDULED","2026-09-12","a601e91a-3551-4b2d-aed7-c0936103f38d","09:29","12:43","return_from_college","13","3"
"95e93a87-27ee-4ca0-b3cd-8695eb53eb78","fcfaa482-6492-469b-ba42-8abf44531f61","swargate-vit","1bc21bdf-5bcc-4dd4-8140-eac24ae23b69","6c30c56b-74ce-4c24-a819-98b9ab6387f5","Kashinath Patil Nagar Stop","18.4745","73.8631","VIT College","18.4635","73.8682","2026-09-14T07:52:00.000Z","1","0","scooty","false","3","Morning campus commute","SCHEDULED","2026-09-14","11db124c-2424-43d5-9504-27fef64b7c67","13:52","17:28","travel_to_college","9","12"
"0065da03-c4a0-463b-bbce-a338e78a7abd","2a786db0-f79e-4a08-a45d-7143a56be137","katraj-vit","6c30c56b-74ce-4c24-a819-98b9ab6387f5","86e290a5-7e39-4f7a-805e-a6154d820f01","VIT College","18.4635","73.8682","Market Yard Corner","18.4792","73.8581","2026-09-14T06:34:00.000Z","1","0","scooty","true","16","Morning campus commute","COMPLETED","2026-09-14","947569e5-5875-41bf-b30c-a5ec158f353e","08:22","11:49","return_from_college","13","7"
"f2388f06-651a-4bbc-844e-a18f213c7c17","20b672de-a2b7-4ee4-8a1e-2dd98d7a3278","swargate-vit","11cd5543-db39-4321-9f12-008b367d2ce1","6c30c56b-74ce-4c24-a819-98b9ab6387f5","Upper Indira Nagar Bus Depot","18.4682","73.8623","VIT College","18.4635","73.8682","2026-09-15T03:17:00.000Z","4","2","car","false","30","","COMPLETED","2026-09-15","d8dfd528-96cb-4c36-97c6-41d1e7fa8360","09:17","13:01","travel_to_college","10","12"
"9ccd89c5-9b93-4a5e-94b7-69b12d8c1962","1386d7bb-79eb-4e36-b78d-7ac74357b589","katraj-vit","6c30c56b-74ce-4c24-a819-98b9ab6387f5","fea32ab3-d832-43d3-a3a0-788e8711526d","VIT College","18.4635","73.8682","Balaji Nagar BRTS","18.4628","73.8577","2026-09-16T09:08:00.000Z","1","0","scooty","true","26","","COMPLETED","2026-09-16","2e21e833-07dc-4952-bb86-f82964298f62","10:59","14:23","return_from_college","13","4"
"80f4cb7d-0003-407e-aa9f-5d4d85dac997","db21b52b-86e1-49c0-82fe-f5d33db4323f","swargate-vit","570167fe-7324-46a2-9cf4-fbea6048e8be","6c30c56b-74ce-4c24-a819-98b9ab6387f5","City Pride BRTS","18.4845","73.8583","VIT College","18.4635","73.8682","2026-09-18T02:14:00.000Z","1","0","bike","true","5","","COMPLETED","2026-09-18","0c83311a-c3f3-4ffa-aa5a-46edfaa6c7b8","08:14","11:56","travel_to_college","5","12"
"79b43ff4-87f4-4ace-8679-16b42cb33ad5","f0c7e0ed-5ec8-43e2-aabe-d0c93c5234e3","katraj-vit","6c30c56b-74ce-4c24-a819-98b9ab6387f5","fea32ab3-d832-43d3-a3a0-788e8711526d","VIT College","18.4635","73.8682","Balaji Nagar BRTS","18.4628","73.8577","2026-09-18T06:46:00.000Z","1","0","scooty","true","13","Pickup near the hub","COMPLETED","2026-09-18","5e25085a-f456-4444-91a1-02e2dbe3a966","08:13","12:01","return_from_college","13","4"
"6f535cbb-80e2-4968-bcd9-f7016b177cae","f0be6e7d-be56-4dae-a215-ca68d901c731","swargate-vit","570167fe-7324-46a2-9cf4-fbea6048e8be","6c30c56b-74ce-4c24-a819-98b9ab6387f5","City Pride BRTS","18.4845","73.8583","VIT College","18.4635","73.8682","2026-09-19T05:09:00.000Z","1","0","bike","true","17","","COMPLETED","2026-09-19","08a86d35-1557-407e-b74e-0e310149b107","11:09","14:34","travel_to_college","5","12"
"23626a72-9385-46f6-a839-c14d118dd91b","be4ef771-c8b1-4464-b4f7-41e3ea277c87","katraj-vit","6c30c56b-74ce-4c24-a819-98b9ab6387f5","1bc21bdf-5bcc-4dd4-8140-eac24ae23b69","VIT College","18.4635","73.8682","Kashinath Patil Nagar Stop","18.4745","73.8631","2026-09-21T11:05:00.000Z","3","1","car","false","75","Please arrive five minutes early","SCHEDULED","2026-09-21","d31059c1-dd1f-4167-bdd4-07ba9eddd44d","13:16","16:20","return_from_college","13","10"
"ba7bfc1b-25ba-4a42-a0a3-a144d7ec29ae","2c463203-2185-4bb6-ac9c-dbf4b358d3f9","swargate-vit","596f6d76-b8c5-4cf2-9058-1a1a334d424d","6c30c56b-74ce-4c24-a819-98b9ab6387f5","Panchami BRTS","18.4902","73.8586","VIT College","18.4635","73.8682","2026-09-22T06:25:00.000Z","1","0","bike","false","21","Morning campus commute","SCHEDULED","2026-09-22","81375fa9-09ef-4549-a612-a28862e2454a","12:25","16:02","travel_to_college","4","12"
"f7c3edde-8d74-4490-afc2-6830ce3be3e9","e0a60ad9-cc73-4c06-a3f4-008b5f55a00b","katraj-vit","6c30c56b-74ce-4c24-a819-98b9ab6387f5","876d2e4d-fad4-4ee2-916c-e5ad147030cf","VIT College","18.4635","73.8682","Katraj Dairy BRTS","18.4508","73.8569","2026-09-22T09:26:00.000Z","1","0","bike","false","24","Pickup near the hub","SCHEDULED","2026-09-22","5a57e4a2-ad4e-40c3-930d-a4f5b779bb61","10:55","14:41","return_from_college","13","2"
"383334eb-8e6f-45e0-a74f-f27d7923a853","bf4c6c59-6b96-40c9-9575-8528b27b985c","swargate-vit","11cd5543-db39-4321-9f12-008b367d2ce1","6c30c56b-74ce-4c24-a819-98b9ab6387f5","Upper Indira Nagar Bus Depot","18.4682","73.8623","VIT College","18.4635","73.8682","2026-09-23T05:58:00.000Z","1","0","scooty","true","21","Pickup near the hub","SCHEDULED","2026-09-23","57c9069d-aa65-42f2-ba51-d6c53ba52b02","11:58","15:00","travel_to_college","10","12"
"f7b6f59b-ebce-4ea1-a91a-c0ed82b55535","a1ef1ce8-9cb0-499a-bca0-636d395b8e27","katraj-vit","6c30c56b-74ce-4c24-a819-98b9ab6387f5","ebb92112-ef31-4ebe-a259-4e999c52f0fd","VIT College","18.4635","73.8682","Bharati Vidyapeeth","18.456","73.8574","2026-09-24T12:14:00.000Z","2","0","car","false","30","Please arrive five minutes early","SCHEDULED","2026-09-24","ff3a447e-4b9e-4caa-8096-39e82668c6f3","13:42","17:29","return_from_college","13","3"
"77248a4c-1d18-46aa-bda2-50badfa9a128","39d3794d-33e3-4ffe-b495-fbaa9d28a26b","swargate-vit","eb0d92a7-38aa-446a-9f38-091814ea3abd","6c30c56b-74ce-4c24-a819-98b9ab6387f5","Chintamani Nagar","18.4651","73.864","VIT College","18.4635","73.8682","2026-09-26T06:39:00.000Z","1","1","scooty","true","16","Morning campus commute","SCHEDULED","2026-09-26","b3cccb1f-bdbd-4912-b9b5-25ecaf8ef805","12:39","16:00","travel_to_college","11","12"
"0e23714a-8fc8-4516-913a-d61ce96d2f6c","6afa4784-41a5-471b-8dbf-dcd4ef8d1af1","katraj-vit","6c30c56b-74ce-4c24-a819-98b9ab6387f5","ebb92112-ef31-4ebe-a259-4e999c52f0fd","VIT College","18.4635","73.8682","Bharati Vidyapeeth","18.456","73.8574","2026-09-26T07:30:00.000Z","1","0","bike","false","24","","SCHEDULED","2026-09-26","e6038525-10ea-4e21-b7aa-ebe270be50cb","09:37","12:45","return_from_college","13","3"
"659bb4cc-28f2-40ec-9aa2-12bca3d2f4c6","9907b9e1-2eaf-4019-b6c3-d17953880b08","swargate-vit","11cd5543-db39-4321-9f12-008b367d2ce1","6c30c56b-74ce-4c24-a819-98b9ab6387f5","Upper Indira Nagar Bus Depot","18.4682","73.8623","VIT College","18.4635","73.8682","2026-09-29T05:41:00.000Z","1","0","bike","true","16","","SCHEDULED","2026-09-29","d4ca4a77-78c8-4353-8c9e-2cd3c78ecd9b","11:41","14:45","travel_to_college","10","12"
"a040ab92-a6d6-4fa4-8342-cb29cac3e2b3","50b52ef7-937a-4ad7-a6ea-5df63741b351","katraj-vit","6c30c56b-74ce-4c24-a819-98b9ab6387f5","86597dc2-00ef-475a-8a9a-daf0323897ca","VIT College","18.4635","73.8682","Katraj Terminal","18.4471","73.8562","2026-09-28T11:28:00.000Z","4","4","car","false","64","Morning campus commute","SCHEDULED","2026-09-28","1558d4b7-91a4-407e-b416-5fdf65a96134","13:25","16:43","return_from_college","13","1"
"797003c1-bbcb-4d03-8990-1644062bd768","aa992245-dc20-4688-8711-279522417636","swargate-vit","570167fe-7324-46a2-9cf4-fbea6048e8be","6c30c56b-74ce-4c24-a819-98b9ab6387f5","City Pride BRTS","18.4845","73.8583","VIT College","18.4635","73.8682","2026-09-29T05:31:00.000Z","1","1","bike","true","12","Please arrive five minutes early","SCHEDULED","2026-09-29","e5d99e38-992e-4fc8-b0f3-e5129e9b3a2b","11:31","15:18","travel_to_college","5","12"
"efbb5164-3247-4ace-bf91-60acbfeffdd1","b5e29269-7643-45b9-ac7a-a2ccd2b93983","katraj-vit","6c30c56b-74ce-4c24-a819-98b9ab6387f5","876d2e4d-fad4-4ee2-916c-e5ad147030cf","VIT College","18.4635","73.8682","Katraj Dairy BRTS","18.4508","73.8569","2026-10-01T11:01:00.000Z","4","4","car","false","50","Pickup near the hub","SCHEDULED","2026-10-01","680b2f6b-ccf9-42c7-8f3b-646a2b6f723f","12:19","16:16","return_from_college","13","2"
"26051dbe-7196-4480-9f96-304a9a97e6a6","5bed2f04-01f9-4e95-995a-1a0c306ae9c3","swargate-vit","1bc21bdf-5bcc-4dd4-8140-eac24ae23b69","6c30c56b-74ce-4c24-a819-98b9ab6387f5","Kashinath Patil Nagar Stop","18.4745","73.8631","VIT College","18.4635","73.8682","2026-10-02T04:25:00.000Z","3","2","car","false","63","Please arrive five minutes early","SCHEDULED","2026-10-02","9d8e93c0-93f5-47e8-b1af-3a68670ce346","10:25","13:44","travel_to_college","9","12"
"9b0536cc-3796-4542-a244-927ad576e6cb","d96dc164-dffd-4bcb-bc7b-ca59b2d88379","katraj-vit","6c30c56b-74ce-4c24-a819-98b9ab6387f5","11cd5543-db39-4321-9f12-008b367d2ce1","VIT College","18.4635","73.8682","Upper Indira Nagar Bus Depot","18.4682","73.8623","2026-10-02T08:51:00.000Z","1","1","bike","true","10","Morning campus commute","SCHEDULED","2026-10-02","f75a1c90-d672-419e-86dc-ae8d22196bdc","10:44","14:06","return_from_college","13","11"
"b8e91512-a362-4886-a19a-d3890cbb5545","ef881127-bf53-4e44-ac88-4d08e32ca7a0","swargate-vit","86e290a5-7e39-4f7a-805e-a6154d820f01","6c30c56b-74ce-4c24-a819-98b9ab6387f5","Market Yard Corner","18.4792","73.8581","VIT College","18.4635","73.8682","2026-10-05T02:11:00.000Z","2","2","car","false","61","Please arrive five minutes early","SCHEDULED","2026-10-05","026cc72f-4c3e-4fd6-a81b-7643b80ea9e6","08:11","11:52","travel_to_college","6","12"
"84e3ef14-da9e-426d-9e7d-2c0ac184c535","694401c9-b4fa-4309-b22d-16609d61782c","katraj-vit","6c30c56b-74ce-4c24-a819-98b9ab6387f5","0ad9adea-2c75-4d2a-86ae-34dcc0727788","VIT College","18.4635","73.8682","Shankar Maharaj Math","18.4735","73.8579","2026-10-05T11:52:00.000Z","1","0","scooty","false","17","Please arrive five minutes early","SCHEDULED","2026-10-05","a366f038-3afa-4646-9b2e-e7e6bb9d33b1","13:30","17:07","return_from_college","13","6"
"0b5519b2-104f-4bca-b458-64f4400b8d97","23cdcd88-f49b-408a-af81-20c714c4290b","swargate-vit","19cfadd2-1ff7-4a2f-b5e3-eeb73f44cc28","6c30c56b-74ce-4c24-a819-98b9ab6387f5","Swargate PMPML Main Bus Stand","18.4991","73.8583","VIT College","18.4635","73.8682","2026-10-05T03:24:00.000Z","1","1","scooty","true","27","Morning campus commute","SCHEDULED","2026-10-05","c6ca508d-055b-48ce-b62f-4a3cc63228ca","09:24","12:54","travel_to_college","1","12"
"8032cd99-e12f-4ec2-9569-017e1ae509a9","3a674059-212e-43b5-bfeb-fc6ed59e20f7","katraj-vit","6c30c56b-74ce-4c24-a819-98b9ab6387f5","3221d156-13e7-4834-84ce-848f49b87be2","VIT College","18.4635","73.8682","Bibwewadi Bus Stop","18.4792","73.8615","2026-10-06T10:03:00.000Z","1","0","scooty","true","25","","SCHEDULED","2026-10-06","bce171d9-05a0-41cb-9491-1faaf47ed6ba","11:46","15:18","return_from_college","13","8"
"56b7d79f-522f-4f5a-8729-1e0fc9091cab","0d570a75-885b-4a1d-a33c-3705d1a1e89a","swargate-vit","0c2d013a-9422-4c89-905f-4ec287ba2251","6c30c56b-74ce-4c24-a819-98b9ab6387f5","Swargate BRTS Stop","18.4982","73.8588","VIT College","18.4635","73.8682","2026-10-08T05:19:00.000Z","1","0","bike","true","25","","SCHEDULED","2026-10-08","00485b30-a460-4de7-8488-4d439bc52267","11:19","14:37","travel_to_college","2","12"
"f15d4dc8-30c1-4d57-b9f7-d956cd6d67cb","b351304c-33e4-4dfa-bbfe-0e46f5cda915","katraj-vit","6c30c56b-74ce-4c24-a819-98b9ab6387f5","fea32ab3-d832-43d3-a3a0-788e8711526d","VIT College","18.4635","73.8682","Balaji Nagar BRTS","18.4628","73.8577","2026-10-10T11:21:00.000Z","2","2","car","false","47","Pickup near the hub","SCHEDULED","2026-10-10","875ca728-3884-4ef6-9eff-1ca4fefda195","12:41","16:36","return_from_college","13","4"
"61821a7c-59ee-49c4-9f97-33222e7a3e05","6871daa5-011a-4255-a4bd-29f490afb889","swargate-vit","1bc21bdf-5bcc-4dd4-8140-eac24ae23b69","6c30c56b-74ce-4c24-a819-98b9ab6387f5","Kashinath Patil Nagar Stop","18.4745","73.8631","VIT College","18.4635","73.8682","2026-10-10T04:40:00.000Z","1","0","bike","true","28","Morning campus commute","SCHEDULED","2026-10-10","0192f3a7-3224-428c-9315-afe64ef0d856","10:40","14:28","travel_to_college","9","12"
"56c03a0f-fed6-4ca7-82c5-f3d96fb219b8","b2a75502-d4ef-429e-8b73-61e440e0983f","katraj-vit","6c30c56b-74ce-4c24-a819-98b9ab6387f5","86597dc2-00ef-475a-8a9a-daf0323897ca","VIT College","18.4635","73.8682","Katraj Terminal","18.4471","73.8562","2026-10-10T06:34:00.000Z","4","3","car","false","28","Morning campus commute","SCHEDULED","2026-10-10","4ebfa433-dc6a-43fe-8c00-2a3c233ca7bc","08:05","11:49","return_from_college","13","1"
"ae5704d3-79c1-48bf-b46d-1a276feed183","0da0c5dd-c04a-461b-bdd7-3d9daceaa0ff","swargate-vit","19cfadd2-1ff7-4a2f-b5e3-eeb73f44cc28","6c30c56b-74ce-4c24-a819-98b9ab6387f5","Swargate PMPML Main Bus Stand","18.4991","73.8583","VIT College","18.4635","73.8682","2026-10-12T03:04:00.000Z","1","0","scooty","true","25","Morning campus commute","SCHEDULED","2026-10-12","993c0133-7aa3-40bf-8ab3-d412c9db7632","09:04","12:52","travel_to_college","1","12"
"9b4e14f4-6393-478e-9967-9ba1024e5111","8fe8486d-63f9-47dc-b19e-cee4aa0ac9c0","katraj-vit","6c30c56b-74ce-4c24-a819-98b9ab6387f5","876d2e4d-fad4-4ee2-916c-e5ad147030cf","VIT College","18.4635","73.8682","Katraj Dairy BRTS","18.4508","73.8569","2026-10-14T10:45:00.000Z","1","1","scooty","true","26","Morning campus commute","SCHEDULED","2026-10-14","f8dabfa2-ea3e-4455-a4d1-bcc07b0a31a6","12:10","16:00","return_from_college","13","2"
"9ee17578-577a-4d17-91ea-a1862a7bb957","e49978a2-3a3c-40a9-aa44-f434bfa66b81","swargate-vit","eb0d92a7-38aa-446a-9f38-091814ea3abd","6c30c56b-74ce-4c24-a819-98b9ab6387f5","Chintamani Nagar","18.4651","73.864","VIT College","18.4635","73.8682","2026-10-14T07:17:00.000Z","2","2","car","false","53","","SCHEDULED","2026-10-14","53cb90e3-8f5a-4d2c-9928-d58b5b78af4f","13:17","16:50","travel_to_college","11","12"
"cc7a7726-535c-4056-bf4a-94ef2b88d03d","91bce675-58bc-4bd2-b962-52dc6f401671","katraj-vit","6c30c56b-74ce-4c24-a819-98b9ab6387f5","ebb92112-ef31-4ebe-a259-4e999c52f0fd","VIT College","18.4635","73.8682","Bharati Vidyapeeth","18.456","73.8574","2026-10-15T12:13:00.000Z","1","0","scooty","true","16","","SCHEDULED","2026-10-15","a1c9f0c5-8832-40b6-a3f9-1cc139c51b76","13:48","17:28","return_from_college","13","3"
"72bf91fc-d001-4a56-82a4-d1eb501ba250","f69ef11d-7551-4545-967a-f045a72ebb93","swargate-vit","19cfadd2-1ff7-4a2f-b5e3-eeb73f44cc28","6c30c56b-74ce-4c24-a819-98b9ab6387f5","Swargate PMPML Main Bus Stand","18.4991","73.8583","VIT College","18.4635","73.8682","2026-10-15T03:15:00.000Z","4","3","car","false","30","Pickup near the hub","SCHEDULED","2026-10-15","1a4b9a3b-ebd4-4af4-9fa2-2d71d373972e","09:15","12:44","travel_to_college","1","12"
"b57bb7d4-6e87-4871-8a6a-4e0c24c47d5e","72cddc2e-6ec2-4e48-aa1a-fc6654d24fab","katraj-vit","6c30c56b-74ce-4c24-a819-98b9ab6387f5","11cd5543-db39-4321-9f12-008b367d2ce1","VIT College","18.4635","73.8682","Upper Indira Nagar Bus Depot","18.4682","73.8623","2026-10-16T06:16:00.000Z","4","4","car","false","69","Please arrive five minutes early","SCHEDULED","2026-10-16","bdca2a5f-fd77-4f12-bb1a-b4714ccf5e13","08:28","11:31","return_from_college","13","11"
"de3d37bf-00e4-47d1-a5dc-f06a4ad52cc9","b3d23434-7107-4dee-ad1b-eebdb7958392","swargate-vit","1bc21bdf-5bcc-4dd4-8140-eac24ae23b69","6c30c56b-74ce-4c24-a819-98b9ab6387f5","Kashinath Patil Nagar Stop","18.4745","73.8631","VIT College","18.4635","73.8682","2026-10-17T05:20:00.000Z","1","0","scooty","true","10","Morning campus commute","SCHEDULED","2026-10-17","d66c4bec-51c1-4cf5-8c82-37bbb9237be8","11:20","14:25","travel_to_college","9","12"
"f411ea9b-73d0-472c-95c5-b62213b7b36a","8dcbd23c-4a1c-425e-b9e1-56d690d064a1","katraj-vit","6c30c56b-74ce-4c24-a819-98b9ab6387f5","3221d156-13e7-4834-84ce-848f49b87be2","VIT College","18.4635","73.8682","Bibwewadi Bus Stop","18.4792","73.8615","2026-10-20T08:45:00.000Z","1","0","scooty","true","4","Please arrive five minutes early","SCHEDULED","2026-10-20","21bf2e5f-833b-4f4f-affe-b66250b1f74f","10:45","14:00","return_from_college","13","8"
"b8d59a45-5514-4c99-8110-80bd75766604","e448284e-7dcf-4d42-b0eb-1d902bcd1366","swargate-vit","596f6d76-b8c5-4cf2-9058-1a1a334d424d","6c30c56b-74ce-4c24-a819-98b9ab6387f5","Panchami BRTS","18.4902","73.8586","VIT College","18.4635","73.8682","2026-10-19T03:45:00.000Z","4","4","car","false","57","Pickup near the hub","SCHEDULED","2026-10-19","38569704-c69d-4200-a6f4-ab6dd8076788","09:45","13:19","travel_to_college","4","12"
"aeda5618-e936-41db-9c78-baceabe60e7c","e338d25f-f71d-4949-82c9-72ff79bd50e0","katraj-vit","6c30c56b-74ce-4c24-a819-98b9ab6387f5","11cd5543-db39-4321-9f12-008b367d2ce1","VIT College","18.4635","73.8682","Upper Indira Nagar Bus Depot","18.4682","73.8623","2026-10-20T08:33:00.000Z","1","0","bike","true","3","Pickup near the hub","SCHEDULED","2026-10-20","dc32cd69-7341-49f9-9eb1-e7e921b0e568","10:38","13:48","return_from_college","13","11"
"94cdd2bb-0863-4cd7-88f6-01b233e9a98e","edb3c65f-3d50-40e9-9a77-b8be3c596e3d","swargate-vit","a80964b4-72f5-43de-ad1a-bdcb9fca796e","6c30c56b-74ce-4c24-a819-98b9ab6387f5","Lower Indira Nagar Stop","18.4718","73.8618","VIT College","18.4635","73.8682","2026-10-21T05:07:00.000Z","1","0","bike","false","22","Morning campus commute","SCHEDULED","2026-10-21","1cec0d39-f620-44a4-8842-26b6193e5502","11:07","14:57","travel_to_college","8","12"
"7c208ee0-ee1a-43cd-8991-2b2d1517daa1","76b965ae-22a7-4a52-a8af-e41b3fbabb12","katraj-vit","6c30c56b-74ce-4c24-a819-98b9ab6387f5","3221d156-13e7-4834-84ce-848f49b87be2","VIT College","18.4635","73.8682","Bibwewadi Bus Stop","18.4792","73.8615","2026-10-22T12:32:00.000Z","1","1","bike","true","8","Morning campus commute","SCHEDULED","2026-10-22","fc4885f9-b2b9-4ff0-87eb-f75cd068bb01","13:51","17:47","return_from_college","13","8"
"9e62d7b8-e849-4ca3-a5d9-64e5775dbaee","26dcafa5-e28f-4c96-bd7f-75ca1113e108","swargate-vit","3221d156-13e7-4834-84ce-848f49b87be2","6c30c56b-74ce-4c24-a819-98b9ab6387f5","Bibwewadi Bus Stop","18.4792","73.8615","VIT College","18.4635","73.8682","2026-10-23T05:52:00.000Z","1","0","bike","true","8","Morning campus commute","SCHEDULED","2026-10-23","b036fc87-4dc9-459d-84b7-b3a5aa6be8ca","11:52","15:50","travel_to_college","7","12"
"b5eb8212-e82e-482e-ad38-6ab2bbb79976","24d2a11e-ee6c-4f5b-80ff-7fb9eb39ac32","katraj-vit","6c30c56b-74ce-4c24-a819-98b9ab6387f5","11cd5543-db39-4321-9f12-008b367d2ce1","VIT College","18.4635","73.8682","Upper Indira Nagar Bus Depot","18.4682","73.8623","2026-10-24T10:59:00.000Z","2","1","car","false","65","Pickup near the hub","SCHEDULED","2026-10-24","381c7037-6393-42f8-ac95-390b5327ac61","12:18","16:14","return_from_college","13","11"
"468c8426-089c-4852-8bb4-b6e8e1d9b359","d4ebe4da-1cf5-41e9-a052-ad2e992e76f1","swargate-vit","1bc21bdf-5bcc-4dd4-8140-eac24ae23b69","6c30c56b-74ce-4c24-a819-98b9ab6387f5","Kashinath Patil Nagar Stop","18.4745","73.8631","VIT College","18.4635","73.8682","2026-10-27T04:55:00.000Z","1","0","scooty","true","16","Please arrive five minutes early","SCHEDULED","2026-10-27","1eec7a29-20e7-4d69-af89-5f316d727262","10:55","14:05","travel_to_college","9","12"
"763a762e-7137-41f7-965b-987915935713","10da92ee-210d-4710-88f2-423a285dd142","katraj-vit","6c30c56b-74ce-4c24-a819-98b9ab6387f5","eb0d92a7-38aa-446a-9f38-091814ea3abd","VIT College","18.4635","73.8682","Chintamani Nagar","18.4651","73.864","2026-10-26T09:46:00.000Z","3","1","car","false","42","Pickup near the hub","SCHEDULED","2026-10-26","351fe86a-b07d-4ca7-bb65-dbce46ffb06a","11:16","15:01","return_from_college","13","12"
"3f85d0fe-d505-450d-8f11-ecd7bded9f18","fd00b702-8bbe-4108-ab3e-1e21ba029f40","swargate-vit","0c2d013a-9422-4c89-905f-4ec287ba2251","6c30c56b-74ce-4c24-a819-98b9ab6387f5","Swargate BRTS Stop","18.4982","73.8588","VIT College","18.4635","73.8682","2026-10-27T05:02:00.000Z","1","0","scooty","true","11","Pickup near the hub","SCHEDULED","2026-10-27","ea6beed6-8072-4c23-8f27-4ce03fe7c253","11:02","14:06","travel_to_college","2","12"
"18534323-4c1a-42b5-a4dc-3c856f3ec8fb","36032724-576b-47c8-a7f3-a44c9abca1ae","katraj-vit","6c30c56b-74ce-4c24-a819-98b9ab6387f5","0ad9adea-2c75-4d2a-86ae-34dcc0727788","VIT College","18.4635","73.8682","Shankar Maharaj Math","18.4735","73.8579","2026-10-28T09:15:00.000Z","4","3","car","false","73","Please arrive five minutes early","SCHEDULED","2026-10-28","b80a73ca-25bb-4ff2-8f59-e1a7c70ae988","11:26","14:30","return_from_college","13","6"
"3c834951-4aec-45a4-8748-bd87d62f01f9","47fb716c-faad-411e-a3e5-d13e542643c1","swargate-vit","596f6d76-b8c5-4cf2-9058-1a1a334d424d","6c30c56b-74ce-4c24-a819-98b9ab6387f5","Panchami BRTS","18.4902","73.8586","VIT College","18.4635","73.8682","2026-10-29T06:57:00.000Z","2","1","car","false","62","Morning campus commute","SCHEDULED","2026-10-29","9f22db43-cbb4-4b04-87be-7f29b7d53501","12:57","16:30","travel_to_college","4","12"
"e95fdd7d-c8c4-4511-847f-3c16f8ef073a","5ac71c5e-4117-49f2-9551-e2487ee014ca","katraj-vit","6c30c56b-74ce-4c24-a819-98b9ab6387f5","ebb92112-ef31-4ebe-a259-4e999c52f0fd","VIT College","18.4635","73.8682","Bharati Vidyapeeth","18.456","73.8574","2026-10-30T09:46:00.000Z","1","0","scooty","true","4","Pickup near the hub","SCHEDULED","2026-10-30","180e5dc7-073d-4da9-9ce9-dfc0b4661a2d","11:57","15:01","return_from_college","13","3"
"96d05428-1969-43da-b74a-ede422582c45","37b52895-1597-4763-836c-78a8301f11b4","swargate-vit","eb0d92a7-38aa-446a-9f38-091814ea3abd","6c30c56b-74ce-4c24-a819-98b9ab6387f5","Chintamani Nagar","18.4651","73.864","VIT College","18.4635","73.8682","2026-10-31T05:17:00.000Z","2","2","car","false","21","Morning campus commute","SCHEDULED","2026-10-31","1b63b069-ddd1-418c-8ad8-7b48a6b6f8dc","11:17","14:51","travel_to_college","11","12"
"fb4759b7-dc26-4c49-ba24-4223ea1311a3","d731dccd-0e69-472d-8310-13e8f5708fe5","katraj-vit","6c30c56b-74ce-4c24-a819-98b9ab6387f5","eb0d92a7-38aa-446a-9f38-091814ea3abd","VIT College","18.4635","73.8682","Chintamani Nagar","18.4651","73.864","2026-11-02T11:38:00.000Z","1","0","scooty","true","19","Pickup near the hub","SCHEDULED","2026-11-02","2c4f0d02-1ba1-43db-87f8-d8e22ea7ba45","13:17","16:53","return_from_college","13","12"
"024a0e49-d344-43eb-bb9a-842b30d830b2","420b1194-1446-4c01-a90b-9ad6313738f8","swargate-vit","a80964b4-72f5-43de-ad1a-bdcb9fca796e","6c30c56b-74ce-4c24-a819-98b9ab6387f5","Lower Indira Nagar Stop","18.4718","73.8618","VIT College","18.4635","73.8682","2026-11-02T03:26:00.000Z","1","0","bike","true","17","Please arrive five minutes early","SCHEDULED","2026-11-02","51dfcbaf-ed86-420e-bb58-d2b477397fe9","09:26","12:28","travel_to_college","8","12"
"9406b3b7-8f8c-46b1-8a1d-31da7b01ed0f","b4c86de6-995d-4335-a3bb-265de522aecf","katraj-vit","6c30c56b-74ce-4c24-a819-98b9ab6387f5","3221d156-13e7-4834-84ce-848f49b87be2","VIT College","18.4635","73.8682","Bibwewadi Bus Stop","18.4792","73.8615","2026-11-04T08:59:00.000Z","3","2","car","false","63","Pickup near the hub","SCHEDULED","2026-11-04","01564618-a386-4854-937e-b87e6c3bf592","11:11","14:14","return_from_college","13","8"
"84be5a55-e829-48c8-ab27-ca6cdff57bb7","d52bd72b-f975-4a9d-a394-ead49b80912b","swargate-vit","3221d156-13e7-4834-84ce-848f49b87be2","6c30c56b-74ce-4c24-a819-98b9ab6387f5","Bibwewadi Bus Stop","18.4792","73.8615","VIT College","18.4635","73.8682","2026-11-04T06:57:00.000Z","1","0","bike","true","11","Pickup near the hub","SCHEDULED","2026-11-04","ad2b33a0-65ba-4846-82ef-6f770ac09296","12:57","16:29","travel_to_college","7","12"
"dd8a93a1-6a2b-4e4a-8bad-33c62546942a","4c3a0823-a2f6-449e-a285-51b92ef1ef89","katraj-vit","6c30c56b-74ce-4c24-a819-98b9ab6387f5","11cd5543-db39-4321-9f12-008b367d2ce1","VIT College","18.4635","73.8682","Upper Indira Nagar Bus Depot","18.4682","73.8623","2026-11-05T11:33:00.000Z","4","2","car","false","25","","SCHEDULED","2026-11-05","7558e58c-96a8-4c02-9c00-3bba52fb0123","13:13","16:48","return_from_college","13","11"
"a67ab61c-bb46-417e-9943-dabd0408943b","2bf63d4b-4be8-4a3d-b079-2a7b714b0da3","swargate-vit","19cfadd2-1ff7-4a2f-b5e3-eeb73f44cc28","6c30c56b-74ce-4c24-a819-98b9ab6387f5","Swargate PMPML Main Bus Stand","18.4991","73.8583","VIT College","18.4635","73.8682","2026-08-08T05:10:00.000Z","4","3","car","false","54","Please arrive five minutes early","COMPLETED","2026-08-08","cdd1718c-2e5d-4b99-b8f3-991ff615a96e","11:10","15:10","travel_to_college","1","12"
"8a209adb-8837-4493-aae6-9a4974952f22","5adcb3aa-a473-41ba-8a29-2fa570db158b","katraj-vit","6c30c56b-74ce-4c24-a819-98b9ab6387f5","86597dc2-00ef-475a-8a9a-daf0323897ca","VIT College","18.4635","73.8682","Katraj Terminal","18.4471","73.8562","2026-08-10T09:25:00.000Z","3","1","car","false","50","","COMPLETED","2026-08-10","bf967830-3f17-463d-8a98-a38c4503b97e","11:21","14:40","return_from_college","13","1"
"3b08269e-3c34-4c2b-83dd-f90ea857bc90","0c95fe70-a0ca-4d73-8f55-0b0e62001fb9","swargate-vit","596f6d76-b8c5-4cf2-9058-1a1a334d424d","6c30c56b-74ce-4c24-a819-98b9ab6387f5","Panchami BRTS","18.4902","73.8586","VIT College","18.4635","73.8682","2026-08-10T04:49:00.000Z","2","1","car","false","32","","CANCELLED","2026-08-10","39f6a109-21ec-41fa-a0ab-25ba5fcb2428","10:49","14:35","travel_to_college","4","12"
"f95b602c-ebc1-4afa-93cb-c23b4f87d0c4","542484e9-c9f4-48df-8789-a3dffda2107d","katraj-vit","6c30c56b-74ce-4c24-a819-98b9ab6387f5","1bc21bdf-5bcc-4dd4-8140-eac24ae23b69","VIT College","18.4635","73.8682","Kashinath Patil Nagar Stop","18.4745","73.8631","2026-08-11T10:11:00.000Z","3","2","car","false","30","Please arrive five minutes early","SCHEDULED","2026-08-11","ad6d4e94-fa33-4e0e-9347-d23e324cb03c","11:46","15:26","return_from_college","13","10"
"f78ce3e9-cfc3-4da4-856f-bd789a920ba8","c9ab0de5-362b-43a7-9367-b620469096dd","swargate-vit","86e290a5-7e39-4f7a-805e-a6154d820f01","6c30c56b-74ce-4c24-a819-98b9ab6387f5","Market Yard Corner","18.4792","73.8581","VIT College","18.4635","73.8682","2026-08-12T07:43:00.000Z","1","1","bike","true","15","Morning campus commute","SCHEDULED","2026-08-12","31167f0b-7a7a-46b9-8589-211a12aee37c","13:43","17:07","travel_to_college","6","12"
"f3c80668-b5bc-4b28-8409-aa52172c2319","2611b03a-dd3f-4f47-9599-e17430f77e92","katraj-vit","6c30c56b-74ce-4c24-a819-98b9ab6387f5","11cd5543-db39-4321-9f12-008b367d2ce1","VIT College","18.4635","73.8682","Upper Indira Nagar Bus Depot","18.4682","73.8623","2026-08-13T06:45:00.000Z","1","0","scooty","true","20","Pickup near the hub","COMPLETED","2026-08-13","f37b8fbd-27f8-4780-a25f-09ee9f8d313b","08:03","12:00","return_from_college","13","11"
"6a1e5e22-9695-41fc-a0b5-73377192b276","6d4eadbe-2e7e-4907-9dac-2e7ca825fe4f","swargate-vit","596f6d76-b8c5-4cf2-9058-1a1a334d424d","6c30c56b-74ce-4c24-a819-98b9ab6387f5","Panchami BRTS","18.4902","73.8586","VIT College","18.4635","73.8682","2026-08-14T06:00:00.000Z","1","0","bike","true","11","Please arrive five minutes early","SCHEDULED","2026-08-14","9b501f53-83bf-401b-a4c6-b734b8331894","12:00","15:33","travel_to_college","4","12"
"47daf1e2-49a7-4733-bda8-1503d592742f","f24e7e05-582d-47da-aa31-e435fb66bfa2","katraj-vit","6c30c56b-74ce-4c24-a819-98b9ab6387f5","af5c22fe-11db-4392-b90e-85f946c0a37b","VIT College","18.4635","73.8682","KK Market BRTS","18.4683","73.8579","2026-08-15T09:16:00.000Z","1","0","bike","true","20","Please arrive five minutes early","CANCELLED","2026-08-15","af411e9d-ea52-4208-94d0-afba9b9e800f","10:31","14:31","return_from_college","13","5"
"11a65f74-bb06-4b9e-b312-7fa0c89dd3f6","3e9526f5-f65f-4da1-a2b1-553ce23973f7","swargate-vit","0095597e-ebd1-4f83-a6c0-a8e94be6a92b","6c30c56b-74ce-4c24-a819-98b9ab6387f5","Laxmi Narayan Theatre","18.4965","73.8584","VIT College","18.4635","73.8682","2026-08-17T03:57:00.000Z","1","0","scooty","true","2","Morning campus commute","CANCELLED","2026-08-17","6d822487-a703-4644-be90-79698ae152bf","09:57","13:16","travel_to_college","3","12"
"899f027c-f213-466b-8a98-1687b4746bca","e1692737-3062-4352-86d9-10ad597efff1","katraj-vit","6c30c56b-74ce-4c24-a819-98b9ab6387f5","86597dc2-00ef-475a-8a9a-daf0323897ca","VIT College","18.4635","73.8682","Katraj Terminal","18.4471","73.8562","2026-08-18T11:32:00.000Z","2","2","car","false","72","Pickup near the hub","COMPLETED","2026-08-18","4c50d45d-f6be-43fa-ae4d-5db8c0f1d786","13:47","16:47","return_from_college","13","1"
"5109e657-8a30-45b3-9ea4-35ee109c2708","b478ed02-c175-49c9-846a-0e9a7f6aa6be","swargate-vit","596f6d76-b8c5-4cf2-9058-1a1a334d424d","6c30c56b-74ce-4c24-a819-98b9ab6387f5","Panchami BRTS","18.4902","73.8586","VIT College","18.4635","73.8682","2026-08-18T03:49:00.000Z","1","1","bike","true","24","Pickup near the hub","SCHEDULED","2026-08-18","e66fa45e-6cae-4bcd-be34-eac1bdf66831","09:49","13:28","travel_to_college","4","12"
"ec16c5ca-3405-49a3-ad78-f1f074513ee9","ec928319-dcb1-4ffc-9713-393fac2f402a","katraj-vit","6c30c56b-74ce-4c24-a819-98b9ab6387f5","eb0d92a7-38aa-446a-9f38-091814ea3abd","VIT College","18.4635","73.8682","Chintamani Nagar","18.4651","73.864","2026-08-19T07:03:00.000Z","2","1","car","false","26","Please arrive five minutes early","COMPLETED","2026-08-19","eac5393b-71b2-4f54-b851-69c3d2949e24","08:52","12:18","return_from_college","13","12"
"1e39df68-34c9-4d9c-bcf7-0a13e977d751","fe0b23a7-80b0-4776-aec0-0e53d369acc1","swargate-vit","1bc21bdf-5bcc-4dd4-8140-eac24ae23b69","6c30c56b-74ce-4c24-a819-98b9ab6387f5","Kashinath Patil Nagar Stop","18.4745","73.8631","VIT College","18.4635","73.8682","2026-08-20T07:13:00.000Z","1","0","scooty","false","2","Morning campus commute","CANCELLED","2026-08-20","5628a10e-490c-45a5-8585-a0387a0f49bd","13:13","16:47","travel_to_college","9","12"
"7eb746e6-367d-42d6-a42d-bef110f307cf","cdec7465-1f6a-4948-bdff-48b43a5e174c","katraj-vit","6c30c56b-74ce-4c24-a819-98b9ab6387f5","86597dc2-00ef-475a-8a9a-daf0323897ca","VIT College","18.4635","73.8682","Katraj Terminal","18.4471","73.8562","2026-08-22T08:44:00.000Z","3","0","car","false","57","Please arrive five minutes early","COMPLETED","2026-08-22","c5f3ea69-ad4c-4cf5-8ac6-d0bf555763c9","10:53","13:59","return_from_college","13","1"
"3bec7c23-4114-4d6d-a2a8-0d9bb3bf20ad","e36d6950-fda1-4e0a-b9a4-3109c1ef3afd","swargate-vit","570167fe-7324-46a2-9cf4-fbea6048e8be","6c30c56b-74ce-4c24-a819-98b9ab6387f5","City Pride BRTS","18.4845","73.8583","VIT College","18.4635","73.8682","2026-08-22T02:55:00.000Z","1","0","scooty","true","25","","CANCELLED","2026-08-22","37f97fa3-8902-4e4d-b28d-d7d487839d21","08:55","11:57","travel_to_college","5","12"
"47a9d685-3ee4-4c75-a812-d1b50858bd9d","fbb85f19-6812-469a-9a7e-c060b8e1330e","katraj-vit","6c30c56b-74ce-4c24-a819-98b9ab6387f5","876d2e4d-fad4-4ee2-916c-e5ad147030cf","VIT College","18.4635","73.8682","Katraj Dairy BRTS","18.4508","73.8569","2026-08-25T06:54:00.000Z","4","2","car","false","27","Please arrive five minutes early","COMPLETED","2026-08-25","db7b51d8-655a-43f8-966a-788d864b9592","08:52","12:09","return_from_college","13","2"
"61abd12f-67f8-4d49-a1fc-8dba24a42604","6fc4cb33-0af8-44b4-af29-e2f5e70c3ca5","swargate-vit","3221d156-13e7-4834-84ce-848f49b87be2","6c30c56b-74ce-4c24-a819-98b9ab6387f5","Bibwewadi Bus Stop","18.4792","73.8615","VIT College","18.4635","73.8682","2026-08-24T03:58:00.000Z","4","3","car","false","30","Please arrive five minutes early","SCHEDULED","2026-08-24","028a764e-a8db-440d-b96e-680d21876122","09:58","13:01","travel_to_college","7","12"
"3eda466b-bfae-4cb7-b413-2599e536b7b7","1c8d0824-69a8-4346-9507-05d4a6013c68","katraj-vit","6c30c56b-74ce-4c24-a819-98b9ab6387f5","86597dc2-00ef-475a-8a9a-daf0323897ca","VIT College","18.4635","73.8682","Katraj Terminal","18.4471","73.8562","2026-08-25T11:46:00.000Z","1","0","bike","true","15","Pickup near the hub","CANCELLED","2026-08-25","57fff423-04a7-4516-88e8-a0a332bc9c00","14:00","17:01","return_from_college","13","1"
"c0301d26-daa4-4399-9270-dc6177aab1b6","4fee29cb-0687-44a2-9f09-3ba85cef33d1","swargate-vit","0095597e-ebd1-4f83-a6c0-a8e94be6a92b","6c30c56b-74ce-4c24-a819-98b9ab6387f5","Laxmi Narayan Theatre","18.4965","73.8584","VIT College","18.4635","73.8682","2026-08-28T05:44:00.000Z","3","1","car","false","50","","SCHEDULED","2026-08-28","fbc6cf1a-2d9a-4b50-a79b-2120a739e34e","11:44","15:44","travel_to_college","3","12"
"793bea38-1f4c-456f-9990-b9f065e182bc","8db40dff-f7cd-4508-9c85-9ffd35177784","katraj-vit","6c30c56b-74ce-4c24-a819-98b9ab6387f5","1bc21bdf-5bcc-4dd4-8140-eac24ae23b69","VIT College","18.4635","73.8682","Kashinath Patil Nagar Stop","18.4745","73.8631","2026-08-27T08:28:00.000Z","1","0","bike","true","26","Pickup near the hub","COMPLETED","2026-08-27","98fedf09-4f25-4c3e-8397-95b8617685c3","10:25","13:43","return_from_college","13","10"
"ca7305d3-a75d-450e-ae5b-5f0014793ce5","287a280f-3e96-473f-a98b-7fea3a6ff244","swargate-vit","3221d156-13e7-4834-84ce-848f49b87be2","6c30c56b-74ce-4c24-a819-98b9ab6387f5","Bibwewadi Bus Stop","18.4792","73.8615","VIT College","18.4635","73.8682","2026-08-29T02:47:00.000Z","1","1","bike","true","1","","COMPLETED","2026-08-29","25124bdf-6613-4898-9196-e7f5d72eb49f","08:47","11:51","travel_to_college","7","12"
"4128e4e5-ee69-4513-9798-384bd7040a26","8dc944aa-aca1-45be-a9af-21bd271602d1","katraj-vit","6c30c56b-74ce-4c24-a819-98b9ab6387f5","ebb92112-ef31-4ebe-a259-4e999c52f0fd","VIT College","18.4635","73.8682","Bharati Vidyapeeth","18.456","73.8574","2026-08-29T07:28:00.000Z","1","0","bike","false","2","Pickup near the hub","SCHEDULED","2026-08-29","3dc3f158-aa39-41a0-8408-3bbeaf6605ca","09:16","12:43","return_from_college","13","3"
"7437b5cf-b16c-4674-b563-f539b54b1fdc","4e00ed27-5fe2-4835-b43b-aad7700f4e90","swargate-vit","a80964b4-72f5-43de-ad1a-bdcb9fca796e","6c30c56b-74ce-4c24-a819-98b9ab6387f5","Lower Indira Nagar Stop","18.4718","73.8618","VIT College","18.4635","73.8682","2026-08-31T02:03:00.000Z","1","0","scooty","true","27","","COMPLETED","2026-08-31","e7c740f8-69f1-4e77-80c8-5ed5df503671","08:03","11:48","travel_to_college","8","12"
"d4cce896-01e7-49b9-94f4-749b28d388f7","8d1d180b-18bc-4087-9270-19ce1583e574","katraj-vit","6c30c56b-74ce-4c24-a819-98b9ab6387f5","ebb92112-ef31-4ebe-a259-4e999c52f0fd","VIT College","18.4635","73.8682","Bharati Vidyapeeth","18.456","73.8574","2026-08-31T07:19:00.000Z","1","0","bike","true","26","Please arrive five minutes early","SCHEDULED","2026-08-31","9f9aafa7-8d17-45af-ae92-e6c7a7d7351a","08:41","12:34","return_from_college","13","3"
"2d370a77-728c-4c29-b9e9-705407dbf878","5f049c18-2f70-4261-b271-889d9956d23d","swargate-vit","570167fe-7324-46a2-9cf4-fbea6048e8be","6c30c56b-74ce-4c24-a819-98b9ab6387f5","City Pride BRTS","18.4845","73.8583","VIT College","18.4635","73.8682","2026-09-01T06:27:00.000Z","1","0","scooty","true","3","Please arrive five minutes early","COMPLETED","2026-09-01","0c5452ad-3a57-40ba-acc4-53d5caea954e","12:27","16:06","travel_to_college","5","12"
"445347b0-7a06-421e-8abc-0e6b0ca2cda1","9e5cb7c9-7ef5-48c4-9a63-9e419dbc1b10","katraj-vit","6c30c56b-74ce-4c24-a819-98b9ab6387f5","a80964b4-72f5-43de-ad1a-bdcb9fca796e","VIT College","18.4635","73.8682","Lower Indira Nagar Stop","18.4718","73.8618","2026-09-02T09:23:00.000Z","2","1","car","false","38","Please arrive five minutes early","CANCELLED","2026-09-02","367f09d3-b7c8-4cce-a402-636d1158ab27","11:10","14:38","return_from_college","13","9"
"494f77c5-5f85-4e36-bc59-f97e2d7f57aa","18da61b6-4b5b-4090-ae04-48fad27b6a3d","swargate-vit","11cd5543-db39-4321-9f12-008b367d2ce1","6c30c56b-74ce-4c24-a819-98b9ab6387f5","Upper Indira Nagar Bus Depot","18.4682","73.8623","VIT College","18.4635","73.8682","2026-09-03T06:02:00.000Z","3","1","car","false","37","Morning campus commute","CANCELLED","2026-09-03","0c9d0513-23c1-49bb-9001-a7ad466557a6","12:02","15:02","travel_to_college","10","12"
"480684cd-dae5-4327-b00b-69d3eb097200","cb3f3ef2-5ef7-449a-8f63-2d283dcb08cf","katraj-vit","6c30c56b-74ce-4c24-a819-98b9ab6387f5","a80964b4-72f5-43de-ad1a-bdcb9fca796e","VIT College","18.4635","73.8682","Lower Indira Nagar Stop","18.4718","73.8618","2026-09-04T12:19:00.000Z","1","0","bike","true","11","Pickup near the hub","COMPLETED","2026-09-04","a6d2fb1f-4a72-4e5c-a371-1059b8c99d69","13:56","17:34","return_from_college","13","9"
"9da840fd-ef4f-4741-be55-aa89b3798220","69158428-13ec-44bc-be1b-661be60211b1","swargate-vit","eb0d92a7-38aa-446a-9f38-091814ea3abd","6c30c56b-74ce-4c24-a819-98b9ab6387f5","Chintamani Nagar","18.4651","73.864","VIT College","18.4635","73.8682","2026-09-05T05:57:00.000Z","4","3","car","false","66","Please arrive five minutes early","COMPLETED","2026-09-05","3f229eb6-9972-4584-a000-ef785a81947e","11:57","15:55","travel_to_college","11","12"
"2b7f065f-d763-4c8d-81d5-29d53b346904","85802130-aece-4a5c-b091-be9de76fa62e","katraj-vit","6c30c56b-74ce-4c24-a819-98b9ab6387f5","3221d156-13e7-4834-84ce-848f49b87be2","VIT College","18.4635","73.8682","Bibwewadi Bus Stop","18.4792","73.8615","2026-09-07T07:20:00.000Z","1","0","bike","true","16","Pickup near the hub","COMPLETED","2026-09-07","75f4b555-5e61-4a26-ad9c-03621cd255d6","09:31","12:35","return_from_college","13","8"
"c47f6ff6-c48b-437f-aa20-f26fe4c69d61","a8d214fd-de07-4ea1-bae5-557d146f9b27","swargate-vit","596f6d76-b8c5-4cf2-9058-1a1a334d424d","6c30c56b-74ce-4c24-a819-98b9ab6387f5","Panchami BRTS","18.4902","73.8586","VIT College","18.4635","73.8682","2026-09-07T03:49:00.000Z","1","0","bike","true","16","Pickup near the hub","CANCELLED","2026-09-07","277fc69a-f414-4e33-b172-02f322c221de","09:49","12:56","travel_to_college","4","12"
"9268a873-7503-443f-bbaa-0c851e3c8710","f6c03d6c-620f-48f6-af10-83f362b1c35a","katraj-vit","6c30c56b-74ce-4c24-a819-98b9ab6387f5","a80964b4-72f5-43de-ad1a-bdcb9fca796e","VIT College","18.4635","73.8682","Lower Indira Nagar Stop","18.4718","73.8618","2026-09-08T07:44:00.000Z","1","1","scooty","true","19","Morning campus commute","SCHEDULED","2026-09-08","4f7b04db-97cc-495e-9e7f-b701430d1b68","09:33","12:59","return_from_college","13","9"
"f32b0f87-d50d-47ef-8801-3ef854a3bc8b","8e8cd61b-b7bc-4aca-9fce-e812388f43cc","swargate-vit","3221d156-13e7-4834-84ce-848f49b87be2","6c30c56b-74ce-4c24-a819-98b9ab6387f5","Bibwewadi Bus Stop","18.4792","73.8615","VIT College","18.4635","73.8682","2026-09-10T05:20:00.000Z","1","0","scooty","true","8","","CANCELLED","2026-09-10","abdccb08-0e39-4b24-b1e9-d60c0c50eb5a","11:20","14:59","travel_to_college","7","12"
"87201639-8ebc-4525-aa9b-ce9afa61685b","5b1a8339-482f-4cfd-adca-c91175dce9e8","katraj-vit","6c30c56b-74ce-4c24-a819-98b9ab6387f5","11cd5543-db39-4321-9f12-008b367d2ce1","VIT College","18.4635","73.8682","Upper Indira Nagar Bus Depot","18.4682","73.8623","2026-09-10T10:15:00.000Z","1","0","bike","true","30","Morning campus commute","COMPLETED","2026-09-10","b949acfc-51a1-43a0-8f28-1ec44aac461a","11:42","15:30","return_from_college","13","11"
"f57e7154-e4f2-437f-a78f-c51a03797777","b407e420-bc95-44d7-9048-179efe644dba","swargate-vit","0c2d013a-9422-4c89-905f-4ec287ba2251","6c30c56b-74ce-4c24-a819-98b9ab6387f5","Swargate BRTS Stop","18.4982","73.8588","VIT College","18.4635","73.8682","2026-09-11T07:18:00.000Z","2","0","car","false","37","","SCHEDULED","2026-09-11","2b8c1b4c-d82e-4aa4-ac88-f43ce2c82808","13:18","16:39","travel_to_college","2","12"
"6fd7a87f-0aa1-48e0-adaa-d5da43ad6451","17be73c9-0769-4965-981b-a5457dd33ba5","katraj-vit","6c30c56b-74ce-4c24-a819-98b9ab6387f5","86e290a5-7e39-4f7a-805e-a6154d820f01","VIT College","18.4635","73.8682","Market Yard Corner","18.4792","73.8581","2026-09-12T07:42:00.000Z","1","1","scooty","true","2","Please arrive five minutes early","COMPLETED","2026-09-12","fca67ab3-7021-40d0-b764-c3cdbc72b138","09:12","12:57","return_from_college","13","7"
"3e0e06e4-85e8-4288-8bad-8664a9d67a1c","1e8f38cb-b0ae-4701-9268-3c8e55456ef9","swargate-vit","0095597e-ebd1-4f83-a6c0-a8e94be6a92b","6c30c56b-74ce-4c24-a819-98b9ab6387f5","Laxmi Narayan Theatre","18.4965","73.8584","VIT College","18.4635","73.8682","2026-09-17T03:43:00.000Z","1","0","scooty","false","1","","COMPLETED","2026-09-17","e12f7ac0-d0eb-4bd1-b1cd-739bdb4a70ef","09:43","12:52","travel_to_college","3","12"
"c727bebc-b6c3-4381-a2a9-ca3880b69d66","fe668d59-83f5-4167-b303-948c22591f60","katraj-vit","6c30c56b-74ce-4c24-a819-98b9ab6387f5","876d2e4d-fad4-4ee2-916c-e5ad147030cf","VIT College","18.4635","73.8682","Katraj Dairy BRTS","18.4508","73.8569","2026-09-14T10:25:00.000Z","1","0","bike","true","29","","COMPLETED","2026-09-14","5e010e11-2752-4895-9d8d-5d3109f50711","12:24","15:40","return_from_college","13","2"
"4c964aa8-81a3-4de0-94ef-579a0c5c6534","72a2f2bb-d751-41f3-8634-e09d45e07917","swargate-vit","3221d156-13e7-4834-84ce-848f49b87be2","6c30c56b-74ce-4c24-a819-98b9ab6387f5","Bibwewadi Bus Stop","18.4792","73.8615","VIT College","18.4635","73.8682","2026-09-15T06:01:00.000Z","1","0","bike","true","19","Pickup near the hub","COMPLETED","2026-09-15","01bb0b2f-d4e7-4877-9d9b-8169dba1f65a","12:01","15:55","travel_to_college","7","12"
"3598018d-5e4e-4cf8-84e1-59b7ba318250","286cf4ab-43ca-4259-b0fc-da25195d0244","katraj-vit","6c30c56b-74ce-4c24-a819-98b9ab6387f5","3221d156-13e7-4834-84ce-848f49b87be2","VIT College","18.4635","73.8682","Bibwewadi Bus Stop","18.4792","73.8615","2026-09-16T09:49:00.000Z","1","1","bike","false","25","Pickup near the hub","SCHEDULED","2026-09-16","44086682-e4d1-44c5-a63c-42808a91c6f2","11:14","15:04","return_from_college","13","8"
"9bc4bf71-8a47-4617-a4fa-55226b71e106","71828ca0-ebd4-4211-ba24-a16f7159e15d","swargate-vit","596f6d76-b8c5-4cf2-9058-1a1a334d424d","6c30c56b-74ce-4c24-a819-98b9ab6387f5","Panchami BRTS","18.4902","73.8586","VIT College","18.4635","73.8682","2026-09-17T06:36:00.000Z","1","0","bike","true","23","","COMPLETED","2026-09-17","27469075-8060-494c-b071-0bb13bf7ecb0","12:36","16:06","travel_to_college","4","12"
"1c60a801-e745-43f1-9be4-4fbe68af7d2e","22cd2c32-c447-4e38-8e94-504aa1dee620","katraj-vit","6c30c56b-74ce-4c24-a819-98b9ab6387f5","86597dc2-00ef-475a-8a9a-daf0323897ca","VIT College","18.4635","73.8682","Katraj Terminal","18.4471","73.8562","2026-09-19T11:53:00.000Z","3","0","car","false","38","Please arrive five minutes early","COMPLETED","2026-09-19","4c73dd37-367e-422f-821d-37c333068291","13:54","17:08","return_from_college","13","1"
"78207ebf-2ad0-49ac-929a-37a5983883c9","049a400b-5043-4cc0-8f0c-a2000b0bc7c2","swargate-vit","0095597e-ebd1-4f83-a6c0-a8e94be6a92b","6c30c56b-74ce-4c24-a819-98b9ab6387f5","Laxmi Narayan Theatre","18.4965","73.8584","VIT College","18.4635","73.8682","2026-09-19T02:32:00.000Z","4","1","car","false","44","Pickup near the hub","COMPLETED","2026-09-19","d7b65003-4129-43ce-8a46-fdd86e469d5a","08:32","11:39","travel_to_college","3","12"
"61ba6f8f-0984-4158-a063-dfb56bdeaf3f","033a0415-353b-46da-a08f-1e6fb661c073","katraj-vit","6c30c56b-74ce-4c24-a819-98b9ab6387f5","86e290a5-7e39-4f7a-805e-a6154d820f01","VIT College","18.4635","73.8682","Market Yard Corner","18.4792","73.8581","2026-09-22T12:11:00.000Z","4","3","car","false","77","","SCHEDULED","2026-09-22","e6cedd66-a879-4834-b763-66a09eaf044b","13:56","17:26","return_from_college","13","7"
"9f78ead0-be12-4ff7-a015-b4241037f0ee","4eb4654f-b132-4610-b82a-80fd5aa524c0","swargate-vit","11cd5543-db39-4321-9f12-008b367d2ce1","6c30c56b-74ce-4c24-a819-98b9ab6387f5","Upper Indira Nagar Bus Depot","18.4682","73.8623","VIT College","18.4635","73.8682","2026-09-21T03:58:00.000Z","1","0","bike","true","18","Pickup near the hub","CANCELLED","2026-09-21","36abd9e8-0123-49bc-8f34-6fe416cbb89d","09:58","13:16","travel_to_college","10","12"
"647fbd36-865a-44b2-a6ca-97a8134efdbd","1712b652-bce4-4309-8027-92304c9fed8f","katraj-vit","6c30c56b-74ce-4c24-a819-98b9ab6387f5","0ad9adea-2c75-4d2a-86ae-34dcc0727788","VIT College","18.4635","73.8682","Shankar Maharaj Math","18.4735","73.8579","2026-09-23T08:39:00.000Z","1","0","bike","false","11","","SCHEDULED","2026-09-23","9269950a-c05f-4902-9820-1afa3c6d9ed5","10:38","13:54","return_from_college","13","6"
"2d1152c7-b18b-447e-b33f-474373a3a54c","8574ead2-c80a-462a-8ad9-5f880cff1bd5","swargate-vit","11cd5543-db39-4321-9f12-008b367d2ce1","6c30c56b-74ce-4c24-a819-98b9ab6387f5","Upper Indira Nagar Bus Depot","18.4682","73.8623","VIT College","18.4635","73.8682","2026-09-23T06:10:00.000Z","4","2","car","false","21","Pickup near the hub","SCHEDULED","2026-09-23","9c2def4a-3634-4523-a293-165f56ce714e","12:10","15:37","travel_to_college","10","12"
"321dd256-34c6-426c-a9fb-5330efa1eacb","52467296-cc1a-4959-869c-83e18fa9c89e","katraj-vit","6c30c56b-74ce-4c24-a819-98b9ab6387f5","3221d156-13e7-4834-84ce-848f49b87be2","VIT College","18.4635","73.8682","Bibwewadi Bus Stop","18.4792","73.8615","2026-09-24T11:02:00.000Z","3","3","car","false","26","","SCHEDULED","2026-09-24","a7f79792-0e84-4755-9950-3dfe6f15fe9b","12:29","16:17","return_from_college","13","8"
"7e64c46a-fefa-4b79-b67b-e53022d6ee16","8a8524b8-3506-433a-9249-833aa24fb089","swargate-vit","3221d156-13e7-4834-84ce-848f49b87be2","6c30c56b-74ce-4c24-a819-98b9ab6387f5","Bibwewadi Bus Stop","18.4792","73.8615","VIT College","18.4635","73.8682","2026-09-25T05:18:00.000Z","3","0","car","false","78","Pickup near the hub","SCHEDULED","2026-09-25","8b3bdec0-e164-48a2-aaef-f227efeeaabe","11:18","14:38","travel_to_college","7","12"
"8652bdd3-afc3-4084-ac55-bfdba3ec9456","8ea08f3a-4be1-4f97-9251-d633e633dc41","katraj-vit","6c30c56b-74ce-4c24-a819-98b9ab6387f5","1bc21bdf-5bcc-4dd4-8140-eac24ae23b69","VIT College","18.4635","73.8682","Kashinath Patil Nagar Stop","18.4745","73.8631","2026-09-26T07:05:00.000Z","1","0","scooty","true","2","Please arrive five minutes early","SCHEDULED","2026-09-26","1e3bdf4b-8da9-44c4-afd0-ef7272b28260","09:15","12:20","return_from_college","13","10"
"2cf0d245-75fc-4d62-99a4-7dd92de50866","09fad991-eb28-483c-a92f-412d005f86e1","swargate-vit","86e290a5-7e39-4f7a-805e-a6154d820f01","6c30c56b-74ce-4c24-a819-98b9ab6387f5","Market Yard Corner","18.4792","73.8581","VIT College","18.4635","73.8682","2026-09-29T06:08:00.000Z","1","0","scooty","true","11","","SCHEDULED","2026-09-29","ffdea655-789c-4afd-a943-a110e42dda8a","12:08","15:23","travel_to_college","6","12"
"bc556f6c-6978-4504-9c39-035c36506fb1","4ca5fb96-60cc-461f-9950-c00386ae3d0d","katraj-vit","6c30c56b-74ce-4c24-a819-98b9ab6387f5","86e290a5-7e39-4f7a-805e-a6154d820f01","VIT College","18.4635","73.8682","Market Yard Corner","18.4792","73.8581","2026-09-29T09:27:00.000Z","3","1","car","false","22","Please arrive five minutes early","SCHEDULED","2026-09-29","ee013489-19a3-4ea4-afc5-a3e28199d5f0","11:17","14:42","return_from_college","13","7"
"47272ea0-551f-40f7-aa8a-a097d4d9f0ef","22829531-9959-4ca6-a928-9f36eb4703e1","swargate-vit","eb0d92a7-38aa-446a-9f38-091814ea3abd","6c30c56b-74ce-4c24-a819-98b9ab6387f5","Chintamani Nagar","18.4651","73.864","VIT College","18.4635","73.8682","2026-09-29T03:32:00.000Z","1","0","scooty","true","8","Pickup near the hub","SCHEDULED","2026-09-29","4dfeb99b-7d03-4801-a766-743ddc9c89d5","09:32","12:53","travel_to_college","11","12"
"03049748-8647-4ae0-b12d-9b08d872fc52","97e2c868-d328-4e04-a87f-cdd9bf32f321","katraj-vit","6c30c56b-74ce-4c24-a819-98b9ab6387f5","eb0d92a7-38aa-446a-9f38-091814ea3abd","VIT College","18.4635","73.8682","Chintamani Nagar","18.4651","73.864","2026-10-02T08:28:00.000Z","1","0","bike","true","14","","SCHEDULED","2026-10-02","7380dcae-926f-411a-a59a-e4b935677055","10:40","13:43","return_from_college","13","12"
"573dcd31-9475-4757-9b21-d3e643f57981","53476aa4-9daa-46aa-9332-69d4a4566a3d","swargate-vit","86e290a5-7e39-4f7a-805e-a6154d820f01","6c30c56b-74ce-4c24-a819-98b9ab6387f5","Market Yard Corner","18.4792","73.8581","VIT College","18.4635","73.8682","2026-10-02T05:07:00.000Z","3","2","car","false","37","","SCHEDULED","2026-10-02","1dd9d4dd-5465-4388-8afc-2e81cb114086","11:07","14:42","travel_to_college","6","12"
"45e48165-8985-4179-915e-31d805c0a0f3","86105958-87be-4dcd-b670-bf501ca8dcdd","katraj-vit","6c30c56b-74ce-4c24-a819-98b9ab6387f5","1bc21bdf-5bcc-4dd4-8140-eac24ae23b69","VIT College","18.4635","73.8682","Kashinath Patil Nagar Stop","18.4745","73.8631","2026-10-02T06:49:00.000Z","1","0","bike","true","16","Pickup near the hub","SCHEDULED","2026-10-02","89ab434b-f829-4d33-a899-b1608c24cbf2","08:45","12:04","return_from_college","13","10"
"24dc9163-9ce5-4c0c-8c34-a56d2cc8f211","d318afa9-113f-46e4-bd9a-1ae0cbe4cec9","swargate-vit","570167fe-7324-46a2-9cf4-fbea6048e8be","6c30c56b-74ce-4c24-a819-98b9ab6387f5","City Pride BRTS","18.4845","73.8583","VIT College","18.4635","73.8682","2026-10-07T03:49:00.000Z","2","1","car","false","78","Please arrive five minutes early","SCHEDULED","2026-10-07","69d37c4b-f62f-4791-87e7-d53e7968013a","09:49","12:55","travel_to_college","5","12"
"ea51276c-85f2-4321-8507-f25560305fa6","47cbbcf7-3a62-4033-9a9b-5d2ebe48617b","katraj-vit","6c30c56b-74ce-4c24-a819-98b9ab6387f5","af5c22fe-11db-4392-b90e-85f946c0a37b","VIT College","18.4635","73.8682","KK Market BRTS","18.4683","73.8579","2026-10-06T07:12:00.000Z","1","0","scooty","true","20","Morning campus commute","SCHEDULED","2026-10-06","885b0c5b-78f7-4a96-981f-6dd77b6f7ccc","09:00","12:27","return_from_college","13","5"
"74092570-9774-4439-804a-1b315983c620","f6bd0cb8-14b6-4983-84a7-6090b75c1bf2","swargate-vit","1bc21bdf-5bcc-4dd4-8140-eac24ae23b69","6c30c56b-74ce-4c24-a819-98b9ab6387f5","Kashinath Patil Nagar Stop","18.4745","73.8631","VIT College","18.4635","73.8682","2026-10-05T02:05:00.000Z","1","1","scooty","true","23","Morning campus commute","SCHEDULED","2026-10-05","3c179c94-e8f6-4efd-a470-1d0c2d104e5b","08:05","11:55","travel_to_college","9","12"
"ce465963-95c0-4597-b8d8-0dd28570177e","81e5312b-7123-490f-977b-7f79504efcd6","katraj-vit","6c30c56b-74ce-4c24-a819-98b9ab6387f5","fea32ab3-d832-43d3-a3a0-788e8711526d","VIT College","18.4635","73.8682","Balaji Nagar BRTS","18.4628","73.8577","2026-10-06T07:03:00.000Z","3","1","car","false","48","Please arrive five minutes early","SCHEDULED","2026-10-06","dedaa1cd-58d3-4ba4-a343-313182e506a6","09:08","12:18","return_from_college","13","4"
"494c8c31-9e2f-4096-b1cf-82afdb419a7d","6dbaac16-eca9-4619-9461-cf1f791691ff","swargate-vit","0095597e-ebd1-4f83-a6c0-a8e94be6a92b","6c30c56b-74ce-4c24-a819-98b9ab6387f5","Laxmi Narayan Theatre","18.4965","73.8584","VIT College","18.4635","73.8682","2026-10-07T02:06:00.000Z","1","0","scooty","true","6","","SCHEDULED","2026-10-07","992d1eb8-bd9d-4ed6-80e0-8165496991c3","08:06","11:17","travel_to_college","3","12"
"f30d5c5e-a395-4da6-bbaf-035e6f0cb35d","219ae89a-62d9-41de-a1e7-1597cd661ca8","katraj-vit","6c30c56b-74ce-4c24-a819-98b9ab6387f5","876d2e4d-fad4-4ee2-916c-e5ad147030cf","VIT College","18.4635","73.8682","Katraj Dairy BRTS","18.4508","73.8569","2026-10-09T10:47:00.000Z","2","0","car","false","53","Pickup near the hub","SCHEDULED","2026-10-09","29030d81-ab00-43ee-9fd1-3359a0714830","12:05","16:02","return_from_college","13","2"
"a58e41bc-61fd-4737-a86d-0a92678c3d18","6f3fcde3-7927-4673-8e83-5d19997e04eb","swargate-vit","19cfadd2-1ff7-4a2f-b5e3-eeb73f44cc28","6c30c56b-74ce-4c24-a819-98b9ab6387f5","Swargate PMPML Main Bus Stand","18.4991","73.8583","VIT College","18.4635","73.8682","2026-10-10T02:24:00.000Z","1","0","bike","true","16","Morning campus commute","SCHEDULED","2026-10-10","4ea0e4fc-9eda-4648-9aca-80d0ca9af87d","08:24","11:56","travel_to_college","1","12"
"a437d2bc-a591-44b0-afe5-a063b7c225fb","2bba79b1-7549-484e-89e1-bf3b93c66b88","katraj-vit","6c30c56b-74ce-4c24-a819-98b9ab6387f5","3221d156-13e7-4834-84ce-848f49b87be2","VIT College","18.4635","73.8682","Bibwewadi Bus Stop","18.4792","73.8615","2026-10-10T11:16:00.000Z","1","0","bike","true","27","","SCHEDULED","2026-10-10","2486a56d-ba95-4237-b4cd-b0737988fdc3","13:15","16:31","return_from_college","13","8"
"a78d791c-8e7a-42ab-881f-1dc2a831fd6a","ab1c3a5c-50fe-4a26-b80d-4cd36938d001","swargate-vit","0095597e-ebd1-4f83-a6c0-a8e94be6a92b","6c30c56b-74ce-4c24-a819-98b9ab6387f5","Laxmi Narayan Theatre","18.4965","73.8584","VIT College","18.4635","73.8682","2026-10-13T06:19:00.000Z","1","0","scooty","true","15","Pickup near the hub","SCHEDULED","2026-10-13","6a776b22-afd4-401c-86c5-f0d695c4bf03","12:19","16:15","travel_to_college","3","12"
"1850d338-37ef-4053-bdfb-d5978c01f00d","89d25526-5e75-4c71-a504-7c0e208f52ae","katraj-vit","6c30c56b-74ce-4c24-a819-98b9ab6387f5","af5c22fe-11db-4392-b90e-85f946c0a37b","VIT College","18.4635","73.8682","KK Market BRTS","18.4683","73.8579","2026-10-13T10:08:00.000Z","1","0","bike","true","22","","SCHEDULED","2026-10-13","976d2db8-32ae-4ca4-818d-d9f40da5dddc","11:30","15:23","return_from_college","13","5"
"e31fc4bb-cdc8-4e7d-8a43-5bb3d7a7ec05","e57ff715-25a1-426c-97cf-87015c1bf680","swargate-vit","596f6d76-b8c5-4cf2-9058-1a1a334d424d","6c30c56b-74ce-4c24-a819-98b9ab6387f5","Panchami BRTS","18.4902","73.8586","VIT College","18.4635","73.8682","2026-10-13T06:22:00.000Z","1","0","scooty","true","10","Please arrive five minutes early","SCHEDULED","2026-10-13","f31adb02-2f33-4842-8e6b-c5a573f363aa","12:22","15:48","travel_to_college","4","12"
"6a22328d-e5e6-42a9-94a8-c0904a2c3cda","a0c0f44b-0991-4b2f-8eac-5c0f929d5d9a","katraj-vit","6c30c56b-74ce-4c24-a819-98b9ab6387f5","1bc21bdf-5bcc-4dd4-8140-eac24ae23b69","VIT College","18.4635","73.8682","Kashinath Patil Nagar Stop","18.4745","73.8631","2026-10-14T08:51:00.000Z","1","0","bike","true","22","","SCHEDULED","2026-10-14","16bd9294-0b2d-4501-a3c4-00acc6a86d66","10:58","14:06","return_from_college","13","10"
"940a7d89-c63d-4c3b-91b5-37a833ad79d8","97169492-6066-4681-a1f9-9a132e78bbd1","swargate-vit","570167fe-7324-46a2-9cf4-fbea6048e8be","6c30c56b-74ce-4c24-a819-98b9ab6387f5","City Pride BRTS","18.4845","73.8583","VIT College","18.4635","73.8682","2026-10-16T06:04:00.000Z","1","1","bike","true","26","Pickup near the hub","SCHEDULED","2026-10-16","32d5a808-d543-47d9-9cd3-bd38a2b50434","12:04","15:18","travel_to_college","5","12"
"38ffd950-0f67-4e04-93b7-e980bd273ec8","3934e51d-f7fc-439d-a64b-1e11c068f9b5","katraj-vit","6c30c56b-74ce-4c24-a819-98b9ab6387f5","876d2e4d-fad4-4ee2-916c-e5ad147030cf","VIT College","18.4635","73.8682","Katraj Dairy BRTS","18.4508","73.8569","2026-10-16T07:07:00.000Z","1","0","scooty","true","0","Pickup near the hub","SCHEDULED","2026-10-16","5cafa1e7-c478-429c-a735-9a904dfaf41b","09:04","12:22","return_from_college","13","2"
"c61a8cb1-83b0-4d98-8449-3370b046ab58","29ba1c6f-943a-462e-a307-a6c327c39a57","swargate-vit","3221d156-13e7-4834-84ce-848f49b87be2","6c30c56b-74ce-4c24-a819-98b9ab6387f5","Bibwewadi Bus Stop","18.4792","73.8615","VIT College","18.4635","73.8682","2026-10-17T05:03:00.000Z","1","0","scooty","true","21","Morning campus commute","SCHEDULED","2026-10-17","75f36949-c6d9-4238-bd87-a037820708b8","11:03","14:24","travel_to_college","7","12"
"f5b0b1ea-eb7a-4f5d-8aa9-d69957cf7089","abc3a47b-8ad1-4b85-9c68-7d9ca2c6091e","katraj-vit","6c30c56b-74ce-4c24-a819-98b9ab6387f5","0ad9adea-2c75-4d2a-86ae-34dcc0727788","VIT College","18.4635","73.8682","Shankar Maharaj Math","18.4735","73.8579","2026-10-19T08:49:00.000Z","1","0","scooty","true","12","Morning campus commute","SCHEDULED","2026-10-19","fb1cbdea-4970-487b-970a-6c7efa94ac2f","10:33","14:04","return_from_college","13","6"
"15d45307-fed3-4bdb-866b-9f6b6a9ba459","0195616c-ec89-4a4d-8990-b9d0d41435fa","swargate-vit","1bc21bdf-5bcc-4dd4-8140-eac24ae23b69","6c30c56b-74ce-4c24-a819-98b9ab6387f5","Kashinath Patil Nagar Stop","18.4745","73.8631","VIT College","18.4635","73.8682","2026-10-19T03:40:00.000Z","2","2","car","false","25","Morning campus commute","SCHEDULED","2026-10-19","580bea75-0432-4622-bd4c-a866a4067c67","09:40","13:37","travel_to_college","9","12"
"bb58bb6f-adce-444a-a750-290b8a824c31","4bb40fa4-b428-432e-aca2-1a954ebd5186","katraj-vit","6c30c56b-74ce-4c24-a819-98b9ab6387f5","af5c22fe-11db-4392-b90e-85f946c0a37b","VIT College","18.4635","73.8682","KK Market BRTS","18.4683","73.8579","2026-10-20T07:44:00.000Z","3","3","car","false","41","Morning campus commute","SCHEDULED","2026-10-20","f57f8e9f-13f8-486f-9eae-e2358f46ebbf","09:15","12:59","return_from_college","13","5"
"7016b242-6649-49e9-a1cc-bf7da9bdc38f","96f0bff7-4a51-45fe-924a-7fd40bd96af0","swargate-vit","eb0d92a7-38aa-446a-9f38-091814ea3abd","6c30c56b-74ce-4c24-a819-98b9ab6387f5","Chintamani Nagar","18.4651","73.864","VIT College","18.4635","73.8682","2026-10-21T03:48:00.000Z","1","0","bike","true","30","Morning campus commute","SCHEDULED","2026-10-21","c4e60a8e-5d44-4f59-8833-fb04e7d5550e","09:48","12:59","travel_to_college","11","12"
"3e8cfa3d-2406-4b8f-9a6d-acad97626e1d","856c5003-10e0-491c-b001-245c65a8fb4b","katraj-vit","6c30c56b-74ce-4c24-a819-98b9ab6387f5","86597dc2-00ef-475a-8a9a-daf0323897ca","VIT College","18.4635","73.8682","Katraj Terminal","18.4471","73.8562","2026-10-22T11:26:00.000Z","1","0","scooty","true","29","Morning campus commute","SCHEDULED","2026-10-22","0c76b768-c268-4622-8be7-8cedae095264","13:03","16:41","return_from_college","13","1"
"9217ac94-f6b0-43fc-aee4-4cf346eda130","dbffce9e-93ca-460b-a2e6-fec327ae8a6e","swargate-vit","1bc21bdf-5bcc-4dd4-8140-eac24ae23b69","6c30c56b-74ce-4c24-a819-98b9ab6387f5","Kashinath Patil Nagar Stop","18.4745","73.8631","VIT College","18.4635","73.8682","2026-10-23T03:43:00.000Z","1","0","scooty","true","19","Please arrive five minutes early","SCHEDULED","2026-10-23","9c5ebbe6-b7d2-4488-a120-3f9b526fb9ba","09:43","13:09","travel_to_college","9","12"
"689c53e4-8aac-4964-9019-81cb42a05b1c","20bdc7ae-7082-421e-b675-6c4002d0295b","katraj-vit","6c30c56b-74ce-4c24-a819-98b9ab6387f5","11cd5543-db39-4321-9f12-008b367d2ce1","VIT College","18.4635","73.8682","Upper Indira Nagar Bus Depot","18.4682","73.8623","2026-10-26T07:29:00.000Z","4","3","car","false","70","","SCHEDULED","2026-10-26","6bcb26f8-6860-4f1c-b21b-12018362dec3","09:14","12:44","return_from_college","13","11"
"1aeca1e3-79fa-419b-9cde-f4eaa84962b4","a4e13249-216e-49cd-8abf-6f5bd9c3fe4c","swargate-vit","570167fe-7324-46a2-9cf4-fbea6048e8be","6c30c56b-74ce-4c24-a819-98b9ab6387f5","City Pride BRTS","18.4845","73.8583","VIT College","18.4635","73.8682","2026-10-26T06:06:00.000Z","1","0","bike","true","8","","SCHEDULED","2026-10-26","cd64b72a-e134-456e-bce1-e2abac4a9575","12:06","15:08","travel_to_college","5","12"
"3a859328-7f23-4cfe-9b9f-f6ac03b38c72","1137a11d-2e66-45ed-b840-8d12e6722bfa","katraj-vit","6c30c56b-74ce-4c24-a819-98b9ab6387f5","eb0d92a7-38aa-446a-9f38-091814ea3abd","VIT College","18.4635","73.8682","Chintamani Nagar","18.4651","73.864","2026-10-26T11:33:00.000Z","3","2","car","false","61","Please arrive five minutes early","SCHEDULED","2026-10-26","458d1be9-10f5-4253-95f0-6402c8eb4ef5","12:56","16:48","return_from_college","13","12"
"dda36a99-8f79-486e-a3c8-987bfd597aaf","d3b6bef4-14dc-43ee-b1ea-5df640bff3ea","swargate-vit","86e290a5-7e39-4f7a-805e-a6154d820f01","6c30c56b-74ce-4c24-a819-98b9ab6387f5","Market Yard Corner","18.4792","73.8581","VIT College","18.4635","73.8682","2026-10-28T02:18:00.000Z","2","0","car","false","78","Please arrive five minutes early","SCHEDULED","2026-10-28","cb06865f-fb5b-4f7c-bdb0-79ccba1baa87","08:18","11:37","travel_to_college","6","12"
"1a6d0ddb-0a21-4e22-a778-feec7593a8ec","a78892d9-93b0-4a78-9a2f-2fad3db5becb","katraj-vit","6c30c56b-74ce-4c24-a819-98b9ab6387f5","86597dc2-00ef-475a-8a9a-daf0323897ca","VIT College","18.4635","73.8682","Katraj Terminal","18.4471","73.8562","2026-10-28T08:57:00.000Z","1","1","bike","true","11","Morning campus commute","SCHEDULED","2026-10-28","ad2f95be-f361-46a9-bfca-0e519024556c","10:38","14:12","return_from_college","13","1"
"c299be04-b39c-48c8-98e9-4a55c2d28319","613365a0-56e0-41a2-a7c9-48b35ec746a1","swargate-vit","86e290a5-7e39-4f7a-805e-a6154d820f01","6c30c56b-74ce-4c24-a819-98b9ab6387f5","Market Yard Corner","18.4792","73.8581","VIT College","18.4635","73.8682","2026-10-30T02:13:00.000Z","1","0","bike","true","23","Morning campus commute","SCHEDULED","2026-10-30","eca61ce9-b86b-457d-9bd0-b0ad1a74a6bd","08:13","11:59","travel_to_college","6","12"
"3732b093-70ba-495d-a692-a7697e735853","6767d864-c164-421c-8b90-0f29abc5af41","katraj-vit","6c30c56b-74ce-4c24-a819-98b9ab6387f5","af5c22fe-11db-4392-b90e-85f946c0a37b","VIT College","18.4635","73.8682","KK Market BRTS","18.4683","73.8579","2026-10-30T08:08:00.000Z","3","3","car","false","55","Please arrive five minutes early","SCHEDULED","2026-10-30","4fcf16f3-4746-4821-81fd-7e5942fdde5e","10:08","13:23","return_from_college","13","5"
"06cf39e4-50a4-4a5a-9542-4ae24fbb9656","62390621-3521-47ba-869a-f822874bb453","swargate-vit","eb0d92a7-38aa-446a-9f38-091814ea3abd","6c30c56b-74ce-4c24-a819-98b9ab6387f5","Chintamani Nagar","18.4651","73.864","VIT College","18.4635","73.8682","2026-10-31T03:26:00.000Z","1","0","bike","true","23","Pickup near the hub","SCHEDULED","2026-10-31","3265dc11-00c0-44f6-94e0-11e4c941a1e9","09:26","12:54","travel_to_college","11","12"
"42d378f6-d06f-4f67-9f13-7027408cf060","9449171f-669b-4ae3-8a11-85c2698005b4","katraj-vit","6c30c56b-74ce-4c24-a819-98b9ab6387f5","eb0d92a7-38aa-446a-9f38-091814ea3abd","VIT College","18.4635","73.8682","Chintamani Nagar","18.4651","73.864","2026-11-03T06:36:00.000Z","1","1","bike","true","6","Morning campus commute","SCHEDULED","2026-11-03","af6b73ed-6b76-41cf-a408-892b59c05ae8","08:14","11:51","return_from_college","13","12"
"14eb1a28-5f82-44af-be8d-6d15951dc525","8005e16b-eaf8-45be-b4d8-a5fcd5431201","swargate-vit","1bc21bdf-5bcc-4dd4-8140-eac24ae23b69","6c30c56b-74ce-4c24-a819-98b9ab6387f5","Kashinath Patil Nagar Stop","18.4745","73.8631","VIT College","18.4635","73.8682","2026-11-02T04:06:00.000Z","1","0","bike","true","5","","SCHEDULED","2026-11-02","167b58d4-4959-4016-8b6a-d4376b79e5c5","10:06","13:55","travel_to_college","9","12"
"8e183fad-80e2-48bc-89c9-d67aab15f33a","e0bd240d-0573-4a8a-830a-c46264dbd855","katraj-vit","6c30c56b-74ce-4c24-a819-98b9ab6387f5","876d2e4d-fad4-4ee2-916c-e5ad147030cf","VIT College","18.4635","73.8682","Katraj Dairy BRTS","18.4508","73.8569","2026-11-03T06:41:00.000Z","4","2","car","false","58","Pickup near the hub","SCHEDULED","2026-11-03","b482fc51-e84d-4abb-b5e0-75c917055cfd","08:37","11:56","return_from_college","13","2"
"8408664b-7bc4-4224-ac8b-ed4156801209","f256e949-f4e4-4ba3-8ea9-d6a3d0ba8526","swargate-vit","19cfadd2-1ff7-4a2f-b5e3-eeb73f44cc28","6c30c56b-74ce-4c24-a819-98b9ab6387f5","Swargate PMPML Main Bus Stand","18.4991","73.8583","VIT College","18.4635","73.8682","2026-11-05T06:24:00.000Z","1","0","bike","true","13","Please arrive five minutes early","SCHEDULED","2026-11-05","fda887c9-427c-4800-9387-4ce716823c4f","12:24","15:38","travel_to_college","1","12"
"2c9e1fdd-08ea-4c4a-a54d-c58e8fd95e8b","ce3592dc-d951-4134-a2cd-52dbc233a3f4","katraj-vit","6c30c56b-74ce-4c24-a819-98b9ab6387f5","876d2e4d-fad4-4ee2-916c-e5ad147030cf","VIT College","18.4635","73.8682","Katraj Dairy BRTS","18.4508","73.8569","2026-11-05T08:43:00.000Z","1","0","bike","true","1","Pickup near the hub","SCHEDULED","2026-11-05","1b5b61c6-b3b5-42fd-9733-46ec0b5a5606","10:52","13:58","return_from_college","13","2"
"258d1ca8-d15a-452a-ba4f-c23278b566ce","b8ece9b4-d515-405a-952d-1ccdc242c410","swargate-vit","a80964b4-72f5-43de-ad1a-bdcb9fca796e","6c30c56b-74ce-4c24-a819-98b9ab6387f5","Lower Indira Nagar Stop","18.4718","73.8618","VIT College","18.4635","73.8682","2026-08-08T02:50:00.000Z","3","2","car","false","73","Please arrive five minutes early","COMPLETED","2026-08-08","f283505a-950a-43f1-af2b-260ea99ac10f","08:50","12:31","travel_to_college","8","12"
"e1262640-ccda-40aa-a383-ad2e18be6cad","08eb06b4-7805-4b0c-998b-d919358e8b0f","katraj-vit","6c30c56b-74ce-4c24-a819-98b9ab6387f5","eb0d92a7-38aa-446a-9f38-091814ea3abd","VIT College","18.4635","73.8682","Chintamani Nagar","18.4651","73.864","2026-08-11T09:31:00.000Z","2","1","car","false","20","Morning campus commute","COMPLETED","2026-08-11","f7c4f5df-6cd1-463c-84ae-2e13fa34483b","10:55","14:46","return_from_college","13","12"
"21fc868b-ac9d-42be-a214-c167879e7982","7b50af0a-e87a-4600-b547-06ff9da50ada","swargate-vit","1bc21bdf-5bcc-4dd4-8140-eac24ae23b69","6c30c56b-74ce-4c24-a819-98b9ab6387f5","Kashinath Patil Nagar Stop","18.4745","73.8631","VIT College","18.4635","73.8682","2026-08-10T06:00:00.000Z","1","0","bike","true","3","Morning campus commute","COMPLETED","2026-08-10","229d6466-cce4-40aa-a965-82da0c5d8eb3","12:00","15:18","travel_to_college","9","12"
"ba7df89c-952c-4176-a7b7-fea11ad2aaa4","0b95ee62-3f26-4837-bdb3-8120bae0deda","katraj-vit","6c30c56b-74ce-4c24-a819-98b9ab6387f5","a80964b4-72f5-43de-ad1a-bdcb9fca796e","VIT College","18.4635","73.8682","Lower Indira Nagar Stop","18.4718","73.8618","2026-08-11T11:04:00.000Z","1","0","bike","true","13","Morning campus commute","SCHEDULED","2026-08-11","06d2a1b5-556c-40db-b89d-83cc65aef1bc","12:31","16:19","return_from_college","13","9"
"26a7eaa0-3a59-4a12-9e36-51785f3959d6","8100f2b8-79e0-4059-be98-ced465000a2e","swargate-vit","596f6d76-b8c5-4cf2-9058-1a1a334d424d","6c30c56b-74ce-4c24-a819-98b9ab6387f5","Panchami BRTS","18.4902","73.8586","VIT College","18.4635","73.8682","2026-08-12T06:15:00.000Z","1","0","bike","true","2","Morning campus commute","SCHEDULED","2026-08-12","06ff6a0a-a027-4663-a835-9448297e2645","12:15","15:44","travel_to_college","4","12"
"885427c4-99dc-406a-a0a5-d62cca318453","a85fce63-b4a4-4d71-9d87-2fb5e4653681","katraj-vit","6c30c56b-74ce-4c24-a819-98b9ab6387f5","86e290a5-7e39-4f7a-805e-a6154d820f01","VIT College","18.4635","73.8682","Market Yard Corner","18.4792","73.8581","2026-08-13T10:54:00.000Z","2","2","car","false","28","Pickup near the hub","COMPLETED","2026-08-13","95b662f0-e372-4fc4-b09b-34f3c0a59686","12:48","16:09","return_from_college","13","7"
"ab008c01-0b88-4f94-a86a-934b489d9c8b","a6724b4c-1f36-4019-9072-772bbdeeca30","swargate-vit","0c2d013a-9422-4c89-905f-4ec287ba2251","6c30c56b-74ce-4c24-a819-98b9ab6387f5","Swargate BRTS Stop","18.4982","73.8588","VIT College","18.4635","73.8682","2026-08-14T03:24:00.000Z","1","0","scooty","true","9","Please arrive five minutes early","SCHEDULED","2026-08-14","2bc91956-c981-4021-872f-e2b1e339d89f","09:24","12:44","travel_to_college","2","12"
"bf4ced24-626d-4556-bd49-3987a714020a","e443e68b-7cb4-4260-8ec6-64c485de79d5","katraj-vit","6c30c56b-74ce-4c24-a819-98b9ab6387f5","ebb92112-ef31-4ebe-a259-4e999c52f0fd","VIT College","18.4635","73.8682","Bharati Vidyapeeth","18.456","73.8574","2026-08-15T11:01:00.000Z","1","1","scooty","true","26","Morning campus commute","CANCELLED","2026-08-15","56bc8520-fe8a-401e-9757-8c9eb593fffa","12:21","16:16","return_from_college","13","3"
"44eaa27f-cd72-435f-b19a-ce28e3170135","697c28b3-7690-4ffd-bfa8-c30e27f63214","swargate-vit","86e290a5-7e39-4f7a-805e-a6154d820f01","6c30c56b-74ce-4c24-a819-98b9ab6387f5","Market Yard Corner","18.4792","73.8581","VIT College","18.4635","73.8682","2026-08-17T07:45:00.000Z","4","3","car","false","20","","COMPLETED","2026-08-17","579eed97-e951-4567-bf56-b83d5f2cc5d3","13:45","17:35","travel_to_college","6","12"
"b498d5b9-1115-4d65-a5d7-87d3092a196c","49e5dc79-ab6d-4188-9d10-62c1b84c7f5c","katraj-vit","6c30c56b-74ce-4c24-a819-98b9ab6387f5","1bc21bdf-5bcc-4dd4-8140-eac24ae23b69","VIT College","18.4635","73.8682","Kashinath Patil Nagar Stop","18.4745","73.8631","2026-08-17T09:05:00.000Z","3","1","car","false","30","","COMPLETED","2026-08-17","e652cbe3-d178-4c3f-8440-88e393ef73b6","10:47","14:20","return_from_college","13","10"
"95589fb2-7e54-4d5c-8cc2-572b515dec6f","c2483f77-a251-4434-8d94-6a2c53e2d38e","swargate-vit","0c2d013a-9422-4c89-905f-4ec287ba2251","6c30c56b-74ce-4c24-a819-98b9ab6387f5","Swargate BRTS Stop","18.4982","73.8588","VIT College","18.4635","73.8682","2026-08-18T03:38:00.000Z","1","0","bike","true","4","Morning campus commute","COMPLETED","2026-08-18","17f814b4-ea6a-441c-babf-32c27d47c94f","09:38","13:26","travel_to_college","2","12"
"bbea2a12-55f1-443a-9154-6523f7edcde5","b2f0c20b-d66e-41c9-b60f-6562ae71b956","katraj-vit","6c30c56b-74ce-4c24-a819-98b9ab6387f5","876d2e4d-fad4-4ee2-916c-e5ad147030cf","VIT College","18.4635","73.8682","Katraj Dairy BRTS","18.4508","73.8569","2026-08-19T09:15:00.000Z","1","0","bike","false","3","","CANCELLED","2026-08-19","417abf60-f3cd-41da-9d78-006ea8d44723","10:50","14:30","return_from_college","13","2"
"c2932f01-3922-4c7d-9417-a5461d138a25","fc8036f4-d3bf-49ee-baff-431b84d612ea","swargate-vit","570167fe-7324-46a2-9cf4-fbea6048e8be","6c30c56b-74ce-4c24-a819-98b9ab6387f5","City Pride BRTS","18.4845","73.8583","VIT College","18.4635","73.8682","2026-08-21T05:21:00.000Z","4","4","car","false","55","Morning campus commute","COMPLETED","2026-08-21","97a48483-c7f8-4a95-bb1e-e9c9e2c4e53e","11:21","14:58","travel_to_college","5","12"
"8da3f066-90ee-4c27-afed-98c63104f981","2d02ada0-aefc-4d76-9f2f-c57bee3201ac","katraj-vit","6c30c56b-74ce-4c24-a819-98b9ab6387f5","11cd5543-db39-4321-9f12-008b367d2ce1","VIT College","18.4635","73.8682","Upper Indira Nagar Bus Depot","18.4682","73.8623","2026-08-21T06:56:00.000Z","1","0","bike","true","27","","SCHEDULED","2026-08-21","3db3c5f3-f250-47b0-b325-2bd7a211a148","08:28","12:11","return_from_college","13","11"
"87849372-c80c-4d44-86c7-f2ed613b0e72","ed6b366d-9f31-4216-84e6-747030d98fda","swargate-vit","0c2d013a-9422-4c89-905f-4ec287ba2251","6c30c56b-74ce-4c24-a819-98b9ab6387f5","Swargate BRTS Stop","18.4982","73.8588","VIT College","18.4635","73.8682","2026-08-22T02:46:00.000Z","2","1","car","false","73","","CANCELLED","2026-08-22","77f5c396-760d-4fe0-a2d5-cba3556cdfc9","08:46","12:26","travel_to_college","2","12"
"5173c86c-0c3b-4bc8-93ac-65882f57e975","1f726f94-16aa-417d-8d05-1b3dd96d0827","katraj-vit","6c30c56b-74ce-4c24-a819-98b9ab6387f5","86e290a5-7e39-4f7a-805e-a6154d820f01","VIT College","18.4635","73.8682","Market Yard Corner","18.4792","73.8581","2026-08-24T10:21:00.000Z","2","1","car","false","27","","COMPLETED","2026-08-24","d898ce8c-8e34-4909-a533-42d6a302ba29","12:08","15:36","return_from_college","13","7"
"9bf095d8-1480-4ee1-bb36-37a9f6611172","b9d9e60d-de32-4732-8eb8-480e0e81bcbf","swargate-vit","a80964b4-72f5-43de-ad1a-bdcb9fca796e","6c30c56b-74ce-4c24-a819-98b9ab6387f5","Lower Indira Nagar Stop","18.4718","73.8618","VIT College","18.4635","73.8682","2026-08-24T07:03:00.000Z","1","0","bike","true","20","Pickup near the hub","COMPLETED","2026-08-24","173a9831-ce88-40fe-9e83-d18f7dbcb582","13:03","16:35","travel_to_college","8","12"
"c981ec24-a6ef-4675-9bf7-55423df659b2","442efbff-6f39-436d-bf7a-2cbb6404a6ed","katraj-vit","6c30c56b-74ce-4c24-a819-98b9ab6387f5","af5c22fe-11db-4392-b90e-85f946c0a37b","VIT College","18.4635","73.8682","KK Market BRTS","18.4683","73.8579","2026-08-26T10:24:00.000Z","2","2","car","false","74","","SCHEDULED","2026-08-26","4687333a-5dd4-4647-893d-50e93989c5e0","12:20","15:39","return_from_college","13","5"
"0727db9d-d014-4e6c-9e3f-3a5f71ba98aa","afabde80-8412-4536-8a7d-443441b6329d","swargate-vit","570167fe-7324-46a2-9cf4-fbea6048e8be","6c30c56b-74ce-4c24-a819-98b9ab6387f5","City Pride BRTS","18.4845","73.8583","VIT College","18.4635","73.8682","2026-08-26T04:08:00.000Z","1","0","bike","true","6","Morning campus commute","COMPLETED","2026-08-26","aef8df2b-0624-4fe8-83f1-59717741f070","10:08","13:49","travel_to_college","5","12"
"0a23afc5-d7c3-4c46-a2b6-11eea0518cbb","6c3f7adf-4f2a-4914-ba78-8b1548f14a1a","katraj-vit","6c30c56b-74ce-4c24-a819-98b9ab6387f5","86e290a5-7e39-4f7a-805e-a6154d820f01","VIT College","18.4635","73.8682","Market Yard Corner","18.4792","73.8581","2026-08-29T07:16:00.000Z","1","0","scooty","true","2","","COMPLETED","2026-08-29","c41e6a6c-98b3-468a-ba6c-1632a506c1d0","08:59","12:31","return_from_college","13","7"
"93feacaa-c09f-46b4-a205-40f98f8c58a1","81dfda4a-3ec9-4eae-a7f1-0692e03bb1d0","swargate-vit","11cd5543-db39-4321-9f12-008b367d2ce1","6c30c56b-74ce-4c24-a819-98b9ab6387f5","Upper Indira Nagar Bus Depot","18.4682","73.8623","VIT College","18.4635","73.8682","2026-08-28T07:24:00.000Z","1","0","scooty","true","13","","COMPLETED","2026-08-28","8d42852c-fd21-4aba-a2b2-668602488442","13:24","17:10","travel_to_college","10","12"
"c7b9d6b7-de3c-4bbc-b030-53c51ec496b1","b049f74f-7dd1-454b-91ad-b27eeaeed095","katraj-vit","6c30c56b-74ce-4c24-a819-98b9ab6387f5","1bc21bdf-5bcc-4dd4-8140-eac24ae23b69","VIT College","18.4635","73.8682","Kashinath Patil Nagar Stop","18.4745","73.8631","2026-08-29T08:14:00.000Z","3","2","car","false","63","Please arrive five minutes early","SCHEDULED","2026-08-29","97b07568-a908-446e-8fa6-730b6f5d8620","10:14","13:29","return_from_college","13","10"
"a5ed1ddf-25cc-4971-b894-fde5d09c4ddb","ea3fd43b-e1e5-4d62-a163-dae19fc740bd","swargate-vit","1bc21bdf-5bcc-4dd4-8140-eac24ae23b69","6c30c56b-74ce-4c24-a819-98b9ab6387f5","Kashinath Patil Nagar Stop","18.4745","73.8631","VIT College","18.4635","73.8682","2026-09-01T04:08:00.000Z","1","0","bike","true","11","","SCHEDULED","2026-09-01","fdf3a925-b61e-4e71-a09a-7cc3f8145059","10:08","14:05","travel_to_college","9","12"
"aa093dbc-fcc5-49ca-8804-1035426e7e82","15d12fa2-5285-4e19-a290-344ead002d9f","katraj-vit","6c30c56b-74ce-4c24-a819-98b9ab6387f5","86597dc2-00ef-475a-8a9a-daf0323897ca","VIT College","18.4635","73.8682","Katraj Terminal","18.4471","73.8562","2026-08-31T06:58:00.000Z","1","0","scooty","false","2","","SCHEDULED","2026-08-31","c96aa3a2-96f0-4c19-9e2d-c58288065e55","08:29","12:13","return_from_college","13","1"
"90e5fb72-6b73-4a7d-89db-807450802cff","687e3195-2599-427f-a4e3-990ead4c2985","swargate-vit","3221d156-13e7-4834-84ce-848f49b87be2","6c30c56b-74ce-4c24-a819-98b9ab6387f5","Bibwewadi Bus Stop","18.4792","73.8615","VIT College","18.4635","73.8682","2026-09-01T07:35:00.000Z","2","0","car","false","24","Please arrive five minutes early","COMPLETED","2026-09-01","948fbbb2-48bd-4bf8-9d84-4840baa2b4ed","13:35","16:54","travel_to_college","7","12"
"c8f08fc3-85c4-499c-bb08-e66706f016cc","e977337e-9b7d-4b79-9851-7a31a276eaf5","katraj-vit","6c30c56b-74ce-4c24-a819-98b9ab6387f5","eb0d92a7-38aa-446a-9f38-091814ea3abd","VIT College","18.4635","73.8682","Chintamani Nagar","18.4651","73.864","2026-09-02T10:08:00.000Z","1","0","bike","true","30","Pickup near the hub","COMPLETED","2026-09-02","fbcf732c-7d7b-424a-b36d-3b0a3a57a39b","11:51","15:23","return_from_college","13","12"
"062a50c8-aa8a-4e36-966f-477f8b951151","7833fb03-c858-4574-92d0-cb72030a18eb","swargate-vit","86e290a5-7e39-4f7a-805e-a6154d820f01","6c30c56b-74ce-4c24-a819-98b9ab6387f5","Market Yard Corner","18.4792","73.8581","VIT College","18.4635","73.8682","2026-09-03T02:37:00.000Z","4","2","car","false","26","Pickup near the hub","COMPLETED","2026-09-03","4a32f2b5-7399-4c62-a53b-8355f6f63762","08:37","11:57","travel_to_college","6","12"
"39fa3a1d-0a1f-4ef7-858e-ce1a86d7d2d4","71cd4f7b-3e01-44d7-9657-d28c4544f992","katraj-vit","6c30c56b-74ce-4c24-a819-98b9ab6387f5","86e290a5-7e39-4f7a-805e-a6154d820f01","VIT College","18.4635","73.8682","Market Yard Corner","18.4792","73.8581","2026-09-04T08:15:00.000Z","1","1","scooty","false","8","","COMPLETED","2026-09-04","7066eb6d-c296-4a64-8390-ac3760e7b39c","09:52","13:30","return_from_college","13","7"
"8a9ed57b-70ff-4e43-a629-53be62651cda","bfe5c77b-945d-47a5-81f7-7ae8e1ff5d5b","swargate-vit","a80964b4-72f5-43de-ad1a-bdcb9fca796e","6c30c56b-74ce-4c24-a819-98b9ab6387f5","Lower Indira Nagar Stop","18.4718","73.8618","VIT College","18.4635","73.8682","2026-09-05T03:24:00.000Z","2","2","car","false","43","Please arrive five minutes early","COMPLETED","2026-09-05","955340a5-924e-4db5-b697-99527900802f","09:24","13:15","travel_to_college","8","12"
"cb98608d-b402-4d24-a454-26d35304ad9b","5def974b-b8b4-4ef7-8825-5a50ee6710cd","katraj-vit","6c30c56b-74ce-4c24-a819-98b9ab6387f5","1bc21bdf-5bcc-4dd4-8140-eac24ae23b69","VIT College","18.4635","73.8682","Kashinath Patil Nagar Stop","18.4745","73.8631","2026-09-07T07:10:00.000Z","1","0","bike","true","21","Please arrive five minutes early","CANCELLED","2026-09-07","dfcdef6d-90fb-4ec1-8b76-ddffa435dea4","09:07","12:25","return_from_college","13","10"
"307ad082-3678-4ce1-b714-bc574a997f63","772a4089-be1c-415b-9115-5af745dcbd7e","swargate-vit","0095597e-ebd1-4f83-a6c0-a8e94be6a92b","6c30c56b-74ce-4c24-a819-98b9ab6387f5","Laxmi Narayan Theatre","18.4965","73.8584","VIT College","18.4635","73.8682","2026-09-08T07:54:00.000Z","1","0","scooty","true","2","Morning campus commute","COMPLETED","2026-09-08","67c453d6-61ec-48dd-b0ce-0164c5f7bea8","13:54","17:11","travel_to_college","3","12"
"553ee3c5-fb7e-4dfd-8824-5693f54f26bf","04bfe73e-1142-4d3f-8bbf-57dbee041dd2","katraj-vit","6c30c56b-74ce-4c24-a819-98b9ab6387f5","eb0d92a7-38aa-446a-9f38-091814ea3abd","VIT College","18.4635","73.8682","Chintamani Nagar","18.4651","73.864","2026-09-08T07:11:00.000Z","1","1","bike","true","21","Pickup near the hub","SCHEDULED","2026-09-08","7476dd98-4472-4eac-b342-e2fda1e8b47e","09:24","12:26","return_from_college","13","12"
"2419322b-9919-468e-a5ed-4889ec3bba1f","0234ea7e-b8a5-4a4f-8b12-eb48fefff06e","swargate-vit","11cd5543-db39-4321-9f12-008b367d2ce1","6c30c56b-74ce-4c24-a819-98b9ab6387f5","Upper Indira Nagar Bus Depot","18.4682","73.8623","VIT College","18.4635","73.8682","2026-09-10T07:42:00.000Z","1","0","scooty","true","18","Pickup near the hub","COMPLETED","2026-09-10","49bb7fe6-9eed-4bad-89bf-61719f757396","13:42","17:25","travel_to_college","10","12"
"42a1981a-e7eb-43d3-b291-980286febec3","2e0f5d10-9fa3-4578-9046-adc52e9f52d6","katraj-vit","6c30c56b-74ce-4c24-a819-98b9ab6387f5","ebb92112-ef31-4ebe-a259-4e999c52f0fd","VIT College","18.4635","73.8682","Bharati Vidyapeeth","18.456","73.8574","2026-09-10T06:23:00.000Z","3","1","car","false","49","","COMPLETED","2026-09-10","c5f1dbdb-87e2-4dd1-aed4-15d814b51b41","08:10","11:38","return_from_college","13","3"
"c09210db-df91-4535-8213-415977698bdd","29bb8b65-a83a-4f6b-b7c4-0a86fd9b82a1","swargate-vit","3221d156-13e7-4834-84ce-848f49b87be2","6c30c56b-74ce-4c24-a819-98b9ab6387f5","Bibwewadi Bus Stop","18.4792","73.8615","VIT College","18.4635","73.8682","2026-09-11T04:46:00.000Z","1","0","scooty","true","29","Please arrive five minutes early","COMPLETED","2026-09-11","e8a15604-13de-4de0-b7d0-7d42e5d126cf","10:46","14:10","travel_to_college","7","12"
"a3a39890-4ced-4ab2-96cf-80ca9cde4f59","c283b8d4-e85f-4f55-a686-461ce166d95c","katraj-vit","6c30c56b-74ce-4c24-a819-98b9ab6387f5","86597dc2-00ef-475a-8a9a-daf0323897ca","VIT College","18.4635","73.8682","Katraj Terminal","18.4471","73.8562","2026-09-12T09:53:00.000Z","1","1","bike","true","18","Please arrive five minutes early","COMPLETED","2026-09-12","187aafab-f11b-4bc4-bd0d-f321127200b9","11:26","15:08","return_from_college","13","1"
"f632ea30-4562-42a7-aa57-62b8fcf38cf4","a7ff8669-7d2a-4462-beb0-0d9e874f1dc8","swargate-vit","eb0d92a7-38aa-446a-9f38-091814ea3abd","6c30c56b-74ce-4c24-a819-98b9ab6387f5","Chintamani Nagar","18.4651","73.864","VIT College","18.4635","73.8682","2026-09-15T07:05:00.000Z","4","3","car","false","21","Pickup near the hub","SCHEDULED","2026-09-15","06cfdc40-9e32-4a2c-808e-41d40e5f1bc5","13:05","17:03","travel_to_college","11","12"
"30c83b98-bf06-469c-b074-c979dd771dbb","dae29690-62f3-4202-8961-05b05ec7dcc6","katraj-vit","6c30c56b-74ce-4c24-a819-98b9ab6387f5","0ad9adea-2c75-4d2a-86ae-34dcc0727788","VIT College","18.4635","73.8682","Shankar Maharaj Math","18.4735","73.8579","2026-09-15T07:36:00.000Z","1","0","scooty","true","0","Morning campus commute","COMPLETED","2026-09-15","978a2744-cf81-4c9c-9acd-4d2c5db00998","09:31","12:51","return_from_college","13","6"
"c2c268e7-23bf-4f79-9524-472be85437d1","856b4feb-c8f1-4731-b41e-d21be114be5d","swargate-vit","596f6d76-b8c5-4cf2-9058-1a1a334d424d","6c30c56b-74ce-4c24-a819-98b9ab6387f5","Panchami BRTS","18.4902","73.8586","VIT College","18.4635","73.8682","2026-09-15T05:19:00.000Z","4","2","car","false","67","Please arrive five minutes early","COMPLETED","2026-09-15","08c6886c-d304-4188-8bdb-b623d6672780","11:19","14:57","travel_to_college","4","12"
"dba459ff-e61c-49a6-b617-57a0f0a7f879","8d2bb992-3062-4ae3-b2ae-9d47074dec68","katraj-vit","6c30c56b-74ce-4c24-a819-98b9ab6387f5","1bc21bdf-5bcc-4dd4-8140-eac24ae23b69","VIT College","18.4635","73.8682","Kashinath Patil Nagar Stop","18.4745","73.8631","2026-09-16T06:43:00.000Z","1","0","bike","true","10","Morning campus commute","SCHEDULED","2026-09-16","149e0f43-5e76-4c72-9f65-927177cf4e87","08:19","11:58","return_from_college","13","10"
"3ccbfcdc-f7b8-41f9-9639-ac324535425f","b94bb3da-92c3-4ecf-b576-f9dbbce590b5","swargate-vit","3221d156-13e7-4834-84ce-848f49b87be2","6c30c56b-74ce-4c24-a819-98b9ab6387f5","Bibwewadi Bus Stop","18.4792","73.8615","VIT College","18.4635","73.8682","2026-09-17T07:01:00.000Z","1","0","scooty","true","1","","CANCELLED","2026-09-17","6024c2d0-6191-4021-8491-4a80800b6834","13:01","16:56","travel_to_college","7","12"
"8260fdc9-307c-4bb9-823f-0379cb8e7484","db6d13c6-50ea-4ee7-98cb-daab8b877783","katraj-vit","6c30c56b-74ce-4c24-a819-98b9ab6387f5","ebb92112-ef31-4ebe-a259-4e999c52f0fd","VIT College","18.4635","73.8682","Bharati Vidyapeeth","18.456","73.8574","2026-09-18T10:06:00.000Z","4","3","car","false","45","Morning campus commute","COMPLETED","2026-09-18","ddecf8a4-c631-4349-aef5-21b31a64f53b","11:48","15:21","return_from_college","13","3"
"67d43918-bc6a-431a-aa68-4244b7299882","aba3000b-d3fe-45b0-93f8-1eb12fe76121","swargate-vit","570167fe-7324-46a2-9cf4-fbea6048e8be","6c30c56b-74ce-4c24-a819-98b9ab6387f5","City Pride BRTS","18.4845","73.8583","VIT College","18.4635","73.8682","2026-09-19T04:51:00.000Z","3","1","car","false","44","Morning campus commute","SCHEDULED","2026-09-19","ccf2c7f2-28d4-4623-a77e-b3c06f30756d","10:51","14:40","travel_to_college","5","12"
"47200263-42ff-4887-b573-2ff0731c2f7d","0f35346d-5638-4de0-b685-b0f5e42ff331","katraj-vit","6c30c56b-74ce-4c24-a819-98b9ab6387f5","ebb92112-ef31-4ebe-a259-4e999c52f0fd","VIT College","18.4635","73.8682","Bharati Vidyapeeth","18.456","73.8574","2026-09-21T11:43:00.000Z","1","0","scooty","true","10","Please arrive five minutes early","SCHEDULED","2026-09-21","518d95ca-027a-4c55-b3a8-62fa10474983","13:12","16:58","return_from_college","13","3"
"c462898e-b664-414c-880a-752f2e01ec05","b53fb963-29ea-4299-915f-2cf34647fe2b","swargate-vit","a80964b4-72f5-43de-ad1a-bdcb9fca796e","6c30c56b-74ce-4c24-a819-98b9ab6387f5","Lower Indira Nagar Stop","18.4718","73.8618","VIT College","18.4635","73.8682","2026-09-22T05:18:00.000Z","1","1","scooty","true","11","","SCHEDULED","2026-09-22","e4bc70c5-be1a-4968-a183-90295db8af8f","11:18","14:45","travel_to_college","8","12"
"672300c6-a131-406d-a51a-411049113f03","a2cb33f4-0739-4e42-9665-4bae72ebfb2a","katraj-vit","6c30c56b-74ce-4c24-a819-98b9ab6387f5","11cd5543-db39-4321-9f12-008b367d2ce1","VIT College","18.4635","73.8682","Upper Indira Nagar Bus Depot","18.4682","73.8623","2026-09-22T10:42:00.000Z","1","0","scooty","true","19","Pickup near the hub","SCHEDULED","2026-09-22","856e8fac-d8e5-4267-88a0-22326bb90a65","12:49","15:57","return_from_college","13","11"
"c5f334a9-d905-4a18-9c76-744aefec8b2c","95e5d040-6f8f-43de-b101-0a1abbfde269","swargate-vit","11cd5543-db39-4321-9f12-008b367d2ce1","6c30c56b-74ce-4c24-a819-98b9ab6387f5","Upper Indira Nagar Bus Depot","18.4682","73.8623","VIT College","18.4635","73.8682","2026-09-24T04:24:00.000Z","2","0","car","false","26","Morning campus commute","SCHEDULED","2026-09-24","0fc313ba-09d6-4fa5-83e3-b417724d74d5","10:24","13:42","travel_to_college","10","12"
"3bc86f5c-3099-4f83-9938-d19f28c748a1","b4419d49-c195-4f67-8a68-1e38418429ef","katraj-vit","6c30c56b-74ce-4c24-a819-98b9ab6387f5","876d2e4d-fad4-4ee2-916c-e5ad147030cf","VIT College","18.4635","73.8682","Katraj Dairy BRTS","18.4508","73.8569","2026-09-24T11:07:00.000Z","1","0","scooty","true","27","","SCHEDULED","2026-09-24","a6017597-b73f-48d3-939a-b95a80210f4d","12:32","16:22","return_from_college","13","2"
"53697bd3-4d5a-4e6f-928e-55d014bea16e","ada304c3-1114-48bb-bacb-69446eecee2a","swargate-vit","596f6d76-b8c5-4cf2-9058-1a1a334d424d","6c30c56b-74ce-4c24-a819-98b9ab6387f5","Panchami BRTS","18.4902","73.8586","VIT College","18.4635","73.8682","2026-09-25T03:38:00.000Z","2","0","car","false","48","","SCHEDULED","2026-09-25","5422c47e-f917-4e98-bced-dc9d782e5abf","09:38","13:33","travel_to_college","4","12"
"fe797ccb-dcab-4cea-bedc-7dbbfb0e6401","fbade199-d957-41f1-9c4b-bef677c6f400","katraj-vit","6c30c56b-74ce-4c24-a819-98b9ab6387f5","a80964b4-72f5-43de-ad1a-bdcb9fca796e","VIT College","18.4635","73.8682","Lower Indira Nagar Stop","18.4718","73.8618","2026-09-28T12:17:00.000Z","1","0","scooty","false","17","Please arrive five minutes early","SCHEDULED","2026-09-28","f6994fdc-f0ac-4fba-a8ba-08f315a99a00","13:45","17:32","return_from_college","13","9"
"6880deab-b831-4a52-b582-07c686838a69","ffe56b11-38f8-4fa2-936c-d19021b522b8","swargate-vit","3221d156-13e7-4834-84ce-848f49b87be2","6c30c56b-74ce-4c24-a819-98b9ab6387f5","Bibwewadi Bus Stop","18.4792","73.8615","VIT College","18.4635","73.8682","2026-09-28T05:08:00.000Z","1","0","scooty","false","10","","SCHEDULED","2026-09-28","04df1ee2-6e52-47e2-ad74-3895e58ee4d8","11:08","14:12","travel_to_college","7","12"
"e3951f74-d33d-4f94-9091-edb8749b277e","02927b89-ffa8-40e0-963e-2651a35e576d","katraj-vit","6c30c56b-74ce-4c24-a819-98b9ab6387f5","0ad9adea-2c75-4d2a-86ae-34dcc0727788","VIT College","18.4635","73.8682","Shankar Maharaj Math","18.4735","73.8579","2026-09-28T08:37:00.000Z","2","1","car","false","48","Please arrive five minutes early","SCHEDULED","2026-09-28","cf5f5d89-1cb5-45be-ac74-037c09b554e1","10:43","13:52","return_from_college","13","6"
"ffa07926-8743-4196-b608-ad1488a7638a","e9ac0d57-c267-41a2-84aa-846e6f118304","swargate-vit","596f6d76-b8c5-4cf2-9058-1a1a334d424d","6c30c56b-74ce-4c24-a819-98b9ab6387f5","Panchami BRTS","18.4902","73.8586","VIT College","18.4635","73.8682","2026-09-29T03:58:00.000Z","2","2","car","false","35","","SCHEDULED","2026-09-29","6981778f-876b-4b6e-a516-845271d6292a","09:58","13:52","travel_to_college","4","12"
"7dbaad8f-272b-46df-989e-f705b0f08fd3","d138941d-1b44-42fe-975d-1a4eb78e7f92","katraj-vit","6c30c56b-74ce-4c24-a819-98b9ab6387f5","3221d156-13e7-4834-84ce-848f49b87be2","VIT College","18.4635","73.8682","Bibwewadi Bus Stop","18.4792","73.8615","2026-10-01T09:44:00.000Z","1","0","bike","true","4","","SCHEDULED","2026-10-01","b23ff17f-f9f0-4a98-9788-e5802e1e7988","11:14","14:59","return_from_college","13","8"
"fa2ff6bf-ca28-4f23-9296-bb129099252a","f50ed78b-09ac-4340-b6dd-86ae124a356e","swargate-vit","19cfadd2-1ff7-4a2f-b5e3-eeb73f44cc28","6c30c56b-74ce-4c24-a819-98b9ab6387f5","Swargate PMPML Main Bus Stand","18.4991","73.8583","VIT College","18.4635","73.8682","2026-10-01T04:46:00.000Z","1","0","bike","true","21","","SCHEDULED","2026-10-01","d8fe1d0c-c3ad-4f4f-8095-4b6e32e7b763","10:46","14:36","travel_to_college","1","12"
"61ac25c4-e0bf-4b6e-a241-70eceedba048","3857e3b0-5efa-484e-a045-2777f41b2610","katraj-vit","6c30c56b-74ce-4c24-a819-98b9ab6387f5","86597dc2-00ef-475a-8a9a-daf0323897ca","VIT College","18.4635","73.8682","Katraj Terminal","18.4471","73.8562","2026-10-03T07:54:00.000Z","1","0","bike","false","7","","SCHEDULED","2026-10-03","17a30354-bdad-4b3a-bd7b-2ed07834b99a","09:39","13:09","return_from_college","13","1"
"b990766c-e2e8-489f-9a89-641593a37e3b","ac0cf495-0f8e-40d8-b476-4ac4d53bdc5b","swargate-vit","86e290a5-7e39-4f7a-805e-a6154d820f01","6c30c56b-74ce-4c24-a819-98b9ab6387f5","Market Yard Corner","18.4792","73.8581","VIT College","18.4635","73.8682","2026-10-03T04:47:00.000Z","1","0","scooty","true","5","Please arrive five minutes early","SCHEDULED","2026-10-03","a42c8728-2c6c-4d9c-970d-937ac323dd96","10:47","14:08","travel_to_college","6","12"
"f4587e89-2762-4360-8973-5f60ee052396","93c44edd-bbc5-4ac3-9dba-63f636b8ed0b","katraj-vit","6c30c56b-74ce-4c24-a819-98b9ab6387f5","3221d156-13e7-4834-84ce-848f49b87be2","VIT College","18.4635","73.8682","Bibwewadi Bus Stop","18.4792","73.8615","2026-10-06T08:14:00.000Z","1","0","bike","false","11","","SCHEDULED","2026-10-06","b4c61b8f-4588-46a5-a9cf-8ac29fdc52ff","09:52","13:29","return_from_college","13","8"
"1fb6a133-cfcb-4ff0-ace8-fd749e17ccf0","aa3e3c66-ecde-4e1f-9ce3-1617c0ecdcef","swargate-vit","eb0d92a7-38aa-446a-9f38-091814ea3abd","6c30c56b-74ce-4c24-a819-98b9ab6387f5","Chintamani Nagar","18.4651","73.864","VIT College","18.4635","73.8682","2026-10-05T05:04:00.000Z","1","0","bike","true","27","Pickup near the hub","SCHEDULED","2026-10-05","95c349b2-386f-42e6-b164-ad5c0d95dad3","11:04","14:32","travel_to_college","11","12"
"38282c2a-2ede-4648-aa13-b3310c3b94f0","fa7fbc07-c93a-4085-a4f5-6f1e0fc83121","katraj-vit","6c30c56b-74ce-4c24-a819-98b9ab6387f5","86597dc2-00ef-475a-8a9a-daf0323897ca","VIT College","18.4635","73.8682","Katraj Terminal","18.4471","73.8562","2026-10-07T07:42:00.000Z","4","3","car","false","28","Please arrive five minutes early","SCHEDULED","2026-10-07","2a111801-06d9-4f6d-b9b5-6e59bd191025","09:53","12:57","return_from_college","13","1"
"a0848fe1-7530-48c1-bb1f-27797dc0407a","dbb7296e-eb2b-4e18-9aed-9b61128e1b95","swargate-vit","a80964b4-72f5-43de-ad1a-bdcb9fca796e","6c30c56b-74ce-4c24-a819-98b9ab6387f5","Lower Indira Nagar Stop","18.4718","73.8618","VIT College","18.4635","73.8682","2026-10-07T05:11:00.000Z","1","0","scooty","true","13","Morning campus commute","SCHEDULED","2026-10-07","5a603398-0beb-4fac-b273-0f9698c24581","11:11","14:24","travel_to_college","8","12"
"606bfa56-80b9-4c4f-9b20-9823c64ecd4e","f996d0d8-1d3e-4780-bb40-a3c76aeca0fe","katraj-vit","6c30c56b-74ce-4c24-a819-98b9ab6387f5","3221d156-13e7-4834-84ce-848f49b87be2","VIT College","18.4635","73.8682","Bibwewadi Bus Stop","18.4792","73.8615","2026-10-08T10:31:00.000Z","1","0","scooty","false","27","Please arrive five minutes early","SCHEDULED","2026-10-08","4183e5ec-a8f6-4baa-99a7-1ca1be8c4c1e","12:27","15:46","return_from_college","13","8"
"489e7212-7651-44f8-9127-cfa5880e0795","24be40cc-fd8a-4efb-95f0-6ec1a107c563","swargate-vit","1bc21bdf-5bcc-4dd4-8140-eac24ae23b69","6c30c56b-74ce-4c24-a819-98b9ab6387f5","Kashinath Patil Nagar Stop","18.4745","73.8631","VIT College","18.4635","73.8682","2026-10-09T03:20:00.000Z","3","2","car","false","50","Please arrive five minutes early","SCHEDULED","2026-10-09","48699a36-0d4c-4ee7-adae-6299c827e3f2","09:20","13:12","travel_to_college","9","12"
"7b0d36aa-8237-4d28-9df9-a5482f4deb56","bbd2b08c-34a8-4439-a7fa-b253b6a9fe04","katraj-vit","6c30c56b-74ce-4c24-a819-98b9ab6387f5","fea32ab3-d832-43d3-a3a0-788e8711526d","VIT College","18.4635","73.8682","Balaji Nagar BRTS","18.4628","73.8577","2026-10-13T09:23:00.000Z","1","0","scooty","true","0","Pickup near the hub","SCHEDULED","2026-10-13","10161e01-56af-46b2-ab9b-69e062a1c803","11:06","14:38","return_from_college","13","4"
"4f2a34af-d58a-4515-9ad5-f218b4838650","7d4898cc-54f3-4bd1-b9da-b31ff1cb26c3","swargate-vit","0095597e-ebd1-4f83-a6c0-a8e94be6a92b","6c30c56b-74ce-4c24-a819-98b9ab6387f5","Laxmi Narayan Theatre","18.4965","73.8584","VIT College","18.4635","73.8682","2026-10-13T05:27:00.000Z","1","0","scooty","true","4","Please arrive five minutes early","SCHEDULED","2026-10-13","5b5d9a02-f6f2-46af-94d6-b7256cec8e57","11:27","15:15","travel_to_college","3","12"
"77cf314a-71ba-4db1-b7c2-1340dffd1580","e0ad93ac-7350-43c7-be63-6b8925810342","katraj-vit","6c30c56b-74ce-4c24-a819-98b9ab6387f5","11cd5543-db39-4321-9f12-008b367d2ce1","VIT College","18.4635","73.8682","Upper Indira Nagar Bus Depot","18.4682","73.8623","2026-10-12T09:47:00.000Z","1","0","bike","false","21","","SCHEDULED","2026-10-12","2dcb247c-8f72-4c73-ba25-5172e6b59674","11:36","15:02","return_from_college","13","11"
"4663534b-ba27-41ea-83d3-554aff15c460","40ae73ca-67b2-4b5e-97c1-474a92b2d8d3","swargate-vit","0095597e-ebd1-4f83-a6c0-a8e94be6a92b","6c30c56b-74ce-4c24-a819-98b9ab6387f5","Laxmi Narayan Theatre","18.4965","73.8584","VIT College","18.4635","73.8682","2026-10-13T07:41:00.000Z","1","0","bike","true","12","Morning campus commute","SCHEDULED","2026-10-13","f74aada4-6bb8-4e36-b13f-1f24ae2fed1b","13:41","17:20","travel_to_college","3","12"
"79590f44-0967-42fd-b0b2-a39251b5dc46","c3c94b51-2803-4c25-9e1e-bbe1eb6386cc","katraj-vit","6c30c56b-74ce-4c24-a819-98b9ab6387f5","a80964b4-72f5-43de-ad1a-bdcb9fca796e","VIT College","18.4635","73.8682","Lower Indira Nagar Stop","18.4718","73.8618","2026-10-14T06:49:00.000Z","1","0","bike","false","27","Morning campus commute","SCHEDULED","2026-10-14","9950861b-3bb3-41e0-a584-c98f0b083229","08:35","12:04","return_from_college","13","9"
"f5a29d7e-8658-4fca-8260-746bf71cbc3e","a61af15b-11ce-4c02-a80b-bdf8f24338bc","swargate-vit","596f6d76-b8c5-4cf2-9058-1a1a334d424d","6c30c56b-74ce-4c24-a819-98b9ab6387f5","Panchami BRTS","18.4902","73.8586","VIT College","18.4635","73.8682","2026-10-15T05:11:00.000Z","4","4","car","false","47","Morning campus commute","SCHEDULED","2026-10-15","3542bc24-7602-47e4-893f-f1fc4f1884da","11:11","14:12","travel_to_college","4","12"
"e268d994-28cc-4698-8d36-13bfcfd92c0b","6aa130d0-4c4b-48c2-bc80-80079a81385f","katraj-vit","6c30c56b-74ce-4c24-a819-98b9ab6387f5","0ad9adea-2c75-4d2a-86ae-34dcc0727788","VIT College","18.4635","73.8682","Shankar Maharaj Math","18.4735","73.8579","2026-10-16T09:53:00.000Z","1","0","bike","true","7","Please arrive five minutes early","SCHEDULED","2026-10-16","a693b620-4233-40c2-9d2c-14c0d96bed97","11:44","15:08","return_from_college","13","6"
"3a7e4fd8-1932-460e-ab7a-d3cede393e3a","9c9999da-6c7c-4b0f-ba28-7f852899325d","swargate-vit","a80964b4-72f5-43de-ad1a-bdcb9fca796e","6c30c56b-74ce-4c24-a819-98b9ab6387f5","Lower Indira Nagar Stop","18.4718","73.8618","VIT College","18.4635","73.8682","2026-10-17T04:20:00.000Z","1","0","scooty","false","1","","SCHEDULED","2026-10-17","0e5a3f3b-27af-42fa-85c7-0a1b8b53f3c5","10:20","13:21","travel_to_college","8","12"
"98ddfa6a-b8dc-480c-ab44-4e18618e574d","1f497524-0e6c-424a-94f9-93905b5a9755","katraj-vit","6c30c56b-74ce-4c24-a819-98b9ab6387f5","af5c22fe-11db-4392-b90e-85f946c0a37b","VIT College","18.4635","73.8682","KK Market BRTS","18.4683","73.8579","2026-10-19T11:37:00.000Z","4","4","car","false","55","Please arrive five minutes early","SCHEDULED","2026-10-19","891c22c8-5e00-4137-ab98-a7b572bd907a","13:23","16:52","return_from_college","13","5"
"8eb11c9b-704b-49ef-9705-750658c1b7c6","1734859f-c79f-4dfa-95dd-e252c5d669fc","swargate-vit","a80964b4-72f5-43de-ad1a-bdcb9fca796e","6c30c56b-74ce-4c24-a819-98b9ab6387f5","Lower Indira Nagar Stop","18.4718","73.8618","VIT College","18.4635","73.8682","2026-10-23T03:06:00.000Z","1","1","scooty","true","30","","SCHEDULED","2026-10-23","7e56d2fa-7126-44f1-a7df-efe76b0c8ad7","09:06","12:52","travel_to_college","8","12"
"838fc599-3923-43de-a423-cab1369604cd","f03cb019-ecb8-42fc-ad8b-4be7116d9966","katraj-vit","6c30c56b-74ce-4c24-a819-98b9ab6387f5","86597dc2-00ef-475a-8a9a-daf0323897ca","VIT College","18.4635","73.8682","Katraj Terminal","18.4471","73.8562","2026-10-20T10:12:00.000Z","1","0","bike","true","4","","SCHEDULED","2026-10-20","f74d87b8-b1cb-46d0-956b-a42db185d136","11:54","15:27","return_from_college","13","1"
"8199f561-4f70-4b8c-b716-2b3f4bed1b28","6cc8d264-2c05-4a80-90d4-2b29b4ccd802","swargate-vit","0c2d013a-9422-4c89-905f-4ec287ba2251","6c30c56b-74ce-4c24-a819-98b9ab6387f5","Swargate BRTS Stop","18.4982","73.8588","VIT College","18.4635","73.8682","2026-10-22T03:07:00.000Z","1","0","scooty","true","5","Please arrive five minutes early","SCHEDULED","2026-10-22","5987d3cd-8340-475b-98cb-3f0b50630d3a","09:07","12:30","travel_to_college","2","12"
"c8bf692e-7598-49c5-bbfc-aee094a11115","a49cc7a3-0beb-4fbf-8d54-c676dfe72f4b","katraj-vit","6c30c56b-74ce-4c24-a819-98b9ab6387f5","eb0d92a7-38aa-446a-9f38-091814ea3abd","VIT College","18.4635","73.8682","Chintamani Nagar","18.4651","73.864","2026-10-22T09:09:00.000Z","4","2","car","false","77","","SCHEDULED","2026-10-22","60ac46eb-fb6e-4280-999c-ba7b0edf3400","10:32","14:24","return_from_college","13","12"
"01312676-73a4-4ce7-8860-74087a03f0c6","998a2999-5be3-435d-8015-2a973a6e97cc","swargate-vit","19cfadd2-1ff7-4a2f-b5e3-eeb73f44cc28","6c30c56b-74ce-4c24-a819-98b9ab6387f5","Swargate PMPML Main Bus Stand","18.4991","73.8583","VIT College","18.4635","73.8682","2026-10-23T06:09:00.000Z","1","0","scooty","true","26","Please arrive five minutes early","SCHEDULED","2026-10-23","daf2113f-62fe-4cf9-aae8-1da6ddf4103e","12:09","15:58","travel_to_college","1","12"
"5c1b3efb-7c50-49a5-b5d1-3d644f237d61","856fb0bc-3ae4-454f-9f56-312a33995404","katraj-vit","6c30c56b-74ce-4c24-a819-98b9ab6387f5","876d2e4d-fad4-4ee2-916c-e5ad147030cf","VIT College","18.4635","73.8682","Katraj Dairy BRTS","18.4508","73.8569","2026-10-26T10:21:00.000Z","1","0","scooty","true","8","Please arrive five minutes early","SCHEDULED","2026-10-26","90a58c41-fff8-4c26-b259-c55b5dc48ab8","11:53","15:36","return_from_college","13","2"
"9033334b-bfa8-423c-8fe1-8590201a5c3d","609a5aa2-e576-472b-ae03-3d339a90c45c","swargate-vit","0c2d013a-9422-4c89-905f-4ec287ba2251","6c30c56b-74ce-4c24-a819-98b9ab6387f5","Swargate BRTS Stop","18.4982","73.8588","VIT College","18.4635","73.8682","2026-10-26T07:38:00.000Z","1","0","scooty","true","23","","SCHEDULED","2026-10-26","1cc0e9b0-2e71-4c96-b4ef-7b3ae24dacad","13:38","16:45","travel_to_college","2","12"
"68326949-6fc7-41c0-a02b-5666ac81045d","3a8f1c12-2394-4eb5-8694-7152af59c7d0","katraj-vit","6c30c56b-74ce-4c24-a819-98b9ab6387f5","1bc21bdf-5bcc-4dd4-8140-eac24ae23b69","VIT College","18.4635","73.8682","Kashinath Patil Nagar Stop","18.4745","73.8631","2026-10-26T07:59:00.000Z","1","0","bike","true","2","","SCHEDULED","2026-10-26","017f0d04-c0ce-4985-a80d-cf37eddf635d","10:13","13:14","return_from_college","13","10"
"478bb025-bace-45fa-8187-1ae9987e5428","73c6ef3d-a748-4db3-bd54-68c614823c0d","swargate-vit","1bc21bdf-5bcc-4dd4-8140-eac24ae23b69","6c30c56b-74ce-4c24-a819-98b9ab6387f5","Kashinath Patil Nagar Stop","18.4745","73.8631","VIT College","18.4635","73.8682","2026-10-28T06:24:00.000Z","2","1","car","false","31","Pickup near the hub","SCHEDULED","2026-10-28","79797ae8-3c95-4bd1-a7b3-fb18d847690b","12:24","16:10","travel_to_college","9","12"
"c92b4087-a422-4d8c-8e79-26bfac9ca101","6a3f9cb7-ea70-4c12-87b0-f7ee4a38b313","katraj-vit","6c30c56b-74ce-4c24-a819-98b9ab6387f5","3221d156-13e7-4834-84ce-848f49b87be2","VIT College","18.4635","73.8682","Bibwewadi Bus Stop","18.4792","73.8615","2026-10-28T07:55:00.000Z","3","1","car","false","22","Morning campus commute","SCHEDULED","2026-10-28","3b7fdda0-920b-46f2-9fb8-cb02a2d677cc","09:14","13:10","return_from_college","13","8"
"11bc1a50-2f31-48c5-9c56-1de186423417","df718002-b68d-406f-af02-b7ebdc19dfaa","swargate-vit","86e290a5-7e39-4f7a-805e-a6154d820f01","6c30c56b-74ce-4c24-a819-98b9ab6387f5","Market Yard Corner","18.4792","73.8581","VIT College","18.4635","73.8682","2026-10-29T05:39:00.000Z","1","0","scooty","true","2","Please arrive five minutes early","SCHEDULED","2026-10-29","a327a5f3-e46d-4836-bd78-cd5019ebe565","11:39","15:07","travel_to_college","6","12"
"b004db2c-bb58-4659-b373-891c966e24fb","5d577020-68d2-4a61-b36d-861bf1486666","katraj-vit","6c30c56b-74ce-4c24-a819-98b9ab6387f5","af5c22fe-11db-4392-b90e-85f946c0a37b","VIT College","18.4635","73.8682","KK Market BRTS","18.4683","73.8579","2026-10-30T06:49:00.000Z","3","0","car","false","69","Pickup near the hub","SCHEDULED","2026-10-30","20bc6e37-b072-4065-96b4-08f034ad617f","08:59","12:04","return_from_college","13","5"
"e63bc4eb-1cc1-4558-8970-eae47d229ce3","f7676189-9518-498b-a982-6c245aff61a1","swargate-vit","3221d156-13e7-4834-84ce-848f49b87be2","6c30c56b-74ce-4c24-a819-98b9ab6387f5","Bibwewadi Bus Stop","18.4792","73.8615","VIT College","18.4635","73.8682","2026-10-31T06:13:00.000Z","1","0","bike","true","23","Pickup near the hub","SCHEDULED","2026-10-31","5fbcafda-5b02-4fe7-8bc4-d001f20b65cb","12:13","16:06","travel_to_college","7","12"
"40ce5803-9ea2-4fde-86be-d19f64893f91","829e7fa5-0c38-47a9-a715-877dada17b24","katraj-vit","6c30c56b-74ce-4c24-a819-98b9ab6387f5","11cd5543-db39-4321-9f12-008b367d2ce1","VIT College","18.4635","73.8682","Upper Indira Nagar Bus Depot","18.4682","73.8623","2026-11-02T10:35:00.000Z","3","1","car","false","21","","SCHEDULED","2026-11-02","ef7df226-a9a4-4e57-b103-b5035e19bad0","11:54","15:50","return_from_college","13","11"
"07c1f54f-5628-491b-8876-6ea47f6a3a6f","443d0a1a-c4da-4cf7-9517-4c02de0dff9c","swargate-vit","11cd5543-db39-4321-9f12-008b367d2ce1","6c30c56b-74ce-4c24-a819-98b9ab6387f5","Upper Indira Nagar Bus Depot","18.4682","73.8623","VIT College","18.4635","73.8682","2026-11-02T03:17:00.000Z","1","0","bike","true","0","Please arrive five minutes early","SCHEDULED","2026-11-02","5b93a2eb-4c45-40da-9731-44c51f3942b7","09:17","12:24","travel_to_college","10","12"
"b7e53912-d7ee-4b46-abc7-66df936c9135","e7cc1cf8-531c-4ba4-ae07-b3b8c7ed12b4","katraj-vit","6c30c56b-74ce-4c24-a819-98b9ab6387f5","876d2e4d-fad4-4ee2-916c-e5ad147030cf","VIT College","18.4635","73.8682","Katraj Dairy BRTS","18.4508","73.8569","2026-11-04T08:07:00.000Z","1","1","bike","false","10","","SCHEDULED","2026-11-04","18ca6419-7fcb-4590-9d82-a8059d5e3cba","10:21","13:22","return_from_college","13","2"
"2a624fa6-6ead-486a-8633-35da388c9345","105772de-3e2e-4525-873d-28205793d14f","swargate-vit","0095597e-ebd1-4f83-a6c0-a8e94be6a92b","6c30c56b-74ce-4c24-a819-98b9ab6387f5","Laxmi Narayan Theatre","18.4965","73.8584","VIT College","18.4635","73.8682","2026-11-04T03:54:00.000Z","1","0","scooty","true","11","Please arrive five minutes early","SCHEDULED","2026-11-04","1f247e4f-f355-4ba4-a55a-684f58a3fa51","09:54","13:06","travel_to_college","3","12"
"1a5421f5-f61c-4571-90b4-fb8985851bbf","665f2a26-5d69-41bd-bd37-5d34e2366453","katraj-vit","6c30c56b-74ce-4c24-a819-98b9ab6387f5","af5c22fe-11db-4392-b90e-85f946c0a37b","VIT College","18.4635","73.8682","KK Market BRTS","18.4683","73.8579","2026-11-05T07:18:00.000Z","1","0","scooty","true","11","Please arrive five minutes early","SCHEDULED","2026-11-05","2834e21d-9767-43fe-8e9a-89811e127408","09:28","12:33","return_from_college","13","5"
"eae4c192-f26a-40a5-b957-fdb141661848","c4023d4b-7895-4d6b-ba0a-7cbce21340b7","swargate-vit","1bc21bdf-5bcc-4dd4-8140-eac24ae23b69","6c30c56b-74ce-4c24-a819-98b9ab6387f5","Kashinath Patil Nagar Stop","18.4745","73.8631","VIT College","18.4635","73.8682","2026-08-11T06:22:00.000Z","1","0","bike","true","24","Pickup near the hub","COMPLETED","2026-08-11","a5515151-2a05-4816-b0c7-9f2856860d32","12:22","16:20","travel_to_college","9","12"
"1aaa9fc5-7bce-4483-b4fb-c182a69f8ba9","03dfc805-e814-4e5f-a637-8a041faf9ad7","katraj-vit","6c30c56b-74ce-4c24-a819-98b9ab6387f5","af5c22fe-11db-4392-b90e-85f946c0a37b","VIT College","18.4635","73.8682","KK Market BRTS","18.4683","73.8579","2026-08-10T10:50:00.000Z","1","0","bike","true","28","","COMPLETED","2026-08-10","773c7374-6dfc-4b5b-9ab2-72320de2b13a","12:41","16:05","return_from_college","13","5"
"193d021d-25af-4656-bf78-26221ef96d4e","2fd77d02-9eed-432b-bc2b-69984e53b256","swargate-vit","19cfadd2-1ff7-4a2f-b5e3-eeb73f44cc28","6c30c56b-74ce-4c24-a819-98b9ab6387f5","Swargate PMPML Main Bus Stand","18.4991","73.8583","VIT College","18.4635","73.8682","2026-08-10T02:43:00.000Z","1","1","bike","true","20","Please arrive five minutes early","COMPLETED","2026-08-10","c0a405ec-6c78-4e40-adef-cbcbed99629a","08:43","12:36","travel_to_college","1","12"
"cd08e074-68c5-4017-ba6f-50ac68f03372","5c76a658-080e-4482-b7f5-3c04ef99ff4f","katraj-vit","6c30c56b-74ce-4c24-a819-98b9ab6387f5","86e290a5-7e39-4f7a-805e-a6154d820f01","VIT College","18.4635","73.8682","Market Yard Corner","18.4792","73.8581","2026-08-11T06:45:00.000Z","4","4","car","false","32","Pickup near the hub","CANCELLED","2026-08-11","675c410f-4a1f-49c9-a595-1fdc71f38297","08:10","12:00","return_from_college","13","7"
"b7ce6a32-3f3a-4a2e-a8ed-55d1a2e0e090","2df45663-f8d0-4308-b79d-fd6c1ff852c9","swargate-vit","1bc21bdf-5bcc-4dd4-8140-eac24ae23b69","6c30c56b-74ce-4c24-a819-98b9ab6387f5","Kashinath Patil Nagar Stop","18.4745","73.8631","VIT College","18.4635","73.8682","2026-08-12T02:01:00.000Z","2","0","car","false","27","Please arrive five minutes early","CANCELLED","2026-08-12","f774d8b3-6c72-4669-9ff3-14146564c857","08:01","12:01","travel_to_college","9","12"
"ee4251ed-106b-4b49-85cf-fc59e57243b4","b5eb2319-5923-4823-9cfb-fa0ca41f597b","katraj-vit","6c30c56b-74ce-4c24-a819-98b9ab6387f5","ebb92112-ef31-4ebe-a259-4e999c52f0fd","VIT College","18.4635","73.8682","Bharati Vidyapeeth","18.456","73.8574","2026-08-13T10:32:00.000Z","3","3","car","false","24","Pickup near the hub","COMPLETED","2026-08-13","12f313c5-7071-4afc-9f99-ad6e2c748588","11:55","15:47","return_from_college","13","3"
"2306fa33-a81f-46a1-916c-cb1abe55fcea","36ffa906-e6db-4e16-8e9b-e3f24ede715c","swargate-vit","a80964b4-72f5-43de-ad1a-bdcb9fca796e","6c30c56b-74ce-4c24-a819-98b9ab6387f5","Lower Indira Nagar Stop","18.4718","73.8618","VIT College","18.4635","73.8682","2026-08-14T05:49:00.000Z","3","3","car","false","72","Morning campus commute","COMPLETED","2026-08-14","9df77de0-500f-44ad-9a0d-a3d61f235eb7","11:49","15:02","travel_to_college","8","12"
"accdbd4b-396d-4079-9176-3ca5c9e76929","e163653a-9bbe-4e9d-81ab-acf5fb7c4166","katraj-vit","6c30c56b-74ce-4c24-a819-98b9ab6387f5","11cd5543-db39-4321-9f12-008b367d2ce1","VIT College","18.4635","73.8682","Upper Indira Nagar Bus Depot","18.4682","73.8623","2026-08-15T11:16:00.000Z","3","2","car","false","80","Please arrive five minutes early","SCHEDULED","2026-08-15","8dd0f526-7540-426b-9066-3dfb419f0747","12:56","16:31","return_from_college","13","11"
"d6c17434-0d4d-4199-b0bc-f6b9c07bc630","508e57b4-544e-4392-bbd1-17b3a4e613c3","swargate-vit","eb0d92a7-38aa-446a-9f38-091814ea3abd","6c30c56b-74ce-4c24-a819-98b9ab6387f5","Chintamani Nagar","18.4651","73.864","VIT College","18.4635","73.8682","2026-08-17T05:57:00.000Z","4","3","car","false","24","Pickup near the hub","COMPLETED","2026-08-17","6e97ebfe-16ed-4c7b-8634-a084265b0866","11:57","15:26","travel_to_college","11","12"
"9e7f8a10-8c34-4309-9abb-26fc9dc0f90f","2e269fc9-9682-468b-b756-d02e46a395d8","katraj-vit","6c30c56b-74ce-4c24-a819-98b9ab6387f5","3221d156-13e7-4834-84ce-848f49b87be2","VIT College","18.4635","73.8682","Bibwewadi Bus Stop","18.4792","73.8615","2026-08-17T09:27:00.000Z","4","3","car","false","64","Pickup near the hub","COMPLETED","2026-08-17","cd0405d1-c149-4621-a125-f651f637b755","11:22","14:42","return_from_college","13","8"
"347998d6-1193-4173-aba0-3adf84a035d8","fa4b13bc-6768-4b5d-843e-2b8836ed9113","swargate-vit","570167fe-7324-46a2-9cf4-fbea6048e8be","6c30c56b-74ce-4c24-a819-98b9ab6387f5","City Pride BRTS","18.4845","73.8583","VIT College","18.4635","73.8682","2026-08-18T07:55:00.000Z","2","2","car","false","63","Morning campus commute","SCHEDULED","2026-08-18","8e21c923-583e-489b-915a-02c4b923b1f2","13:55","17:33","travel_to_college","5","12"
"4cb06401-c831-4878-8d3a-0cf284dd9b3a","8190565d-9fb1-4428-a386-4bb1b2f4fdee","katraj-vit","6c30c56b-74ce-4c24-a819-98b9ab6387f5","eb0d92a7-38aa-446a-9f38-091814ea3abd","VIT College","18.4635","73.8682","Chintamani Nagar","18.4651","73.864","2026-08-19T12:35:00.000Z","4","2","car","false","70","Morning campus commute","COMPLETED","2026-08-19","fb826936-a5b8-457d-83c4-e899a445f106","13:50","17:50","return_from_college","13","12"
"c2903257-5007-4e17-ae40-b7c8060b32a1","e4b9e33a-9380-46ad-8b5f-37aca78f2d78","swargate-vit","0c2d013a-9422-4c89-905f-4ec287ba2251","6c30c56b-74ce-4c24-a819-98b9ab6387f5","Swargate BRTS Stop","18.4982","73.8588","VIT College","18.4635","73.8682","2026-08-20T03:23:00.000Z","1","0","bike","true","10","Pickup near the hub","COMPLETED","2026-08-20","853a59bf-6174-40a4-baea-027159de93e3","09:23","13:13","travel_to_college","2","12"
"b0526699-f3dc-4f5d-9b48-6a8535184646","61b7de30-6ccf-41d6-881f-85e56e865717","katraj-vit","6c30c56b-74ce-4c24-a819-98b9ab6387f5","fea32ab3-d832-43d3-a3a0-788e8711526d","VIT College","18.4635","73.8682","Balaji Nagar BRTS","18.4628","73.8577","2026-08-21T11:23:00.000Z","4","4","car","false","58","Pickup near the hub","COMPLETED","2026-08-21","6c45ecf6-e05c-4090-807e-a76202c916cb","13:27","16:38","return_from_college","13","4"
"ca939ded-9104-42cf-a4b3-6843b47783c2","b3224a72-ff85-487a-a6c9-b6a1e3beb8dc","swargate-vit","596f6d76-b8c5-4cf2-9058-1a1a334d424d","6c30c56b-74ce-4c24-a819-98b9ab6387f5","Panchami BRTS","18.4902","73.8586","VIT College","18.4635","73.8682","2026-08-22T05:45:00.000Z","3","2","car","false","38","Morning campus commute","COMPLETED","2026-08-22","a1452459-e5c8-47ce-9d8a-baf318fb0a2d","11:45","15:23","travel_to_college","4","12"
"a82b0c1a-886f-4211-a0a9-054ebf2de948","81213212-6e43-4b70-96e8-51e59fb5e735","katraj-vit","6c30c56b-74ce-4c24-a819-98b9ab6387f5","11cd5543-db39-4321-9f12-008b367d2ce1","VIT College","18.4635","73.8682","Upper Indira Nagar Bus Depot","18.4682","73.8623","2026-08-24T09:40:00.000Z","1","0","bike","true","4","","CANCELLED","2026-08-24","b4ff9bc3-72f0-4e32-8e8a-0e2939682e96","11:46","14:55","return_from_college","13","11"
"9c4be972-a9b9-40d6-aa1d-6f5408282dac","ae43995b-0b10-49a4-a37e-36a29c7b89fa","swargate-vit","0c2d013a-9422-4c89-905f-4ec287ba2251","6c30c56b-74ce-4c24-a819-98b9ab6387f5","Swargate BRTS Stop","18.4982","73.8588","VIT College","18.4635","73.8682","2026-08-24T05:37:00.000Z","1","0","bike","true","5","Please arrive five minutes early","SCHEDULED","2026-08-24","7478456f-2d63-4d5d-9aee-fab7c9f7be63","11:37","14:43","travel_to_college","2","12"
"87db7b35-55db-4c56-99f0-a6ba239c2439","2139d70e-ad87-4ff0-985d-00ddaa9d1f33","katraj-vit","6c30c56b-74ce-4c24-a819-98b9ab6387f5","1bc21bdf-5bcc-4dd4-8140-eac24ae23b69","VIT College","18.4635","73.8682","Kashinath Patil Nagar Stop","18.4745","73.8631","2026-08-25T09:37:00.000Z","3","3","car","false","40","Please arrive five minutes early","SCHEDULED","2026-08-25","f6d4a673-850a-47aa-a228-12014e8c9427","11:20","14:52","return_from_college","13","10"
"4a54e2bf-6545-4272-ad64-bd47d61df079","b13dc47d-8a9c-45eb-9dee-0cc214bf6ab4","swargate-vit","3221d156-13e7-4834-84ce-848f49b87be2","6c30c56b-74ce-4c24-a819-98b9ab6387f5","Bibwewadi Bus Stop","18.4792","73.8615","VIT College","18.4635","73.8682","2026-08-26T04:56:00.000Z","1","0","bike","true","13","Please arrive five minutes early","COMPLETED","2026-08-26","847b68e9-a8c3-4971-a209-b090c134a492","10:56","14:31","travel_to_college","7","12"
"84595fe1-7158-45b5-867b-e6a74628a5e6","f1320520-f547-4abc-be6f-66bd5f323eb5","katraj-vit","6c30c56b-74ce-4c24-a819-98b9ab6387f5","86597dc2-00ef-475a-8a9a-daf0323897ca","VIT College","18.4635","73.8682","Katraj Terminal","18.4471","73.8562","2026-08-27T10:49:00.000Z","1","0","scooty","true","12","Please arrive five minutes early","COMPLETED","2026-08-27","3a8dc626-2861-4da8-ac44-1243aed8b992","12:25","16:04","return_from_college","13","1"
"01a4582b-778c-4fd3-9763-2d85857beef3","acb16d87-c821-4f83-a7a0-8733496f99be","swargate-vit","11cd5543-db39-4321-9f12-008b367d2ce1","6c30c56b-74ce-4c24-a819-98b9ab6387f5","Upper Indira Nagar Bus Depot","18.4682","73.8623","VIT College","18.4635","73.8682","2026-08-28T05:51:00.000Z","1","1","scooty","true","24","Pickup near the hub","CANCELLED","2026-08-28","6d7371bc-eced-4e22-a2f7-46bbcbbba094","11:51","15:23","travel_to_college","10","12"
"91cd9721-950d-4891-95b6-560672d57fde","d4a58744-1f9c-4554-9321-1fd9d20b1035","katraj-vit","6c30c56b-74ce-4c24-a819-98b9ab6387f5","876d2e4d-fad4-4ee2-916c-e5ad147030cf","VIT College","18.4635","73.8682","Katraj Dairy BRTS","18.4508","73.8569","2026-08-29T10:19:00.000Z","1","0","bike","true","4","","SCHEDULED","2026-08-29","ba1f145e-fdc9-498d-9a6d-f5b49b2289b5","12:14","15:34","return_from_college","13","2"
"0fe39544-ef36-496d-bd05-d021888a50a5","5118be9b-6811-4a52-9a62-a0ced3f60e27","swargate-vit","0095597e-ebd1-4f83-a6c0-a8e94be6a92b","6c30c56b-74ce-4c24-a819-98b9ab6387f5","Laxmi Narayan Theatre","18.4965","73.8584","VIT College","18.4635","73.8682","2026-09-01T05:20:00.000Z","3","1","car","false","74","Morning campus commute","COMPLETED","2026-09-01","786183c2-fb84-446e-99bf-0ffe3ec88183","11:20","14:23","travel_to_college","3","12"
"f30ce3ff-9b76-4031-8fe8-c6dfbcd28cdd","ccfa0157-3dc7-4140-84a7-8283ed55f1e4","katraj-vit","6c30c56b-74ce-4c24-a819-98b9ab6387f5","1bc21bdf-5bcc-4dd4-8140-eac24ae23b69","VIT College","18.4635","73.8682","Kashinath Patil Nagar Stop","18.4745","73.8631","2026-09-01T11:20:00.000Z","1","0","bike","true","20","","COMPLETED","2026-09-01","c0d561ce-f3a9-4f08-ade3-ae936bc10650","13:29","16:35","return_from_college","13","10"
"8fc39df0-6017-41f5-afb5-7a113699cf79","916eed74-db65-4e11-bce1-ffc16e674a10","swargate-vit","3221d156-13e7-4834-84ce-848f49b87be2","6c30c56b-74ce-4c24-a819-98b9ab6387f5","Bibwewadi Bus Stop","18.4792","73.8615","VIT College","18.4635","73.8682","2026-09-01T03:21:00.000Z","2","1","car","false","20","Morning campus commute","COMPLETED","2026-09-01","25da048f-8918-4ab0-925e-6bc6315e1eb0","09:21","12:46","travel_to_college","7","12"
"6ca9283c-c81a-41cb-9262-2b1bee36f6d0","f64e308c-4a0b-433f-bebb-09536f52d5f4","katraj-vit","6c30c56b-74ce-4c24-a819-98b9ab6387f5","86e290a5-7e39-4f7a-805e-a6154d820f01","VIT College","18.4635","73.8682","Market Yard Corner","18.4792","73.8581","2026-09-02T07:19:00.000Z","1","1","scooty","true","23","","COMPLETED","2026-09-02","dae8f597-a219-41e5-a060-5a39e94e418c","09:19","12:34","return_from_college","13","7"
"20245922-7f9b-4d65-9cc1-3246fbca71bb","c36606d7-b032-4936-8403-b0f1a43f756a","swargate-vit","1bc21bdf-5bcc-4dd4-8140-eac24ae23b69","6c30c56b-74ce-4c24-a819-98b9ab6387f5","Kashinath Patil Nagar Stop","18.4745","73.8631","VIT College","18.4635","73.8682","2026-09-03T03:19:00.000Z","1","0","scooty","true","2","Pickup near the hub","COMPLETED","2026-09-03","f0ca6925-1d9d-442e-afeb-db3fc5479a38","09:19","13:18","travel_to_college","9","12"
"f762400f-e44c-4c3b-b9c8-9bfd561b6e20","dc034266-a00f-4347-8cd9-5799da807274","katraj-vit","6c30c56b-74ce-4c24-a819-98b9ab6387f5","86597dc2-00ef-475a-8a9a-daf0323897ca","VIT College","18.4635","73.8682","Katraj Terminal","18.4471","73.8562","2026-09-04T10:58:00.000Z","4","3","car","false","78","Pickup near the hub","COMPLETED","2026-09-04","3cfe466b-fd71-41f8-90c5-ae81894249a1","12:20","16:13","return_from_college","13","1"
"3d9e423d-918c-494a-a8bd-2f6488df70c0","917b003b-c912-4ed9-afb7-f7eba33fcb14","swargate-vit","86e290a5-7e39-4f7a-805e-a6154d820f01","6c30c56b-74ce-4c24-a819-98b9ab6387f5","Market Yard Corner","18.4792","73.8581","VIT College","18.4635","73.8682","2026-09-05T04:45:00.000Z","1","0","scooty","true","9","Pickup near the hub","COMPLETED","2026-09-05","9da7d0bf-b874-4574-a6a7-19716b8912a4","10:45","14:29","travel_to_college","6","12"
"5cc08185-b339-4bb7-814a-7014a409b6b6","17983e48-5904-4312-9f6c-9d6f749c8539","katraj-vit","6c30c56b-74ce-4c24-a819-98b9ab6387f5","1bc21bdf-5bcc-4dd4-8140-eac24ae23b69","VIT College","18.4635","73.8682","Kashinath Patil Nagar Stop","18.4745","73.8631","2026-09-07T11:55:00.000Z","1","1","bike","true","27","Pickup near the hub","COMPLETED","2026-09-07","f7a4f172-2395-4401-b4aa-0ad474aacad4","13:28","17:10","return_from_college","13","10"
"d0147f0f-9dff-4ab5-829e-07e2649721a2","fb85cd08-9134-4e91-ad82-1bf40b5e18fe","swargate-vit","0c2d013a-9422-4c89-905f-4ec287ba2251","6c30c56b-74ce-4c24-a819-98b9ab6387f5","Swargate BRTS Stop","18.4982","73.8588","VIT College","18.4635","73.8682","2026-09-09T06:15:00.000Z","1","0","scooty","true","28","","SCHEDULED","2026-09-09","29dfe867-f16c-4b88-9437-b3dd7c96053b","12:15","16:05","travel_to_college","2","12"
"ae052ba8-5c1a-4561-9c33-141130e5628f","bab50b6c-7a07-4417-adaf-0a3f199ba726","katraj-vit","6c30c56b-74ce-4c24-a819-98b9ab6387f5","eb0d92a7-38aa-446a-9f38-091814ea3abd","VIT College","18.4635","73.8682","Chintamani Nagar","18.4651","73.864","2026-09-08T11:42:00.000Z","3","1","car","false","53","","COMPLETED","2026-09-08","92868fc9-38b3-47f0-9ae5-e23337535baa","13:01","16:57","return_from_college","13","12"
"b51b91cf-cfeb-4048-87c0-520d2ff484ab","aada7730-4500-49e3-9240-e7ca2f69db98","swargate-vit","0095597e-ebd1-4f83-a6c0-a8e94be6a92b","6c30c56b-74ce-4c24-a819-98b9ab6387f5","Laxmi Narayan Theatre","18.4965","73.8584","VIT College","18.4635","73.8682","2026-09-09T04:16:00.000Z","1","0","bike","true","4","Please arrive five minutes early","COMPLETED","2026-09-09","6a4bbf0a-2e3f-48f5-9409-7fefb0f8c761","10:16","14:15","travel_to_college","3","12"
"7b2f6b74-e8ca-4181-bbe7-02b790bc0115","f10fac1a-d7f2-4f4e-a8f2-d72fd48b371a","katraj-vit","6c30c56b-74ce-4c24-a819-98b9ab6387f5","11cd5543-db39-4321-9f12-008b367d2ce1","VIT College","18.4635","73.8682","Upper Indira Nagar Bus Depot","18.4682","73.8623","2026-09-10T06:02:00.000Z","2","0","car","false","56","","SCHEDULED","2026-09-10","1057a85c-40b8-4ecf-97db-af62c791e4e7","08:13","11:17","return_from_college","13","11"
"cfffa02c-1431-4c2c-9c09-2884923e9ff6","7a49978a-5b30-4a61-89ea-d655c3a89110","swargate-vit","3221d156-13e7-4834-84ce-848f49b87be2","6c30c56b-74ce-4c24-a819-98b9ab6387f5","Bibwewadi Bus Stop","18.4792","73.8615","VIT College","18.4635","73.8682","2026-09-12T07:11:00.000Z","4","3","car","false","29","Pickup near the hub","COMPLETED","2026-09-12","6e3b9e94-8e05-4923-89a4-6d951c09a813","13:11","16:46","travel_to_college","7","12"
"eda848cc-b22a-4858-8df8-8b63259cb5e6","08fe57ab-1152-4527-a359-68c4e78e68d5","katraj-vit","6c30c56b-74ce-4c24-a819-98b9ab6387f5","11cd5543-db39-4321-9f12-008b367d2ce1","VIT College","18.4635","73.8682","Upper Indira Nagar Bus Depot","18.4682","73.8623","2026-09-12T08:26:00.000Z","1","0","bike","false","25","Morning campus commute","SCHEDULED","2026-09-12","b72177d6-2f8a-40f1-8f19-3769ffc2ca8d","10:33","13:41","return_from_college","13","11"
"43936d16-adac-4c03-80f8-01e6ef744e96","669af901-6937-4b2d-a11b-46de7e09eced","swargate-vit","a80964b4-72f5-43de-ad1a-bdcb9fca796e","6c30c56b-74ce-4c24-a819-98b9ab6387f5","Lower Indira Nagar Stop","18.4718","73.8618","VIT College","18.4635","73.8682","2026-09-16T03:18:00.000Z","1","0","scooty","true","20","Please arrive five minutes early","COMPLETED","2026-09-16","2ef7c7f0-4702-4082-89f2-e663056ec9e9","09:18","12:20","travel_to_college","8","12"
"b8f2df5d-91ef-4966-84e0-982f34d11796","797bc6e5-c2a2-497c-bf6e-087c71a1d8b5","katraj-vit","6c30c56b-74ce-4c24-a819-98b9ab6387f5","af5c22fe-11db-4392-b90e-85f946c0a37b","VIT College","18.4635","73.8682","KK Market BRTS","18.4683","73.8579","2026-09-14T10:17:00.000Z","1","1","scooty","true","9","","SCHEDULED","2026-09-14","9652aa97-2697-452a-b017-81536d14954c","12:28","15:32","return_from_college","13","5"
"ec246858-3b03-4b2a-8b16-9341d9321c78","7f819a59-7908-47e3-8d88-f31823ce6b9f","swargate-vit","0c2d013a-9422-4c89-905f-4ec287ba2251","6c30c56b-74ce-4c24-a819-98b9ab6387f5","Swargate BRTS Stop","18.4982","73.8588","VIT College","18.4635","73.8682","2026-09-15T06:06:00.000Z","1","0","scooty","true","22","Pickup near the hub","COMPLETED","2026-09-15","41aee892-2362-437a-b255-ad7983c6a5df","12:06","15:55","travel_to_college","2","12"
"9e25ce2d-696f-40ba-a21d-adc579773a7e","08cf7a8e-ecd3-4df0-8139-226218b0981a","katraj-vit","6c30c56b-74ce-4c24-a819-98b9ab6387f5","11cd5543-db39-4321-9f12-008b367d2ce1","VIT College","18.4635","73.8682","Upper Indira Nagar Bus Depot","18.4682","73.8623","2026-09-16T07:25:00.000Z","1","0","scooty","true","2","Morning campus commute","SCHEDULED","2026-09-16","f2ebcca4-5e08-4758-b157-aa2ff585a245","09:35","12:40","return_from_college","13","11"
"e10054d7-019d-4661-8acf-a7c02793c39d","5ab9a35e-6ac7-4156-95ae-cc1e59bb9fa7","swargate-vit","1bc21bdf-5bcc-4dd4-8140-eac24ae23b69","6c30c56b-74ce-4c24-a819-98b9ab6387f5","Kashinath Patil Nagar Stop","18.4745","73.8631","VIT College","18.4635","73.8682","2026-09-17T05:16:00.000Z","1","1","scooty","true","14","","CANCELLED","2026-09-17","f231a39e-d03b-4f4e-a012-b07ce401764e","11:16","14:46","travel_to_college","9","12"
"a2ada4c5-5541-46f5-9ba3-ca2738625fbe","53329683-b608-43d8-93dd-40f75fc7d319","katraj-vit","6c30c56b-74ce-4c24-a819-98b9ab6387f5","ebb92112-ef31-4ebe-a259-4e999c52f0fd","VIT College","18.4635","73.8682","Bharati Vidyapeeth","18.456","73.8574","2026-09-18T10:09:00.000Z","1","0","scooty","true","30","Please arrive five minutes early","COMPLETED","2026-09-18","2c50d241-dd1a-4222-a0a1-d501a01edfd5","12:10","15:24","return_from_college","13","3"
"1bcbf866-59f4-4ef4-adde-62fce4947855","984e14a4-a27e-416c-9397-0cf2fb53101f","swargate-vit","0095597e-ebd1-4f83-a6c0-a8e94be6a92b","6c30c56b-74ce-4c24-a819-98b9ab6387f5","Laxmi Narayan Theatre","18.4965","73.8584","VIT College","18.4635","73.8682","2026-09-19T04:43:00.000Z","1","0","bike","true","26","Morning campus commute","SCHEDULED","2026-09-19","d4e8e670-8501-4b9b-9ec4-0117b1aad853","10:43","14:05","travel_to_college","3","12"
"3db3257f-3d10-4e5f-84eb-67dfbc67f98b","08c75e3d-df80-427a-b942-864b9136eb2a","katraj-vit","6c30c56b-74ce-4c24-a819-98b9ab6387f5","ebb92112-ef31-4ebe-a259-4e999c52f0fd","VIT College","18.4635","73.8682","Bharati Vidyapeeth","18.456","73.8574","2026-09-21T10:31:00.000Z","2","1","car","false","67","Morning campus commute","SCHEDULED","2026-09-21","3f3726ea-6748-42fa-acbc-05ba4988cdf8","12:42","15:46","return_from_college","13","3"
"58cc2256-2ec1-4cd2-8c61-7a6dfc93ecc3","77d7f815-239b-4019-bf1b-76b62751a21d","swargate-vit","0095597e-ebd1-4f83-a6c0-a8e94be6a92b","6c30c56b-74ce-4c24-a819-98b9ab6387f5","Laxmi Narayan Theatre","18.4965","73.8584","VIT College","18.4635","73.8682","2026-09-21T06:57:00.000Z","3","2","car","false","56","Pickup near the hub","SCHEDULED","2026-09-21","2f68535e-18b7-4a9a-a8ed-6fc1dadc441b","12:57","16:47","travel_to_college","3","12"
"04a66207-3f8e-4650-b19e-1692d8444905","fa8313a6-d0cd-4c89-ac5a-1bcf559767e4","katraj-vit","6c30c56b-74ce-4c24-a819-98b9ab6387f5","86597dc2-00ef-475a-8a9a-daf0323897ca","VIT College","18.4635","73.8682","Katraj Terminal","18.4471","73.8562","2026-09-22T11:15:00.000Z","1","0","scooty","true","4","","SCHEDULED","2026-09-22","121335d8-a11a-4f0a-ac02-0cb8164a3795","13:27","16:30","return_from_college","13","1"
"80ec623e-6857-448c-b901-d80a0141ee25","26f04940-3483-4462-a324-84a3c523c941","swargate-vit","a80964b4-72f5-43de-ad1a-bdcb9fca796e","6c30c56b-74ce-4c24-a819-98b9ab6387f5","Lower Indira Nagar Stop","18.4718","73.8618","VIT College","18.4635","73.8682","2026-09-24T05:25:00.000Z","2","1","car","false","29","Pickup near the hub","SCHEDULED","2026-09-24","e39b13e3-d216-4595-a1b5-733280d9766a","11:25","15:12","travel_to_college","8","12"
"ce84c9d5-53b0-4049-bef8-2c863c4743f4","364c0441-918b-402a-a77c-fc9446ad8d71","katraj-vit","6c30c56b-74ce-4c24-a819-98b9ab6387f5","86e290a5-7e39-4f7a-805e-a6154d820f01","VIT College","18.4635","73.8682","Market Yard Corner","18.4792","73.8581","2026-09-24T10:46:00.000Z","1","0","bike","true","24","","SCHEDULED","2026-09-24","37b07c49-cf7b-4e21-8b1d-e6130671500d","12:56","16:01","return_from_college","13","7"
"d31bc2e3-d543-430f-8694-03deef0d03a0","1d69f9fe-09f6-4a0a-8dc1-753c6b3015e6","swargate-vit","3221d156-13e7-4834-84ce-848f49b87be2","6c30c56b-74ce-4c24-a819-98b9ab6387f5","Bibwewadi Bus Stop","18.4792","73.8615","VIT College","18.4635","73.8682","2026-09-25T04:23:00.000Z","1","0","bike","true","18","Pickup near the hub","SCHEDULED","2026-09-25","59983cef-d063-4cda-8161-a80fcf875528","10:23","14:01","travel_to_college","7","12"
"98981a53-c80c-4f63-91fb-2b433181ec4e","0c422408-fcb3-49ec-919b-15b6c943586f","katraj-vit","6c30c56b-74ce-4c24-a819-98b9ab6387f5","876d2e4d-fad4-4ee2-916c-e5ad147030cf","VIT College","18.4635","73.8682","Katraj Dairy BRTS","18.4508","73.8569","2026-09-26T09:04:00.000Z","1","0","bike","true","9","Morning campus commute","SCHEDULED","2026-09-26","1180733f-f1d2-4c0c-8b45-d93f4083f8ed","10:42","14:19","return_from_college","13","2"
"785ea47f-a0e2-4e25-8534-f6b42b5194f7","8583b128-6eef-4c56-a566-5dc44a8d0a70","swargate-vit","a80964b4-72f5-43de-ad1a-bdcb9fca796e","6c30c56b-74ce-4c24-a819-98b9ab6387f5","Lower Indira Nagar Stop","18.4718","73.8618","VIT College","18.4635","73.8682","2026-09-28T02:24:00.000Z","1","0","bike","true","21","Please arrive five minutes early","SCHEDULED","2026-09-28","8df97909-ebe8-4322-b117-c32dd312c427","08:24","12:18","travel_to_college","8","12"
"b060f8ea-8adb-4269-aac4-410824a6548d","481621b5-ffcf-4751-b9e2-151c0182f97a","katraj-vit","6c30c56b-74ce-4c24-a819-98b9ab6387f5","86e290a5-7e39-4f7a-805e-a6154d820f01","VIT College","18.4635","73.8682","Market Yard Corner","18.4792","73.8581","2026-09-28T06:28:00.000Z","1","0","bike","true","23","Morning campus commute","SCHEDULED","2026-09-28","15d6cab2-51eb-4290-a285-0845e0ae4ad2","08:29","11:43","return_from_college","13","7"
"530061fe-8a66-4f85-8836-dc417f7912f2","25e86fcd-e6f3-4cae-abe5-69da8dc4879a","swargate-vit","11cd5543-db39-4321-9f12-008b367d2ce1","6c30c56b-74ce-4c24-a819-98b9ab6387f5","Upper Indira Nagar Bus Depot","18.4682","73.8623","VIT College","18.4635","73.8682","2026-09-29T04:22:00.000Z","1","0","scooty","true","3","Pickup near the hub","SCHEDULED","2026-09-29","fd01bd74-7065-4ebf-961d-e8877d7b672c","10:22","14:22","travel_to_college","10","12"
"6d0a333b-623b-499b-9752-7def665d02ff","a78816e2-8aae-4e54-8410-968bc321f082","katraj-vit","6c30c56b-74ce-4c24-a819-98b9ab6387f5","876d2e4d-fad4-4ee2-916c-e5ad147030cf","VIT College","18.4635","73.8682","Katraj Dairy BRTS","18.4508","73.8569","2026-10-01T08:48:00.000Z","1","0","scooty","false","1","","SCHEDULED","2026-10-01","eb46d43a-f771-4a4f-a5f6-551133c4f096","10:27","14:03","return_from_college","13","2"
"7384de82-d9f3-4a09-b9d7-c1096ae96fe9","1de804a1-1c04-4d9b-88a6-03aa475b2f23","swargate-vit","0095597e-ebd1-4f83-a6c0-a8e94be6a92b","6c30c56b-74ce-4c24-a819-98b9ab6387f5","Laxmi Narayan Theatre","18.4965","73.8584","VIT College","18.4635","73.8682","2026-10-01T07:19:00.000Z","1","0","scooty","true","18","Morning campus commute","SCHEDULED","2026-10-01","1361c1a3-9de3-4189-807a-3738df82aafd","13:19","17:10","travel_to_college","3","12"
"54ed5c0b-6bee-488b-8fa0-b18ac7448c5d","c366b16a-709a-4bd5-99f4-4d48e2a64d10","katraj-vit","6c30c56b-74ce-4c24-a819-98b9ab6387f5","a80964b4-72f5-43de-ad1a-bdcb9fca796e","VIT College","18.4635","73.8682","Lower Indira Nagar Stop","18.4718","73.8618","2026-10-02T08:31:00.000Z","1","0","scooty","false","18","Pickup near the hub","SCHEDULED","2026-10-02","3b0c9825-84e6-40cb-9505-3f3ce88d36c1","10:42","13:46","return_from_college","13","9"
"5fe68a5e-2b41-450c-9ea7-7a4f1919c026","b1b24393-ed6c-4074-a261-01b7aa240011","swargate-vit","0095597e-ebd1-4f83-a6c0-a8e94be6a92b","6c30c56b-74ce-4c24-a819-98b9ab6387f5","Laxmi Narayan Theatre","18.4965","73.8584","VIT College","18.4635","73.8682","2026-10-05T07:27:00.000Z","1","0","scooty","true","5","","SCHEDULED","2026-10-05","57a9d184-0c2f-4b88-9710-2ea7f62959cd","13:27","16:57","travel_to_college","3","12"
"5ca7ba09-c9d8-4156-94a2-4924d514c253","f2ff9e67-5a69-4146-a543-f1fed27fb87a","katraj-vit","6c30c56b-74ce-4c24-a819-98b9ab6387f5","ebb92112-ef31-4ebe-a259-4e999c52f0fd","VIT College","18.4635","73.8682","Bharati Vidyapeeth","18.456","73.8574","2026-10-05T07:34:00.000Z","4","3","car","false","52","Please arrive five minutes early","SCHEDULED","2026-10-05","b26e078f-df3c-4b7c-9d7a-484fa5b93267","09:16","12:49","return_from_college","13","3"
"ba9278c7-bf64-4d67-8b6e-d30a5cfedd4f","fc17bde9-8039-463a-b2df-6dd060d08969","swargate-vit","1bc21bdf-5bcc-4dd4-8140-eac24ae23b69","6c30c56b-74ce-4c24-a819-98b9ab6387f5","Kashinath Patil Nagar Stop","18.4745","73.8631","VIT College","18.4635","73.8682","2026-10-05T06:06:00.000Z","1","0","scooty","true","0","Pickup near the hub","SCHEDULED","2026-10-05","d0ed3269-7399-467c-af75-99417f5890ba","12:06","15:36","travel_to_college","9","12"
"2741c327-9739-4f41-b232-e2de2842ce22","7ecb9a58-e71e-47e3-b199-1b14f78ab1cd","katraj-vit","6c30c56b-74ce-4c24-a819-98b9ab6387f5","11cd5543-db39-4321-9f12-008b367d2ce1","VIT College","18.4635","73.8682","Upper Indira Nagar Bus Depot","18.4682","73.8623","2026-10-06T11:13:00.000Z","1","0","scooty","true","16","Morning campus commute","SCHEDULED","2026-10-06","086c703e-6197-4d3c-8807-baecad901035","13:13","16:28","return_from_college","13","11"
"8f48bc14-eb02-42c5-806b-a120caae63de","50ca192e-d3dc-40d0-996b-6eea924c44d8","swargate-vit","0c2d013a-9422-4c89-905f-4ec287ba2251","6c30c56b-74ce-4c24-a819-98b9ab6387f5","Swargate BRTS Stop","18.4982","73.8588","VIT College","18.4635","73.8682","2026-10-07T04:37:00.000Z","1","0","scooty","true","9","Pickup near the hub","SCHEDULED","2026-10-07","4e09a248-0093-4a17-9dbd-060e60dc875c","10:37","13:42","travel_to_college","2","12"
"7ad8de96-cb66-47b2-8679-79d581a35a38","8fcb293d-bce3-4068-b448-c15533882e86","katraj-vit","6c30c56b-74ce-4c24-a819-98b9ab6387f5","11cd5543-db39-4321-9f12-008b367d2ce1","VIT College","18.4635","73.8682","Upper Indira Nagar Bus Depot","18.4682","73.8623","2026-10-08T08:04:00.000Z","1","0","scooty","false","29","Please arrive five minutes early","SCHEDULED","2026-10-08","5e5d5b2c-14b0-48fa-b5d3-3473f4b0ca4c","09:44","13:19","return_from_college","13","11"
"556b3dff-8a8f-45c0-ab04-846ea2b3481e","399cdebc-51c2-422b-87a5-220f8cc2d7ac","swargate-vit","0095597e-ebd1-4f83-a6c0-a8e94be6a92b","6c30c56b-74ce-4c24-a819-98b9ab6387f5","Laxmi Narayan Theatre","18.4965","73.8584","VIT College","18.4635","73.8682","2026-10-09T06:17:00.000Z","1","1","scooty","true","27","Morning campus commute","SCHEDULED","2026-10-09","ee1f7187-63af-4f6b-8883-4db37134e7f1","12:17","16:02","travel_to_college","3","12"
"06e4ac6c-d55f-4bb8-a35e-d68c49aa6fe0","ff933861-ecae-470a-9ee4-3663e749fdbc","katraj-vit","6c30c56b-74ce-4c24-a819-98b9ab6387f5","86e290a5-7e39-4f7a-805e-a6154d820f01","VIT College","18.4635","73.8682","Market Yard Corner","18.4792","73.8581","2026-10-10T07:26:00.000Z","2","2","car","false","22","Please arrive five minutes early","SCHEDULED","2026-10-10","6ba507d1-65f0-43b9-822b-09906c9f77b5","09:08","12:41","return_from_college","13","7"
"138e0e96-2ae0-42eb-925a-2efd6cc07f88","f34b84c7-eb95-4dff-958a-ef69c608f272","swargate-vit","570167fe-7324-46a2-9cf4-fbea6048e8be","6c30c56b-74ce-4c24-a819-98b9ab6387f5","City Pride BRTS","18.4845","73.8583","VIT College","18.4635","73.8682","2026-10-12T04:23:00.000Z","1","0","scooty","true","10","","SCHEDULED","2026-10-12","d76405f7-c725-4167-88d8-60cff1b8541f","10:23","13:43","travel_to_college","5","12"
"399c90ae-f9b2-4636-b216-eefe642d5e68","6279cde7-2c2c-4986-a9a4-55039693b818","katraj-vit","6c30c56b-74ce-4c24-a819-98b9ab6387f5","ebb92112-ef31-4ebe-a259-4e999c52f0fd","VIT College","18.4635","73.8682","Bharati Vidyapeeth","18.456","73.8574","2026-10-12T06:36:00.000Z","1","0","scooty","true","17","","SCHEDULED","2026-10-12","def430dc-8393-465c-a495-8acf8afbb309","08:02","11:51","return_from_college","13","3"
"11a1a211-ed80-4b47-832d-744d54e3697a","61a5fb10-8cc3-48db-a009-2fdb4eb9c378","swargate-vit","0c2d013a-9422-4c89-905f-4ec287ba2251","6c30c56b-74ce-4c24-a819-98b9ab6387f5","Swargate BRTS Stop","18.4982","73.8588","VIT College","18.4635","73.8682","2026-10-13T06:42:00.000Z","2","1","car","false","35","","SCHEDULED","2026-10-13","ae92adb5-4861-430d-a305-109671464eaf","12:42","15:57","travel_to_college","2","12"
"ef01b520-394f-42d7-80ea-7c9e4d54ceb9","aa4ac675-15bc-49db-b7fa-84335d28cdc7","katraj-vit","6c30c56b-74ce-4c24-a819-98b9ab6387f5","86e290a5-7e39-4f7a-805e-a6154d820f01","VIT College","18.4635","73.8682","Market Yard Corner","18.4792","73.8581","2026-10-14T08:10:00.000Z","1","0","bike","false","19","","SCHEDULED","2026-10-14","43b9f634-21c5-4365-a195-8728c2849171","09:46","13:25","return_from_college","13","7"
"8dca88da-214d-418a-9950-3820c5a0025c","6b38852c-3199-4130-9bef-739d2cbf98cd","swargate-vit","0c2d013a-9422-4c89-905f-4ec287ba2251","6c30c56b-74ce-4c24-a819-98b9ab6387f5","Swargate BRTS Stop","18.4982","73.8588","VIT College","18.4635","73.8682","2026-10-17T03:20:00.000Z","1","0","scooty","false","16","Pickup near the hub","SCHEDULED","2026-10-17","a6c6e595-1226-4fb0-bbfc-5ec57e3bb494","09:20","12:49","travel_to_college","2","12"
"6aab06c3-ca46-4e55-935a-b585c41aaf77","32c9560a-e267-4d5f-85c7-ca585ac3975e","katraj-vit","6c30c56b-74ce-4c24-a819-98b9ab6387f5","a80964b4-72f5-43de-ad1a-bdcb9fca796e","VIT College","18.4635","73.8682","Lower Indira Nagar Stop","18.4718","73.8618","2026-10-16T11:04:00.000Z","1","0","bike","true","12","Please arrive five minutes early","SCHEDULED","2026-10-16","c1d48af5-3710-40ca-8015-24ed56c5480e","12:33","16:19","return_from_college","13","9"
"97e0576b-a371-4489-a6e6-1050d8cd2b6c","15ef891e-746f-4219-8638-297ada541a3a","swargate-vit","0c2d013a-9422-4c89-905f-4ec287ba2251","6c30c56b-74ce-4c24-a819-98b9ab6387f5","Swargate BRTS Stop","18.4982","73.8588","VIT College","18.4635","73.8682","2026-10-19T06:47:00.000Z","1","0","scooty","true","3","Pickup near the hub","SCHEDULED","2026-10-19","29e6ec77-bfe6-4c35-b1c6-6d783f9806b9","12:47","16:18","travel_to_college","2","12"
"0350367a-d053-4acd-8222-3218fa42a97c","c4608e10-532e-42df-b9ca-6399d157bc77","katraj-vit","6c30c56b-74ce-4c24-a819-98b9ab6387f5","eb0d92a7-38aa-446a-9f38-091814ea3abd","VIT College","18.4635","73.8682","Chintamani Nagar","18.4651","73.864","2026-10-19T06:54:00.000Z","1","1","scooty","true","15","Please arrive five minutes early","SCHEDULED","2026-10-19","8c11e4c7-243b-4dc1-93fb-dc45fea234ba","09:06","12:09","return_from_college","13","12"
"5719265d-325a-4a00-9690-103e22dae62e","9c577260-815e-4814-ae42-db071f0604b0","swargate-vit","1bc21bdf-5bcc-4dd4-8140-eac24ae23b69","6c30c56b-74ce-4c24-a819-98b9ab6387f5","Kashinath Patil Nagar Stop","18.4745","73.8631","VIT College","18.4635","73.8682","2026-10-19T07:25:00.000Z","1","1","scooty","true","6","Pickup near the hub","SCHEDULED","2026-10-19","1f843a1b-0fdf-4f69-ba32-13258e429f08","13:25","17:20","travel_to_college","9","12"
"7b31edae-9abe-4dcc-b7cc-3c3720dc9fb5","11e76d6b-888c-4c86-a3f2-2d4bab255598","katraj-vit","6c30c56b-74ce-4c24-a819-98b9ab6387f5","ebb92112-ef31-4ebe-a259-4e999c52f0fd","VIT College","18.4635","73.8682","Bharati Vidyapeeth","18.456","73.8574","2026-10-20T07:39:00.000Z","1","0","bike","true","6","","SCHEDULED","2026-10-20","2a8b4251-04a8-47e6-aaea-f7ff7d7c1946","09:17","12:54","return_from_college","13","3"
"3934bbc8-793b-4112-8542-53c265426f32","12e82429-ecad-4a76-bc1b-fddf73c8c117","swargate-vit","570167fe-7324-46a2-9cf4-fbea6048e8be","6c30c56b-74ce-4c24-a819-98b9ab6387f5","City Pride BRTS","18.4845","73.8583","VIT College","18.4635","73.8682","2026-10-21T04:33:00.000Z","1","0","scooty","true","14","Morning campus commute","SCHEDULED","2026-10-21","047c9612-35e1-4247-84b6-77406c1f83fb","10:33","14:14","travel_to_college","5","12"
"3733cf77-96d4-4dc1-a9ec-da302478c3d5","ac87c729-c400-43ff-9619-cd867435a982","katraj-vit","6c30c56b-74ce-4c24-a819-98b9ab6387f5","1bc21bdf-5bcc-4dd4-8140-eac24ae23b69","VIT College","18.4635","73.8682","Kashinath Patil Nagar Stop","18.4745","73.8631","2026-10-22T08:13:00.000Z","1","0","bike","true","10","Morning campus commute","SCHEDULED","2026-10-22","5bfe861b-16f6-4712-9db6-6036cbe1d70f","09:34","13:28","return_from_college","13","10"
"a89e487d-58b0-4fad-9d7c-706e74dd8e1b","65caf2f5-0b5e-452f-a096-f7f73ba694f9","swargate-vit","0c2d013a-9422-4c89-905f-4ec287ba2251","6c30c56b-74ce-4c24-a819-98b9ab6387f5","Swargate BRTS Stop","18.4982","73.8588","VIT College","18.4635","73.8682","2026-10-24T05:06:00.000Z","1","0","scooty","true","30","Morning campus commute","SCHEDULED","2026-10-24","b818b47f-f964-4fe9-bb10-602d326e6e6b","11:06","14:38","travel_to_college","2","12"
"9f828941-9783-46be-bee8-44b76122f777","e1b6b10d-5653-452d-a57d-24e8752b2f52","katraj-vit","6c30c56b-74ce-4c24-a819-98b9ab6387f5","86e290a5-7e39-4f7a-805e-a6154d820f01","VIT College","18.4635","73.8682","Market Yard Corner","18.4792","73.8581","2026-10-24T09:16:00.000Z","1","1","scooty","true","29","","SCHEDULED","2026-10-24","f3fdc93b-a010-4810-b206-ac5de6a7eb6a","11:19","14:31","return_from_college","13","7"
"68f26ce5-b4bb-472d-b600-5ea3e62e9c2f","a53ad219-be12-4a6b-9852-64dfe8aa6236","swargate-vit","0095597e-ebd1-4f83-a6c0-a8e94be6a92b","6c30c56b-74ce-4c24-a819-98b9ab6387f5","Laxmi Narayan Theatre","18.4965","73.8584","VIT College","18.4635","73.8682","2026-10-26T04:51:00.000Z","1","0","bike","true","5","Morning campus commute","SCHEDULED","2026-10-26","0cdfb75c-ae03-4a36-92f4-1c7bdacd462d","10:51","13:53","travel_to_college","3","12"
"ab08ed30-ba47-4fb9-b022-78e8de44f5cf","969131e9-4cc6-483d-82f8-990f056d6c5a","katraj-vit","6c30c56b-74ce-4c24-a819-98b9ab6387f5","876d2e4d-fad4-4ee2-916c-e5ad147030cf","VIT College","18.4635","73.8682","Katraj Dairy BRTS","18.4508","73.8569","2026-10-26T09:44:00.000Z","4","2","car","false","48","","SCHEDULED","2026-10-26","f48ef106-0531-4c55-a51c-70ca7b122cd0","11:41","14:59","return_from_college","13","2"
"fbb61ac1-f9d2-4cdf-bf75-96014fa681aa","38d92c3f-f6e4-4c90-add9-6f5ecbcd5bde","swargate-vit","1bc21bdf-5bcc-4dd4-8140-eac24ae23b69","6c30c56b-74ce-4c24-a819-98b9ab6387f5","Kashinath Patil Nagar Stop","18.4745","73.8631","VIT College","18.4635","73.8682","2026-10-27T04:48:00.000Z","1","0","scooty","true","2","","SCHEDULED","2026-10-27","618be6e2-6518-4c92-9b4f-baac99977102","10:48","14:25","travel_to_college","9","12"
"c3a84aea-f9a3-48d9-b74d-9290f38e6112","a7b7dfcb-b36f-4cfc-abf8-afd48e896a75","katraj-vit","6c30c56b-74ce-4c24-a819-98b9ab6387f5","86597dc2-00ef-475a-8a9a-daf0323897ca","VIT College","18.4635","73.8682","Katraj Terminal","18.4471","73.8562","2026-10-28T07:00:00.000Z","3","3","car","false","62","Pickup near the hub","SCHEDULED","2026-10-28","7ce66ea8-9e23-482b-a453-9e4cc8af94b2","08:36","12:15","return_from_college","13","1"
"7c15c186-d066-4586-95d9-6c15ab96b1ca","2b79909a-3fc7-4286-93ba-521d9aa64a8f","swargate-vit","1bc21bdf-5bcc-4dd4-8140-eac24ae23b69","6c30c56b-74ce-4c24-a819-98b9ab6387f5","Kashinath Patil Nagar Stop","18.4745","73.8631","VIT College","18.4635","73.8682","2026-10-29T06:11:00.000Z","1","0","scooty","true","24","Morning campus commute","SCHEDULED","2026-10-29","7c96f2d9-9e9f-49d4-b011-86fc29553d5b","12:11","15:58","travel_to_college","9","12"
"f9e07fb2-20a3-41bf-b1a3-a8cd544569d3","5a240b3c-f182-4a30-82d1-ae0f6586bff3","katraj-vit","6c30c56b-74ce-4c24-a819-98b9ab6387f5","0ad9adea-2c75-4d2a-86ae-34dcc0727788","VIT College","18.4635","73.8682","Shankar Maharaj Math","18.4735","73.8579","2026-11-02T11:27:00.000Z","1","0","bike","true","18","Please arrive five minutes early","SCHEDULED","2026-11-02","5d881ed8-7cfd-44f4-9a6c-2023cc648fa8","12:56","16:42","return_from_college","13","6"
"65474831-05b7-4a37-8459-e593b5ec272a","9beabcea-410e-43e0-9c0e-c32f2476c785","swargate-vit","86e290a5-7e39-4f7a-805e-a6154d820f01","6c30c56b-74ce-4c24-a819-98b9ab6387f5","Market Yard Corner","18.4792","73.8581","VIT College","18.4635","73.8682","2026-10-31T06:19:00.000Z","4","2","car","false","27","Please arrive five minutes early","SCHEDULED","2026-10-31","eb72b966-3355-4264-b617-17c5cd928679","12:19","16:17","travel_to_college","6","12"
"2e038fee-9718-4868-a45b-74849aa62d4e","30e63cfd-4d4a-41f2-9c08-fe7bb0c7d4b0","katraj-vit","6c30c56b-74ce-4c24-a819-98b9ab6387f5","ebb92112-ef31-4ebe-a259-4e999c52f0fd","VIT College","18.4635","73.8682","Bharati Vidyapeeth","18.456","73.8574","2026-11-05T11:11:00.000Z","2","1","car","false","37","","SCHEDULED","2026-11-05","90602601-b9f3-4a81-a3cc-0146d9fcd132","13:14","16:26","return_from_college","13","3"
"5700c7ad-a661-41ac-8de3-0caa8edd4916","85bed899-042e-4b82-a6ac-e7f8e8652524","swargate-vit","0c2d013a-9422-4c89-905f-4ec287ba2251","6c30c56b-74ce-4c24-a819-98b9ab6387f5","Swargate BRTS Stop","18.4982","73.8588","VIT College","18.4635","73.8682","2026-11-02T05:43:00.000Z","1","0","bike","true","19","Pickup near the hub","SCHEDULED","2026-11-02","0d993e64-f291-47c6-bab7-ad3a0cfad008","11:43","15:13","travel_to_college","2","12"
"8a037316-bd88-4f1b-854e-4024f3773942","5b9101ca-8247-4c12-bf7c-68abf2b98166","katraj-vit","6c30c56b-74ce-4c24-a819-98b9ab6387f5","a80964b4-72f5-43de-ad1a-bdcb9fca796e","VIT College","18.4635","73.8682","Lower Indira Nagar Stop","18.4718","73.8618","2026-11-03T06:39:00.000Z","2","0","car","false","31","Please arrive five minutes early","SCHEDULED","2026-11-03","9f692022-4e42-40ee-8e46-34be8bdafa67","08:53","11:54","return_from_college","13","9"
"d0cab530-3c33-4d4a-ae79-520a75ef8312","5468079d-9fdf-4eb9-9b29-ed8a7c650d7c","swargate-vit","570167fe-7324-46a2-9cf4-fbea6048e8be","6c30c56b-74ce-4c24-a819-98b9ab6387f5","City Pride BRTS","18.4845","73.8583","VIT College","18.4635","73.8682","2026-11-04T03:06:00.000Z","1","0","bike","false","19","Morning campus commute","SCHEDULED","2026-11-04","2239360c-af07-4203-828b-b7620e1ed01e","09:06","12:24","travel_to_college","5","12"
"b7ba8e54-92be-434c-ba84-25ccd8366591","2cabb8ae-b3d7-4c51-8207-1b8fc7300e2c","katraj-vit","6c30c56b-74ce-4c24-a819-98b9ab6387f5","ebb92112-ef31-4ebe-a259-4e999c52f0fd","VIT College","18.4635","73.8682","Bharati Vidyapeeth","18.456","73.8574","2026-11-05T09:28:00.000Z","4","3","car","false","58","Pickup near the hub","SCHEDULED","2026-11-05","884d9579-1ed0-43a8-8374-5713ed27d948","11:35","14:43","return_from_college","13","3"
"373e7fa0-1c24-487c-a052-39be59600702","e16a421d-031b-47d3-936b-9d6bed68b285","swargate-vit","86e290a5-7e39-4f7a-805e-a6154d820f01","6c30c56b-74ce-4c24-a819-98b9ab6387f5","Market Yard Corner","18.4792","73.8581","VIT College","18.4635","73.8682","2026-08-08T05:05:00.000Z","2","0","car","false","49","","COMPLETED","2026-08-08","d9890d57-b832-450e-8981-66b9f44d4a5b","11:05","14:09","travel_to_college","6","12"
"82d6e312-ea3e-4afc-80b2-29f1e2db19d2","2cb66b98-63d0-4a21-a9ed-c884d238b71c","katraj-vit","6c30c56b-74ce-4c24-a819-98b9ab6387f5","876d2e4d-fad4-4ee2-916c-e5ad147030cf","VIT College","18.4635","73.8682","Katraj Dairy BRTS","18.4508","73.8569","2026-08-10T09:12:00.000Z","1","0","scooty","true","26","Please arrive five minutes early","COMPLETED","2026-08-10","4ddb84f0-b772-46e3-97e0-10613ebf005a","11:26","14:27","return_from_college","13","2"
"4fa31dbb-5e33-4dd3-a43e-79f543fe1378","61caa1f5-7dee-45a4-964a-8e5ed8b6a158","swargate-vit","a80964b4-72f5-43de-ad1a-bdcb9fca796e","6c30c56b-74ce-4c24-a819-98b9ab6387f5","Lower Indira Nagar Stop","18.4718","73.8618","VIT College","18.4635","73.8682","2026-08-10T04:09:00.000Z","1","0","bike","true","26","","COMPLETED","2026-08-10","dacf2164-1e93-49c7-86fd-ad1717a91659","10:09","13:37","travel_to_college","8","12"
"974ff15c-c038-4dc5-987b-3071cb4137f1","dd95ce1d-b76e-4f1f-9a03-108aea02d0d2","katraj-vit","6c30c56b-74ce-4c24-a819-98b9ab6387f5","a80964b4-72f5-43de-ad1a-bdcb9fca796e","VIT College","18.4635","73.8682","Lower Indira Nagar Stop","18.4718","73.8618","2026-08-11T11:35:00.000Z","4","3","car","false","75","Please arrive five minutes early","COMPLETED","2026-08-11","e29b6868-2cd1-430a-bcca-5cf6512379a2","13:23","16:50","return_from_college","13","9"
"0a9c89f4-ad9e-46c8-8338-2757a38d5122","95204930-6f62-4024-8493-801a30e46f1a","swargate-vit","eb0d92a7-38aa-446a-9f38-091814ea3abd","6c30c56b-74ce-4c24-a819-98b9ab6387f5","Chintamani Nagar","18.4651","73.864","VIT College","18.4635","73.8682","2026-08-12T07:59:00.000Z","2","1","car","false","56","","CANCELLED","2026-08-12","49a9bead-516c-43ae-beb9-1b9ed81a67b5","13:59","17:45","travel_to_college","11","12"
"bb6447da-be36-4483-a6db-f03969d1306d","037ed347-fb73-4043-a8e2-c7edc58d6dac","katraj-vit","6c30c56b-74ce-4c24-a819-98b9ab6387f5","0ad9adea-2c75-4d2a-86ae-34dcc0727788","VIT College","18.4635","73.8682","Shankar Maharaj Math","18.4735","73.8579","2026-08-13T09:04:00.000Z","1","0","bike","true","22","Morning campus commute","COMPLETED","2026-08-13","4289427b-4589-4b91-81e3-1fe809b2b029","11:06","14:19","return_from_college","13","6"
"5be2a491-d5dd-4af1-8d73-36810402dca8","843078cc-2ea7-483f-83b3-cc8bae6695c6","swargate-vit","3221d156-13e7-4834-84ce-848f49b87be2","6c30c56b-74ce-4c24-a819-98b9ab6387f5","Bibwewadi Bus Stop","18.4792","73.8615","VIT College","18.4635","73.8682","2026-08-15T03:30:00.000Z","4","4","car","false","58","Please arrive five minutes early","COMPLETED","2026-08-15","da9dea19-ab08-4f9c-b470-b99a14ff71a4","09:30","12:37","travel_to_college","7","12"
"5490818a-2bc2-4ef4-937f-aa45c186f23e","d04ea078-3e78-494d-83a0-92fee39d6bb7","katraj-vit","6c30c56b-74ce-4c24-a819-98b9ab6387f5","0ad9adea-2c75-4d2a-86ae-34dcc0727788","VIT College","18.4635","73.8682","Shankar Maharaj Math","18.4735","73.8579","2026-08-15T08:24:00.000Z","2","0","car","false","34","Pickup near the hub","CANCELLED","2026-08-15","3c9a890b-9d71-4e96-ace6-352a24d00bd9","10:32","13:39","return_from_college","13","6"
"da735137-ace5-43af-ab24-22dac49fda23","d022c9ae-ee6b-4085-b2c1-11a5c9e6c784","swargate-vit","0c2d013a-9422-4c89-905f-4ec287ba2251","6c30c56b-74ce-4c24-a819-98b9ab6387f5","Swargate BRTS Stop","18.4982","73.8588","VIT College","18.4635","73.8682","2026-08-17T04:08:00.000Z","1","0","scooty","true","8","Pickup near the hub","COMPLETED","2026-08-17","41cea8dc-e437-4f0e-87e9-727a469261af","10:08","13:16","travel_to_college","2","12"
"3242d9fc-9ffa-4468-a6bc-e5b75acf07a6","be9c6ca4-6ee9-481b-8039-dcc0a742224e","katraj-vit","6c30c56b-74ce-4c24-a819-98b9ab6387f5","0ad9adea-2c75-4d2a-86ae-34dcc0727788","VIT College","18.4635","73.8682","Shankar Maharaj Math","18.4735","73.8579","2026-08-17T07:09:00.000Z","4","1","car","false","50","Pickup near the hub","COMPLETED","2026-08-17","03a5db69-5dbd-4afc-bf84-a69345870aa9","08:43","12:24","return_from_college","13","6"
"7a765650-b258-434b-bbbc-98ea7db7530e","39147f90-fbda-49de-88ec-5fe656c0d7b4","swargate-vit","19cfadd2-1ff7-4a2f-b5e3-eeb73f44cc28","6c30c56b-74ce-4c24-a819-98b9ab6387f5","Swargate PMPML Main Bus Stand","18.4991","73.8583","VIT College","18.4635","73.8682","2026-08-18T02:38:00.000Z","2","1","car","false","49","Please arrive five minutes early","CANCELLED","2026-08-18","ce8c158f-0216-4974-920d-e3c75ea300d0","08:38","12:24","travel_to_college","1","12"
"65577061-4435-4338-8873-ff30ff5a901c","ce05a8a6-09ab-4705-92d1-3f61a51fd69d","katraj-vit","6c30c56b-74ce-4c24-a819-98b9ab6387f5","ebb92112-ef31-4ebe-a259-4e999c52f0fd","VIT College","18.4635","73.8682","Bharati Vidyapeeth","18.456","73.8574","2026-08-19T09:43:00.000Z","1","1","scooty","true","7","Morning campus commute","COMPLETED","2026-08-19","98c1a152-4a09-42d6-b750-6dad10fadfe4","11:12","14:58","return_from_college","13","3"
"57bdea97-fabb-456a-a374-e4980b70f1bb","be4d340c-e4ae-41d8-a1a2-337d84d2bfc1","swargate-vit","0095597e-ebd1-4f83-a6c0-a8e94be6a92b","6c30c56b-74ce-4c24-a819-98b9ab6387f5","Laxmi Narayan Theatre","18.4965","73.8584","VIT College","18.4635","73.8682","2026-08-20T05:12:00.000Z","1","0","bike","false","7","Please arrive five minutes early","SCHEDULED","2026-08-20","b4cd3e9e-e546-4794-8645-fbe2908fb790","11:12","14:13","travel_to_college","3","12"
"a64c3a42-0e72-4c06-9c85-60c0039d0c26","d79a63da-78e9-4b42-a5b3-c04b428ae1c7","katraj-vit","6c30c56b-74ce-4c24-a819-98b9ab6387f5","11cd5543-db39-4321-9f12-008b367d2ce1","VIT College","18.4635","73.8682","Upper Indira Nagar Bus Depot","18.4682","73.8623","2026-08-21T08:08:00.000Z","1","0","scooty","true","2","Morning campus commute","COMPLETED","2026-08-21","ec5557d6-843b-4ef7-83f2-25a30b19c92b","09:58","13:23","return_from_college","13","11"
"ecd1eddd-48f7-4b16-b5d6-c74e0ffa0f96","b0ac27cd-c785-4a92-96f7-125faca0aafd","swargate-vit","596f6d76-b8c5-4cf2-9058-1a1a334d424d","6c30c56b-74ce-4c24-a819-98b9ab6387f5","Panchami BRTS","18.4902","73.8586","VIT College","18.4635","73.8682","2026-08-24T06:29:00.000Z","1","1","scooty","false","12","Morning campus commute","COMPLETED","2026-08-24","db9aedb0-4ae6-48d6-b2e4-f2579f3fe033","12:29","15:48","travel_to_college","4","12"
"64b15a17-a6a0-4c29-a956-bcc463b3e06d","7cbb830b-c6bc-4fec-a09b-14b8c825bef8","katraj-vit","6c30c56b-74ce-4c24-a819-98b9ab6387f5","86597dc2-00ef-475a-8a9a-daf0323897ca","VIT College","18.4635","73.8682","Katraj Terminal","18.4471","73.8562","2026-08-24T10:53:00.000Z","1","0","bike","true","8","","SCHEDULED","2026-08-24","446c0108-d92b-4a4c-9e08-fa80337d6308","12:28","16:08","return_from_college","13","1"
"880eece1-35c6-47cc-9b13-df7a4dafa75b","fbd59ae5-86aa-4b7c-b82b-b7c0b9d357a3","swargate-vit","596f6d76-b8c5-4cf2-9058-1a1a334d424d","6c30c56b-74ce-4c24-a819-98b9ab6387f5","Panchami BRTS","18.4902","73.8586","VIT College","18.4635","73.8682","2026-08-24T02:15:00.000Z","1","0","bike","true","5","","COMPLETED","2026-08-24","7fe20e88-79d7-4522-822c-333a1a351e21","08:15","11:22","travel_to_college","4","12"
"fcd79093-8bbb-4802-9025-22dddfd1bbd8","51e576cc-ab7a-49bd-ad0b-21fda7d2bda2","katraj-vit","6c30c56b-74ce-4c24-a819-98b9ab6387f5","86597dc2-00ef-475a-8a9a-daf0323897ca","VIT College","18.4635","73.8682","Katraj Terminal","18.4471","73.8562","2026-08-25T10:17:00.000Z","1","0","scooty","true","3","Morning campus commute","SCHEDULED","2026-08-25","39fb4ee1-f178-413e-85fe-23c65f4034e6","12:11","15:32","return_from_college","13","1"
"537be75e-2e48-4216-8457-cd11d3b726a2","2f12a413-553c-4203-bffb-955e3123875f","swargate-vit","86e290a5-7e39-4f7a-805e-a6154d820f01","6c30c56b-74ce-4c24-a819-98b9ab6387f5","Market Yard Corner","18.4792","73.8581","VIT College","18.4635","73.8682","2026-08-27T03:21:00.000Z","1","0","scooty","true","13","Pickup near the hub","COMPLETED","2026-08-27","2fdd847d-03c0-4e33-b263-a9761031a373","09:21","13:12","travel_to_college","6","12"
"10d4ae0f-d589-4996-8aa8-b10e0baf2e0b","666980bd-8e4f-4f8c-8b8f-e0c3b08af505","katraj-vit","6c30c56b-74ce-4c24-a819-98b9ab6387f5","af5c22fe-11db-4392-b90e-85f946c0a37b","VIT College","18.4635","73.8682","KK Market BRTS","18.4683","73.8579","2026-08-27T08:15:00.000Z","1","0","bike","true","7","Pickup near the hub","SCHEDULED","2026-08-27","b401d181-193f-44c4-9b32-adf3a1fe011c","10:03","13:30","return_from_college","13","5"
"874e7b82-c4f1-47b2-9f14-d08d51a04b90","ced6df1d-3ee8-4c76-8610-955b666d02b6","swargate-vit","3221d156-13e7-4834-84ce-848f49b87be2","6c30c56b-74ce-4c24-a819-98b9ab6387f5","Bibwewadi Bus Stop","18.4792","73.8615","VIT College","18.4635","73.8682","2026-08-28T05:30:00.000Z","1","0","scooty","true","25","Please arrive five minutes early","COMPLETED","2026-08-28","72940fba-9c83-46f3-8b9e-6eb0068848ff","11:30","15:20","travel_to_college","7","12"
"56c645af-8b79-43bc-a739-c8cb8fbf2680","f599bc96-4841-492f-a111-bec5b3b961ae","katraj-vit","6c30c56b-74ce-4c24-a819-98b9ab6387f5","11cd5543-db39-4321-9f12-008b367d2ce1","VIT College","18.4635","73.8682","Upper Indira Nagar Bus Depot","18.4682","73.8623","2026-08-29T09:34:00.000Z","2","0","car","false","44","Morning campus commute","COMPLETED","2026-08-29","a2cebeb1-7eb3-4bcd-a08b-8451343001be","11:05","14:49","return_from_college","13","11"
"93e23fb9-63b7-406f-a4b1-96c0dba5a981","523365f0-54d7-48ce-b828-50e1b0a2737e","swargate-vit","19cfadd2-1ff7-4a2f-b5e3-eeb73f44cc28","6c30c56b-74ce-4c24-a819-98b9ab6387f5","Swargate PMPML Main Bus Stand","18.4991","73.8583","VIT College","18.4635","73.8682","2026-09-01T07:59:00.000Z","2","2","car","false","30","Morning campus commute","CANCELLED","2026-09-01","5c4f68bd-a631-4fd2-a360-901074100a27","13:59","17:52","travel_to_college","1","12"
"8066116b-42f6-40aa-87fd-8d4056b46e4d","228adcc3-430e-4eba-ba35-403a9eae4ae6","katraj-vit","6c30c56b-74ce-4c24-a819-98b9ab6387f5","eb0d92a7-38aa-446a-9f38-091814ea3abd","VIT College","18.4635","73.8682","Chintamani Nagar","18.4651","73.864","2026-08-31T11:26:00.000Z","4","3","car","false","41","Pickup near the hub","COMPLETED","2026-08-31","a53a0c32-4d43-4590-8cb5-172d21ab7cdf","13:04","16:41","return_from_college","13","12"
"b1dca3b9-155b-457a-a18c-bea536d908b9","9ef8f4fa-8101-4ff2-80ff-91a966e3bab8","swargate-vit","596f6d76-b8c5-4cf2-9058-1a1a334d424d","6c30c56b-74ce-4c24-a819-98b9ab6387f5","Panchami BRTS","18.4902","73.8586","VIT College","18.4635","73.8682","2026-09-01T04:43:00.000Z","1","1","scooty","true","3","Morning campus commute","SCHEDULED","2026-09-01","2c38990f-330b-4aff-848d-04acdf3be358","10:43","13:54","travel_to_college","4","12"
"7c526082-d595-4d19-87ba-ee5aee3916ce","7a6f894d-c3ee-4aa4-a5c8-b62bdfa18164","katraj-vit","6c30c56b-74ce-4c24-a819-98b9ab6387f5","86597dc2-00ef-475a-8a9a-daf0323897ca","VIT College","18.4635","73.8682","Katraj Terminal","18.4471","73.8562","2026-09-04T08:49:00.000Z","1","0","bike","true","5","Morning campus commute","SCHEDULED","2026-09-04","d93002a5-d0d0-4b06-89db-2faa70697cfd","10:57","14:04","return_from_college","13","1"
"e5c29427-4d28-4be5-bf7a-580d4952ab5d","fcfaa482-6492-469b-ba42-8abf44531f61","swargate-vit","1bc21bdf-5bcc-4dd4-8140-eac24ae23b69","6c30c56b-74ce-4c24-a819-98b9ab6387f5","Kashinath Patil Nagar Stop","18.4745","73.8631","VIT College","18.4635","73.8682","2026-09-04T03:47:00.000Z","1","0","scooty","true","3","Pickup near the hub","COMPLETED","2026-09-04","2eb81d8a-2eab-4f71-9639-451220d482ac","09:47","13:41","travel_to_college","9","12"
"720d41ac-d1b4-4dc9-ba7a-6acf0042e745","2a786db0-f79e-4a08-a45d-7143a56be137","katraj-vit","6c30c56b-74ce-4c24-a819-98b9ab6387f5","86597dc2-00ef-475a-8a9a-daf0323897ca","VIT College","18.4635","73.8682","Katraj Terminal","18.4471","73.8562","2026-09-04T11:43:00.000Z","4","2","car","false","29","Please arrive five minutes early","COMPLETED","2026-09-04","a16074e7-8205-4429-8ff7-5790c3b9416f","13:45","16:58","return_from_college","13","1"
"b38065ef-acd7-4f75-831e-a3883a7c083b","20b672de-a2b7-4ee4-8a1e-2dd98d7a3278","swargate-vit","eb0d92a7-38aa-446a-9f38-091814ea3abd","6c30c56b-74ce-4c24-a819-98b9ab6387f5","Chintamani Nagar","18.4651","73.864","VIT College","18.4635","73.8682","2026-09-05T04:02:00.000Z","1","0","scooty","true","11","","COMPLETED","2026-09-05","a62d8f32-531f-48ed-b88e-f01c24b34ce2","10:02","13:03","travel_to_college","11","12"
"56676370-b1ed-4512-a806-de2335804b90","1386d7bb-79eb-4e36-b78d-7ac74357b589","katraj-vit","6c30c56b-74ce-4c24-a819-98b9ab6387f5","eb0d92a7-38aa-446a-9f38-091814ea3abd","VIT College","18.4635","73.8682","Chintamani Nagar","18.4651","73.864","2026-09-08T07:08:00.000Z","2","0","car","false","61","","COMPLETED","2026-09-08","13165270-4c2e-4bf6-bd27-680eb234cead","09:15","12:23","return_from_college","13","12"
"9e9d3c36-4fab-4b7a-b4d5-2d97e2d9323d","db21b52b-86e1-49c0-82fe-f5d33db4323f","swargate-vit","eb0d92a7-38aa-446a-9f38-091814ea3abd","6c30c56b-74ce-4c24-a819-98b9ab6387f5","Chintamani Nagar","18.4651","73.864","VIT College","18.4635","73.8682","2026-09-07T03:44:00.000Z","1","0","scooty","true","3","Please arrive five minutes early","COMPLETED","2026-09-07","be59a3ac-d901-46af-961b-6d2eef659d1a","09:44","13:28","travel_to_college","11","12"
"c4300939-e4a1-4f47-bdee-6b1b2bfff264","f0c7e0ed-5ec8-43e2-aabe-d0c93c5234e3","katraj-vit","6c30c56b-74ce-4c24-a819-98b9ab6387f5","ebb92112-ef31-4ebe-a259-4e999c52f0fd","VIT College","18.4635","73.8682","Bharati Vidyapeeth","18.456","73.8574","2026-09-09T07:21:00.000Z","3","3","car","false","34","Please arrive five minutes early","COMPLETED","2026-09-09","28c95f01-dac6-4207-ad0e-93ace58e63c5","09:25","12:36","return_from_college","13","3"
"009f4a96-e552-4848-bef5-7a21b796a829","f0be6e7d-be56-4dae-a215-ca68d901c731","swargate-vit","0095597e-ebd1-4f83-a6c0-a8e94be6a92b","6c30c56b-74ce-4c24-a819-98b9ab6387f5","Laxmi Narayan Theatre","18.4965","73.8584","VIT College","18.4635","73.8682","2026-09-10T05:23:00.000Z","1","0","scooty","true","17","Morning campus commute","COMPLETED","2026-09-10","b0186c23-09fb-4b6d-82f3-68a0faa545f8","11:23","15:21","travel_to_college","3","12"
"3beb3b27-79ed-44b0-9627-62428b551e82","be4ef771-c8b1-4464-b4f7-41e3ea277c87","katraj-vit","6c30c56b-74ce-4c24-a819-98b9ab6387f5","11cd5543-db39-4321-9f12-008b367d2ce1","VIT College","18.4635","73.8682","Upper Indira Nagar Bus Depot","18.4682","73.8623","2026-09-10T10:35:00.000Z","3","2","car","false","40","Morning campus commute","COMPLETED","2026-09-10","bcc447f8-8236-41b9-a938-7af430a038bf","12:39","15:50","return_from_college","13","11"
"35101783-fa01-4108-9a78-87e5da2fce52","2c463203-2185-4bb6-ac9c-dbf4b358d3f9","swargate-vit","eb0d92a7-38aa-446a-9f38-091814ea3abd","6c30c56b-74ce-4c24-a819-98b9ab6387f5","Chintamani Nagar","18.4651","73.864","VIT College","18.4635","73.8682","2026-09-11T03:11:00.000Z","1","0","bike","true","2","Please arrive five minutes early","COMPLETED","2026-09-11","ef3c8b84-5e42-49ef-a275-8758c461460a","09:11","12:59","travel_to_college","11","12"
"a1113ccb-74a8-4188-b35a-bec65d08d99e","e0a60ad9-cc73-4c06-a3f4-008b5f55a00b","katraj-vit","6c30c56b-74ce-4c24-a819-98b9ab6387f5","a80964b4-72f5-43de-ad1a-bdcb9fca796e","VIT College","18.4635","73.8682","Lower Indira Nagar Stop","18.4718","73.8618","2026-09-12T07:29:00.000Z","4","3","car","false","52","Morning campus commute","COMPLETED","2026-09-12","39b61997-1589-4db3-bc56-1bb3d3856919","09:10","12:44","return_from_college","13","9"
"bd75dfb8-8351-408f-b038-cd01a8ea5c7e","bf4c6c59-6b96-40c9-9575-8528b27b985c","swargate-vit","86e290a5-7e39-4f7a-805e-a6154d820f01","6c30c56b-74ce-4c24-a819-98b9ab6387f5","Market Yard Corner","18.4792","73.8581","VIT College","18.4635","73.8682","2026-09-14T03:47:00.000Z","1","0","scooty","true","22","","COMPLETED","2026-09-14","6e64b5d4-1978-4bc1-86b9-b908e5dc11a0","09:47","13:45","travel_to_college","6","12"
"722b279b-dccd-4554-b6b0-583efd80ad3b","a1ef1ce8-9cb0-499a-bca0-636d395b8e27","katraj-vit","6c30c56b-74ce-4c24-a819-98b9ab6387f5","ebb92112-ef31-4ebe-a259-4e999c52f0fd","VIT College","18.4635","73.8682","Bharati Vidyapeeth","18.456","73.8574","2026-09-14T07:40:00.000Z","1","0","bike","true","19","Please arrive five minutes early","SCHEDULED","2026-09-14","365ea0cf-70ed-40c1-9596-430449598e33","09:14","12:55","return_from_college","13","3"
"7b68f551-2656-4109-92ec-c54f71db7d11","39d3794d-33e3-4ffe-b495-fbaa9d28a26b","swargate-vit","570167fe-7324-46a2-9cf4-fbea6048e8be","6c30c56b-74ce-4c24-a819-98b9ab6387f5","City Pride BRTS","18.4845","73.8583","VIT College","18.4635","73.8682","2026-09-15T07:30:00.000Z","1","1","scooty","true","11","Pickup near the hub","COMPLETED","2026-09-15","146b348f-e139-4480-afa2-3e626452c48b","13:30","17:12","travel_to_college","5","12"
"04c461eb-f5d7-4f2b-a227-edba582fcd38","6afa4784-41a5-471b-8dbf-dcd4ef8d1af1","katraj-vit","6c30c56b-74ce-4c24-a819-98b9ab6387f5","a80964b4-72f5-43de-ad1a-bdcb9fca796e","VIT College","18.4635","73.8682","Lower Indira Nagar Stop","18.4718","73.8618","2026-09-16T06:46:00.000Z","1","0","scooty","true","2","Pickup near the hub","SCHEDULED","2026-09-16","cce4eaf5-6600-4b92-b49d-0bf93140d506","08:34","12:01","return_from_college","13","9"
"7f11746a-ddb5-4b52-8c2f-b9ab9ecd24eb","9907b9e1-2eaf-4019-b6c3-d17953880b08","swargate-vit","0095597e-ebd1-4f83-a6c0-a8e94be6a92b","6c30c56b-74ce-4c24-a819-98b9ab6387f5","Laxmi Narayan Theatre","18.4965","73.8584","VIT College","18.4635","73.8682","2026-09-17T04:50:00.000Z","1","0","bike","false","9","","COMPLETED","2026-09-17","10334770-d9b6-41a3-98a0-514d1e344c6b","10:50","14:33","travel_to_college","3","12"
"1e936a3f-b640-432e-8ff8-bf3b94f3c7fb","50b52ef7-937a-4ad7-a6ea-5df63741b351","katraj-vit","6c30c56b-74ce-4c24-a819-98b9ab6387f5","0ad9adea-2c75-4d2a-86ae-34dcc0727788","VIT College","18.4635","73.8682","Shankar Maharaj Math","18.4735","73.8579","2026-09-18T07:03:00.000Z","4","2","car","false","44","","COMPLETED","2026-09-18","dafe423f-6692-4233-8dae-13acf3a1ed5e","09:10","12:18","return_from_college","13","6"
"9c1377e0-63e5-4921-a677-2c4cb32569d2","aa992245-dc20-4688-8711-279522417636","swargate-vit","0095597e-ebd1-4f83-a6c0-a8e94be6a92b","6c30c56b-74ce-4c24-a819-98b9ab6387f5","Laxmi Narayan Theatre","18.4965","73.8584","VIT College","18.4635","73.8682","2026-09-19T06:38:00.000Z","1","1","bike","true","21","","SCHEDULED","2026-09-19","8e34a955-6440-4d06-bdc6-74717743fec8","12:38","15:42","travel_to_college","3","12"
"de36d91d-800f-4ad4-b9e1-2a6be77027d4","b5e29269-7643-45b9-ac7a-a2ccd2b93983","katraj-vit","6c30c56b-74ce-4c24-a819-98b9ab6387f5","3221d156-13e7-4834-84ce-848f49b87be2","VIT College","18.4635","73.8682","Bibwewadi Bus Stop","18.4792","73.8615","2026-09-21T11:23:00.000Z","1","0","bike","true","15","Morning campus commute","SCHEDULED","2026-09-21","48d35f2e-efbc-4b77-914f-de8384fa5f8a","12:38","16:38","return_from_college","13","8"
"f577c4c8-21b9-4f67-8824-92084fc00604","5bed2f04-01f9-4e95-995a-1a0c306ae9c3","swargate-vit","86e290a5-7e39-4f7a-805e-a6154d820f01","6c30c56b-74ce-4c24-a819-98b9ab6387f5","Market Yard Corner","18.4792","73.8581","VIT College","18.4635","73.8682","2026-09-22T03:48:00.000Z","3","3","car","false","51","Please arrive five minutes early","SCHEDULED","2026-09-22","0e477459-2319-4dc0-a935-dda1c1ab2505","09:48","12:56","travel_to_college","6","12"
"8766f53e-2624-498b-8250-73a29b3c3c25","d96dc164-dffd-4bcb-bc7b-ca59b2d88379","katraj-vit","6c30c56b-74ce-4c24-a819-98b9ab6387f5","86e290a5-7e39-4f7a-805e-a6154d820f01","VIT College","18.4635","73.8682","Market Yard Corner","18.4792","73.8581","2026-09-22T11:58:00.000Z","1","0","bike","false","6","Pickup near the hub","SCHEDULED","2026-09-22","e5eaa40d-a2eb-493f-9d73-fe216f214c2c","13:54","17:13","return_from_college","13","7"
"c381757c-59d6-4043-86ec-c0f5fd5e3529","ef881127-bf53-4e44-ac88-4d08e32ca7a0","swargate-vit","86e290a5-7e39-4f7a-805e-a6154d820f01","6c30c56b-74ce-4c24-a819-98b9ab6387f5","Market Yard Corner","18.4792","73.8581","VIT College","18.4635","73.8682","2026-09-23T03:36:00.000Z","3","2","car","false","67","Please arrive five minutes early","SCHEDULED","2026-09-23","d64adeaf-09de-4e2a-9859-ccf74cd7ccfe","09:36","13:12","travel_to_college","6","12"
"0233b488-5cba-414c-afb1-1ed73840054d","694401c9-b4fa-4309-b22d-16609d61782c","katraj-vit","6c30c56b-74ce-4c24-a819-98b9ab6387f5","86e290a5-7e39-4f7a-805e-a6154d820f01","VIT College","18.4635","73.8682","Market Yard Corner","18.4792","73.8581","2026-09-24T08:24:00.000Z","1","0","bike","true","5","","SCHEDULED","2026-09-24","8cc8a459-230e-4ca2-bce8-4be3c0ef51a0","09:41","13:39","return_from_college","13","7"
"c6f65103-d2c6-4eec-89d6-f7e960b5ba24","23cdcd88-f49b-408a-af81-20c714c4290b","swargate-vit","11cd5543-db39-4321-9f12-008b367d2ce1","6c30c56b-74ce-4c24-a819-98b9ab6387f5","Upper Indira Nagar Bus Depot","18.4682","73.8623","VIT College","18.4635","73.8682","2026-09-25T07:07:00.000Z","1","0","scooty","true","14","Pickup near the hub","SCHEDULED","2026-09-25","322afe84-8eec-479f-b480-3e37b445ac86","13:07","16:49","travel_to_college","10","12"
"ee357042-a8d8-432e-8ee3-a11515f1f7b7","3a674059-212e-43b5-bfeb-fc6ed59e20f7","katraj-vit","6c30c56b-74ce-4c24-a819-98b9ab6387f5","86e290a5-7e39-4f7a-805e-a6154d820f01","VIT College","18.4635","73.8682","Market Yard Corner","18.4792","73.8581","2026-09-26T08:26:00.000Z","2","2","car","false","73","","SCHEDULED","2026-09-26","c1c8d498-2d6e-4e4c-bb18-16198e769b02","09:52","13:41","return_from_college","13","7"
"a937e903-39aa-449d-b394-e7a901c00589","0d570a75-885b-4a1d-a33c-3705d1a1e89a","swargate-vit","0c2d013a-9422-4c89-905f-4ec287ba2251","6c30c56b-74ce-4c24-a819-98b9ab6387f5","Swargate BRTS Stop","18.4982","73.8588","VIT College","18.4635","73.8682","2026-09-29T04:09:00.000Z","1","0","bike","true","5","Morning campus commute","SCHEDULED","2026-09-29","ba8d3ba3-169e-410a-bf46-ad8e40a3ecdc","10:09","13:36","travel_to_college","2","12"
"52281e5f-9bb3-49cc-9207-f8963c6daf9e","b351304c-33e4-4dfa-bbfe-0e46f5cda915","katraj-vit","6c30c56b-74ce-4c24-a819-98b9ab6387f5","a80964b4-72f5-43de-ad1a-bdcb9fca796e","VIT College","18.4635","73.8682","Lower Indira Nagar Stop","18.4718","73.8618","2026-09-28T07:12:00.000Z","2","1","car","false","53","Pickup near the hub","SCHEDULED","2026-09-28","4cdcd2d1-0539-4006-bf3b-9ca4f886add5","09:15","12:27","return_from_college","13","9"
"6851c7b3-6338-4725-9bc5-a2d26fa91353","6871daa5-011a-4255-a4bd-29f490afb889","swargate-vit","19cfadd2-1ff7-4a2f-b5e3-eeb73f44cc28","6c30c56b-74ce-4c24-a819-98b9ab6387f5","Swargate PMPML Main Bus Stand","18.4991","73.8583","VIT College","18.4635","73.8682","2026-09-29T02:21:00.000Z","4","2","car","false","77","Morning campus commute","SCHEDULED","2026-09-29","716e4ca2-a675-4074-a067-8fe48d89ae4c","08:21","11:45","travel_to_college","1","12"
"5881764f-684f-4d17-aca7-e313a53dc378","b2a75502-d4ef-429e-8b73-61e440e0983f","katraj-vit","6c30c56b-74ce-4c24-a819-98b9ab6387f5","876d2e4d-fad4-4ee2-916c-e5ad147030cf","VIT College","18.4635","73.8682","Katraj Dairy BRTS","18.4508","73.8569","2026-09-30T07:14:00.000Z","1","0","scooty","true","30","Please arrive five minutes early","SCHEDULED","2026-09-30","6f863d19-9a45-40dd-9992-f9f9dbb5375b","09:13","12:29","return_from_college","13","2"
"4f3d34d6-eb5d-4a79-8f45-c82ef2f659fe","0da0c5dd-c04a-461b-bdd7-3d9daceaa0ff","swargate-vit","a80964b4-72f5-43de-ad1a-bdcb9fca796e","6c30c56b-74ce-4c24-a819-98b9ab6387f5","Lower Indira Nagar Stop","18.4718","73.8618","VIT College","18.4635","73.8682","2026-10-01T02:43:00.000Z","3","2","car","false","49","Morning campus commute","SCHEDULED","2026-10-01","2b5c5829-6067-4dfe-9fb5-1d629eb4979c","08:43","12:35","travel_to_college","8","12"
"ca158156-cb12-4a7a-8103-67d36572fa78","8fe8486d-63f9-47dc-b19e-cee4aa0ac9c0","katraj-vit","6c30c56b-74ce-4c24-a819-98b9ab6387f5","86e290a5-7e39-4f7a-805e-a6154d820f01","VIT College","18.4635","73.8682","Market Yard Corner","18.4792","73.8581","2026-10-02T08:44:00.000Z","3","2","car","false","57","Please arrive five minutes early","SCHEDULED","2026-10-02","0c6cf4ee-51a8-4c16-aa9d-d36c734a3f60","10:40","13:59","return_from_college","13","7"
"8e31b037-f501-43f3-9742-2c4238afc243","e49978a2-3a3c-40a9-aa44-f434bfa66b81","swargate-vit","11cd5543-db39-4321-9f12-008b367d2ce1","6c30c56b-74ce-4c24-a819-98b9ab6387f5","Upper Indira Nagar Bus Depot","18.4682","73.8623","VIT College","18.4635","73.8682","2026-10-07T07:17:00.000Z","4","4","car","false","45","Pickup near the hub","SCHEDULED","2026-10-07","53cb90e3-8f5a-4d2c-9928-d58b5b78af4f","13:17","16:50","travel_to_college","10","12"
"12e459f4-a197-4331-84db-2a65861c530e","91bce675-58bc-4bd2-b962-52dc6f401671","katraj-vit","6c30c56b-74ce-4c24-a819-98b9ab6387f5","fea32ab3-d832-43d3-a3a0-788e8711526d","VIT College","18.4635","73.8682","Balaji Nagar BRTS","18.4628","73.8577","2026-10-05T11:19:00.000Z","1","0","bike","true","21","","SCHEDULED","2026-10-05","2517647f-af97-40d9-b0d5-4f34ae0962d7","13:25","16:34","return_from_college","13","4"
"fca24602-6c93-4056-91b7-2deabf0f9bca","f69ef11d-7551-4545-967a-f045a72ebb93","swargate-vit","1bc21bdf-5bcc-4dd4-8140-eac24ae23b69","6c30c56b-74ce-4c24-a819-98b9ab6387f5","Kashinath Patil Nagar Stop","18.4745","73.8631","VIT College","18.4635","73.8682","2026-10-05T05:46:00.000Z","3","3","car","false","21","","SCHEDULED","2026-10-05","93d846c5-f298-4d41-998a-3b93c9694e55","11:46","15:01","travel_to_college","9","12"
"4d851de1-aaf1-4bbe-a31e-b8ad43171874","72cddc2e-6ec2-4e48-aa1a-fc6654d24fab","katraj-vit","6c30c56b-74ce-4c24-a819-98b9ab6387f5","af5c22fe-11db-4392-b90e-85f946c0a37b","VIT College","18.4635","73.8682","KK Market BRTS","18.4683","73.8579","2026-10-06T10:41:00.000Z","1","0","bike","false","0","Please arrive five minutes early","SCHEDULED","2026-10-06","7555a42e-f53e-4d30-9801-7a1330522cdd","12:06","15:56","return_from_college","13","5"
"fd009b67-3ae7-4bdd-9c46-4e9c71db9f8c","b3d23434-7107-4dee-ad1b-eebdb7958392","swargate-vit","570167fe-7324-46a2-9cf4-fbea6048e8be","6c30c56b-74ce-4c24-a819-98b9ab6387f5","City Pride BRTS","18.4845","73.8583","VIT College","18.4635","73.8682","2026-10-07T07:46:00.000Z","1","1","bike","true","5","Pickup near the hub","SCHEDULED","2026-10-07","d8e6ebfd-236f-4923-8793-9cbef58e78d4","13:46","17:43","travel_to_college","5","12"
"3cce6f20-8e5e-4932-b2e7-725646c5f1e4","8dcbd23c-4a1c-425e-b9e1-56d690d064a1","katraj-vit","6c30c56b-74ce-4c24-a819-98b9ab6387f5","3221d156-13e7-4834-84ce-848f49b87be2","VIT College","18.4635","73.8682","Bibwewadi Bus Stop","18.4792","73.8615","2026-10-08T09:45:00.000Z","1","0","scooty","true","8","Pickup near the hub","SCHEDULED","2026-10-08","9471dfed-7706-4823-85af-2918f32051c8","11:08","15:00","return_from_college","13","8"
"e2d96fa2-a305-4a6f-a9ec-0280397eb8d9","e448284e-7dcf-4d42-b0eb-1d902bcd1366","swargate-vit","596f6d76-b8c5-4cf2-9058-1a1a334d424d","6c30c56b-74ce-4c24-a819-98b9ab6387f5","Panchami BRTS","18.4902","73.8586","VIT College","18.4635","73.8682","2026-10-09T03:11:00.000Z","1","0","bike","false","24","Pickup near the hub","SCHEDULED","2026-10-09","27a16b6c-1293-4829-a702-c08e393f733e","09:11","12:39","travel_to_college","4","12"
"b5a76907-4c2f-4ad2-8569-4c707d0491d9","e338d25f-f71d-4949-82c9-72ff79bd50e0","katraj-vit","6c30c56b-74ce-4c24-a819-98b9ab6387f5","a80964b4-72f5-43de-ad1a-bdcb9fca796e","VIT College","18.4635","73.8682","Lower Indira Nagar Stop","18.4718","73.8618","2026-10-10T06:29:00.000Z","3","0","car","false","51","Morning campus commute","SCHEDULED","2026-10-10","ec57e800-d61d-4857-b538-7fc0e71e614b","08:40","11:44","return_from_college","13","9"
"aa82c21a-5784-4162-aea1-c9366db711e8","edb3c65f-3d50-40e9-9a77-b8be3c596e3d","swargate-vit","570167fe-7324-46a2-9cf4-fbea6048e8be","6c30c56b-74ce-4c24-a819-98b9ab6387f5","City Pride BRTS","18.4845","73.8583","VIT College","18.4635","73.8682","2026-10-13T03:14:00.000Z","1","0","scooty","true","21","Morning campus commute","SCHEDULED","2026-10-13","71958c00-5ead-4173-bfb2-7a0b36fb9ddc","09:14","13:08","travel_to_college","5","12"
"cfcd71f3-64d5-4c5c-bf60-d93e484a87ef","76b965ae-22a7-4a52-a8af-e41b3fbabb12","katraj-vit","6c30c56b-74ce-4c24-a819-98b9ab6387f5","3221d156-13e7-4834-84ce-848f49b87be2","VIT College","18.4635","73.8682","Bibwewadi Bus Stop","18.4792","73.8615","2026-10-12T09:47:00.000Z","3","2","car","false","43","Please arrive five minutes early","SCHEDULED","2026-10-12","cc478745-67dc-4a88-9dc9-60b2325a9718","11:04","15:02","return_from_college","13","8"
"9338a5c7-a28c-4b61-a813-8eb9691e3c56","26dcafa5-e28f-4c96-bd7f-75ca1113e108","swargate-vit","3221d156-13e7-4834-84ce-848f49b87be2","6c30c56b-74ce-4c24-a819-98b9ab6387f5","Bibwewadi Bus Stop","18.4792","73.8615","VIT College","18.4635","73.8682","2026-10-13T04:55:00.000Z","1","0","scooty","false","10","Pickup near the hub","SCHEDULED","2026-10-13","278f9fb7-d80c-421f-8023-731c7ae8dd8c","10:55","14:55","travel_to_college","7","12"
"0dc2c06e-723c-4616-88fe-b8959158b482","24d2a11e-ee6c-4f5b-80ff-7fb9eb39ac32","katraj-vit","6c30c56b-74ce-4c24-a819-98b9ab6387f5","ebb92112-ef31-4ebe-a259-4e999c52f0fd","VIT College","18.4635","73.8682","Bharati Vidyapeeth","18.456","73.8574","2026-10-14T09:36:00.000Z","1","1","scooty","true","9","Morning campus commute","SCHEDULED","2026-10-14","3c942f3d-2aff-45bb-967a-dd595957b995","11:27","14:51","return_from_college","13","3"
"90eea363-7e5d-4c95-929a-862c8fcb8d9e","d4ebe4da-1cf5-41e9-a052-ad2e992e76f1","swargate-vit","570167fe-7324-46a2-9cf4-fbea6048e8be","6c30c56b-74ce-4c24-a819-98b9ab6387f5","City Pride BRTS","18.4845","73.8583","VIT College","18.4635","73.8682","2026-10-16T03:08:00.000Z","4","4","car","false","61","","SCHEDULED","2026-10-16","0f9ed06f-be52-471d-9d07-9cbdda523a17","09:08","13:02","travel_to_college","5","12"
"ab694b13-6aa0-4aa4-98f1-38188790098d","10da92ee-210d-4710-88f2-423a285dd142","katraj-vit","6c30c56b-74ce-4c24-a819-98b9ab6387f5","fea32ab3-d832-43d3-a3a0-788e8711526d","VIT College","18.4635","73.8682","Balaji Nagar BRTS","18.4628","73.8577","2026-10-16T06:38:00.000Z","2","1","car","false","37","Morning campus commute","SCHEDULED","2026-10-16","ca1b3e4b-7112-493b-9eb2-824bed53660e","08:07","11:53","return_from_college","13","4"
"2075418e-f94c-4e07-8c10-1c9b8f557ca9","fd00b702-8bbe-4108-ab3e-1e21ba029f40","swargate-vit","19cfadd2-1ff7-4a2f-b5e3-eeb73f44cc28","6c30c56b-74ce-4c24-a819-98b9ab6387f5","Swargate PMPML Main Bus Stand","18.4991","73.8583","VIT College","18.4635","73.8682","2026-10-17T02:07:00.000Z","1","0","scooty","true","20","Pickup near the hub","SCHEDULED","2026-10-17","82c6755b-6e10-4168-9cc2-5a3413958b9d","08:07","11:45","travel_to_college","1","12"
"24496544-286d-4884-872d-9825d267b0ea","36032724-576b-47c8-a7f3-a44c9abca1ae","katraj-vit","6c30c56b-74ce-4c24-a819-98b9ab6387f5","a80964b4-72f5-43de-ad1a-bdcb9fca796e","VIT College","18.4635","73.8682","Lower Indira Nagar Stop","18.4718","73.8618","2026-10-19T09:54:00.000Z","1","0","scooty","false","20","","SCHEDULED","2026-10-19","06d52685-e273-4629-a0a7-a584bd825f2d","11:17","15:09","return_from_college","13","9"
"94270a5f-8991-4d87-b1df-21a194650720","47fb716c-faad-411e-a3e5-d13e542643c1","swargate-vit","19cfadd2-1ff7-4a2f-b5e3-eeb73f44cc28","6c30c56b-74ce-4c24-a819-98b9ab6387f5","Swargate PMPML Main Bus Stand","18.4991","73.8583","VIT College","18.4635","73.8682","2026-10-19T02:28:00.000Z","1","0","scooty","true","0","Pickup near the hub","SCHEDULED","2026-10-19","eecc1794-c8e7-4791-84e4-0a4f78a059b2","08:28","11:52","travel_to_college","1","12"
"8fc74d29-8668-4c29-b46e-3de3d3214c0f","5ac71c5e-4117-49f2-9551-e2487ee014ca","katraj-vit","6c30c56b-74ce-4c24-a819-98b9ab6387f5","af5c22fe-11db-4392-b90e-85f946c0a37b","VIT College","18.4635","73.8682","KK Market BRTS","18.4683","73.8579","2026-10-20T08:25:00.000Z","3","1","car","false","63","","SCHEDULED","2026-10-20","8fb59dcc-70bf-4c44-ad74-67652efae502","10:37","13:40","return_from_college","13","5"
"0956db94-bc8d-46e8-b954-438af60bb66e","37b52895-1597-4763-836c-78a8301f11b4","swargate-vit","1bc21bdf-5bcc-4dd4-8140-eac24ae23b69","6c30c56b-74ce-4c24-a819-98b9ab6387f5","Kashinath Patil Nagar Stop","18.4745","73.8631","VIT College","18.4635","73.8682","2026-10-21T03:06:00.000Z","1","0","scooty","true","18","Pickup near the hub","SCHEDULED","2026-10-21","f1f5bbf4-2fd2-4c64-a26a-fa1b2727ba45","09:06","12:34","travel_to_college","9","12"
"e34c05af-4ea5-4901-a451-6a551a89777c","d731dccd-0e69-472d-8310-13e8f5708fe5","katraj-vit","6c30c56b-74ce-4c24-a819-98b9ab6387f5","876d2e4d-fad4-4ee2-916c-e5ad147030cf","VIT College","18.4635","73.8682","Katraj Dairy BRTS","18.4508","73.8569","2026-10-22T08:12:00.000Z","4","3","car","false","46","Pickup near the hub","SCHEDULED","2026-10-22","9db2e474-84cb-44fc-abb9-bc23f8354573","09:40","13:27","return_from_college","13","2"
"66787283-0589-4690-a5eb-98871bb937b5","420b1194-1446-4c01-a90b-9ad6313738f8","swargate-vit","0095597e-ebd1-4f83-a6c0-a8e94be6a92b","6c30c56b-74ce-4c24-a819-98b9ab6387f5","Laxmi Narayan Theatre","18.4965","73.8584","VIT College","18.4635","73.8682","2026-10-23T07:10:00.000Z","4","3","car","false","50","","SCHEDULED","2026-10-23","f3359ba8-413d-469c-9ded-9910e721c306","13:10","17:07","travel_to_college","3","12"
"11f5f859-d820-4866-a902-fe4d64cc5049","b4c86de6-995d-4335-a3bb-265de522aecf","katraj-vit","6c30c56b-74ce-4c24-a819-98b9ab6387f5","af5c22fe-11db-4392-b90e-85f946c0a37b","VIT College","18.4635","73.8682","KK Market BRTS","18.4683","73.8579","2026-10-26T09:36:00.000Z","1","0","scooty","true","15","","SCHEDULED","2026-10-26","dfca1207-e7a3-47eb-aaf6-ac7cfcbfb096","11:43","14:51","return_from_college","13","5"
"4b211acc-47a1-4736-b9f2-f22224c155f2","d52bd72b-f975-4a9d-a394-ead49b80912b","swargate-vit","86e290a5-7e39-4f7a-805e-a6154d820f01","6c30c56b-74ce-4c24-a819-98b9ab6387f5","Market Yard Corner","18.4792","73.8581","VIT College","18.4635","73.8682","2026-10-26T06:44:00.000Z","1","0","scooty","false","10","Morning campus commute","SCHEDULED","2026-10-26","c9f86a7d-011b-4689-9312-593c194bac2c","12:44","16:37","travel_to_college","6","12"
"823ada67-5898-4e1c-8c61-a3bfbfd766f0","4c3a0823-a2f6-449e-a285-51b92ef1ef89","katraj-vit","6c30c56b-74ce-4c24-a819-98b9ab6387f5","a80964b4-72f5-43de-ad1a-bdcb9fca796e","VIT College","18.4635","73.8682","Lower Indira Nagar Stop","18.4718","73.8618","2026-10-26T10:06:00.000Z","1","0","scooty","false","7","Please arrive five minutes early","SCHEDULED","2026-10-26","b068acd9-834e-4b20-826c-29615cfae155","11:43","15:21","return_from_college","13","9"
"c3a4b71a-d84a-4aee-acff-7f1e9b1a3c6a","2bf63d4b-4be8-4a3d-b079-2a7b714b0da3","swargate-vit","a80964b4-72f5-43de-ad1a-bdcb9fca796e","6c30c56b-74ce-4c24-a819-98b9ab6387f5","Lower Indira Nagar Stop","18.4718","73.8618","VIT College","18.4635","73.8682","2026-10-27T04:34:00.000Z","1","0","scooty","true","23","Please arrive five minutes early","SCHEDULED","2026-10-27","ef2aab48-bfa4-4317-858e-938d97f6f667","10:34","14:21","travel_to_college","8","12"
"502bbbdd-e142-4ba2-81de-98012e1dd479","5adcb3aa-a473-41ba-8a29-2fa570db158b","katraj-vit","6c30c56b-74ce-4c24-a819-98b9ab6387f5","3221d156-13e7-4834-84ce-848f49b87be2","VIT College","18.4635","73.8682","Bibwewadi Bus Stop","18.4792","73.8615","2026-10-28T06:39:00.000Z","1","1","bike","true","24","","SCHEDULED","2026-10-28","63c92ef2-9692-44d3-bb57-fd6c11fc843d","08:47","11:54","return_from_college","13","8"
"d2abba0a-9602-4839-97cd-770b9fc4b168","0c95fe70-a0ca-4d73-8f55-0b0e62001fb9","swargate-vit","19cfadd2-1ff7-4a2f-b5e3-eeb73f44cc28","6c30c56b-74ce-4c24-a819-98b9ab6387f5","Swargate PMPML Main Bus Stand","18.4991","73.8583","VIT College","18.4635","73.8682","2026-10-29T07:50:00.000Z","4","2","car","false","31","Pickup near the hub","SCHEDULED","2026-10-29","c7372b9e-78d0-4c52-a7a0-630e16714116","13:50","17:22","travel_to_college","1","12"
"a5fb05e8-401e-4fac-9f1a-aa6bdb375cf0","542484e9-c9f4-48df-8789-a3dffda2107d","katraj-vit","6c30c56b-74ce-4c24-a819-98b9ab6387f5","11cd5543-db39-4321-9f12-008b367d2ce1","VIT College","18.4635","73.8682","Upper Indira Nagar Bus Depot","18.4682","73.8623","2026-10-30T07:10:00.000Z","1","0","scooty","false","25","","SCHEDULED","2026-10-30","06706456-c14f-4091-9707-2183ba1712ce","09:03","12:25","return_from_college","13","11"
"7c6ed6df-3051-4e7d-b873-0c2b4aebbba5","c9ab0de5-362b-43a7-9367-b620469096dd","swargate-vit","a80964b4-72f5-43de-ad1a-bdcb9fca796e","6c30c56b-74ce-4c24-a819-98b9ab6387f5","Lower Indira Nagar Stop","18.4718","73.8618","VIT College","18.4635","73.8682","2026-11-02T03:37:00.000Z","1","0","scooty","true","18","Please arrive five minutes early","SCHEDULED","2026-11-02","ff65597f-7367-4bfc-967b-1565dc24e85d","09:37","12:59","travel_to_college","8","12"
"eb4d9fa1-be32-424f-823f-30fd8e8bdd17","2611b03a-dd3f-4f47-9599-e17430f77e92","katraj-vit","6c30c56b-74ce-4c24-a819-98b9ab6387f5","1bc21bdf-5bcc-4dd4-8140-eac24ae23b69","VIT College","18.4635","73.8682","Kashinath Patil Nagar Stop","18.4745","73.8631","2026-11-02T09:26:00.000Z","2","1","car","false","43","Pickup near the hub","SCHEDULED","2026-11-02","5625a47f-112e-4b4f-aede-348e63221366","11:05","14:41","return_from_college","13","10"
"7c49e5a7-8572-4d25-bede-89b7312a5ad4","6d4eadbe-2e7e-4907-9dac-2e7ca825fe4f","swargate-vit","3221d156-13e7-4834-84ce-848f49b87be2","6c30c56b-74ce-4c24-a819-98b9ab6387f5","Bibwewadi Bus Stop","18.4792","73.8615","VIT College","18.4635","73.8682","2026-11-02T06:00:00.000Z","1","0","bike","true","19","Morning campus commute","SCHEDULED","2026-11-02","68176622-c5c7-4ddb-bd84-f7e3269623f2","12:00","15:10","travel_to_college","7","12"
"b5129ec5-87ef-4d74-96c3-c1fa95d7b873","f24e7e05-582d-47da-aa31-e435fb66bfa2","katraj-vit","6c30c56b-74ce-4c24-a819-98b9ab6387f5","eb0d92a7-38aa-446a-9f38-091814ea3abd","VIT College","18.4635","73.8682","Chintamani Nagar","18.4651","73.864","2026-11-04T07:33:00.000Z","1","0","scooty","true","10","Please arrive five minutes early","SCHEDULED","2026-11-04","89ed7f18-9c42-419e-8e8d-8b1a2e3ca879","08:53","12:48","return_from_college","13","12"
"6ba2286e-6a29-4561-80b6-ca95fe1de44b","3e9526f5-f65f-4da1-a2b1-553ce23973f7","swargate-vit","0c2d013a-9422-4c89-905f-4ec287ba2251","6c30c56b-74ce-4c24-a819-98b9ab6387f5","Swargate BRTS Stop","18.4982","73.8588","VIT College","18.4635","73.8682","2026-11-04T03:10:00.000Z","1","0","scooty","true","9","Morning campus commute","SCHEDULED","2026-11-04","ffc723a5-aaca-492f-a808-023d3a0921f9","09:10","12:37","travel_to_college","2","12"
"25a9ee57-3555-4329-ab62-b71d775970ec","e1692737-3062-4352-86d9-10ad597efff1","katraj-vit","6c30c56b-74ce-4c24-a819-98b9ab6387f5","86e290a5-7e39-4f7a-805e-a6154d820f01","VIT College","18.4635","73.8682","Market Yard Corner","18.4792","73.8581","2026-11-05T12:25:00.000Z","1","0","scooty","true","12","","SCHEDULED","2026-11-05","87fdc654-069b-43d7-ba47-9546811dc8f1","13:54","17:40","return_from_college","13","7"
"39602255-227b-45f9-ae82-1c286858ecff","b478ed02-c175-49c9-846a-0e9a7f6aa6be","swargate-vit","0c2d013a-9422-4c89-905f-4ec287ba2251","6c30c56b-74ce-4c24-a819-98b9ab6387f5","Swargate BRTS Stop","18.4982","73.8588","VIT College","18.4635","73.8682","2026-08-08T03:18:00.000Z","2","1","car","false","32","Please arrive five minutes early","COMPLETED","2026-08-08","8b8aedea-5e2a-4a8d-9fa7-889d8432eb86","09:18","13:15","travel_to_college","2","12"
"cebf1226-a787-4f79-b686-280e039bf09b","ec928319-dcb1-4ffc-9713-393fac2f402a","katraj-vit","6c30c56b-74ce-4c24-a819-98b9ab6387f5","eb0d92a7-38aa-446a-9f38-091814ea3abd","VIT College","18.4635","73.8682","Chintamani Nagar","18.4651","73.864","2026-08-10T10:41:00.000Z","1","0","scooty","true","11","","COMPLETED","2026-08-10","85d92d0d-2ddf-4da1-af2b-3553c7c75005","12:16","15:56","return_from_college","13","12"
"7bc3ed98-a013-4f8f-ba30-dafebbec50ec","fe0b23a7-80b0-4776-aec0-0e53d369acc1","swargate-vit","0095597e-ebd1-4f83-a6c0-a8e94be6a92b","6c30c56b-74ce-4c24-a819-98b9ab6387f5","Laxmi Narayan Theatre","18.4965","73.8584","VIT College","18.4635","73.8682","2026-08-10T05:28:00.000Z","1","0","bike","true","11","","COMPLETED","2026-08-10","9beeb8e6-b576-400a-9db6-fb3e8743ed5a","11:28","14:56","travel_to_college","3","12"
"7558b4c3-cd3c-448e-907f-e4937e5d9c77","cdec7465-1f6a-4948-bdff-48b43a5e174c","katraj-vit","6c30c56b-74ce-4c24-a819-98b9ab6387f5","fea32ab3-d832-43d3-a3a0-788e8711526d","VIT College","18.4635","73.8682","Balaji Nagar BRTS","18.4628","73.8577","2026-08-11T09:55:00.000Z","1","0","scooty","true","12","Morning campus commute","COMPLETED","2026-08-11","0dd05c8b-6840-4a65-9bc8-867d1d40d86a","11:45","15:10","return_from_college","13","4"
"1b24ad7f-82fe-4482-abe4-dc2d49f3376b","e36d6950-fda1-4e0a-b9a4-3109c1ef3afd","swargate-vit","570167fe-7324-46a2-9cf4-fbea6048e8be","6c30c56b-74ce-4c24-a819-98b9ab6387f5","City Pride BRTS","18.4845","73.8583","VIT College","18.4635","73.8682","2026-08-12T04:59:00.000Z","1","0","bike","true","10","Morning campus commute","COMPLETED","2026-08-12","74ac8519-0b96-467c-997d-adfd0e23bf58","10:59","14:38","travel_to_college","5","12"
"595b1b65-1e92-4713-be1c-585cd1fcf629","fbb85f19-6812-469a-9a7e-c060b8e1330e","katraj-vit","6c30c56b-74ce-4c24-a819-98b9ab6387f5","1bc21bdf-5bcc-4dd4-8140-eac24ae23b69","VIT College","18.4635","73.8682","Kashinath Patil Nagar Stop","18.4745","73.8631","2026-08-13T10:25:00.000Z","2","0","car","false","27","Pickup near the hub","CANCELLED","2026-08-13","72d3b570-5d2c-46bb-835d-af275e945354","12:36","15:40","return_from_college","13","10"
"9e9a4e21-b4ed-41bf-89e4-d737b3072366","6fc4cb33-0af8-44b4-af29-e2f5e70c3ca5","swargate-vit","596f6d76-b8c5-4cf2-9058-1a1a334d424d","6c30c56b-74ce-4c24-a819-98b9ab6387f5","Panchami BRTS","18.4902","73.8586","VIT College","18.4635","73.8682","2026-08-14T03:09:00.000Z","1","0","bike","true","11","Please arrive five minutes early","COMPLETED","2026-08-14","488574c4-aa0e-4a1b-a651-792a144a6c3e","09:09","12:23","travel_to_college","4","12"
"9f380028-a07d-4fcc-a93d-1cdfe76e3f75","1c8d0824-69a8-4346-9507-05d4a6013c68","katraj-vit","6c30c56b-74ce-4c24-a819-98b9ab6387f5","eb0d92a7-38aa-446a-9f38-091814ea3abd","VIT College","18.4635","73.8682","Chintamani Nagar","18.4651","73.864","2026-08-18T11:46:00.000Z","1","0","scooty","true","0","","CANCELLED","2026-08-18","57fff423-04a7-4516-88e8-a0a332bc9c00","14:00","17:01","return_from_college","13","12"
"cbab3ff1-e1e7-416c-b6c4-fadc3636d525","4fee29cb-0687-44a2-9f09-3ba85cef33d1","swargate-vit","596f6d76-b8c5-4cf2-9058-1a1a334d424d","6c30c56b-74ce-4c24-a819-98b9ab6387f5","Panchami BRTS","18.4902","73.8586","VIT College","18.4635","73.8682","2026-08-17T07:34:00.000Z","4","4","car","false","21","Pickup near the hub","COMPLETED","2026-08-17","07967386-9884-4600-bcb8-18fb096d8fe3","13:34","16:41","travel_to_college","4","12"
"53475675-923c-4297-9c83-889d539d5dde","8db40dff-f7cd-4508-9c85-9ffd35177784","katraj-vit","6c30c56b-74ce-4c24-a819-98b9ab6387f5","86e290a5-7e39-4f7a-805e-a6154d820f01","VIT College","18.4635","73.8682","Market Yard Corner","18.4792","73.8581","2026-08-17T07:06:00.000Z","4","4","car","false","69","Please arrive five minutes early","COMPLETED","2026-08-17","7c05424d-c75e-4751-a591-685dca8d1bce","08:36","12:21","return_from_college","13","7"
